seed,sensorRange,acoCandidateCount,acoStepLength,acoAlpha,acoBeta,converged,convergenceTime,victimsFound
1,100.0,12,50.0,0.5,1.0,true,43.947747481598114,5
1,100.0,12,50.0,1.0,1.0,true,43.947747481598114,5
1,100.0,12,50.0,1.5,1.0,true,43.947747481598114,5
1,100.0,12,50.0,2.0,1.0,true,43.947747481598114,5
1,100.0,12,50.0,2.5,1.0,true,43.947747481598114,5
1,100.0,12,50.0,0.5,1.5,true,43.947747481598114,5
1,100.0,12,50.0,1.0,1.5,true,43.947747481598114,5
1,100.0,12,50.0,1.5,1.5,true,43.947747481598114,5
1,100.0,12,50.0,2.0,1.5,true,43.947747481598114,5
1,100.0,12,50.0,2.5,1.5,true,43.947747481598114,5
1,100.0,12,50.0,0.5,2.0,true,43.947747481598114,5
1,100.0,12,50.0,1.0,2.0,true,43.947747481598114,5
1,100.0,12,50.0,1.5,2.0,true,43.947747481598114,5
1,100.0,12,50.0,2.0,2.0,true,43.947747481598114,5
1,100.0,12,50.0,2.5,2.0,true,43.947747481598114,5
1,100.0,12,50.0,0.5,2.5,true,43.947747481598114,5
1,100.0,12,50.0,1.0,2.5,true,43.947747481598114,5
1,100.0,12,50.0,1.5,2.5,true,43.947747481598114,5
1,100.0,12,50.0,2.0,2.5,true,43.947747481598114,5
1,100.0,12,50.0,2.5,2.5,true,43.947747481598114,5
1,100.0,12,50.0,0.5,3.0,true,43.947747481598114,5
1,100.0,12,50.0,1.0,3.0,true,43.947747481598114,5
1,100.0,12,50.0,1.5,3.0,true,43.947747481598114,5
1,100.0,12,50.0,2.0,3.0,true,43.947747481598114,5
1,100.0,12,50.0,2.5,3.0,true,43.947747481598114,5
1,100.0,12,50.0,0.5,3.5,true,43.947747481598114,5
1,100.0,12,50.0,1.0,3.5,true,43.947747481598114,5
1,100.0,12,50.0,1.5,3.5,true,43.947747481598114,5
1,100.0,12,50.0,2.0,3.5,true,43.947747481598114,5
1,100.0,12,50.0,2.5,3.5,true,43.947747481598114,5
1,100.0,12,50.0,0.5,4.0,true,43.947747481598114,5
1,100.0,12,50.0,1.0,4.0,true,43.947747481598114,5
1,100.0,12,50.0,1.5,4.0,true,43.947747481598114,5
1,100.0,12,50.0,2.0,4.0,true,43.947747481598114,5
1,100.0,12,50.0,2.5,4.0,true,43.947747481598114,5
1,100.0,18,50.0,0.5,1.0,true,44.26880799016105,5
1,100.0,18,50.0,1.0,1.0,true,44.26880799016105,5
1,100.0,18,50.0,1.5,1.0,true,44.26880799016105,5
1,100.0,18,50.0,2.0,1.0,true,44.26880799016105,5
1,100.0,18,50.0,2.5,1.0,true,44.26880799016105,5
1,100.0,18,50.0,0.5,1.5,true,49.0,5
1,100.0,18,50.0,1.0,1.5,true,49.0,5
1,100.0,18,50.0,1.5,1.5,true,49.0,5
1,100.0,18,50.0,2.0,1.5,true,49.0,5
1,100.0,18,50.0,2.5,1.5,true,49.0,5
1,100.0,18,50.0,0.5,2.0,true,49.0,5
1,100.0,18,50.0,1.0,2.0,true,49.0,5
1,100.0,18,50.0,1.5,2.0,true,60.364790024950025,5
1,100.0,18,50.0,2.0,2.0,true,59.51894362702689,5
1,100.0,18,50.0,2.5,2.0,true,59.51894362702689,5
1,100.0,18,50.0,0.5,2.5,true,60.364790024950025,5
1,100.0,18,50.0,1.0,2.5,true,60.364790024950025,5
1,100.0,18,50.0,1.5,2.5,true,60.364790024950025,5
1,100.0,18,50.0,2.0,2.5,true,59.51894362702689,5
1,100.0,18,50.0,2.5,2.5,true,59.51894362702689,5
1,100.0,18,50.0,0.5,3.0,true,60.13429431081634,5
1,100.0,18,50.0,1.0,3.0,true,60.364790024950025,5
1,100.0,18,50.0,1.5,3.0,true,60.364790024950025,5
1,100.0,18,50.0,2.0,3.0,true,59.51894362702689,5
1,100.0,18,50.0,2.5,3.0,true,59.51894362702689,5
1,100.0,18,50.0,0.5,3.5,true,60.13429431081634,5
1,100.0,18,50.0,1.0,3.5,true,60.13429431081634,5
1,100.0,18,50.0,1.5,3.5,true,60.364790024950025,5
1,100.0,18,50.0,2.0,3.5,true,60.364790024950025,5
1,100.0,18,50.0,2.5,3.5,true,59.51894362702689,5
1,100.0,18,50.0,0.5,4.0,true,60.13429431081634,5
1,100.0,18,50.0,1.0,4.0,true,60.13429431081634,5
1,100.0,18,50.0,1.5,4.0,true,60.364790024950025,5
1,100.0,18,50.0,2.0,4.0,true,60.364790024950025,5
1,100.0,18,50.0,2.5,4.0,true,59.51894362702689,5
1,100.0,24,50.0,0.5,1.0,true,43.47787649911838,5
1,100.0,24,50.0,1.0,1.0,true,43.47787649911838,5
1,100.0,24,50.0,1.5,1.0,true,43.47787649911838,5
1,100.0,24,50.0,2.0,1.0,true,43.47787649911838,5
1,100.0,24,50.0,2.5,1.0,true,43.47787649911838,5
1,100.0,24,50.0,0.5,1.5,true,43.873618425927596,5
1,100.0,24,50.0,1.0,1.5,true,51.883292981417924,5
1,100.0,24,50.0,1.5,1.5,true,51.883292981417924,5
1,100.0,24,50.0,2.0,1.5,true,51.883292981417924,5
1,100.0,24,50.0,2.5,1.5,true,51.883292981417924,5
1,100.0,24,50.0,0.5,2.0,true,51.883292981417924,5
1,100.0,24,50.0,1.0,2.0,true,51.883292981417924,5
1,100.0,24,50.0,1.5,2.0,true,51.883292981417924,5
1,100.0,24,50.0,2.0,2.0,true,51.883292981417924,5
1,100.0,24,50.0,2.5,2.0,true,51.883292981417924,5
1,100.0,24,50.0,0.5,2.5,true,51.883292981417924,5
1,100.0,24,50.0,1.0,2.5,true,51.883292981417924,5
1,100.0,24,50.0,1.5,2.5,true,51.883292981417924,5
1,100.0,24,50.0,2.0,2.5,false,NaN,4
1,100.0,24,50.0,2.5,2.5,true,78.52890442374535,5
1,100.0,24,50.0,0.5,3.0,true,51.883292981417924,5
1,100.0,24,50.0,1.0,3.0,true,51.883292981417924,5
1,100.0,24,50.0,1.5,3.0,true,51.883292981417924,5
1,100.0,24,50.0,2.0,3.0,true,51.883292981417924,5
1,100.0,24,50.0,2.5,3.0,true,51.83287207129548,5
1,100.0,24,50.0,0.5,3.5,true,51.883292981417924,5
1,100.0,24,50.0,1.0,3.5,true,51.883292981417924,5
1,100.0,24,50.0,1.5,3.5,true,51.883292981417924,5
1,100.0,24,50.0,2.0,3.5,true,51.883292981417924,5
1,100.0,24,50.0,2.5,3.5,true,51.883292981417924,5
1,100.0,24,50.0,0.5,4.0,true,51.883292981417924,5
1,100.0,24,50.0,1.0,4.0,true,51.883292981417924,5
1,100.0,24,50.0,1.5,4.0,true,51.883292981417924,5
1,100.0,24,50.0,2.0,4.0,true,51.883292981417924,5
1,100.0,24,50.0,2.5,4.0,true,51.883292981417924,5
1,100.0,30,50.0,0.5,1.0,true,73.23127845870859,5
1,100.0,30,50.0,1.0,1.0,true,52.586076836904496,5
1,100.0,30,50.0,1.5,1.0,true,109.36729840523117,5
1,100.0,30,50.0,2.0,1.0,true,52.61454817605769,5
1,100.0,30,50.0,2.5,1.0,true,52.33831702138344,5
1,100.0,30,50.0,0.5,1.5,false,NaN,4
1,100.0,30,50.0,1.0,1.5,false,NaN,4
1,100.0,30,50.0,1.5,1.5,true,113.69085408768838,5
1,100.0,30,50.0,2.0,1.5,true,45.74887518692186,5
1,100.0,30,50.0,2.5,1.5,true,46.57844428600425,5
1,100.0,30,50.0,0.5,2.0,true,46.50343047862518,5
1,100.0,30,50.0,1.0,2.0,true,46.91658686507737,5
1,100.0,30,50.0,1.5,2.0,true,46.91658686507737,5
1,100.0,30,50.0,2.0,2.0,true,49.47634188244942,5
1,100.0,30,50.0,2.5,2.0,true,49.47634188244942,5
1,100.0,30,50.0,0.5,2.5,true,49.47634188244942,5
1,100.0,30,50.0,1.0,2.5,true,49.47634188244942,5
1,100.0,30,50.0,1.5,2.5,true,49.47634188244942,5
1,100.0,30,50.0,2.0,2.5,true,43.89026271132285,5
1,100.0,30,50.0,2.5,2.5,true,56.64342778807788,5
1,100.0,30,50.0,0.5,3.0,true,43.89026271132285,5
1,100.0,30,50.0,1.0,3.0,true,52.25081910471723,5
1,100.0,30,50.0,1.5,3.0,true,44.6365935918705,5
1,100.0,30,50.0,2.0,3.0,true,46.62495470866264,5
1,100.0,30,50.0,2.5,3.0,true,43.668662918810156,5
1,100.0,30,50.0,0.5,3.5,false,NaN,4
1,100.0,30,50.0,1.0,3.5,true,153.0,5
1,100.0,30,50.0,1.5,3.5,true,68.14301383391808,5
1,100.0,30,50.0,2.0,3.5,false,NaN,4
1,100.0,30,50.0,2.5,3.5,true,93.88846482432805,5
1,100.0,30,50.0,0.5,4.0,false,NaN,4
1,100.0,30,50.0,1.0,4.0,false,NaN,4
1,100.0,30,50.0,1.5,4.0,true,93.9847100400553,5
1,100.0,30,50.0,2.0,4.0,false,NaN,4
1,100.0,30,50.0,2.5,4.0,false,NaN,4
1,100.0,36,50.0,0.5,1.0,true,119.71319043808482,5
1,100.0,36,50.0,1.0,1.0,true,72.138307623479,5
1,100.0,36,50.0,1.5,1.0,true,73.95513171008879,5
1,100.0,36,50.0,2.0,1.0,true,69.55503545331946,5
1,100.0,36,50.0,2.5,1.0,true,142.0,5
1,100.0,36,50.0,0.5,1.5,true,70.53394827747745,5
1,100.0,36,50.0,1.0,1.5,false,NaN,4
1,100.0,36,50.0,1.5,1.5,true,52.76517281965023,5
1,100.0,36,50.0,2.0,1.5,true,52.76517281965023,5
1,100.0,36,50.0,2.5,1.5,true,117.9106646810588,5
1,100.0,36,50.0,0.5,2.0,true,56.167635172827474,5
1,100.0,36,50.0,1.0,2.0,true,111.1287999520231,5
1,100.0,36,50.0,1.5,2.0,true,52.778275969984925,5
1,100.0,36,50.0,2.0,2.0,true,52.76517281965023,5
1,100.0,36,50.0,2.5,2.0,true,60.0,5
1,100.0,36,50.0,0.5,2.5,true,86.72685761308327,5
1,100.0,36,50.0,1.0,2.5,false,NaN,4
1,100.0,36,50.0,1.5,2.5,true,52.76517281965023,5
1,100.0,36,50.0,2.0,2.5,true,52.76517281965023,5
1,100.0,36,50.0,2.5,2.5,true,59.8755642236551,5
1,100.0,36,50.0,0.5,3.0,true,60.26367681724854,5
1,100.0,36,50.0,1.0,3.0,true,52.76517281965023,5
1,100.0,36,50.0,1.5,3.0,true,52.63497918773228,5
1,100.0,36,50.0,2.0,3.0,true,59.8755642236551,5
1,100.0,36,50.0,2.5,3.0,true,59.8755642236551,5
1,100.0,36,50.0,0.5,3.5,true,60.34460378314521,5
1,100.0,36,50.0,1.0,3.5,true,52.76517281965023,5
1,100.0,36,50.0,1.5,3.5,true,52.76517281965023,5
1,100.0,36,50.0,2.0,3.5,true,59.8755642236551,5
1,100.0,36,50.0,2.5,3.5,true,129.14538471370003,5
1,100.0,36,50.0,0.5,4.0,true,60.34460378314521,5
1,100.0,36,50.0,1.0,4.0,true,52.76517281965023,5
1,100.0,36,50.0,1.5,4.0,true,52.76517281965023,5
1,100.0,36,50.0,2.0,4.0,true,59.8755642236551,5
1,100.0,36,50.0,2.5,4.0,false,NaN,4
1,100.0,12,75.0,0.5,1.0,true,52.90408952433109,5
1,100.0,12,75.0,1.0,1.0,true,116.89157335226028,5
1,100.0,12,75.0,1.5,1.0,true,76.91322792417958,5
1,100.0,12,75.0,2.0,1.0,false,NaN,4
1,100.0,12,75.0,2.5,1.0,false,NaN,4
1,100.0,12,75.0,0.5,1.5,true,80.85926420764318,5
1,100.0,12,75.0,1.0,1.5,true,75.98377870743404,5
1,100.0,12,75.0,1.5,1.5,true,76.91322792417958,5
1,100.0,12,75.0,2.0,1.5,true,158.2941773281638,5
1,100.0,12,75.0,2.5,1.5,true,137.49744353502606,5
1,100.0,12,75.0,0.5,2.0,true,64.74631091457258,5
1,100.0,12,75.0,1.0,2.0,true,64.74631091457258,5
1,100.0,12,75.0,1.5,2.0,true,76.09676455973488,5
1,100.0,12,75.0,2.0,2.0,true,99.74355313435207,5
1,100.0,12,75.0,2.5,2.0,true,88.63898977662208,5
1,100.0,12,75.0,0.5,2.5,true,64.74631091457258,5
1,100.0,12,75.0,1.0,2.5,true,64.74631091457258,5
1,100.0,12,75.0,1.5,2.5,true,64.74631091457258,5
1,100.0,12,75.0,2.0,2.5,true,77.68114044604805,5
1,100.0,12,75.0,2.5,2.5,false,NaN,4
1,100.0,12,75.0,0.5,3.0,false,NaN,4
1,100.0,12,75.0,1.0,3.0,true,64.74631091457258,5
1,100.0,12,75.0,1.5,3.0,true,64.74631091457258,5
1,100.0,12,75.0,2.0,3.0,true,64.74631091457258,5
1,100.0,12,75.0,2.5,3.0,true,130.68363100213244,5
1,100.0,12,75.0,0.5,3.5,true,121.0,5
1,100.0,12,75.0,1.0,3.5,true,89.31709280882525,5
1,100.0,12,75.0,1.5,3.5,true,64.74631091457258,5
1,100.0,12,75.0,2.0,3.5,true,64.74631091457258,5
1,100.0,12,75.0,2.5,3.5,true,137.96717097904943,5
1,100.0,12,75.0,0.5,4.0,true,102.88961507387279,5
1,100.0,12,75.0,1.0,4.0,true,120.89632603534997,5
1,100.0,12,75.0,1.5,4.0,false,NaN,4
1,100.0,12,75.0,2.0,4.0,true,64.74631091457258,5
1,100.0,12,75.0,2.5,4.0,true,64.74631091457258,5
1,100.0,18,75.0,0.5,1.0,true,58.7265387455478,5
1,100.0,18,75.0,1.0,1.0,true,60.62686315854537,5
1,100.0,18,75.0,1.5,1.0,true,60.78209760292767,5
1,100.0,18,75.0,2.0,1.0,true,56.88706780439009,5
1,100.0,18,75.0,2.5,1.0,true,90.13497164463163,5
1,100.0,18,75.0,0.5,1.5,true,57.0,5
1,100.0,18,75.0,1.0,1.5,true,57.0,5
1,100.0,18,75.0,1.5,1.5,true,57.0,5
1,100.0,18,75.0,2.0,1.5,true,56.76445331187463,5
1,100.0,18,75.0,2.5,1.5,true,56.76445331187463,5
1,100.0,18,75.0,0.5,2.0,true,56.925942514075665,5
1,100.0,18,75.0,1.0,2.0,true,56.925942514075665,5
1,100.0,18,75.0,1.5,2.0,true,56.925942514075665,5
1,100.0,18,75.0,2.0,2.0,true,56.95305782482179,5
1,100.0,18,75.0,2.5,2.0,true,56.95305782482179,5
1,100.0,18,75.0,0.5,2.5,true,56.95305782482179,5
1,100.0,18,75.0,1.0,2.5,true,56.95305782482179,5
1,100.0,18,75.0,1.5,2.5,true,56.95305782482179,5
1,100.0,18,75.0,2.0,2.5,true,56.95305782482179,5
1,100.0,18,75.0,2.5,2.5,true,56.95305782482179,5
1,100.0,18,75.0,0.5,3.0,true,56.95305782482179,5
1,100.0,18,75.0,1.0,3.0,true,56.95305782482179,5
1,100.0,18,75.0,1.5,3.0,true,56.95305782482179,5
1,100.0,18,75.0,2.0,3.0,true,56.95305782482179,5
1,100.0,18,75.0,2.5,3.0,true,56.95305782482179,5
1,100.0,18,75.0,0.5,3.5,true,42.89350236185263,5
1,100.0,18,75.0,1.0,3.5,true,42.89350236185263,5
1,100.0,18,75.0,1.5,3.5,true,42.89350236185263,5
1,100.0,18,75.0,2.0,3.5,true,56.99895155221786,5
1,100.0,18,75.0,2.5,3.5,true,56.881675379143,5
1,100.0,18,75.0,0.5,4.0,true,42.89350236185263,5
1,100.0,18,75.0,1.0,4.0,true,42.89350236185263,5
1,100.0,18,75.0,1.5,4.0,true,42.89350236185263,5
1,100.0,18,75.0,2.0,4.0,true,42.89350236185263,5
1,100.0,18,75.0,2.5,4.0,true,42.89350236185263,5
1,100.0,24,75.0,0.5,1.0,true,41.98187317894411,5
1,100.0,24,75.0,1.0,1.0,true,41.98187317894411,5
1,100.0,24,75.0,1.5,1.0,true,41.98187317894411,5
1,100.0,24,75.0,2.0,1.0,true,41.98187317894411,5
1,100.0,24,75.0,2.5,1.0,true,41.98187317894411,5
1,100.0,24,75.0,0.5,1.5,true,41.98187317894411,5
1,100.0,24,75.0,1.0,1.5,true,41.98187317894411,5
1,100.0,24,75.0,1.5,1.5,true,41.98187317894411,5
1,100.0,24,75.0,2.0,1.5,true,41.98187317894411,5
1,100.0,24,75.0,2.5,1.5,true,41.98187317894411,5
1,100.0,24,75.0,0.5,2.0,true,41.98187317894411,5
1,100.0,24,75.0,1.0,2.0,true,41.98187317894411,5
1,100.0,24,75.0,1.5,2.0,true,41.98187317894411,5
1,100.0,24,75.0,2.0,2.0,true,41.98187317894411,5
1,100.0,24,75.0,2.5,2.0,true,41.98187317894411,5
1,100.0,24,75.0,0.5,2.5,true,41.98187317894411,5
1,100.0,24,75.0,1.0,2.5,true,41.98187317894411,5
1,100.0,24,75.0,1.5,2.5,true,41.98187317894411,5
1,100.0,24,75.0,2.0,2.5,true,41.98187317894411,5
1,100.0,24,75.0,2.5,2.5,true,41.98187317894411,5
1,100.0,24,75.0,0.5,3.0,true,41.98187317894411,5
1,100.0,24,75.0,1.0,3.0,true,41.98187317894411,5
1,100.0,24,75.0,1.5,3.0,true,41.98187317894411,5
1,100.0,24,75.0,2.0,3.0,true,41.98187317894411,5
1,100.0,24,75.0,2.5,3.0,true,41.98187317894411,5
1,100.0,24,75.0,0.5,3.5,true,41.98187317894411,5
1,100.0,24,75.0,1.0,3.5,true,41.98187317894411,5
1,100.0,24,75.0,1.5,3.5,true,41.98187317894411,5
1,100.0,24,75.0,2.0,3.5,true,41.98187317894411,5
1,100.0,24,75.0,2.5,3.5,true,41.98187317894411,5
1,100.0,24,75.0,0.5,4.0,true,41.89566130458813,5
1,100.0,24,75.0,1.0,4.0,true,41.89566130458813,5
1,100.0,24,75.0,1.5,4.0,true,41.89566130458813,5
1,100.0,24,75.0,2.0,4.0,true,41.89566130458813,5
1,100.0,24,75.0,2.5,4.0,true,41.89566130458813,5
1,100.0,30,75.0,0.5,1.0,true,92.24135145655623,5
1,100.0,30,75.0,1.0,1.0,true,63.797151402578024,5
1,100.0,30,75.0,1.5,1.0,true,63.797151402578024,5
1,100.0,30,75.0,2.0,1.0,true,63.797151402578024,5
1,100.0,30,75.0,2.5,1.0,true,63.797151402578024,5
1,100.0,30,75.0,0.5,1.5,false,NaN,4
1,100.0,30,75.0,1.0,1.5,false,NaN,4
1,100.0,30,75.0,1.5,1.5,false,NaN,4
1,100.0,30,75.0,2.0,1.5,true,130.3878606284869,5
1,100.0,30,75.0,2.5,1.5,true,132.5666012760039,5
1,100.0,30,75.0,0.5,2.0,true,80.54509786449248,5
1,100.0,30,75.0,1.0,2.0,true,149.64235891875543,5
1,100.0,30,75.0,1.5,2.0,true,149.64235891875543,5
1,100.0,30,75.0,2.0,2.0,true,156.78302728629512,5
1,100.0,30,75.0,2.5,2.0,true,120.26511435146044,5
1,100.0,30,75.0,0.5,2.5,true,93.86102257514354,5
1,100.0,30,75.0,1.0,2.5,true,159.84205655841603,5
1,100.0,30,75.0,1.5,2.5,false,NaN,4
1,100.0,30,75.0,2.0,2.5,false,NaN,4
1,100.0,30,75.0,2.5,2.5,true,120.26511435146044,5
1,100.0,30,75.0,0.5,3.0,true,93.86102257514354,5
1,100.0,30,75.0,1.0,3.0,true,138.35261892101215,5
1,100.0,30,75.0,1.5,3.0,true,138.35261892101215,5
1,100.0,30,75.0,2.0,3.0,true,134.9094872622378,5
1,100.0,30,75.0,2.5,3.0,false,NaN,4
1,100.0,30,75.0,0.5,3.5,false,NaN,4
1,100.0,30,75.0,1.0,3.5,false,NaN,4
1,100.0,30,75.0,1.5,3.5,true,100.63415209668561,5
1,100.0,30,75.0,2.0,3.5,true,100.0,5
1,100.0,30,75.0,2.5,3.5,true,133.6818899990898,5
1,100.0,30,75.0,0.5,4.0,true,79.57120016059297,5
1,100.0,30,75.0,1.0,4.0,true,121.05691619710649,5
1,100.0,30,75.0,1.5,4.0,true,121.0,5
1,100.0,30,75.0,2.0,4.0,true,132.58312736139325,5
1,100.0,30,75.0,2.5,4.0,true,114.28979247780217,5
1,100.0,36,75.0,0.5,1.0,true,42.12977476025976,5
1,100.0,36,75.0,1.0,1.0,true,42.12977476025976,5
1,100.0,36,75.0,1.5,1.0,true,42.12977476025976,5
1,100.0,36,75.0,2.0,1.0,true,42.12977476025976,5
1,100.0,36,75.0,2.5,1.0,true,42.12977476025976,5
1,100.0,36,75.0,0.5,1.5,true,96.57631476031722,5
1,100.0,36,75.0,1.0,1.5,true,100.0,5
1,100.0,36,75.0,1.5,1.5,true,116.65043477576748,5
1,100.0,36,75.0,2.0,1.5,true,123.74013996427506,5
1,100.0,36,75.0,2.5,1.5,true,111.15018709478828,5
1,100.0,36,75.0,0.5,2.0,true,126.76999954107639,5
1,100.0,36,75.0,1.0,2.0,true,86.5940834982122,5
1,100.0,36,75.0,1.5,2.0,true,76.4385662579411,5
1,100.0,36,75.0,2.0,2.0,true,75.9081404046032,5
1,100.0,36,75.0,2.5,2.0,true,75.9081404046032,5
1,100.0,36,75.0,0.5,2.5,true,117.55576395021406,5
1,100.0,36,75.0,1.0,2.5,true,86.89827679165768,5
1,100.0,36,75.0,1.5,2.5,true,86.89827679165768,5
1,100.0,36,75.0,2.0,2.5,true,86.0,5
1,100.0,36,75.0,2.5,2.5,true,115.24985800801542,5
1,100.0,36,75.0,0.5,3.0,false,NaN,4
1,100.0,36,75.0,1.0,3.0,true,111.14359938425459,5
1,100.0,36,75.0,1.5,3.0,true,142.0,5
1,100.0,36,75.0,2.0,3.0,true,110.88130336188813,5
1,100.0,36,75.0,2.5,3.0,true,114.63172151882053,5
1,100.0,36,75.0,0.5,3.5,true,99.0,5
1,100.0,36,75.0,1.0,3.5,true,112.40216719885451,5
1,100.0,36,75.0,1.5,3.5,true,112.40216719885451,5
1,100.0,36,75.0,2.0,3.5,true,110.18817865573912,5
1,100.0,36,75.0,2.5,3.5,true,112.6598296391971,5
1,100.0,36,75.0,0.5,4.0,true,99.0,5
1,100.0,36,75.0,1.0,4.0,true,99.0,5
1,100.0,36,75.0,1.5,4.0,true,113.18782342167013,5
1,100.0,36,75.0,2.0,4.0,true,110.18817865573912,5
1,100.0,36,75.0,2.5,4.0,true,111.27829335384027,5
1,100.0,12,100.0,0.5,1.0,true,63.67745556839252,5
1,100.0,12,100.0,1.0,1.0,true,96.18939774936563,5
1,100.0,12,100.0,1.5,1.0,true,82.45920646084902,5
1,100.0,12,100.0,2.0,1.0,true,73.7866138348683,5
1,100.0,12,100.0,2.5,1.0,true,63.66429314736064,5
1,100.0,12,100.0,0.5,1.5,false,NaN,4
1,100.0,12,100.0,1.0,1.5,true,44.680654248211724,5
1,100.0,12,100.0,1.5,1.5,true,38.928954416282764,5
1,100.0,12,100.0,2.0,1.5,true,38.928954416282764,5
1,100.0,12,100.0,2.5,1.5,true,38.928954416282764,5
1,100.0,12,100.0,0.5,2.0,true,50.98686271004647,5
1,100.0,12,100.0,1.0,2.0,true,38.88468441490329,5
1,100.0,12,100.0,1.5,2.0,true,38.928954416282764,5
1,100.0,12,100.0,2.0,2.0,true,38.928954416282764,5
1,100.0,12,100.0,2.5,2.0,true,38.928954416282764,5
1,100.0,12,100.0,0.5,2.5,true,38.88468441490329,5
1,100.0,12,100.0,1.0,2.5,true,38.928954416282764,5
1,100.0,12,100.0,1.5,2.5,true,38.928954416282764,5
1,100.0,12,100.0,2.0,2.5,true,38.928954416282764,5
1,100.0,12,100.0,2.5,2.5,true,38.928954416282764,5
1,100.0,12,100.0,0.5,3.0,true,38.928954416282764,5
1,100.0,12,100.0,1.0,3.0,true,38.928954416282764,5
1,100.0,12,100.0,1.5,3.0,true,38.928954416282764,5
1,100.0,12,100.0,2.0,3.0,true,38.928954416282764,5
1,100.0,12,100.0,2.5,3.0,true,38.928954416282764,5
1,100.0,12,100.0,0.5,3.5,true,38.928954416282764,5
1,100.0,12,100.0,1.0,3.5,true,38.928954416282764,5
1,100.0,12,100.0,1.5,3.5,true,38.928954416282764,5
1,100.0,12,100.0,2.0,3.5,true,38.928954416282764,5
1,100.0,12,100.0,2.5,3.5,true,38.928954416282764,5
1,100.0,12,100.0,0.5,4.0,true,38.928954416282764,5
1,100.0,12,100.0,1.0,4.0,true,38.928954416282764,5
1,100.0,12,100.0,1.5,4.0,true,38.928954416282764,5
1,100.0,12,100.0,2.0,4.0,true,38.928954416282764,5
1,100.0,12,100.0,2.5,4.0,true,38.928954416282764,5
1,100.0,18,100.0,0.5,1.0,true,78.78614846761626,5
1,100.0,18,100.0,1.0,1.0,true,78.78614846761626,5
1,100.0,18,100.0,1.5,1.0,true,78.78614846761626,5
1,100.0,18,100.0,2.0,1.0,true,78.78614846761626,5
1,100.0,18,100.0,2.5,1.0,true,78.78614846761626,5
1,100.0,18,100.0,0.5,1.5,true,50.0,5
1,100.0,18,100.0,1.0,1.5,true,50.0,5
1,100.0,18,100.0,1.5,1.5,true,50.0,5
1,100.0,18,100.0,2.0,1.5,true,50.0,5
1,100.0,18,100.0,2.5,1.5,true,50.0,5
1,100.0,18,100.0,0.5,2.0,true,50.0,5
1,100.0,18,100.0,1.0,2.0,true,50.0,5
1,100.0,18,100.0,1.5,2.0,true,50.0,5
1,100.0,18,100.0,2.0,2.0,true,50.0,5
1,100.0,18,100.0,2.5,2.0,true,50.0,5
1,100.0,18,100.0,0.5,2.5,true,50.0,5
1,100.0,18,100.0,1.0,2.5,true,50.0,5
1,100.0,18,100.0,1.5,2.5,true,50.0,5
1,100.0,18,100.0,2.0,2.5,true,50.0,5
1,100.0,18,100.0,2.5,2.5,true,50.0,5
1,100.0,18,100.0,0.5,3.0,true,50.0,5
1,100.0,18,100.0,1.0,3.0,true,50.0,5
1,100.0,18,100.0,1.5,3.0,true,50.0,5
1,100.0,18,100.0,2.0,3.0,true,50.0,5
1,100.0,18,100.0,2.5,3.0,true,50.0,5
1,100.0,18,100.0,0.5,3.5,true,50.0,5
1,100.0,18,100.0,1.0,3.5,true,50.0,5
1,100.0,18,100.0,1.5,3.5,true,50.0,5
1,100.0,18,100.0,2.0,3.5,true,50.0,5
1,100.0,18,100.0,2.5,3.5,true,50.0,5
1,100.0,18,100.0,0.5,4.0,true,50.0,5
1,100.0,18,100.0,1.0,4.0,true,50.0,5
1,100.0,18,100.0,1.5,4.0,true,50.0,5
1,100.0,18,100.0,2.0,4.0,true,50.0,5
1,100.0,18,100.0,2.5,4.0,true,50.0,5
1,100.0,24,100.0,0.5,1.0,true,54.867232758967496,5
1,100.0,24,100.0,1.0,1.0,true,54.867232758967496,5
1,100.0,24,100.0,1.5,1.0,true,54.867232758967496,5
1,100.0,24,100.0,2.0,1.0,true,54.867232758967496,5
1,100.0,24,100.0,2.5,1.0,true,54.867232758967496,5
1,100.0,24,100.0,0.5,1.5,true,69.08734088476075,5
1,100.0,24,100.0,1.0,1.5,true,63.931560594654705,5
1,100.0,24,100.0,1.5,1.5,true,63.931560594654705,5
1,100.0,24,100.0,2.0,1.5,true,63.931560594654705,5
1,100.0,24,100.0,2.5,1.5,true,63.931560594654705,5
1,100.0,24,100.0,0.5,2.0,true,77.87476200336843,5
1,100.0,24,100.0,1.0,2.0,true,77.87476200336843,5
1,100.0,24,100.0,1.5,2.0,true,77.87476200336843,5
1,100.0,24,100.0,2.0,2.0,true,77.87476200336843,5
1,100.0,24,100.0,2.5,2.0,true,77.87476200336843,5
1,100.0,24,100.0,0.5,2.5,true,77.87476200336843,5
1,100.0,24,100.0,1.0,2.5,true,77.87476200336843,5
1,100.0,24,100.0,1.5,2.5,true,77.87476200336843,5
1,100.0,24,100.0,2.0,2.5,true,77.87476200336843,5
1,100.0,24,100.0,2.5,2.5,true,77.87476200336843,5
1,100.0,24,100.0,0.5,3.0,true,77.87476200336843,5
1,100.0,24,100.0,1.0,3.0,true,64.92492502529565,5
1,100.0,24,100.0,1.5,3.0,true,64.92492502529565,5
1,100.0,24,100.0,2.0,3.0,true,64.92492502529565,5
1,100.0,24,100.0,2.5,3.0,true,64.92492502529565,5
1,100.0,24,100.0,0.5,3.5,true,49.710540408369766,5
1,100.0,24,100.0,1.0,3.5,true,49.710540408369766,5
1,100.0,24,100.0,1.5,3.5,true,49.710540408369766,5
1,100.0,24,100.0,2.0,3.5,true,49.710540408369766,5
1,100.0,24,100.0,2.5,3.5,true,49.710540408369766,5
1,100.0,24,100.0,0.5,4.0,true,49.710540408369766,5
1,100.0,24,100.0,1.0,4.0,true,49.710540408369766,5
1,100.0,24,100.0,1.5,4.0,true,49.710540408369766,5
1,100.0,24,100.0,2.0,4.0,true,49.710540408369766,5
1,100.0,24,100.0,2.5,4.0,true,49.710540408369766,5
1,100.0,30,100.0,0.5,1.0,true,133.2817062988926,5
1,100.0,30,100.0,1.0,1.0,true,71.84394210486823,5
1,100.0,30,100.0,1.5,1.0,false,NaN,4
1,100.0,30,100.0,2.0,1.0,true,67.0,5
1,100.0,30,100.0,2.5,1.0,true,155.55406992589735,5
1,100.0,30,100.0,0.5,1.5,true,51.82635074953705,5
1,100.0,30,100.0,1.0,1.5,true,51.82635074953705,5
1,100.0,30,100.0,1.5,1.5,true,51.82635074953705,5
1,100.0,30,100.0,2.0,1.5,true,51.82635074953705,5
1,100.0,30,100.0,2.5,1.5,true,51.82635074953705,5
1,100.0,30,100.0,0.5,2.0,true,51.82635074953705,5
1,100.0,30,100.0,1.0,2.0,true,51.82635074953705,5
1,100.0,30,100.0,1.5,2.0,true,51.82635074953705,5
1,100.0,30,100.0,2.0,2.0,true,51.82635074953705,5
1,100.0,30,100.0,2.5,2.0,true,51.82635074953705,5
1,100.0,30,100.0,0.5,2.5,true,66.6699497227832,5
1,100.0,30,100.0,1.0,2.5,true,66.6699497227832,5
1,100.0,30,100.0,1.5,2.5,true,66.6699497227832,5
1,100.0,30,100.0,2.0,2.5,true,66.6699497227832,5
1,100.0,30,100.0,2.5,2.5,true,66.6699497227832,5
1,100.0,30,100.0,0.5,3.0,true,66.6699497227832,5
1,100.0,30,100.0,1.0,3.0,true,66.6699497227832,5
1,100.0,30,100.0,1.5,3.0,true,66.6699497227832,5
1,100.0,30,100.0,2.0,3.0,true,66.6699497227832,5
1,100.0,30,100.0,2.5,3.0,true,66.6699497227832,5
1,100.0,30,100.0,0.5,3.5,true,61.88317155912478,5
1,100.0,30,100.0,1.0,3.5,true,61.88317155912478,5
1,100.0,30,100.0,1.5,3.5,true,61.88317155912478,5
1,100.0,30,100.0,2.0,3.5,true,61.88317155912478,5
1,100.0,30,100.0,2.5,3.5,true,61.88317155912478,5
1,100.0,30,100.0,0.5,4.0,true,61.88317155912478,5
1,100.0,30,100.0,1.0,4.0,true,61.88317155912478,5
1,100.0,30,100.0,1.5,4.0,true,61.88317155912478,5
1,100.0,30,100.0,2.0,4.0,true,61.88317155912478,5
1,100.0,30,100.0,2.5,4.0,true,61.88317155912478,5
1,100.0,36,100.0,0.5,1.0,true,59.0,5
1,100.0,36,100.0,1.0,1.0,true,59.0,5
1,100.0,36,100.0,1.5,1.0,true,59.0,5
1,100.0,36,100.0,2.0,1.0,true,59.0,5
1,100.0,36,100.0,2.5,1.0,true,59.0,5
1,100.0,36,100.0,0.5,1.5,true,59.18531329328959,5
1,100.0,36,100.0,1.0,1.5,true,59.18531329328959,5
1,100.0,36,100.0,1.5,1.5,true,59.134931125169366,5
1,100.0,36,100.0,2.0,1.5,true,59.134931125169366,5
1,100.0,36,100.0,2.5,1.5,true,59.134931125169366,5
1,100.0,36,100.0,0.5,2.0,true,60.352567240661344,5
1,100.0,36,100.0,1.0,2.0,true,60.422371672337476,5
1,100.0,36,100.0,1.5,2.0,true,60.422371672337476,5
1,100.0,36,100.0,2.0,2.0,true,60.422371672337476,5
1,100.0,36,100.0,2.5,2.0,true,60.422371672337476,5
1,100.0,36,100.0,0.5,2.5,true,60.288765779153366,5
1,100.0,36,100.0,1.0,2.5,true,60.288765779153366,5
1,100.0,36,100.0,1.5,2.5,true,60.288765779153366,5
1,100.0,36,100.0,2.0,2.5,true,60.288765779153366,5
1,100.0,36,100.0,2.5,2.5,true,60.288765779153366,5
1,100.0,36,100.0,0.5,3.0,true,60.288765779153366,5
1,100.0,36,100.0,1.0,3.0,true,60.288765779153366,5
1,100.0,36,100.0,1.5,3.0,true,60.288765779153366,5
1,100.0,36,100.0,2.0,3.0,true,60.288765779153366,5
1,100.0,36,100.0,2.5,3.0,true,60.288765779153366,5
1,100.0,36,100.0,0.5,3.5,true,60.288765779153366,5
1,100.0,36,100.0,1.0,3.5,true,60.288765779153366,5
1,100.0,36,100.0,1.5,3.5,true,60.288765779153366,5
1,100.0,36,100.0,2.0,3.5,true,60.288765779153366,5
1,100.0,36,100.0,2.5,3.5,true,60.288765779153366,5
1,100.0,36,100.0,0.5,4.0,true,60.288765779153366,5
1,100.0,36,100.0,1.0,4.0,true,60.288765779153366,5
1,100.0,36,100.0,1.5,4.0,true,60.288765779153366,5
1,100.0,36,100.0,2.0,4.0,true,60.288765779153366,5
1,100.0,36,100.0,2.5,4.0,true,60.288765779153366,5
1,100.0,12,125.0,0.5,1.0,true,60.30522914395655,5
1,100.0,12,125.0,1.0,1.0,true,63.0,5
1,100.0,12,125.0,1.5,1.0,true,63.0,5
1,100.0,12,125.0,2.0,1.0,true,63.0,5
1,100.0,12,125.0,2.5,1.0,true,63.0,5
1,100.0,12,125.0,0.5,1.5,true,87.05975157242855,5
1,100.0,12,125.0,1.0,1.5,true,104.42381761565682,5
1,100.0,12,125.0,1.5,1.5,true,72.27637128888041,5
1,100.0,12,125.0,2.0,1.5,true,72.27637128888041,5
1,100.0,12,125.0,2.5,1.5,true,72.27637128888041,5
1,100.0,12,125.0,0.5,2.0,false,NaN,4
1,100.0,12,125.0,1.0,2.0,true,104.07720326819145,5
1,100.0,12,125.0,1.5,2.0,true,72.27637128888041,5
1,100.0,12,125.0,2.0,2.0,true,72.27637128888041,5
1,100.0,12,125.0,2.5,2.0,true,72.27637128888041,5
1,100.0,12,125.0,0.5,2.5,false,NaN,4
1,100.0,12,125.0,1.0,2.5,true,72.26849089898938,5
1,100.0,12,125.0,1.5,2.5,true,72.26849089898938,5
1,100.0,12,125.0,2.0,2.5,true,72.26849089898938,5
1,100.0,12,125.0,2.5,2.5,true,72.26849089898938,5
1,100.0,12,125.0,0.5,3.0,true,72.26849089898938,5
1,100.0,12,125.0,1.0,3.0,true,72.26849089898938,5
1,100.0,12,125.0,1.5,3.0,true,72.26849089898938,5
1,100.0,12,125.0,2.0,3.0,true,72.26849089898938,5
1,100.0,12,125.0,2.5,3.0,true,72.26849089898938,5
1,100.0,12,125.0,0.5,3.5,true,145.84507872453884,5
1,100.0,12,125.0,1.0,3.5,true,159.48939792786328,5
1,100.0,12,125.0,1.5,3.5,true,125.08205269224945,5
1,100.0,12,125.0,2.0,3.5,true,72.37560160205686,5
1,100.0,12,125.0,2.5,3.5,true,72.37560160205686,5
1,100.0,12,125.0,0.5,4.0,true,145.84507872453884,5
1,100.0,12,125.0,1.0,4.0,true,159.48939792786328,5
1,100.0,12,125.0,1.5,4.0,true,125.08205269224945,5
1,100.0,12,125.0,2.0,4.0,true,72.37560160205686,5
1,100.0,12,125.0,2.5,4.0,true,72.37560160205686,5
1,100.0,18,125.0,0.5,1.0,true,122.72481346781599,5
1,100.0,18,125.0,1.0,1.0,false,NaN,4
1,100.0,18,125.0,1.5,1.0,true,84.53854252200149,5
1,100.0,18,125.0,2.0,1.0,true,84.5083678152365,5
1,100.0,18,125.0,2.5,1.0,true,77.97054063931462,5
1,100.0,18,125.0,0.5,1.5,true,69.25783789168054,5
1,100.0,18,125.0,1.0,1.5,true,69.25783789168054,5
1,100.0,18,125.0,1.5,1.5,true,69.25783789168054,5
1,100.0,18,125.0,2.0,1.5,true,69.25783789168054,5
1,100.0,18,125.0,2.5,1.5,true,69.25783789168054,5
1,100.0,18,125.0,0.5,2.0,true,86.93712881684735,5
1,100.0,18,125.0,1.0,2.0,true,86.70983770881935,5
1,100.0,18,125.0,1.5,2.0,true,86.70983770881935,5
1,100.0,18,125.0,2.0,2.0,true,86.70983770881935,5
1,100.0,18,125.0,2.5,2.0,true,86.70983770881935,5
1,100.0,18,125.0,0.5,2.5,true,86.99426415361053,5
1,100.0,18,125.0,1.0,2.5,true,86.9854080476524,5
1,100.0,18,125.0,1.5,2.5,true,87.0,5
1,100.0,18,125.0,2.0,2.5,true,87.0,5
1,100.0,18,125.0,2.5,2.5,true,87.0,5
1,100.0,18,125.0,0.5,3.0,true,78.22606197698892,5
1,100.0,18,125.0,1.0,3.0,true,51.826730207180404,5
1,100.0,18,125.0,1.5,3.0,true,51.826730207180404,5
1,100.0,18,125.0,2.0,3.0,true,51.826730207180404,5
1,100.0,18,125.0,2.5,3.0,true,51.826730207180404,5
1,100.0,18,125.0,0.5,3.5,true,63.846238170775585,5
1,100.0,18,125.0,1.0,3.5,true,63.846238170775585,5
1,100.0,18,125.0,1.5,3.5,true,63.846238170775585,5
1,100.0,18,125.0,2.0,3.5,true,63.846238170775585,5
1,100.0,18,125.0,2.5,3.5,true,63.846238170775585,5
1,100.0,18,125.0,0.5,4.0,true,63.846238170775585,5
1,100.0,18,125.0,1.0,4.0,true,63.846238170775585,5
1,100.0,18,125.0,1.5,4.0,true,63.846238170775585,5
1,100.0,18,125.0,2.0,4.0,true,63.846238170775585,5
1,100.0,18,125.0,2.5,4.0,true,63.846238170775585,5
1,100.0,24,125.0,0.5,1.0,true,57.58716356459907,5
1,100.0,24,125.0,1.0,1.0,true,57.58716356459907,5
1,100.0,24,125.0,1.5,1.0,true,57.58716356459907,5
1,100.0,24,125.0,2.0,1.0,true,57.58716356459907,5
1,100.0,24,125.0,2.5,1.0,true,57.58716356459907,5
1,100.0,24,125.0,0.5,1.5,true,122.80327606553755,5
1,100.0,24,125.0,1.0,1.5,true,72.12078061831096,5
1,100.0,24,125.0,1.5,1.5,true,72.12078061831096,5
1,100.0,24,125.0,2.0,1.5,true,72.12078061831096,5
1,100.0,24,125.0,2.5,1.5,true,72.12078061831096,5
1,100.0,24,125.0,0.5,2.0,true,123.60189240423496,5
1,100.0,24,125.0,1.0,2.0,true,75.60366189925124,5
1,100.0,24,125.0,1.5,2.0,true,72.12078061831096,5
1,100.0,24,125.0,2.0,2.0,true,72.12078061831096,5
1,100.0,24,125.0,2.5,2.0,true,72.12078061831096,5
1,100.0,24,125.0,0.5,2.5,true,126.25105318092146,5
1,100.0,24,125.0,1.0,2.5,true,75.60366189925124,5
1,100.0,24,125.0,1.5,2.5,true,75.60366189925124,5
1,100.0,24,125.0,2.0,2.5,true,75.60366189925124,5
1,100.0,24,125.0,2.5,2.5,true,75.60366189925124,5
1,100.0,24,125.0,0.5,3.0,true,65.93604138994229,5
1,100.0,24,125.0,1.0,3.0,true,65.93604138994229,5
1,100.0,24,125.0,1.5,3.0,true,65.93604138994229,5
1,100.0,24,125.0,2.0,3.0,true,65.93604138994229,5
1,100.0,24,125.0,2.5,3.0,true,65.93604138994229,5
1,100.0,24,125.0,0.5,3.5,true,65.93604138994229,5
1,100.0,24,125.0,1.0,3.5,true,65.93604138994229,5
1,100.0,24,125.0,1.5,3.5,true,65.93604138994229,5
1,100.0,24,125.0,2.0,3.5,true,65.93604138994229,5
1,100.0,24,125.0,2.5,3.5,true,65.93604138994229,5
1,100.0,24,125.0,0.5,4.0,true,65.93604138994229,5
1,100.0,24,125.0,1.0,4.0,true,65.93604138994229,5
1,100.0,24,125.0,1.5,4.0,true,65.93604138994229,5
1,100.0,24,125.0,2.0,4.0,true,65.93604138994229,5
1,100.0,24,125.0,2.5,4.0,true,65.93604138994229,5
1,100.0,30,125.0,0.5,1.0,true,69.0945480378284,5
1,100.0,30,125.0,1.0,1.0,true,39.14756858555199,5
1,100.0,30,125.0,1.5,1.0,true,69.30322487414631,5
1,100.0,30,125.0,2.0,1.0,true,69.30322487414631,5
1,100.0,30,125.0,2.5,1.0,true,69.30322487414631,5
1,100.0,30,125.0,0.5,1.5,true,69.35552594589996,5
1,100.0,30,125.0,1.0,1.5,true,69.35552594589996,5
1,100.0,30,125.0,1.5,1.5,true,69.35552594589996,5
1,100.0,30,125.0,2.0,1.5,true,69.35552594589996,5
1,100.0,30,125.0,2.5,1.5,true,69.35552594589996,5
1,100.0,30,125.0,0.5,2.0,true,68.16464031210776,5
1,100.0,30,125.0,1.0,2.0,true,68.20992635647976,5
1,100.0,30,125.0,1.5,2.0,true,64.65162240514411,5
1,100.0,30,125.0,2.0,2.0,true,64.65162240514411,5
1,100.0,30,125.0,2.5,2.0,true,64.65162240514411,5
1,100.0,30,125.0,0.5,2.5,true,64.65162240514411,5
1,100.0,30,125.0,1.0,2.5,true,64.65162240514411,5
1,100.0,30,125.0,1.5,2.5,true,64.65162240514411,5
1,100.0,30,125.0,2.0,2.5,true,64.65162240514411,5
1,100.0,30,125.0,2.5,2.5,true,64.65162240514411,5
1,100.0,30,125.0,0.5,3.0,true,50.0,5
1,100.0,30,125.0,1.0,3.0,true,50.0,5
1,100.0,30,125.0,1.5,3.0,true,50.0,5
1,100.0,30,125.0,2.0,3.0,true,50.0,5
1,100.0,30,125.0,2.5,3.0,true,50.0,5
1,100.0,30,125.0,0.5,3.5,true,50.0,5
1,100.0,30,125.0,1.0,3.5,true,50.0,5
1,100.0,30,125.0,1.5,3.5,true,50.0,5
1,100.0,30,125.0,2.0,3.5,true,50.0,5
1,100.0,30,125.0,2.5,3.5,true,50.0,5
1,100.0,30,125.0,0.5,4.0,true,50.0,5
1,100.0,30,125.0,1.0,4.0,true,50.0,5
1,100.0,30,125.0,1.5,4.0,true,50.0,5
1,100.0,30,125.0,2.0,4.0,true,50.0,5
1,100.0,30,125.0,2.5,4.0,true,50.0,5
1,100.0,36,125.0,0.5,1.0,true,50.0,5
1,100.0,36,125.0,1.0,1.0,true,50.0,5
1,100.0,36,125.0,1.5,1.0,true,50.0,5
1,100.0,36,125.0,2.0,1.0,true,50.0,5
1,100.0,36,125.0,2.5,1.0,true,50.0,5
1,100.0,36,125.0,0.5,1.5,true,39.01872985972796,5
1,100.0,36,125.0,1.0,1.5,true,39.01872985972796,5
1,100.0,36,125.0,1.5,1.5,true,39.01872985972796,5
1,100.0,36,125.0,2.0,1.5,true,39.01872985972796,5
1,100.0,36,125.0,2.5,1.5,true,39.01872985972796,5
1,100.0,36,125.0,0.5,2.0,true,39.01872985972796,5
1,100.0,36,125.0,1.0,2.0,true,39.01872985972796,5
1,100.0,36,125.0,1.5,2.0,true,39.01872985972796,5
1,100.0,36,125.0,2.0,2.0,true,39.01872985972796,5
1,100.0,36,125.0,2.5,2.0,true,39.01872985972796,5
1,100.0,36,125.0,0.5,2.5,true,39.01872985972796,5
1,100.0,36,125.0,1.0,2.5,true,39.01872985972796,5
1,100.0,36,125.0,1.5,2.5,true,39.01872985972796,5
1,100.0,36,125.0,2.0,2.5,true,39.01872985972796,5
1,100.0,36,125.0,2.5,2.5,true,39.01872985972796,5
1,100.0,36,125.0,0.5,3.0,true,39.01872985972796,5
1,100.0,36,125.0,1.0,3.0,true,39.01872985972796,5
1,100.0,36,125.0,1.5,3.0,true,39.01872985972796,5
1,100.0,36,125.0,2.0,3.0,true,39.01872985972796,5
1,100.0,36,125.0,2.5,3.0,true,39.01872985972796,5
1,100.0,36,125.0,0.5,3.5,true,39.01872985972796,5
1,100.0,36,125.0,1.0,3.5,true,39.01872985972796,5
1,100.0,36,125.0,1.5,3.5,true,39.01872985972796,5
1,100.0,36,125.0,2.0,3.5,true,39.01872985972796,5
1,100.0,36,125.0,2.5,3.5,true,39.01872985972796,5
1,100.0,36,125.0,0.5,4.0,true,39.01872985972796,5
1,100.0,36,125.0,1.0,4.0,true,39.01872985972796,5
1,100.0,36,125.0,1.5,4.0,true,39.01872985972796,5
1,100.0,36,125.0,2.0,4.0,true,39.01872985972796,5
1,100.0,36,125.0,2.5,4.0,true,39.01872985972796,5
1,100.0,12,150.0,0.5,1.0,true,59.654898372968134,5
1,100.0,12,150.0,1.0,1.0,true,97.0,5
1,100.0,12,150.0,1.5,1.0,true,149.0,5
1,100.0,12,150.0,2.0,1.0,true,135.0,5
1,100.0,12,150.0,2.5,1.0,true,135.0,5
1,100.0,12,150.0,0.5,1.5,true,146.71029081340987,5
1,100.0,12,150.0,1.0,1.5,true,139.0,5
1,100.0,12,150.0,1.5,1.5,true,138.0,5
1,100.0,12,150.0,2.0,1.5,true,158.51920340402108,5
1,100.0,12,150.0,2.5,1.5,true,138.04556599201814,5
1,100.0,12,150.0,0.5,2.0,true,140.72612594213345,5
1,100.0,12,150.0,1.0,2.0,true,138.81233553793234,5
1,100.0,12,150.0,1.5,2.0,true,62.55738293319984,5
1,100.0,12,150.0,2.0,2.0,true,62.3789974671099,5
1,100.0,12,150.0,2.5,2.0,true,62.3789974671099,5
1,100.0,12,150.0,0.5,2.5,true,135.27464217507978,5
1,100.0,12,150.0,1.0,2.5,false,NaN,4
1,100.0,12,150.0,1.5,2.5,true,62.3789974671099,5
1,100.0,12,150.0,2.0,2.5,true,62.3789974671099,5
1,100.0,12,150.0,2.5,2.5,true,62.3789974671099,5
1,100.0,12,150.0,0.5,3.0,true,135.27464217507978,5
1,100.0,12,150.0,1.0,3.0,false,NaN,4
1,100.0,12,150.0,1.5,3.0,true,62.3789974671099,5
1,100.0,12,150.0,2.0,3.0,true,62.3789974671099,5
1,100.0,12,150.0,2.5,3.0,true,62.3789974671099,5
1,100.0,12,150.0,0.5,3.5,true,62.60280828956092,5
1,100.0,12,150.0,1.0,3.5,true,62.60280828956092,5
1,100.0,12,150.0,1.5,3.5,true,62.60280828956092,5
1,100.0,12,150.0,2.0,3.5,true,62.60280828956092,5
1,100.0,12,150.0,2.5,3.5,true,62.60280828956092,5
1,100.0,12,150.0,0.5,4.0,true,62.60280828956092,5
1,100.0,12,150.0,1.0,4.0,true,62.60280828956092,5
1,100.0,12,150.0,1.5,4.0,true,62.60280828956092,5
1,100.0,12,150.0,2.0,4.0,true,62.60280828956092,5
1,100.0,12,150.0,2.5,4.0,true,62.60280828956092,5
1,100.0,18,150.0,0.5,1.0,true,87.97335517958618,5
1,100.0,18,150.0,1.0,1.0,true,117.68795217323185,5
1,100.0,18,150.0,1.5,1.0,true,150.64816455450267,5
1,100.0,18,150.0,2.0,1.0,true,146.72603698742947,5
1,100.0,18,150.0,2.5,1.0,true,147.6332014713326,5
1,100.0,18,150.0,0.5,1.5,true,77.89057355607902,5
1,100.0,18,150.0,1.0,1.5,true,77.89057355607902,5
1,100.0,18,150.0,1.5,1.5,true,77.89057355607902,5
1,100.0,18,150.0,2.0,1.5,true,77.89057355607902,5
1,100.0,18,150.0,2.5,1.5,true,77.89057355607902,5
1,100.0,18,150.0,0.5,2.0,true,74.44171425024601,5
1,100.0,18,150.0,1.0,2.0,true,74.44171425024601,5
1,100.0,18,150.0,1.5,2.0,true,74.44171425024601,5
1,100.0,18,150.0,2.0,2.0,true,74.44171425024601,5
1,100.0,18,150.0,2.5,2.0,true,74.44171425024601,5
1,100.0,18,150.0,0.5,2.5,true,74.44171425024601,5
1,100.0,18,150.0,1.0,2.5,true,74.44171425024601,5
1,100.0,18,150.0,1.5,2.5,true,74.44171425024601,5
1,100.0,18,150.0,2.0,2.5,true,74.44171425024601,5
1,100.0,18,150.0,2.5,2.5,false,NaN,4
1,100.0,18,150.0,0.5,3.0,true,74.44171425024601,5
1,100.0,18,150.0,1.0,3.0,true,74.44171425024601,5
1,100.0,18,150.0,1.5,3.0,true,74.44171425024601,5
1,100.0,18,150.0,2.0,3.0,true,74.44171425024601,5
1,100.0,18,150.0,2.5,3.0,true,136.57595906885805,5
1,100.0,18,150.0,0.5,3.5,true,74.44171425024601,5
1,100.0,18,150.0,1.0,3.5,true,74.44171425024601,5
1,100.0,18,150.0,1.5,3.5,true,74.44171425024601,5
1,100.0,18,150.0,2.0,3.5,true,138.357754094759,5
1,100.0,18,150.0,2.5,3.5,false,NaN,4
1,100.0,18,150.0,0.5,4.0,true,74.44171425024601,5
1,100.0,18,150.0,1.0,4.0,true,74.44171425024601,5
1,100.0,18,150.0,1.5,4.0,true,74.44171425024601,5
1,100.0,18,150.0,2.0,4.0,true,138.357754094759,5
1,100.0,18,150.0,2.5,4.0,true,138.4782050392381,5
1,100.0,24,150.0,0.5,1.0,true,148.78588947976993,5
1,100.0,24,150.0,1.0,1.0,true,72.7660417864871,5
1,100.0,24,150.0,1.5,1.0,true,76.65846302197019,5
1,100.0,24,150.0,2.0,1.0,true,76.65846302197019,5
1,100.0,24,150.0,2.5,1.0,true,76.65846302197019,5
1,100.0,24,150.0,0.5,1.5,true,148.14658284670332,5
1,100.0,24,150.0,1.0,1.5,true,76.083286642976,5
1,100.0,24,150.0,1.5,1.5,true,76.083286642976,5
1,100.0,24,150.0,2.0,1.5,true,96.34187407821,5
1,100.0,24,150.0,2.5,1.5,true,96.34187407821,5
1,100.0,24,150.0,0.5,2.0,false,NaN,4
1,100.0,24,150.0,1.0,2.0,true,75.61179968929125,5
1,100.0,24,150.0,1.5,2.0,true,75.61179968929125,5
1,100.0,24,150.0,2.0,2.0,true,75.61179968929125,5
1,100.0,24,150.0,2.5,2.0,true,75.61179968929125,5
1,100.0,24,150.0,0.5,2.5,true,87.0,5
1,100.0,24,150.0,1.0,2.5,true,75.61179968929125,5
1,100.0,24,150.0,1.5,2.5,true,75.61179968929125,5
1,100.0,24,150.0,2.0,2.5,true,75.61179968929125,5
1,100.0,24,150.0,2.5,2.5,true,75.61179968929125,5
1,100.0,24,150.0,0.5,3.0,true,87.0,5
1,100.0,24,150.0,1.0,3.0,true,75.60716397033312,5
1,100.0,24,150.0,1.5,3.0,true,75.60716397033312,5
1,100.0,24,150.0,2.0,3.0,true,75.60716397033312,5
1,100.0,24,150.0,2.5,3.0,true,75.60716397033312,5
1,100.0,24,150.0,0.5,3.5,true,87.0,5
1,100.0,24,150.0,1.0,3.5,true,75.60716397033312,5
1,100.0,24,150.0,1.5,3.5,true,75.60716397033312,5
1,100.0,24,150.0,2.0,3.5,true,75.60716397033312,5
1,100.0,24,150.0,2.5,3.5,true,75.60716397033312,5
1,100.0,24,150.0,0.5,4.0,true,87.0,5
1,100.0,24,150.0,1.0,4.0,true,75.60716397033312,5
1,100.0,24,150.0,1.5,4.0,true,75.60716397033312,5
1,100.0,24,150.0,2.0,4.0,true,75.60716397033312,5
1,100.0,24,150.0,2.5,4.0,true,75.60716397033312,5
1,100.0,30,150.0,0.5,1.0,true,125.97753015114344,5
1,100.0,30,150.0,1.0,1.0,true,64.74843321945406,5
1,100.0,30,150.0,1.5,1.0,true,89.245690103273,5
1,100.0,30,150.0,2.0,1.0,true,121.2435332350799,5
1,100.0,30,150.0,2.5,1.0,true,122.34493448649089,5
1,100.0,30,150.0,0.5,1.5,true,64.5636698472028,5
1,100.0,30,150.0,1.0,1.5,true,68.44382516621053,5
1,100.0,30,150.0,1.5,1.5,true,77.93623357622084,5
1,100.0,30,150.0,2.0,1.5,true,134.26431311877502,5
1,100.0,30,150.0,2.5,1.5,true,120.43436521431298,5
1,100.0,30,150.0,0.5,2.0,true,137.904147042567,5
1,100.0,30,150.0,1.0,2.0,true,150.90264894126798,5
1,100.0,30,150.0,1.5,2.0,true,69.40441578475638,5
1,100.0,30,150.0,2.0,2.0,true,69.40441578475638,5
1,100.0,30,150.0,2.5,2.0,true,69.40441578475638,5
1,100.0,30,150.0,0.5,2.5,true,129.38316157588667,5
1,100.0,30,150.0,1.0,2.5,true,69.40441578475638,5
1,100.0,30,150.0,1.5,2.5,true,69.40441578475638,5
1,100.0,30,150.0,2.0,2.5,true,69.40441578475638,5
1,100.0,30,150.0,2.5,2.5,true,69.40441578475638,5
1,100.0,30,150.0,0.5,3.0,true,129.38316157588667,5
1,100.0,30,150.0,1.0,3.0,true,69.40441578475638,5
1,100.0,30,150.0,1.5,3.0,true,69.40441578475638,5
1,100.0,30,150.0,2.0,3.0,true,69.40441578475638,5
1,100.0,30,150.0,2.5,3.0,true,69.40441578475638,5
1,100.0,30,150.0,0.5,3.5,true,137.3302781832148,5
1,100.0,30,150.0,1.0,3.5,true,69.40441578475638,5
1,100.0,30,150.0,1.5,3.5,true,69.40441578475638,5
1,100.0,30,150.0,2.0,3.5,true,69.40441578475638,5
1,100.0,30,150.0,2.5,3.5,true,69.40441578475638,5
1,100.0,30,150.0,0.5,4.0,true,123.0,5
1,100.0,30,150.0,1.0,4.0,true,69.40441578475638,5
1,100.0,30,150.0,1.5,4.0,true,69.40441578475638,5
1,100.0,30,150.0,2.0,4.0,true,69.40441578475638,5
1,100.0,30,150.0,2.5,4.0,true,69.40441578475638,5
1,100.0,36,150.0,0.5,1.0,true,69.06969126434721,5
1,100.0,36,150.0,1.0,1.0,true,69.06969126434721,5
1,100.0,36,150.0,1.5,1.0,true,69.06969126434721,5
1,100.0,36,150.0,2.0,1.0,true,69.06969126434721,5
1,100.0,36,150.0,2.5,1.0,true,69.06969126434721,5
1,100.0,36,150.0,0.5,1.5,true,158.10983847440693,5
1,100.0,36,150.0,1.0,1.5,true,50.99371966035905,5
1,100.0,36,150.0,1.5,1.5,true,50.99371966035905,5
1,100.0,36,150.0,2.0,1.5,true,50.99371966035905,5
1,100.0,36,150.0,2.5,1.5,true,50.99371966035905,5
1,100.0,36,150.0,0.5,2.0,true,52.33317875730071,5
1,100.0,36,150.0,1.0,2.0,true,111.91873103625012,5
1,100.0,36,150.0,1.5,2.0,true,61.715307614076835,5
1,100.0,36,150.0,2.0,2.0,true,62.61358986409985,5
1,100.0,36,150.0,2.5,2.0,true,62.61358986409985,5
1,100.0,36,150.0,0.5,2.5,true,65.33445785414098,5
1,100.0,36,150.0,1.0,2.5,true,70.3432912487428,5
1,100.0,36,150.0,1.5,2.5,false,NaN,4
1,100.0,36,150.0,2.0,2.5,true,62.61358986409985,5
1,100.0,36,150.0,2.5,2.5,true,62.61358986409985,5
1,100.0,36,150.0,0.5,3.0,true,65.36260839001446,5
1,100.0,36,150.0,1.0,3.0,true,70.3432912487428,5
1,100.0,36,150.0,1.5,3.0,true,70.62765272744537,5
1,100.0,36,150.0,2.0,3.0,true,62.61358986409985,5
1,100.0,36,150.0,2.5,3.0,true,62.61358986409985,5
1,100.0,36,150.0,0.5,3.5,true,65.36260839001446,5
1,100.0,36,150.0,1.0,3.5,true,70.62765272744537,5
1,100.0,36,150.0,1.5,3.5,true,70.62765272744537,5
1,100.0,36,150.0,2.0,3.5,true,62.61358986409985,5
1,100.0,36,150.0,2.5,3.5,true,62.61358986409985,5
1,100.0,36,150.0,0.5,4.0,true,65.36260839001446,5
1,100.0,36,150.0,1.0,4.0,true,70.62765272744537,5
1,100.0,36,150.0,1.5,4.0,true,70.62765272744537,5
1,100.0,36,150.0,2.0,4.0,true,62.61358986409985,5
1,100.0,36,150.0,2.5,4.0,true,62.61358986409985,5
8,100.0,12,50.0,0.5,1.0,true,70.68836241627966,5
8,100.0,12,50.0,1.0,1.0,true,59.67417545508105,5
8,100.0,12,50.0,1.5,1.0,true,58.40290933889375,5
8,100.0,12,50.0,2.0,1.0,true,58.40290933889375,5
8,100.0,12,50.0,2.5,1.0,true,58.40290933889375,5
8,100.0,12,50.0,0.5,1.5,true,60.27682693722855,5
8,100.0,12,50.0,1.0,1.5,true,51.50690059478807,5
8,100.0,12,50.0,1.5,1.5,true,55.0,5
8,100.0,12,50.0,2.0,1.5,true,58.59289336847506,5
8,100.0,12,50.0,2.5,1.5,true,60.41797719692161,5
8,100.0,12,50.0,0.5,2.0,true,63.0,5
8,100.0,12,50.0,1.0,2.0,true,58.59289336847506,5
8,100.0,12,50.0,1.5,2.0,true,58.59289336847506,5
8,100.0,12,50.0,2.0,2.0,true,55.0,5
8,100.0,12,50.0,2.5,2.0,true,58.59289336847506,5
8,100.0,12,50.0,0.5,2.5,true,58.59289336847506,5
8,100.0,12,50.0,1.0,2.5,true,58.59289336847506,5
8,100.0,12,50.0,1.5,2.5,true,58.59289336847506,5
8,100.0,12,50.0,2.0,2.5,true,58.59289336847506,5
8,100.0,12,50.0,2.5,2.5,true,58.59289336847506,5
8,100.0,12,50.0,0.5,3.0,true,58.59289336847506,5
8,100.0,12,50.0,1.0,3.0,true,58.59289336847506,5
8,100.0,12,50.0,1.5,3.0,true,58.59289336847506,5
8,100.0,12,50.0,2.0,3.0,true,60.272092625234315,5
8,100.0,12,50.0,2.5,3.0,true,58.59289336847506,5
8,100.0,12,50.0,0.5,3.5,true,58.59289336847506,5
8,100.0,12,50.0,1.0,3.5,true,58.59289336847506,5
8,100.0,12,50.0,1.5,3.5,true,58.59289336847506,5
8,100.0,12,50.0,2.0,3.5,true,58.59289336847506,5
8,100.0,12,50.0,2.5,3.5,true,60.45557521423513,5
8,100.0,12,50.0,0.5,4.0,true,58.59289336847506,5
8,100.0,12,50.0,1.0,4.0,true,58.59289336847506,5
8,100.0,12,50.0,1.5,4.0,true,58.59289336847506,5
8,100.0,12,50.0,2.0,4.0,true,58.59289336847506,5
8,100.0,12,50.0,2.5,4.0,true,58.59289336847506,5
8,100.0,18,50.0,0.5,1.0,true,60.71919880212162,5
8,100.0,18,50.0,1.0,1.0,true,51.017378143260416,5
8,100.0,18,50.0,1.5,1.0,true,51.44202166255356,5
8,100.0,18,50.0,2.0,1.0,true,55.15500551715396,5
8,100.0,18,50.0,2.5,1.0,true,54.11320401284884,5
8,100.0,18,50.0,0.5,1.5,true,51.73767659379263,5
8,100.0,18,50.0,1.0,1.5,true,51.017378143260416,5
8,100.0,18,50.0,1.5,1.5,true,56.55172010094475,5
8,100.0,18,50.0,2.0,1.5,true,61.05170543707577,5
8,100.0,18,50.0,2.5,1.5,true,65.0,5
8,100.0,18,50.0,0.5,2.0,true,61.214748212046665,5
8,100.0,18,50.0,1.0,2.0,true,56.55172010094475,5
8,100.0,18,50.0,1.5,2.0,true,56.66835853794018,5
8,100.0,18,50.0,2.0,2.0,true,50.0,5
8,100.0,18,50.0,2.5,2.0,true,62.87575652765191,5
8,100.0,18,50.0,0.5,2.5,true,51.14403490343471,5
8,100.0,18,50.0,1.0,2.5,true,56.55172010094475,5
8,100.0,18,50.0,1.5,2.5,true,58.8323770102493,5
8,100.0,18,50.0,2.0,2.5,true,50.0,5
8,100.0,18,50.0,2.5,2.5,true,50.0,5
8,100.0,18,50.0,0.5,3.0,true,51.14403490343471,5
8,100.0,18,50.0,1.0,3.0,true,51.017378143260416,5
8,100.0,18,50.0,1.5,3.0,true,61.05170543707577,5
8,100.0,18,50.0,2.0,3.0,true,61.05170543707577,5
8,100.0,18,50.0,2.5,3.0,true,61.131918904209755,5
8,100.0,18,50.0,0.5,3.5,true,75.06532317945998,5
8,100.0,18,50.0,1.0,3.5,true,51.017378143260416,5
8,100.0,18,50.0,1.5,3.5,true,61.05170543707577,5
8,100.0,18,50.0,2.0,3.5,true,61.05170543707577,5
8,100.0,18,50.0,2.5,3.5,true,61.131918904209755,5
8,100.0,18,50.0,0.5,4.0,true,51.017378143260416,5
8,100.0,18,50.0,1.0,4.0,true,51.017378143260416,5
8,100.0,18,50.0,1.5,4.0,true,51.0,5
8,100.0,18,50.0,2.0,4.0,true,61.05170543707577,5
8,100.0,18,50.0,2.5,4.0,true,61.131918904209755,5
8,100.0,24,50.0,0.5,1.0,true,64.80610772410196,5
8,100.0,24,50.0,1.0,1.0,true,52.0,5
8,100.0,24,50.0,1.5,1.0,true,60.8166365324246,5
8,100.0,24,50.0,2.0,1.0,true,51.35105557822409,5
8,100.0,24,50.0,2.5,1.0,true,61.504103279749636,5
8,100.0,24,50.0,0.5,1.5,true,52.0,5
8,100.0,24,50.0,1.0,1.5,true,51.352780997879165,5
8,100.0,24,50.0,1.5,1.5,true,57.55309809570418,5
8,100.0,24,50.0,2.0,1.5,true,51.576791449119156,5
8,100.0,24,50.0,2.5,1.5,true,51.35105557822409,5
8,100.0,24,50.0,0.5,2.0,true,57.55309809570418,5
8,100.0,24,50.0,1.0,2.0,true,52.0,5
8,100.0,24,50.0,1.5,2.0,true,57.55309809570418,5
8,100.0,24,50.0,2.0,2.0,true,51.820276391060865,5
8,100.0,24,50.0,2.5,2.0,true,51.49700563612636,5
8,100.0,24,50.0,0.5,2.5,true,57.55309809570418,5
8,100.0,24,50.0,1.0,2.5,true,52.0,5
8,100.0,24,50.0,1.5,2.5,true,52.0,5
8,100.0,24,50.0,2.0,2.5,true,51.88635313282602,5
8,100.0,24,50.0,2.5,2.5,true,50.985846705758895,5
8,100.0,24,50.0,0.5,3.0,true,51.820276391060865,5
8,100.0,24,50.0,1.0,3.0,true,52.0,5
8,100.0,24,50.0,1.5,3.0,true,51.820276391060865,5
8,100.0,24,50.0,2.0,3.0,true,51.88635313282602,5
8,100.0,24,50.0,2.5,3.0,true,51.29579627100939,5
8,100.0,24,50.0,0.5,3.5,true,52.0,5
8,100.0,24,50.0,1.0,3.5,true,52.0,5
8,100.0,24,50.0,1.5,3.5,true,52.0,5
8,100.0,24,50.0,2.0,3.5,true,52.0,5
8,100.0,24,50.0,2.5,3.5,true,51.29579627100939,5
8,100.0,24,50.0,0.5,4.0,true,52.0,5
8,100.0,24,50.0,1.0,4.0,true,52.0,5
8,100.0,24,50.0,1.5,4.0,true,52.0,5
8,100.0,24,50.0,2.0,4.0,true,51.637286831534894,5
8,100.0,24,50.0,2.5,4.0,true,51.88635313282602,5
8,100.0,30,50.0,0.5,1.0,true,59.28100341327367,5
8,100.0,30,50.0,1.0,1.0,true,58.64043532965882,5
8,100.0,30,50.0,1.5,1.0,true,57.97491127562211,5
8,100.0,30,50.0,2.0,1.0,true,64.0,5
8,100.0,30,50.0,2.5,1.0,true,64.0,5
8,100.0,30,50.0,0.5,1.5,true,47.617646545022964,5
8,100.0,30,50.0,1.0,1.5,true,47.617646545022964,5
8,100.0,30,50.0,1.5,1.5,true,47.617646545022964,5
8,100.0,30,50.0,2.0,1.5,true,47.617646545022964,5
8,100.0,30,50.0,2.5,1.5,true,47.617646545022964,5
8,100.0,30,50.0,0.5,2.0,true,49.254094233139284,5
8,100.0,30,50.0,1.0,2.0,true,49.254094233139284,5
8,100.0,30,50.0,1.5,2.0,true,49.254094233139284,5
8,100.0,30,50.0,2.0,2.0,true,49.254094233139284,5
8,100.0,30,50.0,2.5,2.0,true,49.254094233139284,5
8,100.0,30,50.0,0.5,2.5,true,49.254094233139284,5
8,100.0,30,50.0,1.0,2.5,true,51.39443082647031,5
8,100.0,30,50.0,1.5,2.5,true,49.254094233139284,5
8,100.0,30,50.0,2.0,2.5,true,49.254094233139284,5
8,100.0,30,50.0,2.5,2.5,true,49.254094233139284,5
8,100.0,30,50.0,0.5,3.0,true,49.254094233139284,5
8,100.0,30,50.0,1.0,3.0,true,49.254094233139284,5
8,100.0,30,50.0,1.5,3.0,true,49.254094233139284,5
8,100.0,30,50.0,2.0,3.0,true,49.254094233139284,5
8,100.0,30,50.0,2.5,3.0,true,49.254094233139284,5
8,100.0,30,50.0,0.5,3.5,true,47.33396865710917,5
8,100.0,30,50.0,1.0,3.5,true,47.33396865710917,5
8,100.0,30,50.0,1.5,3.5,true,47.33396865710917,5
8,100.0,30,50.0,2.0,3.5,true,47.33396865710917,5
8,100.0,30,50.0,2.5,3.5,true,47.33396865710917,5
8,100.0,30,50.0,0.5,4.0,true,47.33396865710917,5
8,100.0,30,50.0,1.0,4.0,true,47.33396865710917,5
8,100.0,30,50.0,1.5,4.0,true,47.33396865710917,5
8,100.0,30,50.0,2.0,4.0,true,47.33396865710917,5
8,100.0,30,50.0,2.5,4.0,true,47.33396865710917,5
8,100.0,36,50.0,0.5,1.0,true,52.0,5
8,100.0,36,50.0,1.0,1.0,true,51.5258689177878,5
8,100.0,36,50.0,1.5,1.0,true,52.0,5
8,100.0,36,50.0,2.0,1.0,true,47.9046985968652,5
8,100.0,36,50.0,2.5,1.0,true,60.70500465192347,5
8,100.0,36,50.0,0.5,1.5,true,64.66008255054074,5
8,100.0,36,50.0,1.0,1.5,true,59.75948965404849,5
8,100.0,36,50.0,1.5,1.5,true,56.28432188493106,5
8,100.0,36,50.0,2.0,1.5,true,51.15639758640576,5
8,100.0,36,50.0,2.5,1.5,true,64.99267476579166,5
8,100.0,36,50.0,0.5,2.0,true,62.321494782434286,5
8,100.0,36,50.0,1.0,2.0,true,51.584270932616995,5
8,100.0,36,50.0,1.5,2.0,true,51.584270932616995,5
8,100.0,36,50.0,2.0,2.0,true,51.29967629925545,5
8,100.0,36,50.0,2.5,2.0,true,51.871374305465515,5
8,100.0,36,50.0,0.5,2.5,true,52.342579199342794,5
8,100.0,36,50.0,1.0,2.5,true,54.7565256711575,5
8,100.0,36,50.0,1.5,2.5,true,54.7565256711575,5
8,100.0,36,50.0,2.0,2.5,true,51.99571266806121,5
8,100.0,36,50.0,2.5,2.5,true,51.86131562556351,5
8,100.0,36,50.0,0.5,3.0,true,51.9786804702972,5
8,100.0,36,50.0,1.0,3.0,true,55.05722249316154,5
8,100.0,36,50.0,1.5,3.0,true,55.0,5
8,100.0,36,50.0,2.0,3.0,true,51.68487766761814,5
8,100.0,36,50.0,2.5,3.0,true,51.6228307314502,5
8,100.0,36,50.0,0.5,3.5,true,51.9786804702972,5
8,100.0,36,50.0,1.0,3.5,true,55.05722249316154,5
8,100.0,36,50.0,1.5,3.5,true,55.0,5
8,100.0,36,50.0,2.0,3.5,true,51.68487766761814,5
8,100.0,36,50.0,2.5,3.5,true,51.68487766761814,5
8,100.0,36,50.0,0.5,4.0,true,52.0,5
8,100.0,36,50.0,1.0,4.0,true,51.68487766761814,5
8,100.0,36,50.0,1.5,4.0,true,51.68487766761814,5
8,100.0,36,50.0,2.0,4.0,true,51.637286831534894,5
8,100.0,36,50.0,2.5,4.0,true,56.28432188493106,5
8,100.0,12,75.0,0.5,1.0,true,68.594651799058,5
8,100.0,12,75.0,1.0,1.0,true,68.594651799058,5
8,100.0,12,75.0,1.5,1.0,true,68.594651799058,5
8,100.0,12,75.0,2.0,1.0,true,67.80348269729005,5
8,100.0,12,75.0,2.5,1.0,true,68.19984243578108,5
8,100.0,12,75.0,0.5,1.5,true,68.16701597718156,5
8,100.0,12,75.0,1.0,1.5,true,54.9976438878684,5
8,100.0,12,75.0,1.5,1.5,true,54.9976438878684,5
8,100.0,12,75.0,2.0,1.5,true,54.9976438878684,5
8,100.0,12,75.0,2.5,1.5,true,54.91602784059443,5
8,100.0,12,75.0,0.5,2.0,true,54.9976438878684,5
8,100.0,12,75.0,1.0,2.0,true,54.9976438878684,5
8,100.0,12,75.0,1.5,2.0,true,54.9976438878684,5
8,100.0,12,75.0,2.0,2.0,true,68.0,5
8,100.0,12,75.0,2.5,2.0,true,68.0,5
8,100.0,12,75.0,0.5,2.5,true,68.0,5
8,100.0,12,75.0,1.0,2.5,true,67.93612871850544,5
8,100.0,12,75.0,1.5,2.5,true,67.93612871850544,5
8,100.0,12,75.0,2.0,2.5,true,67.93612871850544,5
8,100.0,12,75.0,2.5,2.5,true,67.93409002692097,5
8,100.0,12,75.0,0.5,3.0,true,68.0,5
8,100.0,12,75.0,1.0,3.0,true,67.93612871850544,5
8,100.0,12,75.0,1.5,3.0,true,54.96957640169453,5
8,100.0,12,75.0,2.0,3.0,true,68.0,5
8,100.0,12,75.0,2.5,3.0,true,68.06768631123852,5
8,100.0,12,75.0,0.5,3.5,true,68.0,5
8,100.0,12,75.0,1.0,3.5,true,68.0,5
8,100.0,12,75.0,1.5,3.5,true,68.0,5
8,100.0,12,75.0,2.0,3.5,true,68.0,5
8,100.0,12,75.0,2.5,3.5,true,68.0,5
8,100.0,12,75.0,0.5,4.0,true,68.0,5
8,100.0,12,75.0,1.0,4.0,true,68.0,5
8,100.0,12,75.0,1.5,4.0,true,68.0,5
8,100.0,12,75.0,2.0,4.0,true,68.0,5
8,100.0,12,75.0,2.5,4.0,true,68.0,5
8,100.0,18,75.0,0.5,1.0,true,80.3885093936572,5
8,100.0,18,75.0,1.0,1.0,true,109.88082355981525,5
8,100.0,18,75.0,1.5,1.0,true,64.7703062749755,5
8,100.0,18,75.0,2.0,1.0,true,69.46691944543947,5
8,100.0,18,75.0,2.5,1.0,true,65.80623235364618,5
8,100.0,18,75.0,0.5,1.5,true,66.41128907831369,5
8,100.0,18,75.0,1.0,1.5,true,50.67491245664924,5
8,100.0,18,75.0,1.5,1.5,true,69.49806790173375,5
8,100.0,18,75.0,2.0,1.5,true,69.49806790173375,5
8,100.0,18,75.0,2.5,1.5,true,65.80623235364618,5
8,100.0,18,75.0,0.5,2.0,true,61.49360004078267,5
8,100.0,18,75.0,1.0,2.0,true,62.33936708602988,5
8,100.0,18,75.0,1.5,2.0,true,76.69777665327568,5
8,100.0,18,75.0,2.0,2.0,true,74.5044346829823,5
8,100.0,18,75.0,2.5,2.0,true,74.12935663298263,5
8,100.0,18,75.0,0.5,2.5,true,83.66953615988793,5
8,100.0,18,75.0,1.0,2.5,true,88.5111066260899,5
8,100.0,18,75.0,1.5,2.5,true,88.45213667251095,5
8,100.0,18,75.0,2.0,2.5,true,87.61413604185499,5
8,100.0,18,75.0,2.5,2.5,true,78.41423268540899,5
8,100.0,18,75.0,0.5,3.0,true,75.17168906502178,5
8,100.0,18,75.0,1.0,3.0,true,75.17168906502178,5
8,100.0,18,75.0,1.5,3.0,true,75.17168906502178,5
8,100.0,18,75.0,2.0,3.0,true,75.17168906502178,5
8,100.0,18,75.0,2.5,3.0,true,88.45213667251095,5
8,100.0,18,75.0,0.5,3.5,true,75.0,5
8,100.0,18,75.0,1.0,3.5,true,75.0,5
8,100.0,18,75.0,1.5,3.5,true,75.0,5
8,100.0,18,75.0,2.0,3.5,true,75.0,5
8,100.0,18,75.0,2.5,3.5,true,75.0,5
8,100.0,18,75.0,0.5,4.0,true,75.0,5
8,100.0,18,75.0,1.0,4.0,true,75.0,5
8,100.0,18,75.0,1.5,4.0,true,88.89289980610882,5
8,100.0,18,75.0,2.0,4.0,true,88.89289980610882,5
8,100.0,18,75.0,2.5,4.0,true,88.89289980610882,5
8,100.0,24,75.0,0.5,1.0,true,64.69847416224117,5
8,100.0,24,75.0,1.0,1.0,true,67.95852831056644,5
8,100.0,24,75.0,1.5,1.0,true,89.09293667377966,5
8,100.0,24,75.0,2.0,1.0,true,73.36628587040485,5
8,100.0,24,75.0,2.5,1.0,true,68.93402501563035,5
8,100.0,24,75.0,0.5,1.5,true,117.33715975302452,5
8,100.0,24,75.0,1.0,1.5,true,74.18068080934087,5
8,100.0,24,75.0,1.5,1.5,true,72.88362445714968,5
8,100.0,24,75.0,2.0,1.5,true,73.42916680325547,5
8,100.0,24,75.0,2.5,1.5,true,74.50730104211547,5
8,100.0,24,75.0,0.5,2.0,true,67.91105791639875,5
8,100.0,24,75.0,1.0,2.0,true,68.0,5
8,100.0,24,75.0,1.5,2.0,true,68.0,5
8,100.0,24,75.0,2.0,2.0,true,67.95546903507373,5
8,100.0,24,75.0,2.5,2.0,true,67.90764086854881,5
8,100.0,24,75.0,0.5,2.5,true,45.62476833144152,5
8,100.0,24,75.0,1.0,2.5,true,45.602521179844096,5
8,100.0,24,75.0,1.5,2.5,true,45.602521179844096,5
8,100.0,24,75.0,2.0,2.5,true,45.602521179844096,5
8,100.0,24,75.0,2.5,2.5,true,67.90764086854881,5
8,100.0,24,75.0,0.5,3.0,true,45.602521179844096,5
8,100.0,24,75.0,1.0,3.0,true,45.602521179844096,5
8,100.0,24,75.0,1.5,3.0,true,45.602521179844096,5
8,100.0,24,75.0,2.0,3.0,true,45.602521179844096,5
8,100.0,24,75.0,2.5,3.0,true,45.602521179844096,5
8,100.0,24,75.0,0.5,3.5,true,67.97369897221326,5
8,100.0,24,75.0,1.0,3.5,true,78.10425042232522,5
8,100.0,24,75.0,1.5,3.5,true,78.10425042232522,5
8,100.0,24,75.0,2.0,3.5,true,63.43679353917963,5
8,100.0,24,75.0,2.5,3.5,true,63.43679353917963,5
8,100.0,24,75.0,0.5,4.0,true,78.10425042232522,5
8,100.0,24,75.0,1.0,4.0,true,78.10425042232522,5
8,100.0,24,75.0,1.5,4.0,true,63.43679353917963,5
8,100.0,24,75.0,2.0,4.0,true,63.43679353917963,5
8,100.0,24,75.0,2.5,4.0,true,63.43679353917963,5
8,100.0,30,75.0,0.5,1.0,true,86.15058793200662,5
8,100.0,30,75.0,1.0,1.0,true,64.0,5
8,100.0,30,75.0,1.5,1.0,true,63.81093233854443,5
8,100.0,30,75.0,2.0,1.0,true,56.668849365243325,5
8,100.0,30,75.0,2.5,1.0,true,73.68537322796317,5
8,100.0,30,75.0,0.5,1.5,true,72.29338317883192,5
8,100.0,30,75.0,1.0,1.5,true,74.79748294093892,5
8,100.0,30,75.0,1.5,1.5,true,63.9406591255143,5
8,100.0,30,75.0,2.0,1.5,true,61.301398237895825,5
8,100.0,30,75.0,2.5,1.5,true,61.301398237895825,5
8,100.0,30,75.0,0.5,2.0,true,45.20587395024791,5
8,100.0,30,75.0,1.0,2.0,true,67.468632092649,5
8,100.0,30,75.0,1.5,2.0,true,67.468632092649,5
8,100.0,30,75.0,2.0,2.0,true,67.468632092649,5
8,100.0,30,75.0,2.5,2.0,true,67.468632092649,5
8,100.0,30,75.0,0.5,2.5,true,75.0,5
8,100.0,30,75.0,1.0,2.5,true,75.0,5
8,100.0,30,75.0,1.5,2.5,true,75.0,5
8,100.0,30,75.0,2.0,2.5,true,75.0,5
8,100.0,30,75.0,2.5,2.5,true,75.0,5
8,100.0,30,75.0,0.5,3.0,true,75.0,5
8,100.0,30,75.0,1.0,3.0,true,75.0,5
8,100.0,30,75.0,1.5,3.0,true,75.0,5
8,100.0,30,75.0,2.0,3.0,true,75.0,5
8,100.0,30,75.0,2.5,3.0,true,75.0,5
8,100.0,30,75.0,0.5,3.5,true,75.0,5
8,100.0,30,75.0,1.0,3.5,true,75.0,5
8,100.0,30,75.0,1.5,3.5,true,75.0,5
8,100.0,30,75.0,2.0,3.5,true,75.0,5
8,100.0,30,75.0,2.5,3.5,true,75.16632318837691,5
8,100.0,30,75.0,0.5,4.0,true,75.0,5
8,100.0,30,75.0,1.0,4.0,true,75.17818473801607,5
8,100.0,30,75.0,1.5,4.0,true,75.17818473801607,5
8,100.0,30,75.0,2.0,4.0,true,75.17818473801607,5
8,100.0,30,75.0,2.5,4.0,true,75.17818473801607,5
8,100.0,36,75.0,0.5,1.0,true,67.34354316383573,5
8,100.0,36,75.0,1.0,1.0,true,74.87636718090708,5
8,100.0,36,75.0,1.5,1.0,true,74.87636718090708,5
8,100.0,36,75.0,2.0,1.0,true,74.87636718090708,5
8,100.0,36,75.0,2.5,1.0,true,74.87636718090708,5
8,100.0,36,75.0,0.5,1.5,true,63.77452493459146,5
8,100.0,36,75.0,1.0,1.5,true,55.0,5
8,100.0,36,75.0,1.5,1.5,true,86.5020365120432,5
8,100.0,36,75.0,2.0,1.5,true,98.44978386881613,5
8,100.0,36,75.0,2.5,1.5,true,91.42228805640352,5
8,100.0,36,75.0,0.5,2.0,true,63.98810878502054,5
8,100.0,36,75.0,1.0,2.0,true,63.98810878502054,5
8,100.0,36,75.0,1.5,2.0,true,64.130654512276,5
8,100.0,36,75.0,2.0,2.0,true,64.130654512276,5
8,100.0,36,75.0,2.5,2.0,true,64.130654512276,5
8,100.0,36,75.0,0.5,2.5,true,53.53637308867603,5
8,100.0,36,75.0,1.0,2.5,true,53.53637308867603,5
8,100.0,36,75.0,1.5,2.5,true,53.53637308867603,5
8,100.0,36,75.0,2.0,2.5,true,53.53637308867603,5
8,100.0,36,75.0,2.5,2.5,true,53.53637308867603,5
8,100.0,36,75.0,0.5,3.0,true,53.53637308867603,5
8,100.0,36,75.0,1.0,3.0,true,53.53637308867603,5
8,100.0,36,75.0,1.5,3.0,true,53.53637308867603,5
8,100.0,36,75.0,2.0,3.0,true,53.53637308867603,5
8,100.0,36,75.0,2.5,3.0,true,53.53637308867603,5
8,100.0,36,75.0,0.5,3.5,true,53.53637308867603,5
8,100.0,36,75.0,1.0,3.5,true,53.53637308867603,5
8,100.0,36,75.0,1.5,3.5,true,53.53637308867603,5
8,100.0,36,75.0,2.0,3.5,true,53.53637308867603,5
8,100.0,36,75.0,2.5,3.5,true,53.53637308867603,5
8,100.0,36,75.0,0.5,4.0,true,68.12318918783954,5
8,100.0,36,75.0,1.0,4.0,true,68.12318918783954,5
8,100.0,36,75.0,1.5,4.0,true,68.12318918783954,5
8,100.0,36,75.0,2.0,4.0,true,93.7262107190512,5
8,100.0,36,75.0,2.5,4.0,true,93.7262107190512,5
8,100.0,12,100.0,0.5,1.0,true,63.848786302095625,5
8,100.0,12,100.0,1.0,1.0,true,72.68453094190107,5
8,100.0,12,100.0,1.5,1.0,true,72.87166735994771,5
8,100.0,12,100.0,2.0,1.0,true,72.85742152367574,5
8,100.0,12,100.0,2.5,1.0,true,72.8523321756811,5
8,100.0,12,100.0,0.5,1.5,true,63.848786302095625,5
8,100.0,12,100.0,1.0,1.5,true,72.68453094190107,5
8,100.0,12,100.0,1.5,1.5,true,72.68453094190107,5
8,100.0,12,100.0,2.0,1.5,true,72.87166735994771,5
8,100.0,12,100.0,2.5,1.5,true,72.8523321756811,5
8,100.0,12,100.0,0.5,2.0,true,76.27591648697167,5
8,100.0,12,100.0,1.0,2.0,true,72.68453094190107,5
8,100.0,12,100.0,1.5,2.0,true,72.68453094190107,5
8,100.0,12,100.0,2.0,2.0,true,72.68453094190107,5
8,100.0,12,100.0,2.5,2.0,true,76.24508813714904,5
8,100.0,12,100.0,0.5,2.5,true,82.46942843691612,5
8,100.0,12,100.0,1.0,2.5,true,86.29987961501507,5
8,100.0,12,100.0,1.5,2.5,true,86.39066323571384,5
8,100.0,12,100.0,2.0,2.5,true,86.39066323571384,5
8,100.0,12,100.0,2.5,2.5,true,86.39066323571384,5
8,100.0,12,100.0,0.5,3.0,true,82.46942843691612,5
8,100.0,12,100.0,1.0,3.0,true,86.29987961501507,5
8,100.0,12,100.0,1.5,3.0,true,86.39066323571384,5
8,100.0,12,100.0,2.0,3.0,true,86.39066323571384,5
8,100.0,12,100.0,2.5,3.0,true,86.39066323571384,5
8,100.0,12,100.0,0.5,3.5,true,82.38109590639017,5
8,100.0,12,100.0,1.0,3.5,true,86.29987961501507,5
8,100.0,12,100.0,1.5,3.5,true,86.39066323571384,5
8,100.0,12,100.0,2.0,3.5,true,86.39066323571384,5
8,100.0,12,100.0,2.5,3.5,true,86.39066323571384,5
8,100.0,12,100.0,0.5,4.0,true,82.38109590639017,5
8,100.0,12,100.0,1.0,4.0,true,86.29987961501507,5
8,100.0,12,100.0,1.5,4.0,true,86.39066323571384,5
8,100.0,12,100.0,2.0,4.0,true,86.39066323571384,5
8,100.0,12,100.0,2.5,4.0,true,86.39066323571384,5
8,100.0,18,100.0,0.5,1.0,true,104.94257496675685,5
8,100.0,18,100.0,1.0,1.0,true,90.29294958135264,5
8,100.0,18,100.0,1.5,1.0,true,91.44921278554429,5
8,100.0,18,100.0,2.0,1.0,true,70.81328597245273,5
8,100.0,18,100.0,2.5,1.0,true,66.18498511381493,5
8,100.0,18,100.0,0.5,1.5,true,71.93056129408477,5
8,100.0,18,100.0,1.0,1.5,true,71.85208575934863,5
8,100.0,18,100.0,1.5,1.5,true,71.85208575934863,5
8,100.0,18,100.0,2.0,1.5,true,71.85208575934863,5
8,100.0,18,100.0,2.5,1.5,true,71.85208575934863,5
8,100.0,18,100.0,0.5,2.0,true,73.40308940944682,5
8,100.0,18,100.0,1.0,2.0,true,73.64956022250831,5
8,100.0,18,100.0,1.5,2.0,true,73.64956022250831,5
8,100.0,18,100.0,2.0,2.0,true,73.64956022250831,5
8,100.0,18,100.0,2.5,2.0,true,73.64956022250831,5
8,100.0,18,100.0,0.5,2.5,true,73.503360380821,5
8,100.0,18,100.0,1.0,2.5,true,73.64956022250831,5
8,100.0,18,100.0,1.5,2.5,true,73.64956022250831,5
8,100.0,18,100.0,2.0,2.5,true,73.64956022250831,5
8,100.0,18,100.0,2.5,2.5,true,73.64956022250831,5
8,100.0,18,100.0,0.5,3.0,true,73.49353563255917,5
8,100.0,18,100.0,1.0,3.0,true,73.64956022250831,5
8,100.0,18,100.0,1.5,3.0,true,73.64956022250831,5
8,100.0,18,100.0,2.0,3.0,true,73.64956022250831,5
8,100.0,18,100.0,2.5,3.0,true,73.64956022250831,5
8,100.0,18,100.0,0.5,3.5,true,105.82562170981743,5
8,100.0,18,100.0,1.0,3.5,true,75.31465834702112,5
8,100.0,18,100.0,1.5,3.5,true,75.31465834702112,5
8,100.0,18,100.0,2.0,3.5,true,75.31465834702112,5
8,100.0,18,100.0,2.5,3.5,true,75.31465834702112,5
8,100.0,18,100.0,0.5,4.0,true,105.82562170981743,5
8,100.0,18,100.0,1.0,4.0,true,75.36872786930024,5
8,100.0,18,100.0,1.5,4.0,true,75.36872786930024,5
8,100.0,18,100.0,2.0,4.0,true,75.36872786930024,5
8,100.0,18,100.0,2.5,4.0,true,75.36872786930024,5
8,100.0,24,100.0,0.5,1.0,true,63.34574436679472,5
8,100.0,24,100.0,1.0,1.0,true,66.82454505509706,5
8,100.0,24,100.0,1.5,1.0,true,56.74678248966535,5
8,100.0,24,100.0,2.0,1.0,true,92.1683049462732,5
8,100.0,24,100.0,2.5,1.0,true,83.98690975929388,5
8,100.0,24,100.0,0.5,1.5,true,65.95145267366567,5
8,100.0,24,100.0,1.0,1.5,true,74.85864019306486,5
8,100.0,24,100.0,1.5,1.5,true,75.57740310701519,5
8,100.0,24,100.0,2.0,1.5,true,91.27826335911669,5
8,100.0,24,100.0,2.5,1.5,true,71.28905954023878,5
8,100.0,24,100.0,0.5,2.0,true,62.3050415232387,5
8,100.0,24,100.0,1.0,2.0,true,112.85020489036964,5
8,100.0,24,100.0,1.5,2.0,true,89.18288256628709,5
8,100.0,24,100.0,2.0,2.0,true,107.16510320945952,5
8,100.0,24,100.0,2.5,2.0,true,107.16510320945952,5
8,100.0,24,100.0,0.5,2.5,true,62.3050415232387,5
8,100.0,24,100.0,1.0,2.5,true,70.604987396787,5
8,100.0,24,100.0,1.5,2.5,true,86.13793432893473,5
8,100.0,24,100.0,2.0,2.5,true,87.95277107240085,5
8,100.0,24,100.0,2.5,2.5,true,87.95277107240085,5
8,100.0,24,100.0,0.5,3.0,true,62.3050415232387,5
8,100.0,24,100.0,1.0,3.0,true,70.604987396787,5
8,100.0,24,100.0,1.5,3.0,true,86.13793432893473,5
8,100.0,24,100.0,2.0,3.0,true,87.95277107240085,5
8,100.0,24,100.0,2.5,3.0,true,87.95277107240085,5
8,100.0,24,100.0,0.5,3.5,true,62.132581280079,5
8,100.0,24,100.0,1.0,3.5,true,70.604987396787,5
8,100.0,24,100.0,1.5,3.5,true,86.23053305371955,5
8,100.0,24,100.0,2.0,3.5,true,87.95277107240085,5
8,100.0,24,100.0,2.5,3.5,true,87.95277107240085,5
8,100.0,24,100.0,0.5,4.0,true,62.132581280079,5
8,100.0,24,100.0,1.0,4.0,true,70.604987396787,5
8,100.0,24,100.0,1.5,4.0,true,86.0,5
8,100.0,24,100.0,2.0,4.0,true,87.95277107240085,5
8,100.0,24,100.0,2.5,4.0,true,87.95277107240085,5
8,100.0,30,100.0,0.5,1.0,true,66.10292427081305,5
8,100.0,30,100.0,1.0,1.0,true,69.66979447234894,5
8,100.0,30,100.0,1.5,1.0,true,74.58009529241193,5
8,100.0,30,100.0,2.0,1.0,true,78.58282020506265,5
8,100.0,30,100.0,2.5,1.0,true,78.58282020506265,5
8,100.0,30,100.0,0.5,1.5,true,72.97556485753398,5
8,100.0,30,100.0,1.0,1.5,true,81.14150811639708,5
8,100.0,30,100.0,1.5,1.5,true,81.14150811639708,5
8,100.0,30,100.0,2.0,1.5,true,81.26554894789928,5
8,100.0,30,100.0,2.5,1.5,true,81.26554894789928,5
8,100.0,30,100.0,0.5,2.0,true,72.97556485753398,5
8,100.0,30,100.0,1.0,2.0,true,81.95389976945768,5
8,100.0,30,100.0,1.5,2.0,true,81.95050171023311,5
8,100.0,30,100.0,2.0,2.0,true,81.95050171023311,5
8,100.0,30,100.0,2.5,2.0,true,81.95050171023311,5
8,100.0,30,100.0,0.5,2.5,true,72.97556485753398,5
8,100.0,30,100.0,1.0,2.5,true,82.64451471323322,5
8,100.0,30,100.0,1.5,2.5,true,81.95050171023311,5
8,100.0,30,100.0,2.0,2.5,true,81.95050171023311,5
8,100.0,30,100.0,2.5,2.5,true,74.02449429100791,5
8,100.0,30,100.0,0.5,3.0,true,72.97556485753398,5
8,100.0,30,100.0,1.0,3.0,true,83.26029447206986,5
8,100.0,30,100.0,1.5,3.0,true,83.18972440839892,5
8,100.0,30,100.0,2.0,3.0,true,83.18972440839892,5
8,100.0,30,100.0,2.5,3.0,true,73.88840498299557,5
8,100.0,30,100.0,0.5,3.5,true,72.97556485753398,5
8,100.0,30,100.0,1.0,3.5,true,84.0,5
8,100.0,30,100.0,1.5,3.5,true,83.98470476236109,5
8,100.0,30,100.0,2.0,3.5,true,83.98470476236109,5
8,100.0,30,100.0,2.5,3.5,true,73.88840498299557,5
8,100.0,30,100.0,0.5,4.0,true,72.97556485753398,5
8,100.0,30,100.0,1.0,4.0,true,73.85855454737195,5
8,100.0,30,100.0,1.5,4.0,true,73.85855454737195,5
8,100.0,30,100.0,2.0,4.0,true,84.36793786976729,5
8,100.0,30,100.0,2.5,4.0,true,84.36793786976729,5
8,100.0,36,100.0,0.5,1.0,true,61.81006927098964,5
8,100.0,36,100.0,1.0,1.0,true,61.704702073100584,5
8,100.0,36,100.0,1.5,1.0,true,61.704702073100584,5
8,100.0,36,100.0,2.0,1.0,true,61.704702073100584,5
8,100.0,36,100.0,2.5,1.0,true,61.704702073100584,5
8,100.0,36,100.0,0.5,1.5,true,63.11015817785669,5
8,100.0,36,100.0,1.0,1.5,true,83.82314140790471,5
8,100.0,36,100.0,1.5,1.5,true,83.82314140790471,5
8,100.0,36,100.0,2.0,1.5,true,83.82314140790471,5
8,100.0,36,100.0,2.5,1.5,true,83.82314140790471,5
8,100.0,36,100.0,0.5,2.0,true,63.11015817785669,5
8,100.0,36,100.0,1.0,2.0,true,83.82314140790471,5
8,100.0,36,100.0,1.5,2.0,true,83.82314140790471,5
8,100.0,36,100.0,2.0,2.0,true,83.82314140790471,5
8,100.0,36,100.0,2.5,2.0,true,83.82314140790471,5
8,100.0,36,100.0,0.5,2.5,true,63.11015817785669,5
8,100.0,36,100.0,1.0,2.5,true,63.138304224958894,5
8,100.0,36,100.0,1.5,2.5,true,63.138304224958894,5
8,100.0,36,100.0,2.0,2.5,true,63.138304224958894,5
8,100.0,36,100.0,2.5,2.5,true,63.138304224958894,5
8,100.0,36,100.0,0.5,3.0,true,63.11015817785669,5
8,100.0,36,100.0,1.0,3.0,true,63.138304224958894,5
8,100.0,36,100.0,1.5,3.0,true,63.138304224958894,5
8,100.0,36,100.0,2.0,3.0,true,63.138304224958894,5
8,100.0,36,100.0,2.5,3.0,true,63.138304224958894,5
8,100.0,36,100.0,0.5,3.5,true,63.11015817785669,5
8,100.0,36,100.0,1.0,3.5,true,63.138304224958894,5
8,100.0,36,100.0,1.5,3.5,true,63.138304224958894,5
8,100.0,36,100.0,2.0,3.5,true,63.138304224958894,5
8,100.0,36,100.0,2.5,3.5,true,63.138304224958894,5
8,100.0,36,100.0,0.5,4.0,true,63.11015817785669,5
8,100.0,36,100.0,1.0,4.0,true,63.138304224958894,5
8,100.0,36,100.0,1.5,4.0,true,63.138304224958894,5
8,100.0,36,100.0,2.0,4.0,true,63.138304224958894,5
8,100.0,36,100.0,2.5,4.0,true,63.138304224958894,5
8,100.0,12,125.0,0.5,1.0,true,87.05642039458688,5
8,100.0,12,125.0,1.0,1.0,true,104.92142878665865,5
8,100.0,12,125.0,1.5,1.0,true,86.94939431755402,5
8,100.0,12,125.0,2.0,1.0,true,87.48700208865786,5
8,100.0,12,125.0,2.5,1.0,true,87.42080813128433,5
8,100.0,12,125.0,0.5,1.5,true,73.48721023591558,5
8,100.0,12,125.0,1.0,1.5,true,92.42823254101377,5
8,100.0,12,125.0,1.5,1.5,true,81.42204473448949,5
8,100.0,12,125.0,2.0,1.5,true,77.31191388982798,5
8,100.0,12,125.0,2.5,1.5,true,81.82559985722692,5
8,100.0,12,125.0,0.5,2.0,true,92.42823254101377,5
8,100.0,12,125.0,1.0,2.0,true,95.43696381795937,5
8,100.0,12,125.0,1.5,2.0,true,88.41581413960473,5
8,100.0,12,125.0,2.0,2.0,true,95.48667017904747,5
8,100.0,12,125.0,2.5,2.0,true,95.48667017904747,5
8,100.0,12,125.0,0.5,2.5,true,93.99011775667262,5
8,100.0,12,125.0,1.0,2.5,true,95.43696381795937,5
8,100.0,12,125.0,1.5,2.5,true,88.41399207801506,5
8,100.0,12,125.0,2.0,2.5,true,95.48667017904747,5
8,100.0,12,125.0,2.5,2.5,true,95.48667017904747,5
8,100.0,12,125.0,0.5,3.0,true,95.43535956274879,5
8,100.0,12,125.0,1.0,3.0,true,88.41581413960473,5
8,100.0,12,125.0,1.5,3.0,true,88.41399207801506,5
8,100.0,12,125.0,2.0,3.0,true,95.48667017904747,5
8,100.0,12,125.0,2.5,3.0,true,95.48667017904747,5
8,100.0,12,125.0,0.5,3.5,true,95.43535956274879,5
8,100.0,12,125.0,1.0,3.5,true,88.41581413960473,5
8,100.0,12,125.0,1.5,3.5,true,81.7498785896292,5
8,100.0,12,125.0,2.0,3.5,true,95.48667017904747,5
8,100.0,12,125.0,2.5,3.5,true,95.48667017904747,5
8,100.0,12,125.0,0.5,4.0,true,88.41581413960473,5
8,100.0,12,125.0,1.0,4.0,true,88.41399207801506,5
8,100.0,12,125.0,1.5,4.0,true,81.7498785896292,5
8,100.0,12,125.0,2.0,4.0,true,95.48667017904747,5
8,100.0,12,125.0,2.5,4.0,true,95.48667017904747,5
8,100.0,18,125.0,0.5,1.0,true,83.46387958751683,5
8,100.0,18,125.0,1.0,1.0,true,73.68966620235021,5
8,100.0,18,125.0,1.5,1.0,true,103.36663240891114,5
8,100.0,18,125.0,2.0,1.0,true,103.36663240891114,5
8,100.0,18,125.0,2.5,1.0,true,103.36663240891114,5
8,100.0,18,125.0,0.5,1.5,true,104.71215534491282,5
8,100.0,18,125.0,1.0,1.5,true,102.63030657657656,5
8,100.0,18,125.0,1.5,1.5,true,94.32835500546136,5
8,100.0,18,125.0,2.0,1.5,true,101.16844216567092,5
8,100.0,18,125.0,2.5,1.5,true,101.16844216567092,5
8,100.0,18,125.0,0.5,2.0,true,89.78949474632923,5
8,100.0,18,125.0,1.0,2.0,true,102.47110589023234,5
8,100.0,18,125.0,1.5,2.0,true,102.57327501478859,5
8,100.0,18,125.0,2.0,2.0,true,102.57327501478859,5
8,100.0,18,125.0,2.5,2.0,true,102.57327501478859,5
8,100.0,18,125.0,0.5,2.5,true,87.1043066623116,5
8,100.0,18,125.0,1.0,2.5,true,90.85831748089801,5
8,100.0,18,125.0,1.5,2.5,true,90.85831748089801,5
8,100.0,18,125.0,2.0,2.5,true,90.85831748089801,5
8,100.0,18,125.0,2.5,2.5,true,90.85831748089801,5
8,100.0,18,125.0,0.5,3.0,true,87.1043066623116,5
8,100.0,18,125.0,1.0,3.0,true,90.85831748089801,5
8,100.0,18,125.0,1.5,3.0,true,90.85831748089801,5
8,100.0,18,125.0,2.0,3.0,true,90.85831748089801,5
8,100.0,18,125.0,2.5,3.0,true,90.85831748089801,5
8,100.0,18,125.0,0.5,3.5,true,87.1043066623116,5
8,100.0,18,125.0,1.0,3.5,true,90.85831748089801,5
8,100.0,18,125.0,1.5,3.5,true,90.85831748089801,5
8,100.0,18,125.0,2.0,3.5,true,90.85831748089801,5
8,100.0,18,125.0,2.5,3.5,true,90.85831748089801,5
8,100.0,18,125.0,0.5,4.0,true,77.0,5
8,100.0,18,125.0,1.0,4.0,true,77.0,5
8,100.0,18,125.0,1.5,4.0,true,90.85831748089801,5
8,100.0,18,125.0,2.0,4.0,true,90.85831748089801,5
8,100.0,18,125.0,2.5,4.0,true,90.85831748089801,5
8,100.0,24,125.0,0.5,1.0,true,67.36714159913117,5
8,100.0,24,125.0,1.0,1.0,true,81.65849357011696,5
8,100.0,24,125.0,1.5,1.0,true,81.65849357011696,5
8,100.0,24,125.0,2.0,1.0,true,67.08764235637992,5
8,100.0,24,125.0,2.5,1.0,true,81.70039110902894,5
8,100.0,24,125.0,0.5,1.5,true,90.7226139197687,5
8,100.0,24,125.0,1.0,1.5,true,77.0,5
8,100.0,24,125.0,1.5,1.5,true,102.17724049711865,5
8,100.0,24,125.0,2.0,1.5,true,107.63799113622532,5
8,100.0,24,125.0,2.5,1.5,true,107.4070893050891,5
8,100.0,24,125.0,0.5,2.0,true,69.73963110419362,5
8,100.0,24,125.0,1.0,2.0,true,75.24894800013809,5
8,100.0,24,125.0,1.5,2.0,true,107.63799113622532,5
8,100.0,24,125.0,2.0,2.0,true,107.63799113622532,5
8,100.0,24,125.0,2.5,2.0,true,107.63799113622532,5
8,100.0,24,125.0,0.5,2.5,true,74.97444842762509,5
8,100.0,24,125.0,1.0,2.5,true,75.24894800013809,5
8,100.0,24,125.0,1.5,2.5,true,100.64033670662404,5
8,100.0,24,125.0,2.0,2.5,true,100.64033670662404,5
8,100.0,24,125.0,2.5,2.5,true,100.64033670662404,5
8,100.0,24,125.0,0.5,3.0,true,69.6315476917789,5
8,100.0,24,125.0,1.0,3.0,true,71.91031752247444,5
8,100.0,24,125.0,1.5,3.0,true,71.91031752247444,5
8,100.0,24,125.0,2.0,3.0,true,71.91031752247444,5
8,100.0,24,125.0,2.5,3.0,true,71.91031752247444,5
8,100.0,24,125.0,0.5,3.5,true,95.51020902493295,5
8,100.0,24,125.0,1.0,3.5,true,71.91031752247444,5
8,100.0,24,125.0,1.5,3.5,true,71.91031752247444,5
8,100.0,24,125.0,2.0,3.5,true,71.91031752247444,5
8,100.0,24,125.0,2.5,3.5,true,71.91031752247444,5
8,100.0,24,125.0,0.5,4.0,true,101.96374604356748,5
8,100.0,24,125.0,1.0,4.0,true,73.57242460171994,5
8,100.0,24,125.0,1.5,4.0,true,73.57242460171994,5
8,100.0,24,125.0,2.0,4.0,true,73.57242460171994,5
8,100.0,24,125.0,2.5,4.0,true,73.57242460171994,5
8,100.0,30,125.0,0.5,1.0,false,NaN,4
8,100.0,30,125.0,1.0,1.0,true,79.97005628108155,5
8,100.0,30,125.0,1.5,1.0,true,71.89098539006275,5
8,100.0,30,125.0,2.0,1.0,true,71.89098539006275,5
8,100.0,30,125.0,2.5,1.0,true,71.89098539006275,5
8,100.0,30,125.0,0.5,1.5,true,92.19289772079684,5
8,100.0,30,125.0,1.0,1.5,true,93.61379194630311,5
8,100.0,30,125.0,1.5,1.5,true,71.89098539006275,5
8,100.0,30,125.0,2.0,1.5,true,71.89098539006275,5
8,100.0,30,125.0,2.5,1.5,true,71.89098539006275,5
8,100.0,30,125.0,0.5,2.0,true,67.79437758609866,5
8,100.0,30,125.0,1.0,2.0,true,102.83340771388845,5
8,100.0,30,125.0,1.5,2.0,true,86.54123311050859,5
8,100.0,30,125.0,2.0,2.0,true,86.54123311050859,5
8,100.0,30,125.0,2.5,2.0,true,86.54123311050859,5
8,100.0,30,125.0,0.5,2.5,true,69.9249137259864,5
8,100.0,30,125.0,1.0,2.5,true,93.55134493594589,5
8,100.0,30,125.0,1.5,2.5,true,84.44526602969238,5
8,100.0,30,125.0,2.0,2.5,true,84.37683720620883,5
8,100.0,30,125.0,2.5,2.5,true,84.37683720620883,5
8,100.0,30,125.0,0.5,3.0,true,108.7187486787919,5
8,100.0,30,125.0,1.0,3.0,true,85.40887599075461,5
8,100.0,30,125.0,1.5,3.0,true,93.27272574059008,5
8,100.0,30,125.0,2.0,3.0,true,93.27272574059008,5
8,100.0,30,125.0,2.5,3.0,true,93.27272574059008,5
8,100.0,30,125.0,0.5,3.5,true,90.0,5
8,100.0,30,125.0,1.0,3.5,true,85.40887599075461,5
8,100.0,30,125.0,1.5,3.5,true,94.30167339259137,5
8,100.0,30,125.0,2.0,3.5,true,94.30167339259137,5
8,100.0,30,125.0,2.5,3.5,true,94.30167339259137,5
8,100.0,30,125.0,0.5,4.0,true,109.25598227667078,5
8,100.0,30,125.0,1.0,4.0,true,85.40887599075461,5
8,100.0,30,125.0,1.5,4.0,true,94.30167339259137,5
8,100.0,30,125.0,2.0,4.0,true,94.30167339259137,5
8,100.0,30,125.0,2.5,4.0,true,94.30167339259137,5
8,100.0,36,125.0,0.5,1.0,true,113.70018366843547,5
8,100.0,36,125.0,1.0,1.0,true,93.08441199946091,5
8,100.0,36,125.0,1.5,1.0,true,90.9649776951916,5
8,100.0,36,125.0,2.0,1.0,true,104.60953523456469,5
8,100.0,36,125.0,2.5,1.0,true,104.60953523456469,5
8,100.0,36,125.0,0.5,1.5,true,96.75541920878509,5
8,100.0,36,125.0,1.0,1.5,true,91.67455965709574,5
8,100.0,36,125.0,1.5,1.5,true,90.9649776951916,5
8,100.0,36,125.0,2.0,1.5,true,106.63349820507537,5
8,100.0,36,125.0,2.5,1.5,true,106.63349820507537,5
8,100.0,36,125.0,0.5,2.0,true,87.4007209023709,5
8,100.0,36,125.0,1.0,2.0,true,91.70971621553343,5
8,100.0,36,125.0,1.5,2.0,true,90.92320549538096,5
8,100.0,36,125.0,2.0,2.0,true,107.67767929008768,5
8,100.0,36,125.0,2.5,2.0,true,107.67767929008768,5
8,100.0,36,125.0,0.5,2.5,true,89.52228930885124,5
8,100.0,36,125.0,1.0,2.5,true,82.95928088755159,5
8,100.0,36,125.0,1.5,2.5,true,83.0,5
8,100.0,36,125.0,2.0,2.5,true,89.0,5
8,100.0,36,125.0,2.5,2.5,true,89.0,5
8,100.0,36,125.0,0.5,3.0,true,87.39616415190805,5
8,100.0,36,125.0,1.0,3.0,true,82.95928088755159,5
8,100.0,36,125.0,1.5,3.0,true,83.0,5
8,100.0,36,125.0,2.0,3.0,true,89.0,5
8,100.0,36,125.0,2.5,3.0,true,89.0,5
8,100.0,36,125.0,0.5,3.5,true,87.39616415190805,5
8,100.0,36,125.0,1.0,3.5,true,82.95928088755159,5
8,100.0,36,125.0,1.5,3.5,true,83.0,5
8,100.0,36,125.0,2.0,3.5,true,89.0,5
8,100.0,36,125.0,2.5,3.5,true,89.0,5
8,100.0,36,125.0,0.5,4.0,true,87.39616415190805,5
8,100.0,36,125.0,1.0,4.0,true,82.95928088755159,5
8,100.0,36,125.0,1.5,4.0,true,83.0,5
8,100.0,36,125.0,2.0,4.0,true,89.0,5
8,100.0,36,125.0,2.5,4.0,true,89.0,5
8,100.0,12,150.0,0.5,1.0,true,104.98871101708447,5
8,100.0,12,150.0,1.0,1.0,true,96.9874128315668,5
8,100.0,12,150.0,1.5,1.0,true,96.89499452060197,5
8,100.0,12,150.0,2.0,1.0,true,96.93610132117006,5
8,100.0,12,150.0,2.5,1.0,true,96.86726009430343,5
8,100.0,12,150.0,0.5,1.5,true,101.41446513420891,5
8,100.0,12,150.0,1.0,1.5,true,80.21885898380235,5
8,100.0,12,150.0,1.5,1.5,true,80.2036753354145,5
8,100.0,12,150.0,2.0,1.5,true,80.2036753354145,5
8,100.0,12,150.0,2.5,1.5,true,80.2036753354145,5
8,100.0,12,150.0,0.5,2.0,true,81.27410528595668,5
8,100.0,12,150.0,1.0,2.0,true,45.867844725682595,5
8,100.0,12,150.0,1.5,2.0,true,45.867844725682595,5
8,100.0,12,150.0,2.0,2.0,true,45.867844725682595,5
8,100.0,12,150.0,2.5,2.0,true,45.867844725682595,5
8,100.0,12,150.0,0.5,2.5,true,85.97495194728461,5
8,100.0,12,150.0,1.0,2.5,true,45.867844725682595,5
8,100.0,12,150.0,1.5,2.5,true,45.867844725682595,5
8,100.0,12,150.0,2.0,2.5,true,45.867844725682595,5
8,100.0,12,150.0,2.5,2.5,true,45.867844725682595,5
8,100.0,12,150.0,0.5,3.0,true,45.867844725682595,5
8,100.0,12,150.0,1.0,3.0,true,45.867844725682595,5
8,100.0,12,150.0,1.5,3.0,true,45.867844725682595,5
8,100.0,12,150.0,2.0,3.0,true,45.867844725682595,5
8,100.0,12,150.0,2.5,3.0,true,45.867844725682595,5
8,100.0,12,150.0,0.5,3.5,true,45.867844725682595,5
8,100.0,12,150.0,1.0,3.5,true,45.867844725682595,5
8,100.0,12,150.0,1.5,3.5,true,45.867844725682595,5
8,100.0,12,150.0,2.0,3.5,true,45.867844725682595,5
8,100.0,12,150.0,2.5,3.5,true,45.867844725682595,5
8,100.0,12,150.0,0.5,4.0,true,45.867844725682595,5
8,100.0,12,150.0,1.0,4.0,true,45.867844725682595,5
8,100.0,12,150.0,1.5,4.0,true,45.867844725682595,5
8,100.0,12,150.0,2.0,4.0,true,45.867844725682595,5
8,100.0,12,150.0,2.5,4.0,true,45.867844725682595,5
8,100.0,18,150.0,0.5,1.0,true,98.5938534402804,5
8,100.0,18,150.0,1.0,1.0,true,98.56495985989356,5
8,100.0,18,150.0,1.5,1.0,true,86.30937399076717,5
8,100.0,18,150.0,2.0,1.0,true,103.30822858604881,5
8,100.0,18,150.0,2.5,1.0,true,103.30822858604881,5
8,100.0,18,150.0,0.5,1.5,true,99.66322764255209,5
8,100.0,18,150.0,1.0,1.5,true,91.7171291634576,5
8,100.0,18,150.0,1.5,1.5,true,104.6404094563535,5
8,100.0,18,150.0,2.0,1.5,true,104.6404094563535,5
8,100.0,18,150.0,2.5,1.5,true,104.6404094563535,5
8,100.0,18,150.0,0.5,2.0,true,113.62414841421908,5
8,100.0,18,150.0,1.0,2.0,true,91.02668893380952,5
8,100.0,18,150.0,1.5,2.0,true,71.76491705551653,5
8,100.0,18,150.0,2.0,2.0,true,71.76491705551653,5
8,100.0,18,150.0,2.5,2.0,true,71.76491705551653,5
8,100.0,18,150.0,0.5,2.5,true,113.62414841421908,5
8,100.0,18,150.0,1.0,2.5,true,71.54591532890875,5
8,100.0,18,150.0,1.5,2.5,true,71.76491705551653,5
8,100.0,18,150.0,2.0,2.5,true,71.76491705551653,5
8,100.0,18,150.0,2.5,2.5,true,71.76491705551653,5
8,100.0,18,150.0,0.5,3.0,true,103.70707969094954,5
8,100.0,18,150.0,1.0,3.0,true,71.54591532890875,5
8,100.0,18,150.0,1.5,3.0,true,71.76491705551653,5
8,100.0,18,150.0,2.0,3.0,true,71.76491705551653,5
8,100.0,18,150.0,2.5,3.0,true,71.76491705551653,5
8,100.0,18,150.0,0.5,3.5,true,105.13034167298353,5
8,100.0,18,150.0,1.0,3.5,true,71.54591532890875,5
8,100.0,18,150.0,1.5,3.5,true,71.76491705551653,5
8,100.0,18,150.0,2.0,3.5,true,71.76491705551653,5
8,100.0,18,150.0,2.5,3.5,true,71.76491705551653,5
8,100.0,18,150.0,0.5,4.0,true,71.54591532890875,5
8,100.0,18,150.0,1.0,4.0,true,71.54591532890875,5
8,100.0,18,150.0,1.5,4.0,true,71.76491705551653,5
8,100.0,18,150.0,2.0,4.0,true,71.76491705551653,5
8,100.0,18,150.0,2.5,4.0,true,71.76491705551653,5
8,100.0,24,150.0,0.5,1.0,true,69.49839475832783,5
8,100.0,24,150.0,1.0,1.0,true,86.56682439828975,5
8,100.0,24,150.0,1.5,1.0,true,94.48174546154848,5
8,100.0,24,150.0,2.0,1.0,true,69.44955789661596,5
8,100.0,24,150.0,2.5,1.0,true,86.55569272147495,5
8,100.0,24,150.0,0.5,1.5,true,106.78463630226794,5
8,100.0,24,150.0,1.0,1.5,true,80.26912848754489,5
8,100.0,24,150.0,1.5,1.5,true,80.2211006025965,5
8,100.0,24,150.0,2.0,1.5,true,80.24281025783598,5
8,100.0,24,150.0,2.5,1.5,true,80.2530938368473,5
8,100.0,24,150.0,0.5,2.0,true,100.5806922012314,5
8,100.0,24,150.0,1.0,2.0,true,108.6523136938453,5
8,100.0,24,150.0,1.5,2.0,true,70.39799720458049,5
8,100.0,24,150.0,2.0,2.0,true,95.48282346474183,5
8,100.0,24,150.0,2.5,2.0,true,99.63760076545209,5
8,100.0,24,150.0,0.5,2.5,true,57.35667255287423,5
8,100.0,24,150.0,1.0,2.5,true,57.24530540071021,5
8,100.0,24,150.0,1.5,2.5,true,57.22624645129134,5
8,100.0,24,150.0,2.0,2.5,true,57.22624645129134,5
8,100.0,24,150.0,2.5,2.5,true,57.3581073557889,5
8,100.0,24,150.0,0.5,3.0,true,57.35667255287423,5
8,100.0,24,150.0,1.0,3.0,true,57.24530540071021,5
8,100.0,24,150.0,1.5,3.0,true,57.22624645129134,5
8,100.0,24,150.0,2.0,3.0,true,57.3581073557889,5
8,100.0,24,150.0,2.5,3.0,true,57.3581073557889,5
8,100.0,24,150.0,0.5,3.5,true,57.35667255287423,5
8,100.0,24,150.0,1.0,3.5,true,57.22135296648666,5
8,100.0,24,150.0,1.5,3.5,true,57.22624645129134,5
8,100.0,24,150.0,2.0,3.5,true,57.3581073557889,5
8,100.0,24,150.0,2.5,3.5,true,57.3581073557889,5
8,100.0,24,150.0,0.5,4.0,true,57.35667255287423,5
8,100.0,24,150.0,1.0,4.0,true,57.22624645129134,5
8,100.0,24,150.0,1.5,4.0,true,57.3581073557889,5
8,100.0,24,150.0,2.0,4.0,true,57.3581073557889,5
8,100.0,24,150.0,2.5,4.0,true,57.3581073557889,5
8,100.0,30,150.0,0.5,1.0,true,69.6791299020091,5
8,100.0,30,150.0,1.0,1.0,true,69.7428485770592,5
8,100.0,30,150.0,1.5,1.0,true,79.13755683768628,5
8,100.0,30,150.0,2.0,1.0,true,69.7428485770592,5
8,100.0,30,150.0,2.5,1.0,true,69.7428485770592,5
8,100.0,30,150.0,0.5,1.5,true,43.0,5
8,100.0,30,150.0,1.0,1.5,true,43.0,5
8,100.0,30,150.0,1.5,1.5,true,43.0,5
8,100.0,30,150.0,2.0,1.5,true,43.0,5
8,100.0,30,150.0,2.5,1.5,true,43.0,5
8,100.0,30,150.0,0.5,2.0,true,110.71080625722283,5
8,100.0,30,150.0,1.0,2.0,true,127.59407963734392,5
8,100.0,30,150.0,1.5,2.0,true,86.59184841704423,5
8,100.0,30,150.0,2.0,2.0,true,86.59184841704423,5
8,100.0,30,150.0,2.5,2.0,true,76.47536580838508,5
8,100.0,30,150.0,0.5,2.5,true,74.30708703326074,5
8,100.0,30,150.0,1.0,2.5,true,121.77494408547689,5
8,100.0,30,150.0,1.5,2.5,true,118.1998680484265,5
8,100.0,30,150.0,2.0,2.5,true,118.1998680484265,5
8,100.0,30,150.0,2.5,2.5,true,76.47536580838508,5
8,100.0,30,150.0,0.5,3.0,true,76.0,5
8,100.0,30,150.0,1.0,3.0,true,111.6200110323408,5
8,100.0,30,150.0,1.5,3.0,true,120.88274747473221,5
8,100.0,30,150.0,2.0,3.0,true,121.66213377940335,5
8,100.0,30,150.0,2.5,3.0,true,76.47536580838508,5
8,100.0,30,150.0,0.5,3.5,true,100.33686683726262,5
8,100.0,30,150.0,1.0,3.5,true,83.759477790351,5
8,100.0,30,150.0,1.5,3.5,true,83.68862503935738,5
8,100.0,30,150.0,2.0,3.5,true,83.68862503935738,5
8,100.0,30,150.0,2.5,3.5,true,76.47536580838508,5
8,100.0,30,150.0,0.5,4.0,true,112.49865907997108,5
8,100.0,30,150.0,1.0,4.0,true,83.759477790351,5
8,100.0,30,150.0,1.5,4.0,true,83.68862503935738,5
8,100.0,30,150.0,2.0,4.0,true,83.68862503935738,5
8,100.0,30,150.0,2.5,4.0,true,76.47536580838508,5
8,100.0,36,150.0,0.5,1.0,true,71.57750782248418,5
8,100.0,36,150.0,1.0,1.0,true,105.12961411617691,5
8,100.0,36,150.0,1.5,1.0,true,71.32225170484533,5
8,100.0,36,150.0,2.0,1.0,true,71.32225170484533,5
8,100.0,36,150.0,2.5,1.0,true,71.32225170484533,5
8,100.0,36,150.0,0.5,1.5,true,104.20571420802372,5
8,100.0,36,150.0,1.0,1.5,true,94.7458791531463,5
8,100.0,36,150.0,1.5,1.5,true,107.19938611226085,5
8,100.0,36,150.0,2.0,1.5,true,107.13580631682512,5
8,100.0,36,150.0,2.5,1.5,true,107.13580631682512,5
8,100.0,36,150.0,0.5,2.0,true,71.16153999185364,5
8,100.0,36,150.0,1.0,2.0,true,71.16153999185364,5
8,100.0,36,150.0,1.5,2.0,true,70.95829855286743,5
8,100.0,36,150.0,2.0,2.0,true,70.95829855286743,5
8,100.0,36,150.0,2.5,2.0,true,70.95829855286743,5
8,100.0,36,150.0,0.5,2.5,true,43.0,5
8,100.0,36,150.0,1.0,2.5,true,43.0,5
8,100.0,36,150.0,1.5,2.5,true,43.0,5
8,100.0,36,150.0,2.0,2.5,true,43.0,5
8,100.0,36,150.0,2.5,2.5,true,43.0,5
8,100.0,36,150.0,0.5,3.0,true,43.0,5
8,100.0,36,150.0,1.0,3.0,true,43.0,5
8,100.0,36,150.0,1.5,3.0,true,43.0,5
8,100.0,36,150.0,2.0,3.0,true,43.0,5
8,100.0,36,150.0,2.5,3.0,true,43.0,5
8,100.0,36,150.0,0.5,3.5,true,43.0,5
8,100.0,36,150.0,1.0,3.5,true,43.0,5
8,100.0,36,150.0,1.5,3.5,true,43.0,5
8,100.0,36,150.0,2.0,3.5,true,43.0,5
8,100.0,36,150.0,2.5,3.5,true,43.0,5
8,100.0,36,150.0,0.5,4.0,true,43.0,5
8,100.0,36,150.0,1.0,4.0,true,43.0,5
8,100.0,36,150.0,1.5,4.0,true,43.0,5
8,100.0,36,150.0,2.0,4.0,true,43.0,5
8,100.0,36,150.0,2.5,4.0,true,43.0,5
15,100.0,12,50.0,0.5,1.0,true,69.29322965472672,5
15,100.0,12,50.0,1.0,1.0,false,NaN,4
15,100.0,12,50.0,1.5,1.0,true,108.87083736041706,5
15,100.0,12,50.0,2.0,1.0,false,NaN,4
15,100.0,12,50.0,2.5,1.0,true,68.57653626733456,5
15,100.0,12,50.0,0.5,1.5,false,NaN,4
15,100.0,12,50.0,1.0,1.5,false,NaN,4
15,100.0,12,50.0,1.5,1.5,true,71.2533845968181,5
15,100.0,12,50.0,2.0,1.5,true,96.81845717486145,5
15,100.0,12,50.0,2.5,1.5,false,NaN,4
15,100.0,12,50.0,0.5,2.0,false,NaN,0
15,100.0,12,50.0,1.0,2.0,false,NaN,4
15,100.0,12,50.0,1.5,2.0,false,NaN,4
15,100.0,12,50.0,2.0,2.0,false,NaN,4
15,100.0,12,50.0,2.5,2.0,false,NaN,4
15,100.0,12,50.0,0.5,2.5,false,NaN,0
15,100.0,12,50.0,1.0,2.5,true,93.9599365697185,5
15,100.0,12,50.0,1.5,2.5,true,121.1231869945935,5
15,100.0,12,50.0,2.0,2.5,true,91.74567477256572,5
15,100.0,12,50.0,2.5,2.5,false,NaN,4
15,100.0,12,50.0,0.5,3.0,false,NaN,0
15,100.0,12,50.0,1.0,3.0,true,96.8492444034922,5
15,100.0,12,50.0,1.5,3.0,true,155.6971798129482,5
15,100.0,12,50.0,2.0,3.0,true,131.7770623922147,5
15,100.0,12,50.0,2.5,3.0,false,NaN,4
15,100.0,12,50.0,0.5,3.5,false,NaN,0
15,100.0,12,50.0,1.0,3.5,false,NaN,4
15,100.0,12,50.0,1.5,3.5,true,79.4309790907443,5
15,100.0,12,50.0,2.0,3.5,true,87.50402456939186,5
15,100.0,12,50.0,2.5,3.5,true,63.0,5
15,100.0,12,50.0,0.5,4.0,false,NaN,0
15,100.0,12,50.0,1.0,4.0,false,NaN,4
15,100.0,12,50.0,1.5,4.0,true,79.4309790907443,5
15,100.0,12,50.0,2.0,4.0,true,79.4309790907443,5
15,100.0,12,50.0,2.5,4.0,true,64.76086747178715,5
15,100.0,18,50.0,0.5,1.0,true,52.873076734000556,5
15,100.0,18,50.0,1.0,1.0,true,114.5008654357087,5
15,100.0,18,50.0,1.5,1.0,true,54.73739407846362,5
15,100.0,18,50.0,2.0,1.0,true,82.92766023904217,5
15,100.0,18,50.0,2.5,1.0,true,99.57438806496376,5
15,100.0,18,50.0,0.5,1.5,true,128.28142375515708,5
15,100.0,18,50.0,1.0,1.5,false,NaN,4
15,100.0,18,50.0,1.5,1.5,false,NaN,4
15,100.0,18,50.0,2.0,1.5,false,NaN,4
15,100.0,18,50.0,2.5,1.5,true,77.62098889920827,5
15,100.0,18,50.0,0.5,2.0,false,NaN,4
15,100.0,18,50.0,1.0,2.0,false,NaN,4
15,100.0,18,50.0,1.5,2.0,true,70.5408496042552,5
15,100.0,18,50.0,2.0,2.0,true,104.45163372793054,5
15,100.0,18,50.0,2.5,2.0,true,89.59019778406993,5
15,100.0,18,50.0,0.5,2.5,true,92.04623258501275,5
15,100.0,18,50.0,1.0,2.5,false,NaN,4
15,100.0,18,50.0,1.5,2.5,true,80.59286238991253,5
15,100.0,18,50.0,2.0,2.5,false,NaN,4
15,100.0,18,50.0,2.5,2.5,true,73.43857899137072,5
15,100.0,18,50.0,0.5,3.0,false,NaN,4
15,100.0,18,50.0,1.0,3.0,false,NaN,4
15,100.0,18,50.0,1.5,3.0,false,NaN,4
15,100.0,18,50.0,2.0,3.0,false,NaN,4
15,100.0,18,50.0,2.5,3.0,true,71.16598751578003,5
15,100.0,18,50.0,0.5,3.5,false,NaN,4
15,100.0,18,50.0,1.0,3.5,true,79.90392364232879,5
15,100.0,18,50.0,1.5,3.5,false,NaN,4
15,100.0,18,50.0,2.0,3.5,false,NaN,4
15,100.0,18,50.0,2.5,3.5,true,90.8140136141776,5
15,100.0,18,50.0,0.5,4.0,false,NaN,0
15,100.0,18,50.0,1.0,4.0,true,149.2187172577003,5
15,100.0,18,50.0,1.5,4.0,false,NaN,4
15,100.0,18,50.0,2.0,4.0,false,NaN,4
15,100.0,18,50.0,2.5,4.0,true,123.97012077803247,5
15,100.0,24,50.0,0.5,1.0,true,76.57107707057294,5
15,100.0,24,50.0,1.0,1.0,true,56.95417917973499,5
15,100.0,24,50.0,1.5,1.0,true,71.59479647947364,5
15,100.0,24,50.0,2.0,1.0,true,75.39649959905985,5
15,100.0,24,50.0,2.5,1.0,true,89.64431211071545,5
15,100.0,24,50.0,0.5,1.5,false,NaN,4
15,100.0,24,50.0,1.0,1.5,true,98.39498972432092,5
15,100.0,24,50.0,1.5,1.5,false,NaN,4
15,100.0,24,50.0,2.0,1.5,false,NaN,4
15,100.0,24,50.0,2.5,1.5,true,110.57703757871558,5
15,100.0,24,50.0,0.5,2.0,true,150.8476613296649,5
15,100.0,24,50.0,1.0,2.0,false,NaN,4
15,100.0,24,50.0,1.5,2.0,true,67.27564118946262,5
15,100.0,24,50.0,2.0,2.0,true,67.27564118946262,5
15,100.0,24,50.0,2.5,2.0,false,NaN,4
15,100.0,24,50.0,0.5,2.5,false,NaN,4
15,100.0,24,50.0,1.0,2.5,false,NaN,4
15,100.0,24,50.0,1.5,2.5,false,NaN,4
15,100.0,24,50.0,2.0,2.5,true,154.65931896673803,5
15,100.0,24,50.0,2.5,2.5,false,NaN,4
15,100.0,24,50.0,0.5,3.0,false,NaN,4
15,100.0,24,50.0,1.0,3.0,true,85.91657112946828,5
15,100.0,24,50.0,1.5,3.0,true,102.0,5
15,100.0,24,50.0,2.0,3.0,true,142.28370521862095,5
15,100.0,24,50.0,2.5,3.0,false,NaN,4
15,100.0,24,50.0,0.5,3.5,false,NaN,4
15,100.0,24,50.0,1.0,3.5,false,NaN,4
15,100.0,24,50.0,1.5,3.5,true,59.7382064260936,5
15,100.0,24,50.0,2.0,3.5,true,95.0,5
15,100.0,24,50.0,2.5,3.5,false,NaN,4
15,100.0,24,50.0,0.5,4.0,false,NaN,4
15,100.0,24,50.0,1.0,4.0,false,NaN,4
15,100.0,24,50.0,1.5,4.0,false,NaN,4
15,100.0,24,50.0,2.0,4.0,false,NaN,4
15,100.0,24,50.0,2.5,4.0,true,86.82151581858868,5
15,100.0,30,50.0,0.5,1.0,true,132.95059368689442,5
15,100.0,30,50.0,1.0,1.0,true,82.19971755172584,5
15,100.0,30,50.0,1.5,1.0,true,69.25689983900429,5
15,100.0,30,50.0,2.0,1.0,false,NaN,4
15,100.0,30,50.0,2.5,1.0,true,109.2886012997605,5
15,100.0,30,50.0,0.5,1.5,true,58.200877383032676,5
15,100.0,30,50.0,1.0,1.5,false,NaN,4
15,100.0,30,50.0,1.5,1.5,true,59.73326629914343,5
15,100.0,30,50.0,2.0,1.5,false,NaN,4
15,100.0,30,50.0,2.5,1.5,false,NaN,4
15,100.0,30,50.0,0.5,2.0,true,131.0,5
15,100.0,30,50.0,1.0,2.0,false,NaN,4
15,100.0,30,50.0,1.5,2.0,false,NaN,4
15,100.0,30,50.0,2.0,2.0,true,100.7452260665099,5
15,100.0,30,50.0,2.5,2.0,false,NaN,4
15,100.0,30,50.0,0.5,2.5,true,58.52969056173335,5
15,100.0,30,50.0,1.0,2.5,true,150.17093825374798,5
15,100.0,30,50.0,1.5,2.5,false,NaN,4
15,100.0,30,50.0,2.0,2.5,false,NaN,4
15,100.0,30,50.0,2.5,2.5,false,NaN,4
15,100.0,30,50.0,0.5,3.0,true,74.57455056534847,5
15,100.0,30,50.0,1.0,3.0,false,NaN,4
15,100.0,30,50.0,1.5,3.0,false,NaN,4
15,100.0,30,50.0,2.0,3.0,true,54.81407370951027,5
15,100.0,30,50.0,2.5,3.0,false,NaN,4
15,100.0,30,50.0,0.5,3.5,true,43.64855400381895,5
15,100.0,30,50.0,1.0,3.5,false,NaN,4
15,100.0,30,50.0,1.5,3.5,true,144.7663838866342,5
15,100.0,30,50.0,2.0,3.5,true,74.0,5
15,100.0,30,50.0,2.5,3.5,true,91.51277966305516,5
15,100.0,30,50.0,0.5,4.0,false,NaN,4
15,100.0,30,50.0,1.0,4.0,true,63.97086889301963,5
15,100.0,30,50.0,1.5,4.0,true,156.77873324050535,5
15,100.0,30,50.0,2.0,4.0,true,145.39652409149275,5
15,100.0,30,50.0,2.5,4.0,false,NaN,4
15,100.0,36,50.0,0.5,1.0,false,NaN,4
15,100.0,36,50.0,1.0,1.0,true,55.88639650545673,5
15,100.0,36,50.0,1.5,1.0,false,NaN,4
15,100.0,36,50.0,2.0,1.0,true,106.39283335622515,5
15,100.0,36,50.0,2.5,1.0,true,66.49856583425003,5
15,100.0,36,50.0,0.5,1.5,true,102.46033836335383,5
15,100.0,36,50.0,1.0,1.5,false,NaN,4
15,100.0,36,50.0,1.5,1.5,true,58.177379455781704,5
15,100.0,36,50.0,2.0,1.5,true,96.52047317934428,5
15,100.0,36,50.0,2.5,1.5,true,83.75526554792694,5
15,100.0,36,50.0,0.5,2.0,true,101.99155655302789,5
15,100.0,36,50.0,1.0,2.0,true,157.7652254768577,5
15,100.0,36,50.0,1.5,2.0,false,NaN,4
15,100.0,36,50.0,2.0,2.0,false,NaN,4
15,100.0,36,50.0,2.5,2.0,true,83.77935362546891,5
15,100.0,36,50.0,0.5,2.5,false,NaN,4
15,100.0,36,50.0,1.0,2.5,false,NaN,4
15,100.0,36,50.0,1.5,2.5,false,NaN,4
15,100.0,36,50.0,2.0,2.5,false,NaN,4
15,100.0,36,50.0,2.5,2.5,false,NaN,4
15,100.0,36,50.0,0.5,3.0,false,NaN,4
15,100.0,36,50.0,1.0,3.0,true,157.55439456586427,5
15,100.0,36,50.0,1.5,3.0,true,158.40025155666765,5
15,100.0,36,50.0,2.0,3.0,false,NaN,4
15,100.0,36,50.0,2.5,3.0,false,NaN,4
15,100.0,36,50.0,0.5,3.5,false,NaN,4
15,100.0,36,50.0,1.0,3.5,false,NaN,4
15,100.0,36,50.0,1.5,3.5,true,69.0,5
15,100.0,36,50.0,2.0,3.5,false,NaN,4
15,100.0,36,50.0,2.5,3.5,false,NaN,4
15,100.0,36,50.0,0.5,4.0,false,NaN,4
15,100.0,36,50.0,1.0,4.0,false,NaN,4
15,100.0,36,50.0,1.5,4.0,false,NaN,4
15,100.0,36,50.0,2.0,4.0,true,70.5944867471593,5
15,100.0,36,50.0,2.5,4.0,false,NaN,4
15,100.0,12,75.0,0.5,1.0,true,85.61870104855491,5
15,100.0,12,75.0,1.0,1.0,true,65.9809733847247,5
15,100.0,12,75.0,1.5,1.0,true,65.9809733847247,5
15,100.0,12,75.0,2.0,1.0,true,82.52030442450231,5
15,100.0,12,75.0,2.5,1.0,true,82.52030442450231,5
15,100.0,12,75.0,0.5,1.5,true,96.2561247294319,5
15,100.0,12,75.0,1.0,1.5,false,NaN,4
15,100.0,12,75.0,1.5,1.5,true,86.51891112494654,5
15,100.0,12,75.0,2.0,1.5,true,86.51891112494654,5
15,100.0,12,75.0,2.5,1.5,true,82.52030442450231,5
15,100.0,12,75.0,0.5,2.0,true,91.21818234279229,5
15,100.0,12,75.0,1.0,2.0,true,91.21818234279229,5
15,100.0,12,75.0,1.5,2.0,true,91.21818234279229,5
15,100.0,12,75.0,2.0,2.0,true,94.25574986753077,5
15,100.0,12,75.0,2.5,2.0,false,NaN,4
15,100.0,12,75.0,0.5,2.5,true,67.4337991426678,5
15,100.0,12,75.0,1.0,2.5,true,67.4337991426678,5
15,100.0,12,75.0,1.5,2.5,true,67.4337991426678,5
15,100.0,12,75.0,2.0,2.5,true,67.4337991426678,5
15,100.0,12,75.0,2.5,2.5,true,67.4337991426678,5
15,100.0,12,75.0,0.5,3.0,true,69.48748226774035,5
15,100.0,12,75.0,1.0,3.0,true,69.48748226774035,5
15,100.0,12,75.0,1.5,3.0,true,69.48748226774035,5
15,100.0,12,75.0,2.0,3.0,true,67.4337991426678,5
15,100.0,12,75.0,2.5,3.0,true,67.4337991426678,5
15,100.0,12,75.0,0.5,3.5,true,64.9579476146914,5
15,100.0,12,75.0,1.0,3.5,true,64.9579476146914,5
15,100.0,12,75.0,1.5,3.5,true,69.48748226774035,5
15,100.0,12,75.0,2.0,3.5,true,69.48748226774035,5
15,100.0,12,75.0,2.5,3.5,true,69.48748226774035,5
15,100.0,12,75.0,0.5,4.0,true,64.9579476146914,5
15,100.0,12,75.0,1.0,4.0,true,64.9579476146914,5
15,100.0,12,75.0,1.5,4.0,true,64.9579476146914,5
15,100.0,12,75.0,2.0,4.0,true,64.9579476146914,5
15,100.0,12,75.0,2.5,4.0,true,64.9579476146914,5
15,100.0,18,75.0,0.5,1.0,true,60.753120327111105,5
15,100.0,18,75.0,1.0,1.0,true,53.235408671000954,5
15,100.0,18,75.0,1.5,1.0,true,71.40665823996468,5
15,100.0,18,75.0,2.0,1.0,true,75.77422832452834,5
15,100.0,18,75.0,2.5,1.0,true,79.0,5
15,100.0,18,75.0,0.5,1.5,true,58.75255529105896,5
15,100.0,18,75.0,1.0,1.5,true,58.75255529105896,5
15,100.0,18,75.0,1.5,1.5,true,58.75255529105896,5
15,100.0,18,75.0,2.0,1.5,true,58.75255529105896,5
15,100.0,18,75.0,2.5,1.5,true,58.75255529105896,5
15,100.0,18,75.0,0.5,2.0,true,58.75255529105896,5
15,100.0,18,75.0,1.0,2.0,true,58.75255529105896,5
15,100.0,18,75.0,1.5,2.0,true,58.75255529105896,5
15,100.0,18,75.0,2.0,2.0,true,58.75255529105896,5
15,100.0,18,75.0,2.5,2.0,true,58.75255529105896,5
15,100.0,18,75.0,0.5,2.5,true,58.75255529105896,5
15,100.0,18,75.0,1.0,2.5,true,58.75255529105896,5
15,100.0,18,75.0,1.5,2.5,true,58.75255529105896,5
15,100.0,18,75.0,2.0,2.5,true,58.75255529105896,5
15,100.0,18,75.0,2.5,2.5,true,58.75255529105896,5
15,100.0,18,75.0,0.5,3.0,true,58.75255529105896,5
15,100.0,18,75.0,1.0,3.0,true,58.75255529105896,5
15,100.0,18,75.0,1.5,3.0,true,58.75255529105896,5
15,100.0,18,75.0,2.0,3.0,true,58.75255529105896,5
15,100.0,18,75.0,2.5,3.0,true,58.75255529105896,5
15,100.0,18,75.0,0.5,3.5,true,58.75255529105896,5
15,100.0,18,75.0,1.0,3.5,true,58.75255529105896,5
15,100.0,18,75.0,1.5,3.5,true,58.75255529105896,5
15,100.0,18,75.0,2.0,3.5,true,58.75255529105896,5
15,100.0,18,75.0,2.5,3.5,true,58.75255529105896,5
15,100.0,18,75.0,0.5,4.0,true,58.75255529105896,5
15,100.0,18,75.0,1.0,4.0,true,58.75255529105896,5
15,100.0,18,75.0,1.5,4.0,true,58.75255529105896,5
15,100.0,18,75.0,2.0,4.0,true,58.75255529105896,5
15,100.0,18,75.0,2.5,4.0,true,58.75255529105896,5
15,100.0,24,75.0,0.5,1.0,true,93.98070870303846,5
15,100.0,24,75.0,1.0,1.0,true,56.77028809856125,5
15,100.0,24,75.0,1.5,1.0,true,58.0,5
15,100.0,24,75.0,2.0,1.0,true,58.0,5
15,100.0,24,75.0,2.5,1.0,true,58.0,5
15,100.0,24,75.0,0.5,1.5,true,84.80659065070775,5
15,100.0,24,75.0,1.0,1.5,true,63.60481266466458,5
15,100.0,24,75.0,1.5,1.5,true,63.60481266466458,5
15,100.0,24,75.0,2.0,1.5,true,63.60481266466458,5
15,100.0,24,75.0,2.5,1.5,true,63.60481266466458,5
15,100.0,24,75.0,0.5,2.0,true,63.60481266466458,5
15,100.0,24,75.0,1.0,2.0,true,63.60481266466458,5
15,100.0,24,75.0,1.5,2.0,true,87.8696786342541,5
15,100.0,24,75.0,2.0,2.0,true,85.87870668451899,5
15,100.0,24,75.0,2.5,2.0,true,63.60481266466458,5
15,100.0,24,75.0,0.5,2.5,true,63.60481266466458,5
15,100.0,24,75.0,1.0,2.5,true,85.79043774942083,5
15,100.0,24,75.0,1.5,2.5,true,85.79043774942083,5
15,100.0,24,75.0,2.0,2.5,true,85.79043774942083,5
15,100.0,24,75.0,2.5,2.5,true,63.60481266466458,5
15,100.0,24,75.0,0.5,3.0,true,85.79043774942083,5
15,100.0,24,75.0,1.0,3.0,true,85.79043774942083,5
15,100.0,24,75.0,1.5,3.0,true,85.79043774942083,5
15,100.0,24,75.0,2.0,3.0,true,85.79043774942083,5
15,100.0,24,75.0,2.5,3.0,true,63.60481266466458,5
15,100.0,24,75.0,0.5,3.5,true,85.79043774942083,5
15,100.0,24,75.0,1.0,3.5,true,85.79043774942083,5
15,100.0,24,75.0,1.5,3.5,true,85.79043774942083,5
15,100.0,24,75.0,2.0,3.5,true,85.79043774942083,5
15,100.0,24,75.0,2.5,3.5,true,63.60481266466458,5
15,100.0,24,75.0,0.5,4.0,true,85.79043774942083,5
15,100.0,24,75.0,1.0,4.0,true,85.79043774942083,5
15,100.0,24,75.0,1.5,4.0,true,85.79043774942083,5
15,100.0,24,75.0,2.0,4.0,true,63.60481266466458,5
15,100.0,24,75.0,2.5,4.0,true,63.60481266466458,5
15,100.0,30,75.0,0.5,1.0,true,89.13388901028794,5
15,100.0,30,75.0,1.0,1.0,true,103.28878886108514,5
15,100.0,30,75.0,1.5,1.0,true,149.21646708097543,5
15,100.0,30,75.0,2.0,1.0,true,198.2049757825609,5
15,100.0,30,75.0,2.5,1.0,true,94.95748737214159,5
15,100.0,30,75.0,0.5,1.5,true,55.4310266096472,5
15,100.0,30,75.0,1.0,1.5,true,55.4310266096472,5
15,100.0,30,75.0,1.5,1.5,true,55.43436453458532,5
15,100.0,30,75.0,2.0,1.5,true,55.43436453458532,5
15,100.0,30,75.0,2.5,1.5,true,55.43436453458532,5
15,100.0,30,75.0,0.5,2.0,true,78.60404779954285,5
15,100.0,30,75.0,1.0,2.0,true,82.1670313959223,5
15,100.0,30,75.0,1.5,2.0,true,78.57378740912547,5
15,100.0,30,75.0,2.0,2.0,true,78.78703852375854,5
15,100.0,30,75.0,2.5,2.0,false,NaN,4
15,100.0,30,75.0,0.5,2.5,true,54.896646180623144,5
15,100.0,30,75.0,1.0,2.5,true,54.896646180623144,5
15,100.0,30,75.0,1.5,2.5,true,54.896646180623144,5
15,100.0,30,75.0,2.0,2.5,true,54.896646180623144,5
15,100.0,30,75.0,2.5,2.5,true,54.896646180623144,5
15,100.0,30,75.0,0.5,3.0,true,55.816541396864544,5
15,100.0,30,75.0,1.0,3.0,true,55.816541396864544,5
15,100.0,30,75.0,1.5,3.0,true,55.816541396864544,5
15,100.0,30,75.0,2.0,3.0,true,55.816541396864544,5
15,100.0,30,75.0,2.5,3.0,true,55.12151228466369,5
15,100.0,30,75.0,0.5,3.5,true,106.50342869171686,5
15,100.0,30,75.0,1.0,3.5,true,106.50342869171686,5
15,100.0,30,75.0,1.5,3.5,true,157.62984586468622,5
15,100.0,30,75.0,2.0,3.5,true,112.95486277162838,5
15,100.0,30,75.0,2.5,3.5,true,80.77698580204715,5
15,100.0,30,75.0,0.5,4.0,true,81.37785332338999,5
15,100.0,30,75.0,1.0,4.0,true,80.80995284219554,5
15,100.0,30,75.0,1.5,4.0,true,80.80995284219554,5
15,100.0,30,75.0,2.0,4.0,true,80.80995284219554,5
15,100.0,30,75.0,2.5,4.0,true,80.80995284219554,5
15,100.0,36,75.0,0.5,1.0,false,NaN,4
15,100.0,36,75.0,1.0,1.0,true,57.175373272803746,5
15,100.0,36,75.0,1.5,1.0,true,91.76978196633533,5
15,100.0,36,75.0,2.0,1.0,true,91.76978196633533,5
15,100.0,36,75.0,2.5,1.0,true,82.0,5
15,100.0,36,75.0,0.5,1.5,true,100.68057821389021,5
15,100.0,36,75.0,1.0,1.5,true,92.40752197786563,5
15,100.0,36,75.0,1.5,1.5,false,NaN,4
15,100.0,36,75.0,2.0,1.5,true,134.65527642387156,5
15,100.0,36,75.0,2.5,1.5,true,65.55982100671181,5
15,100.0,36,75.0,0.5,2.0,false,NaN,4
15,100.0,36,75.0,1.0,2.0,false,NaN,4
15,100.0,36,75.0,1.5,2.0,true,117.86552054995776,5
15,100.0,36,75.0,2.0,2.0,false,NaN,4
15,100.0,36,75.0,2.5,2.0,true,62.71589098066451,5
15,100.0,36,75.0,0.5,2.5,true,118.74243043702396,5
15,100.0,36,75.0,1.0,2.5,true,111.24521239434489,5
15,100.0,36,75.0,1.5,2.5,true,103.70839925599373,5
15,100.0,36,75.0,2.0,2.5,true,102.35155493903996,5
15,100.0,36,75.0,2.5,2.5,true,86.49388165768407,5
15,100.0,36,75.0,0.5,3.0,true,53.2332501954907,5
15,100.0,36,75.0,1.0,3.0,false,NaN,4
15,100.0,36,75.0,1.5,3.0,true,135.0,5
15,100.0,36,75.0,2.0,3.0,true,196.3577478693384,5
15,100.0,36,75.0,2.5,3.0,true,59.26748401569256,5
15,100.0,36,75.0,0.5,3.5,true,71.0,5
15,100.0,36,75.0,1.0,3.5,true,71.0,5
15,100.0,36,75.0,1.5,3.5,true,71.0,5
15,100.0,36,75.0,2.0,3.5,true,154.1441581219881,5
15,100.0,36,75.0,2.5,3.5,true,59.26748401569256,5
15,100.0,36,75.0,0.5,4.0,true,71.0,5
15,100.0,36,75.0,1.0,4.0,true,71.0,5
15,100.0,36,75.0,1.5,4.0,true,198.26763764423612,5
15,100.0,36,75.0,2.0,4.0,true,196.56927339059416,5
15,100.0,36,75.0,2.5,4.0,true,59.26748401569256,5
15,100.0,12,100.0,0.5,1.0,true,90.35183650451458,5
15,100.0,12,100.0,1.0,1.0,true,94.96471128041757,5
15,100.0,12,100.0,1.5,1.0,true,103.90814569465108,5
15,100.0,12,100.0,2.0,1.0,true,106.05104738395262,5
15,100.0,12,100.0,2.5,1.0,true,103.95203795874667,5
15,100.0,12,100.0,0.5,1.5,true,41.879025012616076,5
15,100.0,12,100.0,1.0,1.5,true,41.879025012616076,5
15,100.0,12,100.0,1.5,1.5,true,41.879025012616076,5
15,100.0,12,100.0,2.0,1.5,true,41.879025012616076,5
15,100.0,12,100.0,2.5,1.5,true,41.879025012616076,5
15,100.0,12,100.0,0.5,2.0,true,53.83334962287986,5
15,100.0,12,100.0,1.0,2.0,true,53.83334962287986,5
15,100.0,12,100.0,1.5,2.0,true,53.83334962287986,5
15,100.0,12,100.0,2.0,2.0,true,53.83334962287986,5
15,100.0,12,100.0,2.5,2.0,true,53.83334962287986,5
15,100.0,12,100.0,0.5,2.5,true,52.46761964976158,5
15,100.0,12,100.0,1.0,2.5,true,52.46761964976158,5
15,100.0,12,100.0,1.5,2.5,true,52.46761964976158,5
15,100.0,12,100.0,2.0,2.5,true,52.46761964976158,5
15,100.0,12,100.0,2.5,2.5,true,52.46761964976158,5
15,100.0,12,100.0,0.5,3.0,true,62.677515247844,5
15,100.0,12,100.0,1.0,3.0,true,62.677515247844,5
15,100.0,12,100.0,1.5,3.0,true,81.91971113059385,5
15,100.0,12,100.0,2.0,3.0,true,81.91971113059385,5
15,100.0,12,100.0,2.5,3.0,true,81.91971113059385,5
15,100.0,12,100.0,0.5,3.5,true,62.677515247844,5
15,100.0,12,100.0,1.0,3.5,true,62.677515247844,5
15,100.0,12,100.0,1.5,3.5,true,62.677515247844,5
15,100.0,12,100.0,2.0,3.5,true,81.91971113059385,5
15,100.0,12,100.0,2.5,3.5,true,81.91971113059385,5
15,100.0,12,100.0,0.5,4.0,true,62.677515247844,5
15,100.0,12,100.0,1.0,4.0,true,62.677515247844,5
15,100.0,12,100.0,1.5,4.0,true,62.677515247844,5
15,100.0,12,100.0,2.0,4.0,true,81.91971113059385,5
15,100.0,12,100.0,2.5,4.0,true,81.91971113059385,5
15,100.0,18,100.0,0.5,1.0,true,77.38536892196169,5
15,100.0,18,100.0,1.0,1.0,true,77.33002197142572,5
15,100.0,18,100.0,1.5,1.0,true,88.89380980487287,5
15,100.0,18,100.0,2.0,1.0,true,90.66507716005589,5
15,100.0,18,100.0,2.5,1.0,true,90.66507716005589,5
15,100.0,18,100.0,0.5,1.5,true,79.63337452041053,5
15,100.0,18,100.0,1.0,1.5,true,107.33114124309962,5
15,100.0,18,100.0,1.5,1.5,true,107.33114124309962,5
15,100.0,18,100.0,2.0,1.5,true,103.49669729205927,5
15,100.0,18,100.0,2.5,1.5,true,103.49669729205927,5
15,100.0,18,100.0,0.5,2.0,false,NaN,3
15,100.0,18,100.0,1.0,2.0,true,135.48668115278636,5
15,100.0,18,100.0,1.5,2.0,true,107.5427156737614,5
15,100.0,18,100.0,2.0,2.0,true,107.61669691287238,5
15,100.0,18,100.0,2.5,2.0,false,NaN,4
15,100.0,18,100.0,0.5,2.5,true,70.50714094425904,5
15,100.0,18,100.0,1.0,2.5,true,70.50714094425904,5
15,100.0,18,100.0,1.5,2.5,true,70.50714094425904,5
15,100.0,18,100.0,2.0,2.5,true,70.50714094425904,5
15,100.0,18,100.0,2.5,2.5,true,70.50714094425904,5
15,100.0,18,100.0,0.5,3.0,true,70.50714094425904,5
15,100.0,18,100.0,1.0,3.0,true,70.50714094425904,5
15,100.0,18,100.0,1.5,3.0,true,70.50714094425904,5
15,100.0,18,100.0,2.0,3.0,true,70.50714094425904,5
15,100.0,18,100.0,2.5,3.0,true,70.50714094425904,5
15,100.0,18,100.0,0.5,3.5,true,70.50714094425904,5
15,100.0,18,100.0,1.0,3.5,true,70.50714094425904,5
15,100.0,18,100.0,1.5,3.5,true,70.50714094425904,5
15,100.0,18,100.0,2.0,3.5,true,70.50714094425904,5
15,100.0,18,100.0,2.5,3.5,true,70.50714094425904,5
15,100.0,18,100.0,0.5,4.0,true,70.50714094425904,5
15,100.0,18,100.0,1.0,4.0,true,70.50714094425904,5
15,100.0,18,100.0,1.5,4.0,true,70.50714094425904,5
15,100.0,18,100.0,2.0,4.0,true,70.50714094425904,5
15,100.0,18,100.0,2.5,4.0,true,70.50714094425904,5
15,100.0,24,100.0,0.5,1.0,true,76.21565126506735,5
15,100.0,24,100.0,1.0,1.0,true,76.52380263942342,5
15,100.0,24,100.0,1.5,1.0,true,109.70469620971517,5
15,100.0,24,100.0,2.0,1.0,true,102.03366903351248,5
15,100.0,24,100.0,2.5,1.0,true,102.03366903351248,5
15,100.0,24,100.0,0.5,1.5,true,44.27090660922924,5
15,100.0,24,100.0,1.0,1.5,true,44.27090660922924,5
15,100.0,24,100.0,1.5,1.5,true,44.27090660922924,5
15,100.0,24,100.0,2.0,1.5,true,44.27090660922924,5
15,100.0,24,100.0,2.5,1.5,true,44.27090660922924,5
15,100.0,24,100.0,0.5,2.0,true,53.83334962287986,5
15,100.0,24,100.0,1.0,2.0,true,53.83334962287986,5
15,100.0,24,100.0,1.5,2.0,true,53.83334962287986,5
15,100.0,24,100.0,2.0,2.0,true,53.83334962287986,5
15,100.0,24,100.0,2.5,2.0,true,53.83334962287986,5
15,100.0,24,100.0,0.5,2.5,true,52.46761964976158,5
15,100.0,24,100.0,1.0,2.5,true,52.46761964976158,5
15,100.0,24,100.0,1.5,2.5,true,52.46761964976158,5
15,100.0,24,100.0,2.0,2.5,true,52.46761964976158,5
15,100.0,24,100.0,2.5,2.5,true,52.46761964976158,5
15,100.0,24,100.0,0.5,3.0,true,71.40192695508507,5
15,100.0,24,100.0,1.0,3.0,true,67.68483177066672,5
15,100.0,24,100.0,1.5,3.0,true,66.51229356307259,5
15,100.0,24,100.0,2.0,3.0,true,66.51229356307259,5
15,100.0,24,100.0,2.5,3.0,true,66.51229356307259,5
15,100.0,24,100.0,0.5,3.5,true,66.75969432532236,5
15,100.0,24,100.0,1.0,3.5,true,66.51229356307259,5
15,100.0,24,100.0,1.5,3.5,true,66.51229356307259,5
15,100.0,24,100.0,2.0,3.5,true,66.51229356307259,5
15,100.0,24,100.0,2.5,3.5,true,66.51229356307259,5
15,100.0,24,100.0,0.5,4.0,true,71.40258558900138,5
15,100.0,24,100.0,1.0,4.0,true,66.51229356307259,5
15,100.0,24,100.0,1.5,4.0,true,66.51229356307259,5
15,100.0,24,100.0,2.0,4.0,true,66.51229356307259,5
15,100.0,24,100.0,2.5,4.0,true,66.51229356307259,5
15,100.0,30,100.0,0.5,1.0,false,NaN,4
15,100.0,30,100.0,1.0,1.0,true,73.95430008495946,5
15,100.0,30,100.0,1.5,1.0,true,63.653755210202796,5
15,100.0,30,100.0,2.0,1.0,true,65.90533409372712,5
15,100.0,30,100.0,2.5,1.0,true,65.90533409372712,5
15,100.0,30,100.0,0.5,1.5,true,88.21662053800641,5
15,100.0,30,100.0,1.0,1.5,true,105.31438497372734,5
15,100.0,30,100.0,1.5,1.5,true,97.53281865760371,5
15,100.0,30,100.0,2.0,1.5,true,97.53281865760371,5
15,100.0,30,100.0,2.5,1.5,true,97.53281865760371,5
15,100.0,30,100.0,0.5,2.0,true,42.83282802339484,5
15,100.0,30,100.0,1.0,2.0,true,42.83282802339484,5
15,100.0,30,100.0,1.5,2.0,true,42.83282802339484,5
15,100.0,30,100.0,2.0,2.0,true,42.83282802339484,5
15,100.0,30,100.0,2.5,2.0,true,42.83282802339484,5
15,100.0,30,100.0,0.5,2.5,true,96.10162925146956,5
15,100.0,30,100.0,1.0,2.5,true,96.75520569290912,5
15,100.0,30,100.0,1.5,2.5,true,96.75520569290912,5
15,100.0,30,100.0,2.0,2.5,true,96.75520569290912,5
15,100.0,30,100.0,2.5,2.5,true,96.75520569290912,5
15,100.0,30,100.0,0.5,3.0,true,96.1067110909637,5
15,100.0,30,100.0,1.0,3.0,true,96.75520569290912,5
15,100.0,30,100.0,1.5,3.0,true,96.75520569290912,5
15,100.0,30,100.0,2.0,3.0,true,96.75520569290912,5
15,100.0,30,100.0,2.5,3.0,true,96.75520569290912,5
15,100.0,30,100.0,0.5,3.5,true,96.1067110909637,5
15,100.0,30,100.0,1.0,3.5,true,96.75520569290912,5
15,100.0,30,100.0,1.5,3.5,true,96.75520569290912,5
15,100.0,30,100.0,2.0,3.5,true,96.75520569290912,5
15,100.0,30,100.0,2.5,3.5,true,96.75520569290912,5
15,100.0,30,100.0,0.5,4.0,true,96.1067110909637,5
15,100.0,30,100.0,1.0,4.0,true,94.76606727715115,5
15,100.0,30,100.0,1.5,4.0,true,94.76606727715115,5
15,100.0,30,100.0,2.0,4.0,true,94.76606727715115,5
15,100.0,30,100.0,2.5,4.0,true,94.76606727715115,5
15,100.0,36,100.0,0.5,1.0,true,99.73287597152813,5
15,100.0,36,100.0,1.0,1.0,true,90.72614477036134,5
15,100.0,36,100.0,1.5,1.0,true,96.27057055308438,5
15,100.0,36,100.0,2.0,1.0,true,95.58778773486418,5
15,100.0,36,100.0,2.5,1.0,true,95.58778773486418,5
15,100.0,36,100.0,0.5,1.5,true,85.44598503217144,5
15,100.0,36,100.0,1.0,1.5,true,101.42874986811785,5
15,100.0,36,100.0,1.5,1.5,true,76.5402311040701,5
15,100.0,36,100.0,2.0,1.5,true,76.4729427816492,5
15,100.0,36,100.0,2.5,1.5,true,76.4729427816492,5
15,100.0,36,100.0,0.5,2.0,true,55.44352491386484,5
15,100.0,36,100.0,1.0,2.0,true,55.44352491386484,5
15,100.0,36,100.0,1.5,2.0,true,55.44352491386484,5
15,100.0,36,100.0,2.0,2.0,true,55.44352491386484,5
15,100.0,36,100.0,2.5,2.0,true,55.44352491386484,5
15,100.0,36,100.0,0.5,2.5,true,53.0,5
15,100.0,36,100.0,1.0,2.5,true,53.0,5
15,100.0,36,100.0,1.5,2.5,true,53.0,5
15,100.0,36,100.0,2.0,2.5,true,53.0,5
15,100.0,36,100.0,2.5,2.5,true,53.0,5
15,100.0,36,100.0,0.5,3.0,true,96.52688376012239,5
15,100.0,36,100.0,1.0,3.0,true,88.97138293326441,5
15,100.0,36,100.0,1.5,3.0,true,196.0,5
15,100.0,36,100.0,2.0,3.0,true,80.20872451958812,5
15,100.0,36,100.0,2.5,3.0,true,80.20872451958812,5
15,100.0,36,100.0,0.5,3.5,true,95.30204581337749,5
15,100.0,36,100.0,1.0,3.5,true,95.55188867067537,5
15,100.0,36,100.0,1.5,3.5,true,95.55188867067537,5
15,100.0,36,100.0,2.0,3.5,true,92.72870653667009,5
15,100.0,36,100.0,2.5,3.5,true,90.6635829991008,5
15,100.0,36,100.0,0.5,4.0,true,103.74317539220992,5
15,100.0,36,100.0,1.0,4.0,true,93.46859588180874,5
15,100.0,36,100.0,1.5,4.0,true,64.31246573476881,5
15,100.0,36,100.0,2.0,4.0,true,64.31246573476881,5
15,100.0,36,100.0,2.5,4.0,true,64.31246573476881,5
15,100.0,12,125.0,0.5,1.0,true,87.41025639960768,5
15,100.0,12,125.0,1.0,1.0,true,106.63778258056638,5
15,100.0,12,125.0,1.5,1.0,true,93.82020241208579,5
15,100.0,12,125.0,2.0,1.0,true,99.0,5
15,100.0,12,125.0,2.5,1.0,true,96.81128678011646,5
15,100.0,12,125.0,0.5,1.5,true,198.0,5
15,100.0,12,125.0,1.0,1.5,true,127.63186010284431,5
15,100.0,12,125.0,1.5,1.5,true,142.51235743540184,5
15,100.0,12,125.0,2.0,1.5,true,159.0,5
15,100.0,12,125.0,2.5,1.5,true,156.9438858800493,5
15,100.0,12,125.0,0.5,2.0,false,NaN,4
15,100.0,12,125.0,1.0,2.0,false,NaN,3
15,100.0,12,125.0,1.5,2.0,true,88.0,5
15,100.0,12,125.0,2.0,2.0,true,157.0,5
15,100.0,12,125.0,2.5,2.0,true,104.1451007355625,5
15,100.0,12,125.0,0.5,2.5,true,86.79038913780629,5
15,100.0,12,125.0,1.0,2.5,true,94.83798839132156,5
15,100.0,12,125.0,1.5,2.5,true,94.83798839132156,5
15,100.0,12,125.0,2.0,2.5,true,94.78289767590434,5
15,100.0,12,125.0,2.5,2.5,true,94.78289767590434,5
15,100.0,12,125.0,0.5,3.0,true,93.64827127355937,5
15,100.0,12,125.0,1.0,3.0,true,94.83798839132156,5
15,100.0,12,125.0,1.5,3.0,true,94.83798839132156,5
15,100.0,12,125.0,2.0,3.0,true,94.78289767590434,5
15,100.0,12,125.0,2.5,3.0,true,94.78289767590434,5
15,100.0,12,125.0,0.5,3.5,true,93.64827127355937,5
15,100.0,12,125.0,1.0,3.5,true,94.83798839132156,5
15,100.0,12,125.0,1.5,3.5,true,94.83798839132156,5
15,100.0,12,125.0,2.0,3.5,true,94.83798839132156,5
15,100.0,12,125.0,2.5,3.5,true,94.78289767590434,5
15,100.0,12,125.0,0.5,4.0,true,95.0,5
15,100.0,12,125.0,1.0,4.0,true,94.83798839132156,5
15,100.0,12,125.0,1.5,4.0,true,94.83798839132156,5
15,100.0,12,125.0,2.0,4.0,true,94.83798839132156,5
15,100.0,12,125.0,2.5,4.0,true,94.78289767590434,5
15,100.0,18,125.0,0.5,1.0,true,80.24334895870005,5
15,100.0,18,125.0,1.0,1.0,true,67.91941283885986,5
15,100.0,18,125.0,1.5,1.0,true,76.4723955436998,5
15,100.0,18,125.0,2.0,1.0,true,76.39745228522551,5
15,100.0,18,125.0,2.5,1.0,true,76.4206080118579,5
15,100.0,18,125.0,0.5,1.5,false,NaN,4
15,100.0,18,125.0,1.0,1.5,true,129.27683074570115,5
15,100.0,18,125.0,1.5,1.5,true,129.24494693170598,5
15,100.0,18,125.0,2.0,1.5,true,110.52811390502053,5
15,100.0,18,125.0,2.5,1.5,true,110.52811390502053,5
15,100.0,18,125.0,0.5,2.0,true,105.62983810181098,5
15,100.0,18,125.0,1.0,2.0,true,150.0,5
15,100.0,18,125.0,1.5,2.0,true,110.66476797077078,5
15,100.0,18,125.0,2.0,2.0,true,110.70911280131422,5
15,100.0,18,125.0,2.5,2.0,true,110.70911280131422,5
15,100.0,18,125.0,0.5,2.5,true,76.52568506129887,5
15,100.0,18,125.0,1.0,2.5,true,192.1819497304063,5
15,100.0,18,125.0,1.5,2.5,true,149.3036366791775,5
15,100.0,18,125.0,2.0,2.5,true,149.3036366791775,5
15,100.0,18,125.0,2.5,2.5,true,153.94197197035973,5
15,100.0,18,125.0,0.5,3.0,true,91.85460909145465,5
15,100.0,18,125.0,1.0,3.0,true,91.85460909145465,5
15,100.0,18,125.0,1.5,3.0,true,91.85460909145465,5
15,100.0,18,125.0,2.0,3.0,true,91.85460909145465,5
15,100.0,18,125.0,2.5,3.0,true,91.85460909145465,5
15,100.0,18,125.0,0.5,3.5,true,125.46134756865037,5
15,100.0,18,125.0,1.0,3.5,true,91.85460909145465,5
15,100.0,18,125.0,1.5,3.5,true,91.85460909145465,5
15,100.0,18,125.0,2.0,3.5,true,91.85460909145465,5
15,100.0,18,125.0,2.5,3.5,true,91.85460909145465,5
15,100.0,18,125.0,0.5,4.0,true,79.96082309948474,5
15,100.0,18,125.0,1.0,4.0,true,79.96082309948474,5
15,100.0,18,125.0,1.5,4.0,true,79.96082309948474,5
15,100.0,18,125.0,2.0,4.0,true,79.96082309948474,5
15,100.0,18,125.0,2.5,4.0,true,79.96082309948474,5
15,100.0,24,125.0,0.5,1.0,true,63.37646394421511,5
15,100.0,24,125.0,1.0,1.0,true,95.11348986740353,5
15,100.0,24,125.0,1.5,1.0,true,94.19829997134579,5
15,100.0,24,125.0,2.0,1.0,true,94.19829997134579,5
15,100.0,24,125.0,2.5,1.0,true,94.19829997134579,5
15,100.0,24,125.0,0.5,1.5,true,58.56136535827539,5
15,100.0,24,125.0,1.0,1.5,true,57.84371430428334,5
15,100.0,24,125.0,1.5,1.5,true,57.85645857532244,5
15,100.0,24,125.0,2.0,1.5,true,57.85645857532244,5
15,100.0,24,125.0,2.5,1.5,true,57.85645857532244,5
15,100.0,24,125.0,0.5,2.0,true,73.7632189992178,5
15,100.0,24,125.0,1.0,2.0,true,72.5941646050459,5
15,100.0,24,125.0,1.5,2.0,true,72.5941646050459,5
15,100.0,24,125.0,2.0,2.0,true,72.5941646050459,5
15,100.0,24,125.0,2.5,2.0,true,72.5941646050459,5
15,100.0,24,125.0,0.5,2.5,true,94.0,5
15,100.0,24,125.0,1.0,2.5,true,94.0,5
15,100.0,24,125.0,1.5,2.5,true,94.0,5
15,100.0,24,125.0,2.0,2.5,true,94.0,5
15,100.0,24,125.0,2.5,2.5,true,94.0,5
15,100.0,24,125.0,0.5,3.0,true,101.0,5
15,100.0,24,125.0,1.0,3.0,true,94.0,5
15,100.0,24,125.0,1.5,3.0,true,94.0,5
15,100.0,24,125.0,2.0,3.0,true,94.0,5
15,100.0,24,125.0,2.5,3.0,true,94.0,5
15,100.0,24,125.0,0.5,3.5,true,101.0,5
15,100.0,24,125.0,1.0,3.5,true,94.0,5
15,100.0,24,125.0,1.5,3.5,true,94.0,5
15,100.0,24,125.0,2.0,3.5,true,94.0,5
15,100.0,24,125.0,2.5,3.5,true,94.0,5
15,100.0,24,125.0,0.5,4.0,true,101.0,5
15,100.0,24,125.0,1.0,4.0,true,94.0,5
15,100.0,24,125.0,1.5,4.0,true,94.0,5
15,100.0,24,125.0,2.0,4.0,true,94.0,5
15,100.0,24,125.0,2.5,4.0,true,94.0,5
15,100.0,30,125.0,0.5,1.0,true,72.0,5
15,100.0,30,125.0,1.0,1.0,true,104.19144962342685,5
15,100.0,30,125.0,1.5,1.0,true,114.89011349158031,5
15,100.0,30,125.0,2.0,1.0,true,104.87974156317195,5
15,100.0,30,125.0,2.5,1.0,true,104.87974156317195,5
15,100.0,30,125.0,0.5,1.5,true,117.63036295381778,5
15,100.0,30,125.0,1.0,1.5,true,101.0,5
15,100.0,30,125.0,1.5,1.5,true,142.0,5
15,100.0,30,125.0,2.0,1.5,true,108.81563737697132,5
15,100.0,30,125.0,2.5,1.5,true,113.59713799352166,5
15,100.0,30,125.0,0.5,2.0,true,40.50288788891866,5
15,100.0,30,125.0,1.0,2.0,true,40.50288788891866,5
15,100.0,30,125.0,1.5,2.0,true,40.50288788891866,5
15,100.0,30,125.0,2.0,2.0,true,40.50288788891866,5
15,100.0,30,125.0,2.5,2.0,true,40.50288788891866,5
15,100.0,30,125.0,0.5,2.5,true,40.4289911565649,5
15,100.0,30,125.0,1.0,2.5,true,40.4289911565649,5
15,100.0,30,125.0,1.5,2.5,true,40.4289911565649,5
15,100.0,30,125.0,2.0,2.5,true,40.4289911565649,5
15,100.0,30,125.0,2.5,2.5,true,40.4289911565649,5
15,100.0,30,125.0,0.5,3.0,true,40.4289911565649,5
15,100.0,30,125.0,1.0,3.0,true,40.4289911565649,5
15,100.0,30,125.0,1.5,3.0,true,40.4289911565649,5
15,100.0,30,125.0,2.0,3.0,true,40.4289911565649,5
15,100.0,30,125.0,2.5,3.0,true,40.4289911565649,5
15,100.0,30,125.0,0.5,3.5,true,40.4289911565649,5
15,100.0,30,125.0,1.0,3.5,true,40.4289911565649,5
15,100.0,30,125.0,1.5,3.5,true,40.4289911565649,5
15,100.0,30,125.0,2.0,3.5,true,40.4289911565649,5
15,100.0,30,125.0,2.5,3.5,true,40.4289911565649,5
15,100.0,30,125.0,0.5,4.0,true,40.4289911565649,5
15,100.0,30,125.0,1.0,4.0,true,40.4289911565649,5
15,100.0,30,125.0,1.5,4.0,true,40.4289911565649,5
15,100.0,30,125.0,2.0,4.0,true,40.4289911565649,5
15,100.0,30,125.0,2.5,4.0,true,40.4289911565649,5
15,100.0,36,125.0,0.5,1.0,true,76.80555453451258,5
15,100.0,36,125.0,1.0,1.0,true,70.6303707802236,5
15,100.0,36,125.0,1.5,1.0,true,64.77286887569302,5
15,100.0,36,125.0,2.0,1.0,true,64.77286887569302,5
15,100.0,36,125.0,2.5,1.0,true,64.77286887569302,5
15,100.0,36,125.0,0.5,1.5,true,87.81613999693104,5
15,100.0,36,125.0,1.0,1.5,true,53.803603496942436,5
15,100.0,36,125.0,1.5,1.5,true,87.75310894060715,5
15,100.0,36,125.0,2.0,1.5,true,94.4937162292748,5
15,100.0,36,125.0,2.5,1.5,true,94.58732483881846,5
15,100.0,36,125.0,0.5,2.0,true,40.510295257653766,5
15,100.0,36,125.0,1.0,2.0,true,40.510295257653766,5
15,100.0,36,125.0,1.5,2.0,true,40.510295257653766,5
15,100.0,36,125.0,2.0,2.0,true,40.510295257653766,5
15,100.0,36,125.0,2.5,2.0,true,40.510295257653766,5
15,100.0,36,125.0,0.5,2.5,true,40.510295257653766,5
15,100.0,36,125.0,1.0,2.5,true,40.510295257653766,5
15,100.0,36,125.0,1.5,2.5,true,40.510295257653766,5
15,100.0,36,125.0,2.0,2.5,true,40.510295257653766,5
15,100.0,36,125.0,2.5,2.5,true,40.510295257653766,5
15,100.0,36,125.0,0.5,3.0,true,40.510295257653766,5
15,100.0,36,125.0,1.0,3.0,true,40.510295257653766,5
15,100.0,36,125.0,1.5,3.0,true,40.510295257653766,5
15,100.0,36,125.0,2.0,3.0,true,40.510295257653766,5
15,100.0,36,125.0,2.5,3.0,true,40.510295257653766,5
15,100.0,36,125.0,0.5,3.5,true,40.510295257653766,5
15,100.0,36,125.0,1.0,3.5,true,40.510295257653766,5
15,100.0,36,125.0,1.5,3.5,true,40.510295257653766,5
15,100.0,36,125.0,2.0,3.5,true,40.510295257653766,5
15,100.0,36,125.0,2.5,3.5,true,40.510295257653766,5
15,100.0,36,125.0,0.5,4.0,true,40.510295257653766,5
15,100.0,36,125.0,1.0,4.0,true,40.510295257653766,5
15,100.0,36,125.0,1.5,4.0,true,40.510295257653766,5
15,100.0,36,125.0,2.0,4.0,true,40.510295257653766,5
15,100.0,36,125.0,2.5,4.0,true,40.510295257653766,5
15,100.0,12,150.0,0.5,1.0,true,75.69769922539405,5
15,100.0,12,150.0,1.0,1.0,true,75.75246844756947,5
15,100.0,12,150.0,1.5,1.0,true,75.73671905065021,5
15,100.0,12,150.0,2.0,1.0,true,75.73671905065021,5
15,100.0,12,150.0,2.5,1.0,true,75.73671905065021,5
15,100.0,12,150.0,0.5,1.5,true,108.25773507242063,5
15,100.0,12,150.0,1.0,1.5,true,64.15481226628411,5
15,100.0,12,150.0,1.5,1.5,true,64.15481226628411,5
15,100.0,12,150.0,2.0,1.5,true,64.15481226628411,5
15,100.0,12,150.0,2.5,1.5,true,64.15481226628411,5
15,100.0,12,150.0,0.5,2.0,true,108.25773507242063,5
15,100.0,12,150.0,1.0,2.0,true,64.15481226628411,5
15,100.0,12,150.0,1.5,2.0,true,64.15481226628411,5
15,100.0,12,150.0,2.0,2.0,true,64.15481226628411,5
15,100.0,12,150.0,2.5,2.0,true,64.15481226628411,5
15,100.0,12,150.0,0.5,2.5,true,108.25773507242063,5
15,100.0,12,150.0,1.0,2.5,true,64.15481226628411,5
15,100.0,12,150.0,1.5,2.5,true,64.15481226628411,5
15,100.0,12,150.0,2.0,2.5,true,64.15481226628411,5
15,100.0,12,150.0,2.5,2.5,true,64.15481226628411,5
15,100.0,12,150.0,0.5,3.0,true,108.25773507242063,5
15,100.0,12,150.0,1.0,3.0,true,64.15481226628411,5
15,100.0,12,150.0,1.5,3.0,true,64.15481226628411,5
15,100.0,12,150.0,2.0,3.0,true,64.15481226628411,5
15,100.0,12,150.0,2.5,3.0,true,64.15481226628411,5
15,100.0,12,150.0,0.5,3.5,true,108.25773507242063,5
15,100.0,12,150.0,1.0,3.5,true,108.11653938443075,5
15,100.0,12,150.0,1.5,3.5,true,64.15481226628411,5
15,100.0,12,150.0,2.0,3.5,true,64.15481226628411,5
15,100.0,12,150.0,2.5,3.5,true,64.15481226628411,5
15,100.0,12,150.0,0.5,4.0,true,108.11653938443075,5
15,100.0,12,150.0,1.0,4.0,true,108.11653938443075,5
15,100.0,12,150.0,1.5,4.0,true,127.61934310514998,5
15,100.0,12,150.0,2.0,4.0,true,81.70715900656309,5
15,100.0,12,150.0,2.5,4.0,true,81.70715900656309,5
15,100.0,18,150.0,0.5,1.0,true,69.0,5
15,100.0,18,150.0,1.0,1.0,true,90.7138510165773,5
15,100.0,18,150.0,1.5,1.0,true,90.65301507077834,5
15,100.0,18,150.0,2.0,1.0,true,53.58205169697077,5
15,100.0,18,150.0,2.5,1.0,true,53.58205169697077,5
15,100.0,18,150.0,0.5,1.5,true,81.61662501828395,5
15,100.0,18,150.0,1.0,1.5,true,76.81369451198941,5
15,100.0,18,150.0,1.5,1.5,true,76.81369451198941,5
15,100.0,18,150.0,2.0,1.5,true,76.81369451198941,5
15,100.0,18,150.0,2.5,1.5,true,76.81369451198941,5
15,100.0,18,150.0,0.5,2.0,true,71.86000260254555,5
15,100.0,18,150.0,1.0,2.0,true,71.86000260254555,5
15,100.0,18,150.0,1.5,2.0,true,71.86000260254555,5
15,100.0,18,150.0,2.0,2.0,true,71.86000260254555,5
15,100.0,18,150.0,2.5,2.0,true,71.86000260254555,5
15,100.0,18,150.0,0.5,2.5,true,71.86000260254555,5
15,100.0,18,150.0,1.0,2.5,true,71.86000260254555,5
15,100.0,18,150.0,1.5,2.5,true,71.86000260254555,5
15,100.0,18,150.0,2.0,2.5,true,71.86000260254555,5
15,100.0,18,150.0,2.5,2.5,true,71.86000260254555,5
15,100.0,18,150.0,0.5,3.0,true,71.86000260254555,5
15,100.0,18,150.0,1.0,3.0,true,71.86000260254555,5
15,100.0,18,150.0,1.5,3.0,true,71.86000260254555,5
15,100.0,18,150.0,2.0,3.0,true,71.86000260254555,5
15,100.0,18,150.0,2.5,3.0,true,71.86000260254555,5
15,100.0,18,150.0,0.5,3.5,true,71.86000260254555,5
15,100.0,18,150.0,1.0,3.5,true,71.86000260254555,5
15,100.0,18,150.0,1.5,3.5,true,71.86000260254555,5
15,100.0,18,150.0,2.0,3.5,true,71.86000260254555,5
15,100.0,18,150.0,2.5,3.5,true,71.86000260254555,5
15,100.0,18,150.0,0.5,4.0,true,74.40903462748336,5
15,100.0,18,150.0,1.0,4.0,true,74.40903462748336,5
15,100.0,18,150.0,1.5,4.0,true,74.40903462748336,5
15,100.0,18,150.0,2.0,4.0,true,74.40903462748336,5
15,100.0,18,150.0,2.5,4.0,true,74.40903462748336,5
15,100.0,24,150.0,0.5,1.0,true,54.411867158048814,5
15,100.0,24,150.0,1.0,1.0,true,54.411867158048814,5
15,100.0,24,150.0,1.5,1.0,true,54.411867158048814,5
15,100.0,24,150.0,2.0,1.0,true,54.411867158048814,5
15,100.0,24,150.0,2.5,1.0,true,54.411867158048814,5
15,100.0,24,150.0,0.5,1.5,true,91.95949188735655,5
15,100.0,24,150.0,1.0,1.5,false,NaN,4
15,100.0,24,150.0,1.5,1.5,false,NaN,4
15,100.0,24,150.0,2.0,1.5,true,198.3020026682628,5
15,100.0,24,150.0,2.5,1.5,true,199.0,5
15,100.0,24,150.0,0.5,2.0,true,57.74518492147883,5
15,100.0,24,150.0,1.0,2.0,true,57.74518492147883,5
15,100.0,24,150.0,1.5,2.0,true,57.74518492147883,5
15,100.0,24,150.0,2.0,2.0,true,57.74518492147883,5
15,100.0,24,150.0,2.5,2.0,true,57.74518492147883,5
15,100.0,24,150.0,0.5,2.5,true,57.74518492147883,5
15,100.0,24,150.0,1.0,2.5,true,57.74518492147883,5
15,100.0,24,150.0,1.5,2.5,true,57.74518492147883,5
15,100.0,24,150.0,2.0,2.5,true,57.74518492147883,5
15,100.0,24,150.0,2.5,2.5,true,57.74518492147883,5
15,100.0,24,150.0,0.5,3.0,true,57.74518492147883,5
15,100.0,24,150.0,1.0,3.0,true,57.74518492147883,5
15,100.0,24,150.0,1.5,3.0,true,57.74518492147883,5
15,100.0,24,150.0,2.0,3.0,true,57.74518492147883,5
15,100.0,24,150.0,2.5,3.0,true,57.74518492147883,5
15,100.0,24,150.0,0.5,3.5,true,58.534044845546916,5
15,100.0,24,150.0,1.0,3.5,true,57.74518492147883,5
15,100.0,24,150.0,1.5,3.5,true,57.74518492147883,5
15,100.0,24,150.0,2.0,3.5,true,57.74518492147883,5
15,100.0,24,150.0,2.5,3.5,true,57.74518492147883,5
15,100.0,24,150.0,0.5,4.0,true,64.0,5
15,100.0,24,150.0,1.0,4.0,true,58.534044845546916,5
15,100.0,24,150.0,1.5,4.0,true,58.534044845546916,5
15,100.0,24,150.0,2.0,4.0,true,58.534044845546916,5
15,100.0,24,150.0,2.5,4.0,true,58.534044845546916,5
15,100.0,30,150.0,0.5,1.0,true,73.36274568707843,5
15,100.0,30,150.0,1.0,1.0,true,73.32196358840447,5
15,100.0,30,150.0,1.5,1.0,true,73.32196358840447,5
15,100.0,30,150.0,2.0,1.0,true,73.32196358840447,5
15,100.0,30,150.0,2.5,1.0,true,73.32196358840447,5
15,100.0,30,150.0,0.5,1.5,true,62.30029611974605,5
15,100.0,30,150.0,1.0,1.5,true,56.2441987665456,5
15,100.0,30,150.0,1.5,1.5,true,56.2441987665456,5
15,100.0,30,150.0,2.0,1.5,true,56.2441987665456,5
15,100.0,30,150.0,2.5,1.5,true,56.2441987665456,5
15,100.0,30,150.0,0.5,2.0,true,82.717045262709,5
15,100.0,30,150.0,1.0,2.0,true,62.30029611974605,5
15,100.0,30,150.0,1.5,2.0,true,62.30029611974605,5
15,100.0,30,150.0,2.0,2.0,true,62.30029611974605,5
15,100.0,30,150.0,2.5,2.0,true,62.30029611974605,5
15,100.0,30,150.0,0.5,2.5,true,78.19800190232947,5
15,100.0,30,150.0,1.0,2.5,true,78.50580419837233,5
15,100.0,30,150.0,1.5,2.5,true,78.50580419837233,5
15,100.0,30,150.0,2.0,2.5,true,78.50580419837233,5
15,100.0,30,150.0,2.5,2.5,true,78.50580419837233,5
15,100.0,30,150.0,0.5,3.0,true,78.50580419837233,5
15,100.0,30,150.0,1.0,3.0,true,78.50580419837233,5
15,100.0,30,150.0,1.5,3.0,true,78.50580419837233,5
15,100.0,30,150.0,2.0,3.0,true,78.50580419837233,5
15,100.0,30,150.0,2.5,3.0,true,78.50580419837233,5
15,100.0,30,150.0,0.5,3.5,true,78.50580419837233,5
15,100.0,30,150.0,1.0,3.5,true,78.50580419837233,5
15,100.0,30,150.0,1.5,3.5,true,78.50580419837233,5
15,100.0,30,150.0,2.0,3.5,true,78.50580419837233,5
15,100.0,30,150.0,2.5,3.5,true,78.50580419837233,5
15,100.0,30,150.0,0.5,4.0,true,78.50580419837233,5
15,100.0,30,150.0,1.0,4.0,true,78.50580419837233,5
15,100.0,30,150.0,1.5,4.0,true,78.50580419837233,5
15,100.0,30,150.0,2.0,4.0,true,78.50580419837233,5
15,100.0,30,150.0,2.5,4.0,true,78.50580419837233,5
15,100.0,36,150.0,0.5,1.0,true,129.71291555788994,5
15,100.0,36,150.0,1.0,1.0,true,104.64078781053698,5
15,100.0,36,150.0,1.5,1.0,true,94.8710417349871,5
15,100.0,36,150.0,2.0,1.0,true,94.8710417349871,5
15,100.0,36,150.0,2.5,1.0,true,94.8710417349871,5
15,100.0,36,150.0,0.5,1.5,true,130.62207635799527,5
15,100.0,36,150.0,1.0,1.5,false,NaN,4
15,100.0,36,150.0,1.5,1.5,true,94.53341260659147,5
15,100.0,36,150.0,2.0,1.5,true,94.53341260659147,5
15,100.0,36,150.0,2.5,1.5,true,94.53341260659147,5
15,100.0,36,150.0,0.5,2.0,true,84.90282182989415,5
15,100.0,36,150.0,1.0,2.0,true,84.90282182989415,5
15,100.0,36,150.0,1.5,2.0,true,84.90282182989415,5
15,100.0,36,150.0,2.0,2.0,true,84.90282182989415,5
15,100.0,36,150.0,2.5,2.0,true,84.90282182989415,5
15,100.0,36,150.0,0.5,2.5,true,42.68323831007838,5
15,100.0,36,150.0,1.0,2.5,true,42.68323831007838,5
15,100.0,36,150.0,1.5,2.5,true,42.68323831007838,5
15,100.0,36,150.0,2.0,2.5,true,42.68323831007838,5
15,100.0,36,150.0,2.5,2.5,true,42.68323831007838,5
15,100.0,36,150.0,0.5,3.0,true,42.68323831007838,5
15,100.0,36,150.0,1.0,3.0,true,42.68323831007838,5
15,100.0,36,150.0,1.5,3.0,true,42.68323831007838,5
15,100.0,36,150.0,2.0,3.0,true,42.68323831007838,5
15,100.0,36,150.0,2.5,3.0,true,42.68323831007838,5
15,100.0,36,150.0,0.5,3.5,true,42.68323831007838,5
15,100.0,36,150.0,1.0,3.5,true,42.68323831007838,5
15,100.0,36,150.0,1.5,3.5,true,42.68323831007838,5
15,100.0,36,150.0,2.0,3.5,true,42.68323831007838,5
15,100.0,36,150.0,2.5,3.5,true,42.68323831007838,5
15,100.0,36,150.0,0.5,4.0,true,42.68323831007838,5
15,100.0,36,150.0,1.0,4.0,true,42.68323831007838,5
15,100.0,36,150.0,1.5,4.0,true,42.68323831007838,5
15,100.0,36,150.0,2.0,4.0,true,42.68323831007838,5
15,100.0,36,150.0,2.5,4.0,true,42.68323831007838,5
22,100.0,12,50.0,0.5,1.0,true,64.53366430686144,5
22,100.0,12,50.0,1.0,1.0,true,63.0,5
22,100.0,12,50.0,1.5,1.0,true,58.29676279315133,5
22,100.0,12,50.0,2.0,1.0,true,112.9739068457025,5
22,100.0,12,50.0,2.5,1.0,true,55.356659091294816,5
22,100.0,12,50.0,0.5,1.5,true,68.13597278824672,5
22,100.0,12,50.0,1.0,1.5,true,61.33305693909695,5
22,100.0,12,50.0,1.5,1.5,true,91.0,5
22,100.0,12,50.0,2.0,1.5,true,106.8254451769039,5
22,100.0,12,50.0,2.5,1.5,false,NaN,4
22,100.0,12,50.0,0.5,2.0,true,64.35913147061567,5
22,100.0,12,50.0,1.0,2.0,true,77.0,5
22,100.0,12,50.0,1.5,2.0,true,55.96630379975185,5
22,100.0,12,50.0,2.0,2.0,true,55.96630379975185,5
22,100.0,12,50.0,2.5,2.0,true,55.96630379975185,5
22,100.0,12,50.0,0.5,2.5,true,49.83256788345983,5
22,100.0,12,50.0,1.0,2.5,false,NaN,4
22,100.0,12,50.0,1.5,2.5,true,50.51639058188103,5
22,100.0,12,50.0,2.0,2.5,true,50.51639058188103,5
22,100.0,12,50.0,2.5,2.5,true,55.96630379975185,5
22,100.0,12,50.0,0.5,3.0,true,99.24653843970526,5
22,100.0,12,50.0,1.0,3.0,true,59.478622579100026,5
22,100.0,12,50.0,1.5,3.0,true,59.478622579100026,5
22,100.0,12,50.0,2.0,3.0,true,59.478622579100026,5
22,100.0,12,50.0,2.5,3.0,true,59.478622579100026,5
22,100.0,12,50.0,0.5,3.5,true,81.90792360669377,5
22,100.0,12,50.0,1.0,3.5,true,82.0,5
22,100.0,12,50.0,1.5,3.5,true,59.478622579100026,5
22,100.0,12,50.0,2.0,3.5,true,59.478622579100026,5
22,100.0,12,50.0,2.5,3.5,true,59.478622579100026,5
22,100.0,12,50.0,0.5,4.0,true,81.74073705053736,5
22,100.0,12,50.0,1.0,4.0,true,81.74073705053736,5
22,100.0,12,50.0,1.5,4.0,true,81.74073705053736,5
22,100.0,12,50.0,2.0,4.0,true,59.478622579100026,5
22,100.0,12,50.0,2.5,4.0,true,59.478622579100026,5
22,100.0,18,50.0,0.5,1.0,true,69.34386413870898,5
22,100.0,18,50.0,1.0,1.0,true,67.79545382928849,5
22,100.0,18,50.0,1.5,1.0,true,64.37856932405505,5
22,100.0,18,50.0,2.0,1.0,true,71.52443018161394,5
22,100.0,18,50.0,2.5,1.0,true,61.65708760499258,5
22,100.0,18,50.0,0.5,1.5,true,76.0,5
22,100.0,18,50.0,1.0,1.5,true,67.68682583181014,5
22,100.0,18,50.0,1.5,1.5,true,58.58025677132164,5
22,100.0,18,50.0,2.0,1.5,true,69.799241945661,5
22,100.0,18,50.0,2.5,1.5,true,56.57925336742351,5
22,100.0,18,50.0,0.5,2.0,false,NaN,4
22,100.0,18,50.0,1.0,2.0,true,61.80957655576594,5
22,100.0,18,50.0,1.5,2.0,true,58.58025677132164,5
22,100.0,18,50.0,2.0,2.0,true,56.57925336742351,5
22,100.0,18,50.0,2.5,2.0,true,56.57925336742351,5
22,100.0,18,50.0,0.5,2.5,false,NaN,4
22,100.0,18,50.0,1.0,2.5,false,NaN,4
22,100.0,18,50.0,1.5,2.5,true,58.58025677132164,5
22,100.0,18,50.0,2.0,2.5,true,56.57925336742351,5
22,100.0,18,50.0,2.5,2.5,true,56.57925336742351,5
22,100.0,18,50.0,0.5,3.0,true,66.8140391871366,5
22,100.0,18,50.0,1.0,3.0,false,NaN,4
22,100.0,18,50.0,1.5,3.0,false,NaN,4
22,100.0,18,50.0,2.0,3.0,true,56.57925336742351,5
22,100.0,18,50.0,2.5,3.0,true,56.57925336742351,5
22,100.0,18,50.0,0.5,3.5,true,66.0,5
22,100.0,18,50.0,1.0,3.5,true,156.58802815498265,5
22,100.0,18,50.0,1.5,3.5,false,NaN,4
22,100.0,18,50.0,2.0,3.5,false,NaN,4
22,100.0,18,50.0,2.5,3.5,true,56.57925336742351,5
22,100.0,18,50.0,0.5,4.0,true,66.49739152520958,5
22,100.0,18,50.0,1.0,4.0,false,NaN,4
22,100.0,18,50.0,1.5,4.0,false,NaN,4
22,100.0,18,50.0,2.0,4.0,false,NaN,4
22,100.0,18,50.0,2.5,4.0,false,NaN,4
22,100.0,24,50.0,0.5,1.0,true,54.03949636046979,5
22,100.0,24,50.0,1.0,1.0,true,71.0,5
22,100.0,24,50.0,1.5,1.0,false,NaN,4
22,100.0,24,50.0,2.0,1.0,true,83.0,5
22,100.0,24,50.0,2.5,1.0,true,76.54748556182007,5
22,100.0,24,50.0,0.5,1.5,false,NaN,4
22,100.0,24,50.0,1.0,1.5,true,52.3986118079469,5
22,100.0,24,50.0,1.5,1.5,true,56.537924370171986,5
22,100.0,24,50.0,2.0,1.5,false,NaN,4
22,100.0,24,50.0,2.5,1.5,true,55.85969168105065,5
22,100.0,24,50.0,0.5,2.0,true,79.93774255635641,5
22,100.0,24,50.0,1.0,2.0,true,60.40498319668941,5
22,100.0,24,50.0,1.5,2.0,true,51.503005333314114,5
22,100.0,24,50.0,2.0,2.0,true,49.83256788345983,5
22,100.0,24,50.0,2.5,2.0,true,49.22931521773864,5
22,100.0,24,50.0,0.5,2.5,false,NaN,4
22,100.0,24,50.0,1.0,2.5,true,84.0,5
22,100.0,24,50.0,1.5,2.5,false,NaN,4
22,100.0,24,50.0,2.0,2.5,false,NaN,4
22,100.0,24,50.0,2.5,2.5,true,61.4093864689961,5
22,100.0,24,50.0,0.5,3.0,true,54.37085390081526,5
22,100.0,24,50.0,1.0,3.0,true,48.962773599404926,5
22,100.0,24,50.0,1.5,3.0,true,48.962773599404926,5
22,100.0,24,50.0,2.0,3.0,false,NaN,4
22,100.0,24,50.0,2.5,3.0,true,46.930702200442106,5
22,100.0,24,50.0,0.5,3.5,false,NaN,4
22,100.0,24,50.0,1.0,3.5,true,104.42164573987728,5
22,100.0,24,50.0,1.5,3.5,true,85.15895437472564,5
22,100.0,24,50.0,2.0,3.5,true,58.16093227114234,5
22,100.0,24,50.0,2.5,3.5,false,NaN,4
22,100.0,24,50.0,0.5,4.0,false,NaN,4
22,100.0,24,50.0,1.0,4.0,false,NaN,4
22,100.0,24,50.0,1.5,4.0,false,NaN,4
22,100.0,24,50.0,2.0,4.0,true,86.73853385797683,5
22,100.0,24,50.0,2.5,4.0,true,125.6511260790336,5
22,100.0,30,50.0,0.5,1.0,true,84.2284841916011,5
22,100.0,30,50.0,1.0,1.0,true,76.41999356609992,5
22,100.0,30,50.0,1.5,1.0,false,NaN,4
22,100.0,30,50.0,2.0,1.0,true,55.81243544043566,5
22,100.0,30,50.0,2.5,1.0,false,NaN,4
22,100.0,30,50.0,0.5,1.5,false,NaN,4
22,100.0,30,50.0,1.0,1.5,true,55.139066342773845,5
22,100.0,30,50.0,1.5,1.5,true,77.29541375440095,5
22,100.0,30,50.0,2.0,1.5,true,85.2779194608398,5
22,100.0,30,50.0,2.5,1.5,true,148.35286786069187,5
22,100.0,30,50.0,0.5,2.0,false,NaN,4
22,100.0,30,50.0,1.0,2.0,true,55.81243544043566,5
22,100.0,30,50.0,1.5,2.0,true,83.8375545105734,5
22,100.0,30,50.0,2.0,2.0,false,NaN,4
22,100.0,30,50.0,2.5,2.0,true,143.95246227200226,5
22,100.0,30,50.0,0.5,2.5,true,82.04539636779113,5
22,100.0,30,50.0,1.0,2.5,true,56.84479271600541,5
22,100.0,30,50.0,1.5,2.5,true,83.7300019525615,5
22,100.0,30,50.0,2.0,2.5,false,NaN,4
22,100.0,30,50.0,2.5,2.5,true,157.89713932837967,5
22,100.0,30,50.0,0.5,3.0,true,56.84479271600541,5
22,100.0,30,50.0,1.0,3.0,true,56.84479271600541,5
22,100.0,30,50.0,1.5,3.0,true,56.84479271600541,5
22,100.0,30,50.0,2.0,3.0,true,64.5053935151712,5
22,100.0,30,50.0,2.5,3.0,false,NaN,4
22,100.0,30,50.0,0.5,3.5,true,56.84479271600541,5
22,100.0,30,50.0,1.0,3.5,true,56.84479271600541,5
22,100.0,30,50.0,1.5,3.5,true,56.84479271600541,5
22,100.0,30,50.0,2.0,3.5,true,56.84479271600541,5
22,100.0,30,50.0,2.5,3.5,true,56.84479271600541,5
22,100.0,30,50.0,0.5,4.0,true,56.84479271600541,5
22,100.0,30,50.0,1.0,4.0,true,56.84479271600541,5
22,100.0,30,50.0,1.5,4.0,true,56.84479271600541,5
22,100.0,30,50.0,2.0,4.0,true,56.84479271600541,5
22,100.0,30,50.0,2.5,4.0,true,56.84479271600541,5
22,100.0,36,50.0,0.5,1.0,true,84.0,5
22,100.0,36,50.0,1.0,1.0,true,55.85969168105065,5
22,100.0,36,50.0,1.5,1.0,true,55.356659091294816,5
22,100.0,36,50.0,2.0,1.0,true,51.503005333314114,5
22,100.0,36,50.0,2.5,1.0,true,53.59257591147559,5
22,100.0,36,50.0,0.5,1.5,false,NaN,4
22,100.0,36,50.0,1.0,1.5,true,56.64414276914443,5
22,100.0,36,50.0,1.5,1.5,true,40.80961500236819,5
22,100.0,36,50.0,2.0,1.5,true,57.58230265986676,5
22,100.0,36,50.0,2.5,1.5,true,128.54161095869654,5
22,100.0,36,50.0,0.5,2.0,true,64.14030682416693,5
22,100.0,36,50.0,1.0,2.0,false,NaN,4
22,100.0,36,50.0,1.5,2.0,false,NaN,4
22,100.0,36,50.0,2.0,2.0,false,NaN,4
22,100.0,36,50.0,2.5,2.0,false,NaN,4
22,100.0,36,50.0,0.5,2.5,true,70.90394310058927,5
22,100.0,36,50.0,1.0,2.5,false,NaN,4
22,100.0,36,50.0,1.5,2.5,false,NaN,4
22,100.0,36,50.0,2.0,2.5,false,NaN,4
22,100.0,36,50.0,2.5,2.5,false,NaN,4
22,100.0,36,50.0,0.5,3.0,false,NaN,4
22,100.0,36,50.0,1.0,3.0,true,140.4337347483114,5
22,100.0,36,50.0,1.5,3.0,false,NaN,4
22,100.0,36,50.0,2.0,3.0,false,NaN,4
22,100.0,36,50.0,2.5,3.0,false,NaN,4
22,100.0,36,50.0,0.5,3.5,false,NaN,4
22,100.0,36,50.0,1.0,3.5,false,NaN,4
22,100.0,36,50.0,1.5,3.5,false,NaN,4
22,100.0,36,50.0,2.0,3.5,false,NaN,4
22,100.0,36,50.0,2.5,3.5,false,NaN,4
22,100.0,36,50.0,0.5,4.0,true,81.57733695398846,5
22,100.0,36,50.0,1.0,4.0,true,120.67197785469916,5
22,100.0,36,50.0,1.5,4.0,false,NaN,4
22,100.0,36,50.0,2.0,4.0,true,60.33708491522871,5
22,100.0,36,50.0,2.5,4.0,true,60.33708491522871,5
22,100.0,12,75.0,0.5,1.0,true,32.47071783447201,5
22,100.0,12,75.0,1.0,1.0,true,32.47071783447201,5
22,100.0,12,75.0,1.5,1.0,true,32.47071783447201,5
22,100.0,12,75.0,2.0,1.0,true,32.47071783447201,5
22,100.0,12,75.0,2.5,1.0,true,32.47071783447201,5
22,100.0,12,75.0,0.5,1.5,true,32.47071783447201,5
22,100.0,12,75.0,1.0,1.5,true,32.47071783447201,5
22,100.0,12,75.0,1.5,1.5,true,32.47071783447201,5
22,100.0,12,75.0,2.0,1.5,true,32.47071783447201,5
22,100.0,12,75.0,2.5,1.5,true,32.47071783447201,5
22,100.0,12,75.0,0.5,2.0,true,32.47071783447201,5
22,100.0,12,75.0,1.0,2.0,true,32.47071783447201,5
22,100.0,12,75.0,1.5,2.0,true,32.47071783447201,5
22,100.0,12,75.0,2.0,2.0,true,32.47071783447201,5
22,100.0,12,75.0,2.5,2.0,true,32.47071783447201,5
22,100.0,12,75.0,0.5,2.5,true,32.47071783447201,5
22,100.0,12,75.0,1.0,2.5,true,32.47071783447201,5
22,100.0,12,75.0,1.5,2.5,true,32.47071783447201,5
22,100.0,12,75.0,2.0,2.5,true,32.47071783447201,5
22,100.0,12,75.0,2.5,2.5,true,32.47071783447201,5
22,100.0,12,75.0,0.5,3.0,true,32.47071783447201,5
22,100.0,12,75.0,1.0,3.0,true,32.47071783447201,5
22,100.0,12,75.0,1.5,3.0,true,32.47071783447201,5
22,100.0,12,75.0,2.0,3.0,true,32.47071783447201,5
22,100.0,12,75.0,2.5,3.0,true,32.47071783447201,5
22,100.0,12,75.0,0.5,3.5,true,32.47071783447201,5
22,100.0,12,75.0,1.0,3.5,true,32.47071783447201,5
22,100.0,12,75.0,1.5,3.5,true,32.47071783447201,5
22,100.0,12,75.0,2.0,3.5,true,32.47071783447201,5
22,100.0,12,75.0,2.5,3.5,true,32.47071783447201,5
22,100.0,12,75.0,0.5,4.0,true,32.47071783447201,5
22,100.0,12,75.0,1.0,4.0,true,32.47071783447201,5
22,100.0,12,75.0,1.5,4.0,true,32.47071783447201,5
22,100.0,12,75.0,2.0,4.0,true,32.47071783447201,5
22,100.0,12,75.0,2.5,4.0,true,32.47071783447201,5
22,100.0,18,75.0,0.5,1.0,true,39.77732918130501,5
22,100.0,18,75.0,1.0,1.0,true,120.54682093398483,5
22,100.0,18,75.0,1.5,1.0,false,NaN,4
22,100.0,18,75.0,2.0,1.0,false,NaN,4
22,100.0,18,75.0,2.5,1.0,true,110.81836163318653,5
22,100.0,18,75.0,0.5,1.5,true,56.38629824801631,5
22,100.0,18,75.0,1.0,1.5,true,48.13863873136283,5
22,100.0,18,75.0,1.5,1.5,true,48.13863873136283,5
22,100.0,18,75.0,2.0,1.5,true,48.13863873136283,5
22,100.0,18,75.0,2.5,1.5,true,48.13863873136283,5
22,100.0,18,75.0,0.5,2.0,true,48.13863873136283,5
22,100.0,18,75.0,1.0,2.0,true,48.13863873136283,5
22,100.0,18,75.0,1.5,2.0,true,48.13863873136283,5
22,100.0,18,75.0,2.0,2.0,true,48.13863873136283,5
22,100.0,18,75.0,2.5,2.0,true,48.13863873136283,5
22,100.0,18,75.0,0.5,2.5,true,48.13863873136283,5
22,100.0,18,75.0,1.0,2.5,true,48.13863873136283,5
22,100.0,18,75.0,1.5,2.5,true,48.13863873136283,5
22,100.0,18,75.0,2.0,2.5,true,48.13863873136283,5
22,100.0,18,75.0,2.5,2.5,true,48.13863873136283,5
22,100.0,18,75.0,0.5,3.0,true,48.13863873136283,5
22,100.0,18,75.0,1.0,3.0,true,48.13863873136283,5
22,100.0,18,75.0,1.5,3.0,true,48.13863873136283,5
22,100.0,18,75.0,2.0,3.0,true,48.13863873136283,5
22,100.0,18,75.0,2.5,3.0,true,48.13863873136283,5
22,100.0,18,75.0,0.5,3.5,true,48.13863873136283,5
22,100.0,18,75.0,1.0,3.5,true,48.13863873136283,5
22,100.0,18,75.0,1.5,3.5,true,48.13863873136283,5
22,100.0,18,75.0,2.0,3.5,true,48.13863873136283,5
22,100.0,18,75.0,2.5,3.5,true,48.13863873136283,5
22,100.0,18,75.0,0.5,4.0,true,48.13863873136283,5
22,100.0,18,75.0,1.0,4.0,true,48.13863873136283,5
22,100.0,18,75.0,1.5,4.0,true,48.13863873136283,5
22,100.0,18,75.0,2.0,4.0,true,48.13863873136283,5
22,100.0,18,75.0,2.5,4.0,true,48.13863873136283,5
22,100.0,24,75.0,0.5,1.0,true,48.1416992749955,5
22,100.0,24,75.0,1.0,1.0,true,48.1416992749955,5
22,100.0,24,75.0,1.5,1.0,true,48.1416992749955,5
22,100.0,24,75.0,2.0,1.0,true,48.1416992749955,5
22,100.0,24,75.0,2.5,1.0,true,48.1416992749955,5
22,100.0,24,75.0,0.5,1.5,true,48.1416992749955,5
22,100.0,24,75.0,1.0,1.5,true,48.124401408866596,5
22,100.0,24,75.0,1.5,1.5,true,48.124401408866596,5
22,100.0,24,75.0,2.0,1.5,true,48.124401408866596,5
22,100.0,24,75.0,2.5,1.5,true,48.124401408866596,5
22,100.0,24,75.0,0.5,2.0,true,48.124401408866596,5
22,100.0,24,75.0,1.0,2.0,true,48.124401408866596,5
22,100.0,24,75.0,1.5,2.0,true,48.124401408866596,5
22,100.0,24,75.0,2.0,2.0,true,48.124401408866596,5
22,100.0,24,75.0,2.5,2.0,true,48.124401408866596,5
22,100.0,24,75.0,0.5,2.5,true,48.124401408866596,5
22,100.0,24,75.0,1.0,2.5,true,48.124401408866596,5
22,100.0,24,75.0,1.5,2.5,true,48.124401408866596,5
22,100.0,24,75.0,2.0,2.5,true,48.124401408866596,5
22,100.0,24,75.0,2.5,2.5,true,48.124401408866596,5
22,100.0,24,75.0,0.5,3.0,true,48.124401408866596,5
22,100.0,24,75.0,1.0,3.0,true,48.124401408866596,5
22,100.0,24,75.0,1.5,3.0,true,48.124401408866596,5
22,100.0,24,75.0,2.0,3.0,true,48.124401408866596,5
22,100.0,24,75.0,2.5,3.0,true,48.124401408866596,5
22,100.0,24,75.0,0.5,3.5,true,48.124401408866596,5
22,100.0,24,75.0,1.0,3.5,true,48.124401408866596,5
22,100.0,24,75.0,1.5,3.5,true,48.124401408866596,5
22,100.0,24,75.0,2.0,3.5,true,48.124401408866596,5
22,100.0,24,75.0,2.5,3.5,true,48.124401408866596,5
22,100.0,24,75.0,0.5,4.0,true,48.124401408866596,5
22,100.0,24,75.0,1.0,4.0,true,48.124401408866596,5
22,100.0,24,75.0,1.5,4.0,true,48.124401408866596,5
22,100.0,24,75.0,2.0,4.0,true,48.124401408866596,5
22,100.0,24,75.0,2.5,4.0,true,48.124401408866596,5
22,100.0,30,75.0,0.5,1.0,true,55.49786247444453,5
22,100.0,30,75.0,1.0,1.0,true,55.49786247444453,5
22,100.0,30,75.0,1.5,1.0,true,55.49786247444453,5
22,100.0,30,75.0,2.0,1.0,true,55.49786247444453,5
22,100.0,30,75.0,2.5,1.0,true,55.49786247444453,5
22,100.0,30,75.0,0.5,1.5,true,43.436141347298516,5
22,100.0,30,75.0,1.0,1.5,true,43.436141347298516,5
22,100.0,30,75.0,1.5,1.5,true,43.436141347298516,5
22,100.0,30,75.0,2.0,1.5,true,43.436141347298516,5
22,100.0,30,75.0,2.5,1.5,true,43.436141347298516,5
22,100.0,30,75.0,0.5,2.0,true,43.436141347298516,5
22,100.0,30,75.0,1.0,2.0,true,43.436141347298516,5
22,100.0,30,75.0,1.5,2.0,true,43.436141347298516,5
22,100.0,30,75.0,2.0,2.0,true,43.436141347298516,5
22,100.0,30,75.0,2.5,2.0,true,43.436141347298516,5
22,100.0,30,75.0,0.5,2.5,true,43.436141347298516,5
22,100.0,30,75.0,1.0,2.5,true,43.436141347298516,5
22,100.0,30,75.0,1.5,2.5,true,43.436141347298516,5
22,100.0,30,75.0,2.0,2.5,true,43.436141347298516,5
22,100.0,30,75.0,2.5,2.5,true,43.436141347298516,5
22,100.0,30,75.0,0.5,3.0,true,43.436141347298516,5
22,100.0,30,75.0,1.0,3.0,true,43.436141347298516,5
22,100.0,30,75.0,1.5,3.0,true,43.436141347298516,5
22,100.0,30,75.0,2.0,3.0,true,43.436141347298516,5
22,100.0,30,75.0,2.5,3.0,true,43.436141347298516,5
22,100.0,30,75.0,0.5,3.5,true,43.436141347298516,5
22,100.0,30,75.0,1.0,3.5,true,43.436141347298516,5
22,100.0,30,75.0,1.5,3.5,true,43.436141347298516,5
22,100.0,30,75.0,2.0,3.5,true,43.436141347298516,5
22,100.0,30,75.0,2.5,3.5,true,43.436141347298516,5
22,100.0,30,75.0,0.5,4.0,true,43.436141347298516,5
22,100.0,30,75.0,1.0,4.0,true,43.436141347298516,5
22,100.0,30,75.0,1.5,4.0,true,43.436141347298516,5
22,100.0,30,75.0,2.0,4.0,true,43.436141347298516,5
22,100.0,30,75.0,2.5,4.0,true,43.436141347298516,5
22,100.0,36,75.0,0.5,1.0,true,55.266359622988055,5
22,100.0,36,75.0,1.0,1.0,true,55.48139501196921,5
22,100.0,36,75.0,1.5,1.0,true,55.79536623980827,5
22,100.0,36,75.0,2.0,1.0,true,55.79536623980827,5
22,100.0,36,75.0,2.5,1.0,true,55.79536623980827,5
22,100.0,36,75.0,0.5,1.5,true,55.27782571819336,5
22,100.0,36,75.0,1.0,1.5,true,55.266359622988055,5
22,100.0,36,75.0,1.5,1.5,true,47.996715740109344,5
22,100.0,36,75.0,2.0,1.5,true,47.996715740109344,5
22,100.0,36,75.0,2.5,1.5,true,47.996715740109344,5
22,100.0,36,75.0,0.5,2.0,true,49.9701895994764,5
22,100.0,36,75.0,1.0,2.0,true,49.9701895994764,5
22,100.0,36,75.0,1.5,2.0,true,49.9701895994764,5
22,100.0,36,75.0,2.0,2.0,true,49.9701895994764,5
22,100.0,36,75.0,2.5,2.0,true,49.9701895994764,5
22,100.0,36,75.0,0.5,2.5,true,49.9701895994764,5
22,100.0,36,75.0,1.0,2.5,true,49.9701895994764,5
22,100.0,36,75.0,1.5,2.5,true,49.9701895994764,5
22,100.0,36,75.0,2.0,2.5,true,49.9701895994764,5
22,100.0,36,75.0,2.5,2.5,true,49.9701895994764,5
22,100.0,36,75.0,0.5,3.0,true,49.9701895994764,5
22,100.0,36,75.0,1.0,3.0,true,49.9701895994764,5
22,100.0,36,75.0,1.5,3.0,true,49.9701895994764,5
22,100.0,36,75.0,2.0,3.0,true,49.9701895994764,5
22,100.0,36,75.0,2.5,3.0,true,49.9701895994764,5
22,100.0,36,75.0,0.5,3.5,true,49.9701895994764,5
22,100.0,36,75.0,1.0,3.5,true,49.9701895994764,5
22,100.0,36,75.0,1.5,3.5,true,49.9701895994764,5
22,100.0,36,75.0,2.0,3.5,true,49.9701895994764,5
22,100.0,36,75.0,2.5,3.5,true,49.9701895994764,5
22,100.0,36,75.0,0.5,4.0,true,49.9701895994764,5
22,100.0,36,75.0,1.0,4.0,true,49.9701895994764,5
22,100.0,36,75.0,1.5,4.0,true,49.9701895994764,5
22,100.0,36,75.0,2.0,4.0,true,49.9701895994764,5
22,100.0,36,75.0,2.5,4.0,true,49.9701895994764,5
22,100.0,12,100.0,0.5,1.0,true,48.18972489407304,5
22,100.0,12,100.0,1.0,1.0,true,41.910307036324376,5
22,100.0,12,100.0,1.5,1.0,true,41.910307036324376,5
22,100.0,12,100.0,2.0,1.0,true,41.910307036324376,5
22,100.0,12,100.0,2.5,1.0,true,41.910307036324376,5
22,100.0,12,100.0,0.5,1.5,true,55.727950891822154,5
22,100.0,12,100.0,1.0,1.5,true,41.910307036324376,5
22,100.0,12,100.0,1.5,1.5,true,41.910307036324376,5
22,100.0,12,100.0,2.0,1.5,true,41.910307036324376,5
22,100.0,12,100.0,2.5,1.5,true,41.910307036324376,5
22,100.0,12,100.0,0.5,2.0,true,41.910307036324376,5
22,100.0,12,100.0,1.0,2.0,true,41.910307036324376,5
22,100.0,12,100.0,1.5,2.0,true,41.910307036324376,5
22,100.0,12,100.0,2.0,2.0,true,41.910307036324376,5
22,100.0,12,100.0,2.5,2.0,true,41.910307036324376,5
22,100.0,12,100.0,0.5,2.5,true,41.910307036324376,5
22,100.0,12,100.0,1.0,2.5,true,41.910307036324376,5
22,100.0,12,100.0,1.5,2.5,true,41.910307036324376,5
22,100.0,12,100.0,2.0,2.5,true,41.910307036324376,5
22,100.0,12,100.0,2.5,2.5,true,41.910307036324376,5
22,100.0,12,100.0,0.5,3.0,true,41.910307036324376,5
22,100.0,12,100.0,1.0,3.0,true,41.910307036324376,5
22,100.0,12,100.0,1.5,3.0,true,41.910307036324376,5
22,100.0,12,100.0,2.0,3.0,true,41.910307036324376,5
22,100.0,12,100.0,2.5,3.0,true,41.910307036324376,5
22,100.0,12,100.0,0.5,3.5,true,47.1301850357108,5
22,100.0,12,100.0,1.0,3.5,true,47.1301850357108,5
22,100.0,12,100.0,1.5,3.5,true,47.1301850357108,5
22,100.0,12,100.0,2.0,3.5,true,47.1301850357108,5
22,100.0,12,100.0,2.5,3.5,true,47.1301850357108,5
22,100.0,12,100.0,0.5,4.0,true,47.1301850357108,5
22,100.0,12,100.0,1.0,4.0,true,47.1301850357108,5
22,100.0,12,100.0,1.5,4.0,true,47.1301850357108,5
22,100.0,12,100.0,2.0,4.0,true,47.1301850357108,5
22,100.0,12,100.0,2.5,4.0,true,47.1301850357108,5
22,100.0,18,100.0,0.5,1.0,true,71.73495006728531,5
22,100.0,18,100.0,1.0,1.0,true,41.592459879896815,5
22,100.0,18,100.0,1.5,1.0,true,41.592459879896815,5
22,100.0,18,100.0,2.0,1.0,true,41.592459879896815,5
22,100.0,18,100.0,2.5,1.0,true,41.592459879896815,5
22,100.0,18,100.0,0.5,1.5,true,41.592459879896815,5
22,100.0,18,100.0,1.0,1.5,true,41.592459879896815,5
22,100.0,18,100.0,1.5,1.5,true,41.592459879896815,5
22,100.0,18,100.0,2.0,1.5,true,41.592459879896815,5
22,100.0,18,100.0,2.5,1.5,true,41.592459879896815,5
22,100.0,18,100.0,0.5,2.0,true,41.592459879896815,5
22,100.0,18,100.0,1.0,2.0,true,41.592459879896815,5
22,100.0,18,100.0,1.5,2.0,true,41.592459879896815,5
22,100.0,18,100.0,2.0,2.0,true,41.592459879896815,5
22,100.0,18,100.0,2.5,2.0,true,41.592459879896815,5
22,100.0,18,100.0,0.5,2.5,true,41.592459879896815,5
22,100.0,18,100.0,1.0,2.5,true,41.592459879896815,5
22,100.0,18,100.0,1.5,2.5,true,41.592459879896815,5
22,100.0,18,100.0,2.0,2.5,true,41.592459879896815,5
22,100.0,18,100.0,2.5,2.5,true,41.592459879896815,5
22,100.0,18,100.0,0.5,3.0,true,41.592459879896815,5
22,100.0,18,100.0,1.0,3.0,true,41.592459879896815,5
22,100.0,18,100.0,1.5,3.0,true,41.592459879896815,5
22,100.0,18,100.0,2.0,3.0,true,41.592459879896815,5
22,100.0,18,100.0,2.5,3.0,true,41.592459879896815,5
22,100.0,18,100.0,0.5,3.5,true,41.592459879896815,5
22,100.0,18,100.0,1.0,3.5,true,41.592459879896815,5
22,100.0,18,100.0,1.5,3.5,true,41.592459879896815,5
22,100.0,18,100.0,2.0,3.5,true,41.592459879896815,5
22,100.0,18,100.0,2.5,3.5,true,41.592459879896815,5
22,100.0,18,100.0,0.5,4.0,true,41.592459879896815,5
22,100.0,18,100.0,1.0,4.0,true,41.592459879896815,5
22,100.0,18,100.0,1.5,4.0,true,41.592459879896815,5
22,100.0,18,100.0,2.0,4.0,true,41.592459879896815,5
22,100.0,18,100.0,2.5,4.0,true,41.592459879896815,5
22,100.0,24,100.0,0.5,1.0,true,49.68893058387746,5
22,100.0,24,100.0,1.0,1.0,true,42.13976716877232,5
22,100.0,24,100.0,1.5,1.0,true,42.13976716877232,5
22,100.0,24,100.0,2.0,1.0,true,42.13976716877232,5
22,100.0,24,100.0,2.5,1.0,true,42.13976716877232,5
22,100.0,24,100.0,0.5,1.5,true,42.13976716877232,5
22,100.0,24,100.0,1.0,1.5,true,42.13976716877232,5
22,100.0,24,100.0,1.5,1.5,true,42.13976716877232,5
22,100.0,24,100.0,2.0,1.5,true,42.13976716877232,5
22,100.0,24,100.0,2.5,1.5,true,42.13976716877232,5
22,100.0,24,100.0,0.5,2.0,true,42.13976716877232,5
22,100.0,24,100.0,1.0,2.0,true,42.52648012461014,5
22,100.0,24,100.0,1.5,2.0,true,42.52648012461014,5
22,100.0,24,100.0,2.0,2.0,true,42.52648012461014,5
22,100.0,24,100.0,2.5,2.0,true,42.52648012461014,5
22,100.0,24,100.0,0.5,2.5,true,42.52648012461014,5
22,100.0,24,100.0,1.0,2.5,true,42.52648012461014,5
22,100.0,24,100.0,1.5,2.5,true,42.52648012461014,5
22,100.0,24,100.0,2.0,2.5,true,42.52648012461014,5
22,100.0,24,100.0,2.5,2.5,true,42.52648012461014,5
22,100.0,24,100.0,0.5,3.0,true,42.52648012461014,5
22,100.0,24,100.0,1.0,3.0,true,42.52648012461014,5
22,100.0,24,100.0,1.5,3.0,true,42.52648012461014,5
22,100.0,24,100.0,2.0,3.0,true,42.52648012461014,5
22,100.0,24,100.0,2.5,3.0,true,42.52648012461014,5
22,100.0,24,100.0,0.5,3.5,true,42.52648012461014,5
22,100.0,24,100.0,1.0,3.5,true,42.52648012461014,5
22,100.0,24,100.0,1.5,3.5,true,42.52648012461014,5
22,100.0,24,100.0,2.0,3.5,true,42.52648012461014,5
22,100.0,24,100.0,2.5,3.5,true,42.52648012461014,5
22,100.0,24,100.0,0.5,4.0,true,42.52648012461014,5
22,100.0,24,100.0,1.0,4.0,true,42.52648012461014,5
22,100.0,24,100.0,1.5,4.0,true,42.52648012461014,5
22,100.0,24,100.0,2.0,4.0,true,42.52648012461014,5
22,100.0,24,100.0,2.5,4.0,true,42.52648012461014,5
22,100.0,30,100.0,0.5,1.0,true,44.78775738166804,5
22,100.0,30,100.0,1.0,1.0,true,43.50120795064189,5
22,100.0,30,100.0,1.5,1.0,true,43.50120795064189,5
22,100.0,30,100.0,2.0,1.0,true,43.50120795064189,5
22,100.0,30,100.0,2.5,1.0,true,43.50120795064189,5
22,100.0,30,100.0,0.5,1.5,true,43.50120795064189,5
22,100.0,30,100.0,1.0,1.5,true,43.50120795064189,5
22,100.0,30,100.0,1.5,1.5,true,43.50120795064189,5
22,100.0,30,100.0,2.0,1.5,true,43.50120795064189,5
22,100.0,30,100.0,2.5,1.5,true,43.50120795064189,5
22,100.0,30,100.0,0.5,2.0,true,55.4619923082422,5
22,100.0,30,100.0,1.0,2.0,true,55.4619923082422,5
22,100.0,30,100.0,1.5,2.0,true,55.4619923082422,5
22,100.0,30,100.0,2.0,2.0,true,55.4619923082422,5
22,100.0,30,100.0,2.5,2.0,true,55.4619923082422,5
22,100.0,30,100.0,0.5,2.5,true,55.4619923082422,5
22,100.0,30,100.0,1.0,2.5,true,55.4619923082422,5
22,100.0,30,100.0,1.5,2.5,true,55.4619923082422,5
22,100.0,30,100.0,2.0,2.5,true,55.4619923082422,5
22,100.0,30,100.0,2.5,2.5,true,55.4619923082422,5
22,100.0,30,100.0,0.5,3.0,true,55.4619923082422,5
22,100.0,30,100.0,1.0,3.0,true,55.4619923082422,5
22,100.0,30,100.0,1.5,3.0,true,55.4619923082422,5
22,100.0,30,100.0,2.0,3.0,true,55.4619923082422,5
22,100.0,30,100.0,2.5,3.0,true,55.4619923082422,5
22,100.0,30,100.0,0.5,3.5,true,55.4619923082422,5
22,100.0,30,100.0,1.0,3.5,true,55.4619923082422,5
22,100.0,30,100.0,1.5,3.5,true,55.33361032907824,5
22,100.0,30,100.0,2.0,3.5,true,55.33361032907824,5
22,100.0,30,100.0,2.5,3.5,true,55.33361032907824,5
22,100.0,30,100.0,0.5,4.0,true,55.4619923082422,5
22,100.0,30,100.0,1.0,4.0,true,55.33361032907824,5
22,100.0,30,100.0,1.5,4.0,true,55.33361032907824,5
22,100.0,30,100.0,2.0,4.0,true,55.33361032907824,5
22,100.0,30,100.0,2.5,4.0,true,55.33361032907824,5
22,100.0,36,100.0,0.5,1.0,true,80.0,5
22,100.0,36,100.0,1.0,1.0,true,51.86372928204325,5
22,100.0,36,100.0,1.5,1.0,true,51.86372928204325,5
22,100.0,36,100.0,2.0,1.0,true,51.86372928204325,5
22,100.0,36,100.0,2.5,1.0,true,51.86372928204325,5
22,100.0,36,100.0,0.5,1.5,true,51.48765687644642,5
22,100.0,36,100.0,1.0,1.5,true,51.48765687644642,5
22,100.0,36,100.0,1.5,1.5,true,50.87334783969791,5
22,100.0,36,100.0,2.0,1.5,true,50.87334783969791,5
22,100.0,36,100.0,2.5,1.5,true,50.87334783969791,5
22,100.0,36,100.0,0.5,2.0,true,50.95598953370998,5
22,100.0,36,100.0,1.0,2.0,true,50.95598953370998,5
22,100.0,36,100.0,1.5,2.0,true,50.95598953370998,5
22,100.0,36,100.0,2.0,2.0,true,50.95598953370998,5
22,100.0,36,100.0,2.5,2.0,true,50.95598953370998,5
22,100.0,36,100.0,0.5,2.5,true,49.699696513316596,5
22,100.0,36,100.0,1.0,2.5,true,49.699696513316596,5
22,100.0,36,100.0,1.5,2.5,true,49.699696513316596,5
22,100.0,36,100.0,2.0,2.5,true,49.699696513316596,5
22,100.0,36,100.0,2.5,2.5,true,49.788976807697104,5
22,100.0,36,100.0,0.5,3.0,true,49.699696513316596,5
22,100.0,36,100.0,1.0,3.0,true,49.699696513316596,5
22,100.0,36,100.0,1.5,3.0,true,49.699696513316596,5
22,100.0,36,100.0,2.0,3.0,true,49.699696513316596,5
22,100.0,36,100.0,2.5,3.0,true,49.699696513316596,5
22,100.0,36,100.0,0.5,3.5,true,47.85430347704888,5
22,100.0,36,100.0,1.0,3.5,true,47.85430347704888,5
22,100.0,36,100.0,1.5,3.5,true,47.85430347704888,5
22,100.0,36,100.0,2.0,3.5,true,47.85430347704888,5
22,100.0,36,100.0,2.5,3.5,true,47.85430347704888,5
22,100.0,36,100.0,0.5,4.0,true,47.85430347704888,5
22,100.0,36,100.0,1.0,4.0,true,47.85430347704888,5
22,100.0,36,100.0,1.5,4.0,true,47.85430347704888,5
22,100.0,36,100.0,2.0,4.0,true,47.85430347704888,5
22,100.0,36,100.0,2.5,4.0,true,47.85430347704888,5
22,100.0,12,125.0,0.5,1.0,true,51.67703985288465,5
22,100.0,12,125.0,1.0,1.0,true,51.67703985288465,5
22,100.0,12,125.0,1.5,1.0,true,51.67703985288465,5
22,100.0,12,125.0,2.0,1.0,true,51.67703985288465,5
22,100.0,12,125.0,2.5,1.0,true,51.67703985288465,5
22,100.0,12,125.0,0.5,1.5,true,51.67703985288465,5
22,100.0,12,125.0,1.0,1.5,true,51.67703985288465,5
22,100.0,12,125.0,1.5,1.5,true,51.67703985288465,5
22,100.0,12,125.0,2.0,1.5,true,51.67703985288465,5
22,100.0,12,125.0,2.5,1.5,true,51.67703985288465,5
22,100.0,12,125.0,0.5,2.0,true,51.67703985288465,5
22,100.0,12,125.0,1.0,2.0,true,51.67703985288465,5
22,100.0,12,125.0,1.5,2.0,true,51.67703985288465,5
22,100.0,12,125.0,2.0,2.0,true,51.67703985288465,5
22,100.0,12,125.0,2.5,2.0,true,51.67703985288465,5
22,100.0,12,125.0,0.5,2.5,true,51.67703985288465,5
22,100.0,12,125.0,1.0,2.5,true,51.67703985288465,5
22,100.0,12,125.0,1.5,2.5,true,51.67703985288465,5
22,100.0,12,125.0,2.0,2.5,true,51.67703985288465,5
22,100.0,12,125.0,2.5,2.5,true,51.67703985288465,5
22,100.0,12,125.0,0.5,3.0,true,51.67703985288465,5
22,100.0,12,125.0,1.0,3.0,true,51.67703985288465,5
22,100.0,12,125.0,1.5,3.0,true,51.67703985288465,5
22,100.0,12,125.0,2.0,3.0,true,51.67703985288465,5
22,100.0,12,125.0,2.5,3.0,true,51.67703985288465,5
22,100.0,12,125.0,0.5,3.5,true,51.67703985288465,5
22,100.0,12,125.0,1.0,3.5,true,51.67703985288465,5
22,100.0,12,125.0,1.5,3.5,true,51.67703985288465,5
22,100.0,12,125.0,2.0,3.5,true,51.67703985288465,5
22,100.0,12,125.0,2.5,3.5,true,51.67703985288465,5
22,100.0,12,125.0,0.5,4.0,true,51.67703985288465,5
22,100.0,12,125.0,1.0,4.0,true,51.67703985288465,5
22,100.0,12,125.0,1.5,4.0,true,51.67703985288465,5
22,100.0,12,125.0,2.0,4.0,true,51.67703985288465,5
22,100.0,12,125.0,2.5,4.0,true,51.67703985288465,5
22,100.0,18,125.0,0.5,1.0,true,48.0,5
22,100.0,18,125.0,1.0,1.0,true,48.0,5
22,100.0,18,125.0,1.5,1.0,true,48.0,5
22,100.0,18,125.0,2.0,1.0,true,48.0,5
22,100.0,18,125.0,2.5,1.0,true,48.0,5
22,100.0,18,125.0,0.5,1.5,true,50.5228145720006,5
22,100.0,18,125.0,1.0,1.5,true,48.0,5
22,100.0,18,125.0,1.5,1.5,true,48.0,5
22,100.0,18,125.0,2.0,1.5,true,48.0,5
22,100.0,18,125.0,2.5,1.5,true,48.0,5
22,100.0,18,125.0,0.5,2.0,true,50.5228145720006,5
22,100.0,18,125.0,1.0,2.0,true,48.0,5
22,100.0,18,125.0,1.5,2.0,true,48.0,5
22,100.0,18,125.0,2.0,2.0,true,48.0,5
22,100.0,18,125.0,2.5,2.0,true,48.0,5
22,100.0,18,125.0,0.5,2.5,true,50.5228145720006,5
22,100.0,18,125.0,1.0,2.5,true,48.0,5
22,100.0,18,125.0,1.5,2.5,true,48.0,5
22,100.0,18,125.0,2.0,2.5,true,48.0,5
22,100.0,18,125.0,2.5,2.5,true,48.0,5
22,100.0,18,125.0,0.5,3.0,true,50.5228145720006,5
22,100.0,18,125.0,1.0,3.0,true,48.0,5
22,100.0,18,125.0,1.5,3.0,true,48.0,5
22,100.0,18,125.0,2.0,3.0,true,48.0,5
22,100.0,18,125.0,2.5,3.0,true,48.0,5
22,100.0,18,125.0,0.5,3.5,true,48.0,5
22,100.0,18,125.0,1.0,3.5,true,48.0,5
22,100.0,18,125.0,1.5,3.5,true,48.0,5
22,100.0,18,125.0,2.0,3.5,true,48.0,5
22,100.0,18,125.0,2.5,3.5,true,48.0,5
22,100.0,18,125.0,0.5,4.0,true,48.0,5
22,100.0,18,125.0,1.0,4.0,true,48.0,5
22,100.0,18,125.0,1.5,4.0,true,48.0,5
22,100.0,18,125.0,2.0,4.0,true,48.0,5
22,100.0,18,125.0,2.5,4.0,true,48.0,5
22,100.0,24,125.0,0.5,1.0,true,50.84182969393095,5
22,100.0,24,125.0,1.0,1.0,true,50.84182969393095,5
22,100.0,24,125.0,1.5,1.0,true,50.84182969393095,5
22,100.0,24,125.0,2.0,1.0,true,50.84182969393095,5
22,100.0,24,125.0,2.5,1.0,true,50.84182969393095,5
22,100.0,24,125.0,0.5,1.5,true,50.84182969393095,5
22,100.0,24,125.0,1.0,1.5,true,50.84182969393095,5
22,100.0,24,125.0,1.5,1.5,true,50.84182969393095,5
22,100.0,24,125.0,2.0,1.5,true,50.84182969393095,5
22,100.0,24,125.0,2.5,1.5,true,50.84182969393095,5
22,100.0,24,125.0,0.5,2.0,true,50.84182969393095,5
22,100.0,24,125.0,1.0,2.0,true,50.84182969393095,5
22,100.0,24,125.0,1.5,2.0,true,50.84182969393095,5
22,100.0,24,125.0,2.0,2.0,true,50.84182969393095,5
22,100.0,24,125.0,2.5,2.0,true,50.84182969393095,5
22,100.0,24,125.0,0.5,2.5,true,50.84182969393095,5
22,100.0,24,125.0,1.0,2.5,true,50.84182969393095,5
22,100.0,24,125.0,1.5,2.5,true,50.84182969393095,5
22,100.0,24,125.0,2.0,2.5,true,50.84182969393095,5
22,100.0,24,125.0,2.5,2.5,true,50.84182969393095,5
22,100.0,24,125.0,0.5,3.0,true,50.84182969393095,5
22,100.0,24,125.0,1.0,3.0,true,50.84182969393095,5
22,100.0,24,125.0,1.5,3.0,true,50.84182969393095,5
22,100.0,24,125.0,2.0,3.0,true,50.84182969393095,5
22,100.0,24,125.0,2.5,3.0,true,50.84182969393095,5
22,100.0,24,125.0,0.5,3.5,true,50.84182969393095,5
22,100.0,24,125.0,1.0,3.5,true,50.84182969393095,5
22,100.0,24,125.0,1.5,3.5,true,50.84182969393095,5
22,100.0,24,125.0,2.0,3.5,true,50.84182969393095,5
22,100.0,24,125.0,2.5,3.5,true,50.84182969393095,5
22,100.0,24,125.0,0.5,4.0,true,50.84182969393095,5
22,100.0,24,125.0,1.0,4.0,true,50.84182969393095,5
22,100.0,24,125.0,1.5,4.0,true,50.84182969393095,5
22,100.0,24,125.0,2.0,4.0,true,50.84182969393095,5
22,100.0,24,125.0,2.5,4.0,true,50.84182969393095,5
22,100.0,30,125.0,0.5,1.0,true,51.07945843204056,5
22,100.0,30,125.0,1.0,1.0,true,51.07945843204056,5
22,100.0,30,125.0,1.5,1.0,true,51.07945843204056,5
22,100.0,30,125.0,2.0,1.0,true,51.07945843204056,5
22,100.0,30,125.0,2.5,1.0,true,51.07945843204056,5
22,100.0,30,125.0,0.5,1.5,true,51.07945843204056,5
22,100.0,30,125.0,1.0,1.5,true,51.07945843204056,5
22,100.0,30,125.0,1.5,1.5,true,51.07945843204056,5
22,100.0,30,125.0,2.0,1.5,true,51.07945843204056,5
22,100.0,30,125.0,2.5,1.5,true,51.07945843204056,5
22,100.0,30,125.0,0.5,2.0,true,51.07945843204056,5
22,100.0,30,125.0,1.0,2.0,true,51.07945843204056,5
22,100.0,30,125.0,1.5,2.0,true,51.07945843204056,5
22,100.0,30,125.0,2.0,2.0,true,51.07945843204056,5
22,100.0,30,125.0,2.5,2.0,true,51.07945843204056,5
22,100.0,30,125.0,0.5,2.5,true,51.07945843204056,5
22,100.0,30,125.0,1.0,2.5,true,51.07945843204056,5
22,100.0,30,125.0,1.5,2.5,true,51.07945843204056,5
22,100.0,30,125.0,2.0,2.5,true,51.07945843204056,5
22,100.0,30,125.0,2.5,2.5,true,51.07945843204056,5
22,100.0,30,125.0,0.5,3.0,true,51.07945843204056,5
22,100.0,30,125.0,1.0,3.0,true,51.07945843204056,5
22,100.0,30,125.0,1.5,3.0,true,51.07945843204056,5
22,100.0,30,125.0,2.0,3.0,true,51.07945843204056,5
22,100.0,30,125.0,2.5,3.0,true,51.07945843204056,5
22,100.0,30,125.0,0.5,3.5,true,51.07945843204056,5
22,100.0,30,125.0,1.0,3.5,true,51.07945843204056,5
22,100.0,30,125.0,1.5,3.5,true,51.07945843204056,5
22,100.0,30,125.0,2.0,3.5,true,51.07945843204056,5
22,100.0,30,125.0,2.5,3.5,true,51.07945843204056,5
22,100.0,30,125.0,0.5,4.0,true,51.07945843204056,5
22,100.0,30,125.0,1.0,4.0,true,51.07945843204056,5
22,100.0,30,125.0,1.5,4.0,true,51.07945843204056,5
22,100.0,30,125.0,2.0,4.0,true,51.07945843204056,5
22,100.0,30,125.0,2.5,4.0,true,51.07945843204056,5
22,100.0,36,125.0,0.5,1.0,true,50.813049521168345,5
22,100.0,36,125.0,1.0,1.0,true,50.813049521168345,5
22,100.0,36,125.0,1.5,1.0,true,50.813049521168345,5
22,100.0,36,125.0,2.0,1.0,true,50.813049521168345,5
22,100.0,36,125.0,2.5,1.0,true,50.813049521168345,5
22,100.0,36,125.0,0.5,1.5,true,50.813049521168345,5
22,100.0,36,125.0,1.0,1.5,true,50.813049521168345,5
22,100.0,36,125.0,1.5,1.5,true,50.813049521168345,5
22,100.0,36,125.0,2.0,1.5,true,50.813049521168345,5
22,100.0,36,125.0,2.5,1.5,true,50.813049521168345,5
22,100.0,36,125.0,0.5,2.0,true,50.813049521168345,5
22,100.0,36,125.0,1.0,2.0,true,50.813049521168345,5
22,100.0,36,125.0,1.5,2.0,true,50.813049521168345,5
22,100.0,36,125.0,2.0,2.0,true,50.813049521168345,5
22,100.0,36,125.0,2.5,2.0,true,50.813049521168345,5
22,100.0,36,125.0,0.5,2.5,true,50.813049521168345,5
22,100.0,36,125.0,1.0,2.5,true,50.813049521168345,5
22,100.0,36,125.0,1.5,2.5,true,50.813049521168345,5
22,100.0,36,125.0,2.0,2.5,true,50.813049521168345,5
22,100.0,36,125.0,2.5,2.5,true,50.813049521168345,5
22,100.0,36,125.0,0.5,3.0,true,50.813049521168345,5
22,100.0,36,125.0,1.0,3.0,true,50.813049521168345,5
22,100.0,36,125.0,1.5,3.0,true,50.813049521168345,5
22,100.0,36,125.0,2.0,3.0,true,50.813049521168345,5
22,100.0,36,125.0,2.5,3.0,true,50.813049521168345,5
22,100.0,36,125.0,0.5,3.5,true,50.813049521168345,5
22,100.0,36,125.0,1.0,3.5,true,50.813049521168345,5
22,100.0,36,125.0,1.5,3.5,true,50.813049521168345,5
22,100.0,36,125.0,2.0,3.5,true,50.813049521168345,5
22,100.0,36,125.0,2.5,3.5,true,50.813049521168345,5
22,100.0,36,125.0,0.5,4.0,true,50.813049521168345,5
22,100.0,36,125.0,1.0,4.0,true,50.813049521168345,5
22,100.0,36,125.0,1.5,4.0,true,50.813049521168345,5
22,100.0,36,125.0,2.0,4.0,true,50.813049521168345,5
22,100.0,36,125.0,2.5,4.0,true,50.813049521168345,5
22,100.0,12,150.0,0.5,1.0,true,48.07990087013272,5
22,100.0,12,150.0,1.0,1.0,true,48.07990087013272,5
22,100.0,12,150.0,1.5,1.0,true,48.07990087013272,5
22,100.0,12,150.0,2.0,1.0,true,48.07990087013272,5
22,100.0,12,150.0,2.5,1.0,true,48.07990087013272,5
22,100.0,12,150.0,0.5,1.5,true,48.07990087013272,5
22,100.0,12,150.0,1.0,1.5,true,48.07990087013272,5
22,100.0,12,150.0,1.5,1.5,true,48.07990087013272,5
22,100.0,12,150.0,2.0,1.5,true,48.07990087013272,5
22,100.0,12,150.0,2.5,1.5,true,48.07990087013272,5
22,100.0,12,150.0,0.5,2.0,true,48.07990087013272,5
22,100.0,12,150.0,1.0,2.0,true,48.07990087013272,5
22,100.0,12,150.0,1.5,2.0,true,48.07990087013272,5
22,100.0,12,150.0,2.0,2.0,true,48.07990087013272,5
22,100.0,12,150.0,2.5,2.0,true,48.07990087013272,5
22,100.0,12,150.0,0.5,2.5,true,48.07990087013272,5
22,100.0,12,150.0,1.0,2.5,true,48.07990087013272,5
22,100.0,12,150.0,1.5,2.5,true,48.07990087013272,5
22,100.0,12,150.0,2.0,2.5,true,48.07990087013272,5
22,100.0,12,150.0,2.5,2.5,true,48.07990087013272,5
22,100.0,12,150.0,0.5,3.0,true,48.07990087013272,5
22,100.0,12,150.0,1.0,3.0,true,48.07990087013272,5
22,100.0,12,150.0,1.5,3.0,true,48.07990087013272,5
22,100.0,12,150.0,2.0,3.0,true,48.07990087013272,5
22,100.0,12,150.0,2.5,3.0,true,48.07990087013272,5
22,100.0,12,150.0,0.5,3.5,true,48.07990087013272,5
22,100.0,12,150.0,1.0,3.5,true,48.07990087013272,5
22,100.0,12,150.0,1.5,3.5,true,48.07990087013272,5
22,100.0,12,150.0,2.0,3.5,true,48.07990087013272,5
22,100.0,12,150.0,2.5,3.5,true,48.07990087013272,5
22,100.0,12,150.0,0.5,4.0,true,48.07990087013272,5
22,100.0,12,150.0,1.0,4.0,true,48.07990087013272,5
22,100.0,12,150.0,1.5,4.0,true,48.07990087013272,5
22,100.0,12,150.0,2.0,4.0,true,48.07990087013272,5
22,100.0,12,150.0,2.5,4.0,true,48.07990087013272,5
22,100.0,18,150.0,0.5,1.0,true,55.69262311084735,5
22,100.0,18,150.0,1.0,1.0,true,55.30171880718799,5
22,100.0,18,150.0,1.5,1.0,true,55.30171880718799,5
22,100.0,18,150.0,2.0,1.0,true,55.30171880718799,5
22,100.0,18,150.0,2.5,1.0,true,55.30171880718799,5
22,100.0,18,150.0,0.5,1.5,true,55.69262311084735,5
22,100.0,18,150.0,1.0,1.5,true,55.69262311084735,5
22,100.0,18,150.0,1.5,1.5,true,55.69262311084735,5
22,100.0,18,150.0,2.0,1.5,true,55.69262311084735,5
22,100.0,18,150.0,2.5,1.5,true,55.69262311084735,5
22,100.0,18,150.0,0.5,2.0,true,55.69262311084735,5
22,100.0,18,150.0,1.0,2.0,true,55.69262311084735,5
22,100.0,18,150.0,1.5,2.0,true,55.69262311084735,5
22,100.0,18,150.0,2.0,2.0,true,55.69262311084735,5
22,100.0,18,150.0,2.5,2.0,true,55.69262311084735,5
22,100.0,18,150.0,0.5,2.5,true,59.93479430780133,5
22,100.0,18,150.0,1.0,2.5,true,55.69262311084735,5
22,100.0,18,150.0,1.5,2.5,true,55.69262311084735,5
22,100.0,18,150.0,2.0,2.5,true,55.69262311084735,5
22,100.0,18,150.0,2.5,2.5,true,55.69262311084735,5
22,100.0,18,150.0,0.5,3.0,true,59.93479430780133,5
22,100.0,18,150.0,1.0,3.0,true,59.93479430780133,5
22,100.0,18,150.0,1.5,3.0,true,59.93479430780133,5
22,100.0,18,150.0,2.0,3.0,true,59.93479430780133,5
22,100.0,18,150.0,2.5,3.0,true,59.93479430780133,5
22,100.0,18,150.0,0.5,3.5,true,59.93479430780133,5
22,100.0,18,150.0,1.0,3.5,true,59.93479430780133,5
22,100.0,18,150.0,1.5,3.5,true,59.93479430780133,5
22,100.0,18,150.0,2.0,3.5,true,59.93479430780133,5
22,100.0,18,150.0,2.5,3.5,true,59.93479430780133,5
22,100.0,18,150.0,0.5,4.0,true,59.93479430780133,5
22,100.0,18,150.0,1.0,4.0,true,59.93479430780133,5
22,100.0,18,150.0,1.5,4.0,true,59.93479430780133,5
22,100.0,18,150.0,2.0,4.0,true,59.93479430780133,5
22,100.0,18,150.0,2.5,4.0,true,59.93479430780133,5
22,100.0,24,150.0,0.5,1.0,true,48.076553211944564,5
22,100.0,24,150.0,1.0,1.0,true,48.076553211944564,5
22,100.0,24,150.0,1.5,1.0,true,48.076553211944564,5
22,100.0,24,150.0,2.0,1.0,true,48.076553211944564,5
22,100.0,24,150.0,2.5,1.0,true,48.076553211944564,5
22,100.0,24,150.0,0.5,1.5,true,48.076553211944564,5
22,100.0,24,150.0,1.0,1.5,true,48.076553211944564,5
22,100.0,24,150.0,1.5,1.5,true,48.076553211944564,5
22,100.0,24,150.0,2.0,1.5,true,48.076553211944564,5
22,100.0,24,150.0,2.5,1.5,true,48.076553211944564,5
22,100.0,24,150.0,0.5,2.0,true,48.076553211944564,5
22,100.0,24,150.0,1.0,2.0,true,48.076553211944564,5
22,100.0,24,150.0,1.5,2.0,true,48.076553211944564,5
22,100.0,24,150.0,2.0,2.0,true,48.076553211944564,5
22,100.0,24,150.0,2.5,2.0,true,48.076553211944564,5
22,100.0,24,150.0,0.5,2.5,true,48.076553211944564,5
22,100.0,24,150.0,1.0,2.5,true,48.076553211944564,5
22,100.0,24,150.0,1.5,2.5,true,48.076553211944564,5
22,100.0,24,150.0,2.0,2.5,true,48.076553211944564,5
22,100.0,24,150.0,2.5,2.5,true,48.076553211944564,5
22,100.0,24,150.0,0.5,3.0,true,48.076553211944564,5
22,100.0,24,150.0,1.0,3.0,true,48.076553211944564,5
22,100.0,24,150.0,1.5,3.0,true,48.076553211944564,5
22,100.0,24,150.0,2.0,3.0,true,48.076553211944564,5
22,100.0,24,150.0,2.5,3.0,true,48.076553211944564,5
22,100.0,24,150.0,0.5,3.5,true,48.076553211944564,5
22,100.0,24,150.0,1.0,3.5,true,48.076553211944564,5
22,100.0,24,150.0,1.5,3.5,true,48.076553211944564,5
22,100.0,24,150.0,2.0,3.5,true,48.076553211944564,5
22,100.0,24,150.0,2.5,3.5,true,48.076553211944564,5
22,100.0,24,150.0,0.5,4.0,true,48.076553211944564,5
22,100.0,24,150.0,1.0,4.0,true,48.076553211944564,5
22,100.0,24,150.0,1.5,4.0,true,48.076553211944564,5
22,100.0,24,150.0,2.0,4.0,true,48.076553211944564,5
22,100.0,24,150.0,2.5,4.0,true,48.076553211944564,5
22,100.0,30,150.0,0.5,1.0,true,48.0,5
22,100.0,30,150.0,1.0,1.0,true,48.0,5
22,100.0,30,150.0,1.5,1.0,true,48.0,5
22,100.0,30,150.0,2.0,1.0,true,48.0,5
22,100.0,30,150.0,2.5,1.0,true,48.0,5
22,100.0,30,150.0,0.5,1.5,true,133.9850623125379,5
22,100.0,30,150.0,1.0,1.5,true,85.81260289312715,5
22,100.0,30,150.0,1.5,1.5,true,85.81260289312715,5
22,100.0,30,150.0,2.0,1.5,true,82.2900324926819,5
22,100.0,30,150.0,2.5,1.5,true,82.2900324926819,5
22,100.0,30,150.0,0.5,2.0,true,110.39227780813606,5
22,100.0,30,150.0,1.0,2.0,true,82.7163306088096,5
22,100.0,30,150.0,1.5,2.0,true,82.7163306088096,5
22,100.0,30,150.0,2.0,2.0,true,82.7163306088096,5
22,100.0,30,150.0,2.5,2.0,true,82.7163306088096,5
22,100.0,30,150.0,0.5,2.5,true,110.39227780813606,5
22,100.0,30,150.0,1.0,2.5,true,82.7163306088096,5
22,100.0,30,150.0,1.5,2.5,true,82.7163306088096,5
22,100.0,30,150.0,2.0,2.5,true,82.7163306088096,5
22,100.0,30,150.0,2.5,2.5,true,82.7163306088096,5
22,100.0,30,150.0,0.5,3.0,true,110.39227780813606,5
22,100.0,30,150.0,1.0,3.0,true,70.59842612232326,5
22,100.0,30,150.0,1.5,3.0,true,70.59842612232326,5
22,100.0,30,150.0,2.0,3.0,true,82.70929272758099,5
22,100.0,30,150.0,2.5,3.0,true,82.70929272758099,5
22,100.0,30,150.0,0.5,3.5,true,64.4140575491708,5
22,100.0,30,150.0,1.0,3.5,true,56.0,5
22,100.0,30,150.0,1.5,3.5,true,56.0,5
22,100.0,30,150.0,2.0,3.5,true,56.0,5
22,100.0,30,150.0,2.5,3.5,true,56.0,5
22,100.0,30,150.0,0.5,4.0,true,56.0,5
22,100.0,30,150.0,1.0,4.0,true,56.0,5
22,100.0,30,150.0,1.5,4.0,true,56.0,5
22,100.0,30,150.0,2.0,4.0,true,56.0,5
22,100.0,30,150.0,2.5,4.0,true,56.0,5
22,100.0,36,150.0,0.5,1.0,true,61.408577477449775,5
22,100.0,36,150.0,1.0,1.0,true,61.408577477449775,5
22,100.0,36,150.0,1.5,1.0,true,61.408577477449775,5
22,100.0,36,150.0,2.0,1.0,true,61.408577477449775,5
22,100.0,36,150.0,2.5,1.0,true,64.79566064700025,5
22,100.0,36,150.0,0.5,1.5,true,61.24638603069709,5
22,100.0,36,150.0,1.0,1.5,true,47.54555825227408,5
22,100.0,36,150.0,1.5,1.5,true,47.54555825227408,5
22,100.0,36,150.0,2.0,1.5,true,47.54555825227408,5
22,100.0,36,150.0,2.5,1.5,true,47.54555825227408,5
22,100.0,36,150.0,0.5,2.0,true,47.54555825227408,5
22,100.0,36,150.0,1.0,2.0,true,47.54555825227408,5
22,100.0,36,150.0,1.5,2.0,true,47.54555825227408,5
22,100.0,36,150.0,2.0,2.0,true,47.54555825227408,5
22,100.0,36,150.0,2.5,2.0,true,47.54555825227408,5
22,100.0,36,150.0,0.5,2.5,true,47.54555825227408,5
22,100.0,36,150.0,1.0,2.5,true,47.54555825227408,5
22,100.0,36,150.0,1.5,2.5,true,47.54555825227408,5
22,100.0,36,150.0,2.0,2.5,true,47.54555825227408,5
22,100.0,36,150.0,2.5,2.5,true,47.54555825227408,5
22,100.0,36,150.0,0.5,3.0,true,47.54555825227408,5
22,100.0,36,150.0,1.0,3.0,true,47.54555825227408,5
22,100.0,36,150.0,1.5,3.0,true,47.54555825227408,5
22,100.0,36,150.0,2.0,3.0,true,47.54555825227408,5
22,100.0,36,150.0,2.5,3.0,true,47.54555825227408,5
22,100.0,36,150.0,0.5,3.5,true,47.54555825227408,5
22,100.0,36,150.0,1.0,3.5,true,47.54555825227408,5
22,100.0,36,150.0,1.5,3.5,true,47.54555825227408,5
22,100.0,36,150.0,2.0,3.5,true,47.54555825227408,5
22,100.0,36,150.0,2.5,3.5,true,47.54555825227408,5
22,100.0,36,150.0,0.5,4.0,true,47.54555825227408,5
22,100.0,36,150.0,1.0,4.0,true,47.54555825227408,5
22,100.0,36,150.0,1.5,4.0,true,47.54555825227408,5
22,100.0,36,150.0,2.0,4.0,true,47.54555825227408,5
22,100.0,36,150.0,2.5,4.0,true,47.54555825227408,5
29,100.0,12,50.0,0.5,1.0,true,40.762093321122414,5
29,100.0,12,50.0,1.0,1.0,true,32.79698280150823,5
29,100.0,12,50.0,1.5,1.0,true,32.79698280150823,5
29,100.0,12,50.0,2.0,1.0,true,32.79698280150823,5
29,100.0,12,50.0,2.5,1.0,true,32.79698280150823,5
29,100.0,12,50.0,0.5,1.5,true,32.79698280150823,5
29,100.0,12,50.0,1.0,1.5,true,32.79698280150823,5
29,100.0,12,50.0,1.5,1.5,true,32.79698280150823,5
29,100.0,12,50.0,2.0,1.5,true,32.79698280150823,5
29,100.0,12,50.0,2.5,1.5,true,32.79698280150823,5
29,100.0,12,50.0,0.5,2.0,true,32.79698280150823,5
29,100.0,12,50.0,1.0,2.0,true,32.79698280150823,5
29,100.0,12,50.0,1.5,2.0,true,32.79698280150823,5
29,100.0,12,50.0,2.0,2.0,true,32.79698280150823,5
29,100.0,12,50.0,2.5,2.0,true,32.79698280150823,5
29,100.0,12,50.0,0.5,2.5,true,32.79698280150823,5
29,100.0,12,50.0,1.0,2.5,true,32.79698280150823,5
29,100.0,12,50.0,1.5,2.5,true,32.79698280150823,5
29,100.0,12,50.0,2.0,2.5,true,32.79698280150823,5
29,100.0,12,50.0,2.5,2.5,true,32.79698280150823,5
29,100.0,12,50.0,0.5,3.0,true,32.79698280150823,5
29,100.0,12,50.0,1.0,3.0,true,32.79698280150823,5
29,100.0,12,50.0,1.5,3.0,true,32.79698280150823,5
29,100.0,12,50.0,2.0,3.0,true,32.79698280150823,5
29,100.0,12,50.0,2.5,3.0,true,32.79698280150823,5
29,100.0,12,50.0,0.5,3.5,true,32.79698280150823,5
29,100.0,12,50.0,1.0,3.5,true,32.79698280150823,5
29,100.0,12,50.0,1.5,3.5,true,32.79698280150823,5
29,100.0,12,50.0,2.0,3.5,true,32.79698280150823,5
29,100.0,12,50.0,2.5,3.5,true,32.79698280150823,5
29,100.0,12,50.0,0.5,4.0,true,32.79698280150823,5
29,100.0,12,50.0,1.0,4.0,true,32.79698280150823,5
29,100.0,12,50.0,1.5,4.0,true,32.79698280150823,5
29,100.0,12,50.0,2.0,4.0,true,32.79698280150823,5
29,100.0,12,50.0,2.5,4.0,true,32.79698280150823,5
29,100.0,18,50.0,0.5,1.0,true,39.136067070176956,5
29,100.0,18,50.0,1.0,1.0,true,38.880204917373426,5
29,100.0,18,50.0,1.5,1.0,true,37.30641552827497,5
29,100.0,18,50.0,2.0,1.0,true,39.158151389522786,5
29,100.0,18,50.0,2.5,1.0,true,39.158151389522786,5
29,100.0,18,50.0,0.5,1.5,true,39.136067070176956,5
29,100.0,18,50.0,1.0,1.5,true,38.880204917373426,5
29,100.0,18,50.0,1.5,1.5,true,39.158151389522786,5
29,100.0,18,50.0,2.0,1.5,true,39.158151389522786,5
29,100.0,18,50.0,2.5,1.5,true,39.158151389522786,5
29,100.0,18,50.0,0.5,2.0,true,38.880204917373426,5
29,100.0,18,50.0,1.0,2.0,true,37.30641552827497,5
29,100.0,18,50.0,1.5,2.0,true,39.158151389522786,5
29,100.0,18,50.0,2.0,2.0,true,39.158151389522786,5
29,100.0,18,50.0,2.5,2.0,true,39.158151389522786,5
29,100.0,18,50.0,0.5,2.5,true,38.880204917373426,5
29,100.0,18,50.0,1.0,2.5,true,39.158151389522786,5
29,100.0,18,50.0,1.5,2.5,true,39.158151389522786,5
29,100.0,18,50.0,2.0,2.5,true,39.158151389522786,5
29,100.0,18,50.0,2.5,2.5,true,39.158151389522786,5
29,100.0,18,50.0,0.5,3.0,true,37.30641552827497,5
29,100.0,18,50.0,1.0,3.0,true,39.158151389522786,5
29,100.0,18,50.0,1.5,3.0,true,39.158151389522786,5
29,100.0,18,50.0,2.0,3.0,true,39.158151389522786,5
29,100.0,18,50.0,2.5,3.0,true,39.158151389522786,5
29,100.0,18,50.0,0.5,3.5,true,39.158151389522786,5
29,100.0,18,50.0,1.0,3.5,true,39.158151389522786,5
29,100.0,18,50.0,1.5,3.5,true,39.158151389522786,5
29,100.0,18,50.0,2.0,3.5,true,39.158151389522786,5
29,100.0,18,50.0,2.5,3.5,true,39.158151389522786,5
29,100.0,18,50.0,0.5,4.0,true,39.158151389522786,5
29,100.0,18,50.0,1.0,4.0,true,39.158151389522786,5
29,100.0,18,50.0,1.5,4.0,true,39.158151389522786,5
29,100.0,18,50.0,2.0,4.0,true,39.158151389522786,5
29,100.0,18,50.0,2.5,4.0,true,39.158151389522786,5
29,100.0,24,50.0,0.5,1.0,true,41.0,5
29,100.0,24,50.0,1.0,1.0,true,36.88045678278803,5
29,100.0,24,50.0,1.5,1.0,true,34.76126931187676,5
29,100.0,24,50.0,2.0,1.0,true,32.79698280150823,5
29,100.0,24,50.0,2.5,1.0,true,32.79698280150823,5
29,100.0,24,50.0,0.5,1.5,true,27.0,5
29,100.0,24,50.0,1.0,1.5,true,27.0,5
29,100.0,24,50.0,1.5,1.5,true,27.0,5
29,100.0,24,50.0,2.0,1.5,true,27.0,5
29,100.0,24,50.0,2.5,1.5,true,27.0,5
29,100.0,24,50.0,0.5,2.0,true,27.0,5
29,100.0,24,50.0,1.0,2.0,true,27.0,5
29,100.0,24,50.0,1.5,2.0,true,27.0,5
29,100.0,24,50.0,2.0,2.0,true,27.0,5
29,100.0,24,50.0,2.5,2.0,true,27.0,5
29,100.0,24,50.0,0.5,2.5,true,33.7878057816278,5
29,100.0,24,50.0,1.0,2.5,true,33.7878057816278,5
29,100.0,24,50.0,1.5,2.5,true,33.7878057816278,5
29,100.0,24,50.0,2.0,2.5,true,33.7878057816278,5
29,100.0,24,50.0,2.5,2.5,true,33.7878057816278,5
29,100.0,24,50.0,0.5,3.0,true,34.040793685083614,5
29,100.0,24,50.0,1.0,3.0,true,34.040793685083614,5
29,100.0,24,50.0,1.5,3.0,true,34.040793685083614,5
29,100.0,24,50.0,2.0,3.0,true,34.040793685083614,5
29,100.0,24,50.0,2.5,3.0,true,34.040793685083614,5
29,100.0,24,50.0,0.5,3.5,true,34.040793685083614,5
29,100.0,24,50.0,1.0,3.5,true,34.040793685083614,5
29,100.0,24,50.0,1.5,3.5,true,34.040793685083614,5
29,100.0,24,50.0,2.0,3.5,true,34.040793685083614,5
29,100.0,24,50.0,2.5,3.5,true,34.040793685083614,5
29,100.0,24,50.0,0.5,4.0,true,34.040793685083614,5
29,100.0,24,50.0,1.0,4.0,true,34.040793685083614,5
29,100.0,24,50.0,1.5,4.0,true,34.040793685083614,5
29,100.0,24,50.0,2.0,4.0,true,34.040793685083614,5
29,100.0,24,50.0,2.5,4.0,true,34.040793685083614,5
29,100.0,30,50.0,0.5,1.0,true,27.0,5
29,100.0,30,50.0,1.0,1.0,true,27.0,5
29,100.0,30,50.0,1.5,1.0,true,27.0,5
29,100.0,30,50.0,2.0,1.0,true,27.0,5
29,100.0,30,50.0,2.5,1.0,true,27.0,5
29,100.0,30,50.0,0.5,1.5,true,32.11721272861312,5
29,100.0,30,50.0,1.0,1.5,true,32.11721272861312,5
29,100.0,30,50.0,1.5,1.5,true,32.11721272861312,5
29,100.0,30,50.0,2.0,1.5,true,32.11721272861312,5
29,100.0,30,50.0,2.5,1.5,true,32.11721272861312,5
29,100.0,30,50.0,0.5,2.0,true,32.11721272861312,5
29,100.0,30,50.0,1.0,2.0,true,32.11721272861312,5
29,100.0,30,50.0,1.5,2.0,true,32.11721272861312,5
29,100.0,30,50.0,2.0,2.0,true,32.11721272861312,5
29,100.0,30,50.0,2.5,2.0,true,32.11721272861312,5
29,100.0,30,50.0,0.5,2.5,true,32.11721272861312,5
29,100.0,30,50.0,1.0,2.5,true,32.11721272861312,5
29,100.0,30,50.0,1.5,2.5,true,32.11721272861312,5
29,100.0,30,50.0,2.0,2.5,true,32.11721272861312,5
29,100.0,30,50.0,2.5,2.5,true,32.11721272861312,5
29,100.0,30,50.0,0.5,3.0,true,32.11721272861312,5
29,100.0,30,50.0,1.0,3.0,true,32.11721272861312,5
29,100.0,30,50.0,1.5,3.0,true,32.11721272861312,5
29,100.0,30,50.0,2.0,3.0,true,32.11721272861312,5
29,100.0,30,50.0,2.5,3.0,true,32.11721272861312,5
29,100.0,30,50.0,0.5,3.5,true,32.11721272861312,5
29,100.0,30,50.0,1.0,3.5,true,32.11721272861312,5
29,100.0,30,50.0,1.5,3.5,true,32.11721272861312,5
29,100.0,30,50.0,2.0,3.5,true,32.11721272861312,5
29,100.0,30,50.0,2.5,3.5,true,32.11721272861312,5
29,100.0,30,50.0,0.5,4.0,true,32.11721272861312,5
29,100.0,30,50.0,1.0,4.0,true,32.11721272861312,5
29,100.0,30,50.0,1.5,4.0,true,32.11721272861312,5
29,100.0,30,50.0,2.0,4.0,true,32.11721272861312,5
29,100.0,30,50.0,2.5,4.0,true,32.11721272861312,5
29,100.0,36,50.0,0.5,1.0,true,27.0,5
29,100.0,36,50.0,1.0,1.0,true,27.0,5
29,100.0,36,50.0,1.5,1.0,true,27.0,5
29,100.0,36,50.0,2.0,1.0,true,27.0,5
29,100.0,36,50.0,2.5,1.0,true,27.0,5
29,100.0,36,50.0,0.5,1.5,true,27.0,5
29,100.0,36,50.0,1.0,1.5,true,27.0,5
29,100.0,36,50.0,1.5,1.5,true,27.0,5
29,100.0,36,50.0,2.0,1.5,true,27.0,5
29,100.0,36,50.0,2.5,1.5,true,27.0,5
29,100.0,36,50.0,0.5,2.0,true,27.0,5
29,100.0,36,50.0,1.0,2.0,true,27.0,5
29,100.0,36,50.0,1.5,2.0,true,27.0,5
29,100.0,36,50.0,2.0,2.0,true,27.0,5
29,100.0,36,50.0,2.5,2.0,true,27.0,5
29,100.0,36,50.0,0.5,2.5,true,33.7878057816278,5
29,100.0,36,50.0,1.0,2.5,true,33.7878057816278,5
29,100.0,36,50.0,1.5,2.5,true,33.7878057816278,5
29,100.0,36,50.0,2.0,2.5,true,33.7878057816278,5
29,100.0,36,50.0,2.5,2.5,true,33.7878057816278,5
29,100.0,36,50.0,0.5,3.0,true,33.7878057816278,5
29,100.0,36,50.0,1.0,3.0,true,33.7878057816278,5
29,100.0,36,50.0,1.5,3.0,true,33.7878057816278,5
29,100.0,36,50.0,2.0,3.0,true,33.7878057816278,5
29,100.0,36,50.0,2.5,3.0,true,33.7878057816278,5
29,100.0,36,50.0,0.5,3.5,true,33.7878057816278,5
29,100.0,36,50.0,1.0,3.5,true,33.7878057816278,5
29,100.0,36,50.0,1.5,3.5,true,33.7878057816278,5
29,100.0,36,50.0,2.0,3.5,true,33.7878057816278,5
29,100.0,36,50.0,2.5,3.5,true,33.7878057816278,5
29,100.0,36,50.0,0.5,4.0,true,33.7878057816278,5
29,100.0,36,50.0,1.0,4.0,true,33.7878057816278,5
29,100.0,36,50.0,1.5,4.0,true,33.7878057816278,5
29,100.0,36,50.0,2.0,4.0,true,33.7878057816278,5
29,100.0,36,50.0,2.5,4.0,true,33.7878057816278,5
29,100.0,12,75.0,0.5,1.0,true,65.74357703377495,5
29,100.0,12,75.0,1.0,1.0,true,50.849265526139426,5
29,100.0,12,75.0,1.5,1.0,true,86.16232172916368,5
29,100.0,12,75.0,2.0,1.0,true,66.14625242824035,5
29,100.0,12,75.0,2.5,1.0,true,66.14625242824035,5
29,100.0,12,75.0,0.5,1.5,true,79.64689728025704,5
29,100.0,12,75.0,1.0,1.5,true,100.0,5
29,100.0,12,75.0,1.5,1.5,true,105.46921800555697,5
29,100.0,12,75.0,2.0,1.5,true,126.50094585113818,5
29,100.0,12,75.0,2.5,1.5,true,132.0,5
29,100.0,12,75.0,0.5,2.0,false,NaN,1
29,100.0,12,75.0,1.0,2.0,false,NaN,1
29,100.0,12,75.0,1.5,2.0,true,120.12886148311235,5
29,100.0,12,75.0,2.0,2.0,true,126.50094585113818,5
29,100.0,12,75.0,2.5,2.0,true,126.49064795642012,5
29,100.0,12,75.0,0.5,2.5,false,NaN,4
29,100.0,12,75.0,1.0,2.5,true,120.12886148311235,5
29,100.0,12,75.0,1.5,2.5,true,126.50094585113818,5
29,100.0,12,75.0,2.0,2.5,true,126.50094585113818,5
29,100.0,12,75.0,2.5,2.5,true,126.59812713048386,5
29,100.0,12,75.0,0.5,3.0,true,134.55588597660173,5
29,100.0,12,75.0,1.0,3.0,true,126.50094585113818,5
29,100.0,12,75.0,1.5,3.0,true,126.50094585113818,5
29,100.0,12,75.0,2.0,3.0,true,126.50094585113818,5
29,100.0,12,75.0,2.5,3.0,true,126.50094585113818,5
29,100.0,12,75.0,0.5,3.5,true,116.37547531642716,5
29,100.0,12,75.0,1.0,3.5,true,126.50094585113818,5
29,100.0,12,75.0,1.5,3.5,true,126.50094585113818,5
29,100.0,12,75.0,2.0,3.5,true,126.50094585113818,5
29,100.0,12,75.0,2.5,3.5,true,126.50094585113818,5
29,100.0,12,75.0,0.5,4.0,true,139.62408104563585,5
29,100.0,12,75.0,1.0,4.0,false,NaN,4
29,100.0,12,75.0,1.5,4.0,true,126.50094585113818,5
29,100.0,12,75.0,2.0,4.0,true,126.50094585113818,5
29,100.0,12,75.0,2.5,4.0,true,126.50094585113818,5
29,100.0,18,75.0,0.5,1.0,true,50.87984434069537,5
29,100.0,18,75.0,1.0,1.0,true,50.87984434069537,5
29,100.0,18,75.0,1.5,1.0,true,50.87984434069537,5
29,100.0,18,75.0,2.0,1.0,true,50.87984434069537,5
29,100.0,18,75.0,2.5,1.0,true,50.87984434069537,5
29,100.0,18,75.0,0.5,1.5,true,55.38844566588629,5
29,100.0,18,75.0,1.0,1.5,true,49.80672807093293,5
29,100.0,18,75.0,1.5,1.5,true,82.08218257989228,5
29,100.0,18,75.0,2.0,1.5,true,62.45754913066187,5
29,100.0,18,75.0,2.5,1.5,true,75.53488869740391,5
29,100.0,18,75.0,0.5,2.0,true,55.38844566588629,5
29,100.0,18,75.0,1.0,2.0,true,49.80672807093293,5
29,100.0,18,75.0,1.5,2.0,true,80.73246603448632,5
29,100.0,18,75.0,2.0,2.0,true,62.45754913066187,5
29,100.0,18,75.0,2.5,2.0,true,100.21598821528902,5
29,100.0,18,75.0,0.5,2.5,true,55.38844566588629,5
29,100.0,18,75.0,1.0,2.5,true,49.80672807093293,5
29,100.0,18,75.0,1.5,2.5,true,87.8181342516339,5
29,100.0,18,75.0,2.0,2.5,true,102.21798510966669,5
29,100.0,18,75.0,2.5,2.5,true,77.70185197897453,5
29,100.0,18,75.0,0.5,3.0,true,55.38844566588629,5
29,100.0,18,75.0,1.0,3.0,true,77.56391962281569,5
29,100.0,18,75.0,1.5,3.0,true,149.04645044837702,5
29,100.0,18,75.0,2.0,3.0,true,106.57624252604191,5
29,100.0,18,75.0,2.5,3.0,true,64.08817877371935,5
29,100.0,18,75.0,0.5,3.5,true,96.13979032194372,5
29,100.0,18,75.0,1.0,3.5,true,96.13979032194372,5
29,100.0,18,75.0,1.5,3.5,true,75.92483110681887,5
29,100.0,18,75.0,2.0,3.5,true,61.355391266973406,5
29,100.0,18,75.0,2.5,3.5,true,65.0,5
29,100.0,18,75.0,0.5,4.0,true,96.13979032194372,5
29,100.0,18,75.0,1.0,4.0,true,96.13979032194372,5
29,100.0,18,75.0,1.5,4.0,true,96.13979032194372,5
29,100.0,18,75.0,2.0,4.0,true,61.355391266973406,5
29,100.0,18,75.0,2.5,4.0,true,65.0,5
29,100.0,24,75.0,0.5,1.0,true,70.26234640804233,5
29,100.0,24,75.0,1.0,1.0,true,55.78221602074221,5
29,100.0,24,75.0,1.5,1.0,true,46.0,5
29,100.0,24,75.0,2.0,1.0,true,43.75209838239633,5
29,100.0,24,75.0,2.5,1.0,true,43.75209838239633,5
29,100.0,24,75.0,0.5,1.5,true,85.0198972584053,5
29,100.0,24,75.0,1.0,1.5,true,85.0198972584053,5
29,100.0,24,75.0,1.5,1.5,true,85.0198972584053,5
29,100.0,24,75.0,2.0,1.5,true,85.0198972584053,5
29,100.0,24,75.0,2.5,1.5,true,85.0198972584053,5
29,100.0,24,75.0,0.5,2.0,true,77.58403360027644,5
29,100.0,24,75.0,1.0,2.0,true,77.58403360027644,5
29,100.0,24,75.0,1.5,2.0,true,77.58403360027644,5
29,100.0,24,75.0,2.0,2.0,true,77.58403360027644,5
29,100.0,24,75.0,2.5,2.0,true,77.58403360027644,5
29,100.0,24,75.0,0.5,2.5,true,77.58403360027644,5
29,100.0,24,75.0,1.0,2.5,true,77.58403360027644,5
29,100.0,24,75.0,1.5,2.5,true,77.58403360027644,5
29,100.0,24,75.0,2.0,2.5,true,77.58403360027644,5
29,100.0,24,75.0,2.5,2.5,true,77.58403360027644,5
29,100.0,24,75.0,0.5,3.0,true,77.58403360027644,5
29,100.0,24,75.0,1.0,3.0,true,77.58403360027644,5
29,100.0,24,75.0,1.5,3.0,true,77.58403360027644,5
29,100.0,24,75.0,2.0,3.0,true,77.58403360027644,5
29,100.0,24,75.0,2.5,3.0,true,77.58403360027644,5
29,100.0,24,75.0,0.5,3.5,true,77.58403360027644,5
29,100.0,24,75.0,1.0,3.5,true,77.58403360027644,5
29,100.0,24,75.0,1.5,3.5,true,77.58403360027644,5
29,100.0,24,75.0,2.0,3.5,true,77.58403360027644,5
29,100.0,24,75.0,2.5,3.5,true,77.58403360027644,5
29,100.0,24,75.0,0.5,4.0,true,77.58403360027644,5
29,100.0,24,75.0,1.0,4.0,true,77.58403360027644,5
29,100.0,24,75.0,1.5,4.0,true,77.58403360027644,5
29,100.0,24,75.0,2.0,4.0,true,77.58403360027644,5
29,100.0,24,75.0,2.5,4.0,true,77.58403360027644,5
29,100.0,30,75.0,0.5,1.0,true,71.63118829941159,5
29,100.0,30,75.0,1.0,1.0,true,72.17781553339896,5
29,100.0,30,75.0,1.5,1.0,true,72.08637849034679,5
29,100.0,30,75.0,2.0,1.0,true,72.02340757645321,5
29,100.0,30,75.0,2.5,1.0,true,72.02340757645321,5
29,100.0,30,75.0,0.5,1.5,false,NaN,4
29,100.0,30,75.0,1.0,1.5,true,121.69899169003142,5
29,100.0,30,75.0,1.5,1.5,true,89.14289330416136,5
29,100.0,30,75.0,2.0,1.5,true,101.95188780402866,5
29,100.0,30,75.0,2.5,1.5,false,NaN,1
29,100.0,30,75.0,0.5,2.0,true,66.07741335036802,5
29,100.0,30,75.0,1.0,2.0,false,NaN,3
29,100.0,30,75.0,1.5,2.0,true,79.7379082170941,5
29,100.0,30,75.0,2.0,2.0,true,64.65325517541437,5
29,100.0,30,75.0,2.5,2.0,true,64.65325517541437,5
29,100.0,30,75.0,0.5,2.5,true,116.43374176926964,5
29,100.0,30,75.0,1.0,2.5,true,118.33921733681935,5
29,100.0,30,75.0,1.5,2.5,true,66.0,5
29,100.0,30,75.0,2.0,2.5,true,64.2410568713885,5
29,100.0,30,75.0,2.5,2.5,true,64.2410568713885,5
29,100.0,30,75.0,0.5,3.0,true,71.43529699855536,5
29,100.0,30,75.0,1.0,3.0,true,69.10550041445745,5
29,100.0,30,75.0,1.5,3.0,true,145.75647004363879,5
29,100.0,30,75.0,2.0,3.0,true,64.33357017611962,5
29,100.0,30,75.0,2.5,3.0,true,64.33357017611962,5
29,100.0,30,75.0,0.5,3.5,true,71.43529699855536,5
29,100.0,30,75.0,1.0,3.5,true,69.10550041445745,5
29,100.0,30,75.0,1.5,3.5,true,77.76341851021168,5
29,100.0,30,75.0,2.0,3.5,true,64.33357017611962,5
29,100.0,30,75.0,2.5,3.5,true,64.33357017611962,5
29,100.0,30,75.0,0.5,4.0,true,71.43529699855536,5
29,100.0,30,75.0,1.0,4.0,true,69.10550041445745,5
29,100.0,30,75.0,1.5,4.0,true,63.51228607986384,5
29,100.0,30,75.0,2.0,4.0,true,64.33357017611962,5
29,100.0,30,75.0,2.5,4.0,true,64.33357017611962,5
29,100.0,36,75.0,0.5,1.0,true,92.9001378213253,5
29,100.0,36,75.0,1.0,1.0,true,88.38935647519146,5
29,100.0,36,75.0,1.5,1.0,true,64.40758269090414,5
29,100.0,36,75.0,2.0,1.0,true,64.40758269090414,5
29,100.0,36,75.0,2.5,1.0,true,62.96561061481339,5
29,100.0,36,75.0,0.5,1.5,true,61.67922621258925,5
29,100.0,36,75.0,1.0,1.5,true,61.67922621258925,5
29,100.0,36,75.0,1.5,1.5,true,61.67922621258925,5
29,100.0,36,75.0,2.0,1.5,true,64.40758269090414,5
29,100.0,36,75.0,2.5,1.5,true,62.96561061481339,5
29,100.0,36,75.0,0.5,2.0,true,61.91942258982793,5
29,100.0,36,75.0,1.0,2.0,true,59.591185337378036,5
29,100.0,36,75.0,1.5,2.0,true,79.58303407257803,5
29,100.0,36,75.0,2.0,2.0,true,106.64694542848251,5
29,100.0,36,75.0,2.5,2.0,true,82.4750600790311,5
29,100.0,36,75.0,0.5,2.5,true,61.91942258982793,5
29,100.0,36,75.0,1.0,2.5,true,70.26676833214962,5
29,100.0,36,75.0,1.5,2.5,true,99.45258921618608,5
29,100.0,36,75.0,2.0,2.5,true,136.0,5
29,100.0,36,75.0,2.5,2.5,true,102.91403466549805,5
29,100.0,36,75.0,0.5,3.0,true,61.91942258982793,5
29,100.0,36,75.0,1.0,3.0,true,70.23116421327163,5
29,100.0,36,75.0,1.5,3.0,true,99.67437133052444,5
29,100.0,36,75.0,2.0,3.0,true,143.43806604242468,5
29,100.0,36,75.0,2.5,3.0,true,102.91403466549805,5
29,100.0,36,75.0,0.5,3.5,true,71.8405226542986,5
29,100.0,36,75.0,1.0,3.5,true,71.8405226542986,5
29,100.0,36,75.0,1.5,3.5,true,71.8405226542986,5
29,100.0,36,75.0,2.0,3.5,true,71.8405226542986,5
29,100.0,36,75.0,2.5,3.5,true,71.8405226542986,5
29,100.0,36,75.0,0.5,4.0,true,71.8405226542986,5
29,100.0,36,75.0,1.0,4.0,true,71.8405226542986,5
29,100.0,36,75.0,1.5,4.0,true,71.8405226542986,5
29,100.0,36,75.0,2.0,4.0,true,71.8405226542986,5
29,100.0,36,75.0,2.5,4.0,true,71.8405226542986,5
29,100.0,12,100.0,0.5,1.0,true,107.92302587090421,5
29,100.0,12,100.0,1.0,1.0,true,87.0,5
29,100.0,12,100.0,1.5,1.0,true,84.18400348829168,5
29,100.0,12,100.0,2.0,1.0,true,88.52141243129537,5
29,100.0,12,100.0,2.5,1.0,true,94.65029002432766,5
29,100.0,12,100.0,0.5,1.5,true,65.66870095448044,5
29,100.0,12,100.0,1.0,1.5,true,83.22695441440386,5
29,100.0,12,100.0,1.5,1.5,true,83.39211153821581,5
29,100.0,12,100.0,2.0,1.5,true,85.61129533910726,5
29,100.0,12,100.0,2.5,1.5,true,90.71863085255332,5
29,100.0,12,100.0,0.5,2.0,true,77.0,5
29,100.0,12,100.0,1.0,2.0,true,76.95422295505028,5
29,100.0,12,100.0,1.5,2.0,true,77.0,5
29,100.0,12,100.0,2.0,2.0,true,77.0,5
29,100.0,12,100.0,2.5,2.0,true,77.0,5
29,100.0,12,100.0,0.5,2.5,true,81.56661163898534,5
29,100.0,12,100.0,1.0,2.5,true,81.39990971186968,5
29,100.0,12,100.0,1.5,2.5,true,81.4300571379115,5
29,100.0,12,100.0,2.0,2.5,true,81.4300571379115,5
29,100.0,12,100.0,2.5,2.5,true,81.4300571379115,5
29,100.0,12,100.0,0.5,3.0,true,81.56661163898534,5
29,100.0,12,100.0,1.0,3.0,true,81.39990971186968,5
29,100.0,12,100.0,1.5,3.0,true,81.4300571379115,5
29,100.0,12,100.0,2.0,3.0,true,81.4300571379115,5
29,100.0,12,100.0,2.5,3.0,true,81.4300571379115,5
29,100.0,12,100.0,0.5,3.5,true,81.91926582389972,5
29,100.0,12,100.0,1.0,3.5,true,82.20410945651979,5
29,100.0,12,100.0,1.5,3.5,true,82.08510536567937,5
29,100.0,12,100.0,2.0,3.5,true,82.08510536567937,5
29,100.0,12,100.0,2.5,3.5,true,82.08510536567937,5
29,100.0,12,100.0,0.5,4.0,true,82.20410945651979,5
29,100.0,12,100.0,1.0,4.0,true,82.20410945651979,5
29,100.0,12,100.0,1.5,4.0,true,82.08510536567937,5
29,100.0,12,100.0,2.0,4.0,true,82.08510536567937,5
29,100.0,12,100.0,2.5,4.0,true,82.08510536567937,5
29,100.0,18,100.0,0.5,1.0,true,85.66861821991296,5
29,100.0,18,100.0,1.0,1.0,true,48.12866695196157,5
29,100.0,18,100.0,1.5,1.0,true,48.12866695196157,5
29,100.0,18,100.0,2.0,1.0,true,48.12866695196157,5
29,100.0,18,100.0,2.5,1.0,true,48.12866695196157,5
29,100.0,18,100.0,0.5,1.5,true,60.505507528487215,5
29,100.0,18,100.0,1.0,1.5,true,60.505507528487215,5
29,100.0,18,100.0,1.5,1.5,true,85.0,5
29,100.0,18,100.0,2.0,1.5,true,55.18921542613163,5
29,100.0,18,100.0,2.5,1.5,true,55.18921542613163,5
29,100.0,18,100.0,0.5,2.0,true,60.505507528487215,5
29,100.0,18,100.0,1.0,2.0,true,97.4214878729816,5
29,100.0,18,100.0,1.5,2.0,true,55.18921542613163,5
29,100.0,18,100.0,2.0,2.0,true,55.5276152955191,5
29,100.0,18,100.0,2.5,2.0,true,55.5276152955191,5
29,100.0,18,100.0,0.5,2.5,true,60.505507528487215,5
29,100.0,18,100.0,1.0,2.5,true,88.15069018307982,5
29,100.0,18,100.0,1.5,2.5,true,55.16520569913047,5
29,100.0,18,100.0,2.0,2.5,true,55.16520569913047,5
29,100.0,18,100.0,2.5,2.5,true,55.16520569913047,5
29,100.0,18,100.0,0.5,3.0,true,60.505507528487215,5
29,100.0,18,100.0,1.0,3.0,true,88.15069018307982,5
29,100.0,18,100.0,1.5,3.0,true,55.16520569913047,5
29,100.0,18,100.0,2.0,3.0,true,55.16520569913047,5
29,100.0,18,100.0,2.5,3.0,true,55.16520569913047,5
29,100.0,18,100.0,0.5,3.5,true,60.505507528487215,5
29,100.0,18,100.0,1.0,3.5,true,95.96784543135442,5
29,100.0,18,100.0,1.5,3.5,true,55.16520569913047,5
29,100.0,18,100.0,2.0,3.5,true,55.16520569913047,5
29,100.0,18,100.0,2.5,3.5,true,55.16520569913047,5
29,100.0,18,100.0,0.5,4.0,true,102.46534886656687,5
29,100.0,18,100.0,1.0,4.0,true,95.96784543135442,5
29,100.0,18,100.0,1.5,4.0,true,55.16520569913047,5
29,100.0,18,100.0,2.0,4.0,true,55.16520569913047,5
29,100.0,18,100.0,2.5,4.0,true,55.16520569913047,5
29,100.0,24,100.0,0.5,1.0,true,99.12030322869187,5
29,100.0,24,100.0,1.0,1.0,true,68.0,5
29,100.0,24,100.0,1.5,1.0,true,71.82149006324352,5
29,100.0,24,100.0,2.0,1.0,true,71.82149006324352,5
29,100.0,24,100.0,2.5,1.0,true,71.82149006324352,5
29,100.0,24,100.0,0.5,1.5,true,71.09394376374304,5
29,100.0,24,100.0,1.0,1.5,true,68.6134925107931,5
29,100.0,24,100.0,1.5,1.5,true,68.6134925107931,5
29,100.0,24,100.0,2.0,1.5,true,68.6134925107931,5
29,100.0,24,100.0,2.5,1.5,true,68.6134925107931,5
29,100.0,24,100.0,0.5,2.0,true,80.67040359991837,5
29,100.0,24,100.0,1.0,2.0,true,93.50010115961722,5
29,100.0,24,100.0,1.5,2.0,true,103.0,5
29,100.0,24,100.0,2.0,2.0,true,103.0,5
29,100.0,24,100.0,2.5,2.0,true,93.50010115961722,5
29,100.0,24,100.0,0.5,2.5,true,80.67040359991837,5
29,100.0,24,100.0,1.0,2.5,true,93.50010115961722,5
29,100.0,24,100.0,1.5,2.5,true,103.0,5
29,100.0,24,100.0,2.0,2.5,true,103.0,5
29,100.0,24,100.0,2.5,2.5,true,62.61035163834236,5
29,100.0,24,100.0,0.5,3.0,true,80.67040359991837,5
29,100.0,24,100.0,1.0,3.0,true,93.50010115961722,5
29,100.0,24,100.0,1.5,3.0,true,103.0,5
29,100.0,24,100.0,2.0,3.0,true,67.90827301352628,5
29,100.0,24,100.0,2.5,3.0,true,62.61035163834236,5
29,100.0,24,100.0,0.5,3.5,true,80.67040359991837,5
29,100.0,24,100.0,1.0,3.5,true,93.50010115961722,5
29,100.0,24,100.0,1.5,3.5,true,106.0,5
29,100.0,24,100.0,2.0,3.5,true,82.8793060353108,5
29,100.0,24,100.0,2.5,3.5,true,62.150719237484395,5
29,100.0,24,100.0,0.5,4.0,true,93.52735892971165,5
29,100.0,24,100.0,1.0,4.0,true,93.50010115961722,5
29,100.0,24,100.0,1.5,4.0,true,106.75669366746042,5
29,100.0,24,100.0,2.0,4.0,true,82.8793060353108,5
29,100.0,24,100.0,2.5,4.0,true,62.150719237484395,5
29,100.0,30,100.0,0.5,1.0,true,71.30899184885938,5
29,100.0,30,100.0,1.0,1.0,true,107.65818025465019,5
29,100.0,30,100.0,1.5,1.0,true,62.82356232361563,5
29,100.0,30,100.0,2.0,1.0,true,62.82356232361563,5
29,100.0,30,100.0,2.5,1.0,true,62.82356232361563,5
29,100.0,30,100.0,0.5,1.5,true,63.49672318092219,5
29,100.0,30,100.0,1.0,1.5,true,62.77380616461205,5
29,100.0,30,100.0,1.5,1.5,true,62.77380616461205,5
29,100.0,30,100.0,2.0,1.5,true,52.377649910988204,5
29,100.0,30,100.0,2.5,1.5,true,52.377649910988204,5
29,100.0,30,100.0,0.5,2.0,true,63.49672318092219,5
29,100.0,30,100.0,1.0,2.0,true,62.77380616461205,5
29,100.0,30,100.0,1.5,2.0,true,51.90456134801408,5
29,100.0,30,100.0,2.0,2.0,true,51.90456134801408,5
29,100.0,30,100.0,2.5,2.0,true,51.90456134801408,5
29,100.0,30,100.0,0.5,2.5,true,92.72737204708348,5
29,100.0,30,100.0,1.0,2.5,true,62.77380616461205,5
29,100.0,30,100.0,1.5,2.5,true,50.211013975946415,5
29,100.0,30,100.0,2.0,2.5,true,50.211013975946415,5
29,100.0,30,100.0,2.5,2.5,true,50.211013975946415,5
29,100.0,30,100.0,0.5,3.0,true,114.38987080131518,5
29,100.0,30,100.0,1.0,3.0,true,62.77380616461205,5
29,100.0,30,100.0,1.5,3.0,true,44.93277366604779,5
29,100.0,30,100.0,2.0,3.0,true,44.93277366604779,5
29,100.0,30,100.0,2.5,3.0,true,44.93277366604779,5
29,100.0,30,100.0,0.5,3.5,true,85.92440096676376,5
29,100.0,30,100.0,1.0,3.5,true,61.81852110897992,5
29,100.0,30,100.0,1.5,3.5,true,44.93277366604779,5
29,100.0,30,100.0,2.0,3.5,true,44.93277366604779,5
29,100.0,30,100.0,2.5,3.5,true,44.93277366604779,5
29,100.0,30,100.0,0.5,4.0,true,85.92440096676376,5
29,100.0,30,100.0,1.0,4.0,true,61.81852110897992,5
29,100.0,30,100.0,1.5,4.0,true,44.93277366604779,5
29,100.0,30,100.0,2.0,4.0,true,44.93277366604779,5
29,100.0,30,100.0,2.5,4.0,true,44.93277366604779,5
29,100.0,36,100.0,0.5,1.0,true,92.97666420858307,5
29,100.0,36,100.0,1.0,1.0,true,77.32090331621274,5
29,100.0,36,100.0,1.5,1.0,true,66.9982432541833,5
29,100.0,36,100.0,2.0,1.0,true,51.0,5
29,100.0,36,100.0,2.5,1.0,true,51.0,5
29,100.0,36,100.0,0.5,1.5,true,121.60794543954226,5
29,100.0,36,100.0,1.0,1.5,false,NaN,3
29,100.0,36,100.0,1.5,1.5,true,69.79106385609441,5
29,100.0,36,100.0,2.0,1.5,true,69.84032457285173,5
29,100.0,36,100.0,2.5,1.5,true,69.84032457285173,5
29,100.0,36,100.0,0.5,2.0,true,86.60546069153376,5
29,100.0,36,100.0,1.0,2.0,true,78.88091475677194,5
29,100.0,36,100.0,1.5,2.0,true,69.84032457285173,5
29,100.0,36,100.0,2.0,2.0,true,113.39245683140433,5
29,100.0,36,100.0,2.5,2.0,true,109.87278444510393,5
29,100.0,36,100.0,0.5,2.5,true,64.0,5
29,100.0,36,100.0,1.0,2.5,true,69.84032457285173,5
29,100.0,36,100.0,1.5,2.5,true,69.84032457285173,5
29,100.0,36,100.0,2.0,2.5,true,113.58106550183281,5
29,100.0,36,100.0,2.5,2.5,true,101.85261473652888,5
29,100.0,36,100.0,0.5,3.0,true,107.45571409716598,5
29,100.0,36,100.0,1.0,3.0,true,51.273914103571805,5
29,100.0,36,100.0,1.5,3.0,true,51.273914103571805,5
29,100.0,36,100.0,2.0,3.0,true,113.58106550183281,5
29,100.0,36,100.0,2.5,3.0,true,122.26551247504038,5
29,100.0,36,100.0,0.5,3.5,true,83.7230278408132,5
29,100.0,36,100.0,1.0,3.5,true,51.0,5
29,100.0,36,100.0,1.5,3.5,true,51.0,5
29,100.0,36,100.0,2.0,3.5,true,113.47671367953338,5
29,100.0,36,100.0,2.5,3.5,true,113.68884974977132,5
29,100.0,36,100.0,0.5,4.0,true,83.7230278408132,5
29,100.0,36,100.0,1.0,4.0,true,51.0,5
29,100.0,36,100.0,1.5,4.0,true,51.0,5
29,100.0,36,100.0,2.0,4.0,true,113.47671367953338,5
29,100.0,36,100.0,2.5,4.0,true,113.68884974977132,5
29,100.0,12,125.0,0.5,1.0,true,55.0,5
29,100.0,12,125.0,1.0,1.0,true,58.95379483327014,5
29,100.0,12,125.0,1.5,1.0,true,58.95379483327014,5
29,100.0,12,125.0,2.0,1.0,true,58.95379483327014,5
29,100.0,12,125.0,2.5,1.0,true,58.95379483327014,5
29,100.0,12,125.0,0.5,1.5,true,55.0,5
29,100.0,12,125.0,1.0,1.5,true,55.0,5
29,100.0,12,125.0,1.5,1.5,true,55.0,5
29,100.0,12,125.0,2.0,1.5,true,55.0,5
29,100.0,12,125.0,2.5,1.5,true,55.0,5
29,100.0,12,125.0,0.5,2.0,true,55.0,5
29,100.0,12,125.0,1.0,2.0,true,55.0,5
29,100.0,12,125.0,1.5,2.0,true,55.0,5
29,100.0,12,125.0,2.0,2.0,true,55.0,5
29,100.0,12,125.0,2.5,2.0,true,55.0,5
29,100.0,12,125.0,0.5,2.5,true,28.39537654858499,5
29,100.0,12,125.0,1.0,2.5,true,28.39537654858499,5
29,100.0,12,125.0,1.5,2.5,true,28.39537654858499,5
29,100.0,12,125.0,2.0,2.5,true,28.39537654858499,5
29,100.0,12,125.0,2.5,2.5,true,28.39537654858499,5
29,100.0,12,125.0,0.5,3.0,true,28.39537654858499,5
29,100.0,12,125.0,1.0,3.0,true,28.39537654858499,5
29,100.0,12,125.0,1.5,3.0,true,28.39537654858499,5
29,100.0,12,125.0,2.0,3.0,true,28.39537654858499,5
29,100.0,12,125.0,2.5,3.0,true,28.39537654858499,5
29,100.0,12,125.0,0.5,3.5,true,28.39537654858499,5
29,100.0,12,125.0,1.0,3.5,true,28.39537654858499,5
29,100.0,12,125.0,1.5,3.5,true,28.39537654858499,5
29,100.0,12,125.0,2.0,3.5,true,28.39537654858499,5
29,100.0,12,125.0,2.5,3.5,true,28.39537654858499,5
29,100.0,12,125.0,0.5,4.0,true,28.39537654858499,5
29,100.0,12,125.0,1.0,4.0,true,28.39537654858499,5
29,100.0,12,125.0,1.5,4.0,true,28.39537654858499,5
29,100.0,12,125.0,2.0,4.0,true,28.39537654858499,5
29,100.0,12,125.0,2.5,4.0,true,28.39537654858499,5
29,100.0,18,125.0,0.5,1.0,true,28.498374839146038,5
29,100.0,18,125.0,1.0,1.0,true,28.498374839146038,5
29,100.0,18,125.0,1.5,1.0,true,28.498374839146038,5
29,100.0,18,125.0,2.0,1.0,true,28.498374839146038,5
29,100.0,18,125.0,2.5,1.0,true,28.498374839146038,5
29,100.0,18,125.0,0.5,1.5,true,28.498374839146038,5
29,100.0,18,125.0,1.0,1.5,true,28.498374839146038,5
29,100.0,18,125.0,1.5,1.5,true,28.498374839146038,5
29,100.0,18,125.0,2.0,1.5,true,28.498374839146038,5
29,100.0,18,125.0,2.5,1.5,true,28.498374839146038,5
29,100.0,18,125.0,0.5,2.0,true,28.498374839146038,5
29,100.0,18,125.0,1.0,2.0,true,28.498374839146038,5
29,100.0,18,125.0,1.5,2.0,true,28.498374839146038,5
29,100.0,18,125.0,2.0,2.0,true,28.498374839146038,5
29,100.0,18,125.0,2.5,2.0,true,28.498374839146038,5
29,100.0,18,125.0,0.5,2.5,true,28.498374839146038,5
29,100.0,18,125.0,1.0,2.5,true,28.498374839146038,5
29,100.0,18,125.0,1.5,2.5,true,28.498374839146038,5
29,100.0,18,125.0,2.0,2.5,true,28.498374839146038,5
29,100.0,18,125.0,2.5,2.5,true,28.498374839146038,5
29,100.0,18,125.0,0.5,3.0,true,28.498374839146038,5
29,100.0,18,125.0,1.0,3.0,true,28.498374839146038,5
29,100.0,18,125.0,1.5,3.0,true,28.498374839146038,5
29,100.0,18,125.0,2.0,3.0,true,28.498374839146038,5
29,100.0,18,125.0,2.5,3.0,true,28.498374839146038,5
29,100.0,18,125.0,0.5,3.5,true,28.498374839146038,5
29,100.0,18,125.0,1.0,3.5,true,28.498374839146038,5
29,100.0,18,125.0,1.5,3.5,true,28.498374839146038,5
29,100.0,18,125.0,2.0,3.5,true,28.498374839146038,5
29,100.0,18,125.0,2.5,3.5,true,28.498374839146038,5
29,100.0,18,125.0,0.5,4.0,true,28.498374839146038,5
29,100.0,18,125.0,1.0,4.0,true,28.498374839146038,5
29,100.0,18,125.0,1.5,4.0,true,28.498374839146038,5
29,100.0,18,125.0,2.0,4.0,true,28.498374839146038,5
29,100.0,18,125.0,2.5,4.0,true,28.498374839146038,5
29,100.0,24,125.0,0.5,1.0,true,60.27812538870229,5
29,100.0,24,125.0,1.0,1.0,true,60.22259456039397,5
29,100.0,24,125.0,1.5,1.0,true,60.22259456039397,5
29,100.0,24,125.0,2.0,1.0,true,60.22259456039397,5
29,100.0,24,125.0,2.5,1.0,true,60.22259456039397,5
29,100.0,24,125.0,0.5,1.5,true,60.27812538870229,5
29,100.0,24,125.0,1.0,1.5,true,60.22259456039397,5
29,100.0,24,125.0,1.5,1.5,true,60.22259456039397,5
29,100.0,24,125.0,2.0,1.5,true,60.22259456039397,5
29,100.0,24,125.0,2.5,1.5,true,58.90362618354612,5
29,100.0,24,125.0,0.5,2.0,true,28.498374839146038,5
29,100.0,24,125.0,1.0,2.0,true,28.498374839146038,5
29,100.0,24,125.0,1.5,2.0,true,28.498374839146038,5
29,100.0,24,125.0,2.0,2.0,true,28.498374839146038,5
29,100.0,24,125.0,2.5,2.0,true,28.498374839146038,5
29,100.0,24,125.0,0.5,2.5,true,28.498374839146038,5
29,100.0,24,125.0,1.0,2.5,true,28.498374839146038,5
29,100.0,24,125.0,1.5,2.5,true,28.498374839146038,5
29,100.0,24,125.0,2.0,2.5,true,28.498374839146038,5
29,100.0,24,125.0,2.5,2.5,true,28.498374839146038,5
29,100.0,24,125.0,0.5,3.0,true,28.498374839146038,5
29,100.0,24,125.0,1.0,3.0,true,28.498374839146038,5
29,100.0,24,125.0,1.5,3.0,true,28.498374839146038,5
29,100.0,24,125.0,2.0,3.0,true,28.498374839146038,5
29,100.0,24,125.0,2.5,3.0,true,28.498374839146038,5
29,100.0,24,125.0,0.5,3.5,true,28.498374839146038,5
29,100.0,24,125.0,1.0,3.5,true,28.498374839146038,5
29,100.0,24,125.0,1.5,3.5,true,28.498374839146038,5
29,100.0,24,125.0,2.0,3.5,true,28.498374839146038,5
29,100.0,24,125.0,2.5,3.5,true,28.498374839146038,5
29,100.0,24,125.0,0.5,4.0,true,28.498374839146038,5
29,100.0,24,125.0,1.0,4.0,true,28.498374839146038,5
29,100.0,24,125.0,1.5,4.0,true,28.498374839146038,5
29,100.0,24,125.0,2.0,4.0,true,28.498374839146038,5
29,100.0,24,125.0,2.5,4.0,true,28.498374839146038,5
29,100.0,30,125.0,0.5,1.0,true,28.498374839146038,5
29,100.0,30,125.0,1.0,1.0,true,28.498374839146038,5
29,100.0,30,125.0,1.5,1.0,true,28.498374839146038,5
29,100.0,30,125.0,2.0,1.0,true,28.498374839146038,5
29,100.0,30,125.0,2.5,1.0,true,28.498374839146038,5
29,100.0,30,125.0,0.5,1.5,true,28.498374839146038,5
29,100.0,30,125.0,1.0,1.5,true,28.498374839146038,5
29,100.0,30,125.0,1.5,1.5,true,28.498374839146038,5
29,100.0,30,125.0,2.0,1.5,true,28.498374839146038,5
29,100.0,30,125.0,2.5,1.5,true,28.498374839146038,5
29,100.0,30,125.0,0.5,2.0,true,28.498374839146038,5
29,100.0,30,125.0,1.0,2.0,true,28.498374839146038,5
29,100.0,30,125.0,1.5,2.0,true,28.498374839146038,5
29,100.0,30,125.0,2.0,2.0,true,28.498374839146038,5
29,100.0,30,125.0,2.5,2.0,true,28.498374839146038,5
29,100.0,30,125.0,0.5,2.5,true,28.498374839146038,5
29,100.0,30,125.0,1.0,2.5,true,28.498374839146038,5
29,100.0,30,125.0,1.5,2.5,true,28.498374839146038,5
29,100.0,30,125.0,2.0,2.5,true,28.498374839146038,5
29,100.0,30,125.0,2.5,2.5,true,28.498374839146038,5
29,100.0,30,125.0,0.5,3.0,true,28.498374839146038,5
29,100.0,30,125.0,1.0,3.0,true,28.498374839146038,5
29,100.0,30,125.0,1.5,3.0,true,28.498374839146038,5
29,100.0,30,125.0,2.0,3.0,true,28.498374839146038,5
29,100.0,30,125.0,2.5,3.0,true,28.498374839146038,5
29,100.0,30,125.0,0.5,3.5,true,28.498374839146038,5
29,100.0,30,125.0,1.0,3.5,true,28.498374839146038,5
29,100.0,30,125.0,1.5,3.5,true,28.498374839146038,5
29,100.0,30,125.0,2.0,3.5,true,28.498374839146038,5
29,100.0,30,125.0,2.5,3.5,true,28.498374839146038,5
29,100.0,30,125.0,0.5,4.0,true,28.498374839146038,5
29,100.0,30,125.0,1.0,4.0,true,28.498374839146038,5
29,100.0,30,125.0,1.5,4.0,true,28.498374839146038,5
29,100.0,30,125.0,2.0,4.0,true,28.498374839146038,5
29,100.0,30,125.0,2.5,4.0,true,28.498374839146038,5
29,100.0,36,125.0,0.5,1.0,true,28.498374839146038,5
29,100.0,36,125.0,1.0,1.0,true,28.498374839146038,5
29,100.0,36,125.0,1.5,1.0,true,28.498374839146038,5
29,100.0,36,125.0,2.0,1.0,true,28.498374839146038,5
29,100.0,36,125.0,2.5,1.0,true,28.498374839146038,5
29,100.0,36,125.0,0.5,1.5,true,28.498374839146038,5
29,100.0,36,125.0,1.0,1.5,true,28.498374839146038,5
29,100.0,36,125.0,1.5,1.5,true,28.498374839146038,5
29,100.0,36,125.0,2.0,1.5,true,28.498374839146038,5
29,100.0,36,125.0,2.5,1.5,true,28.498374839146038,5
29,100.0,36,125.0,0.5,2.0,true,28.498374839146038,5
29,100.0,36,125.0,1.0,2.0,true,28.498374839146038,5
29,100.0,36,125.0,1.5,2.0,true,28.498374839146038,5
29,100.0,36,125.0,2.0,2.0,true,28.498374839146038,5
29,100.0,36,125.0,2.5,2.0,true,28.498374839146038,5
29,100.0,36,125.0,0.5,2.5,true,28.498374839146038,5
29,100.0,36,125.0,1.0,2.5,true,28.498374839146038,5
29,100.0,36,125.0,1.5,2.5,true,28.498374839146038,5
29,100.0,36,125.0,2.0,2.5,true,28.498374839146038,5
29,100.0,36,125.0,2.5,2.5,true,28.498374839146038,5
29,100.0,36,125.0,0.5,3.0,true,28.498374839146038,5
29,100.0,36,125.0,1.0,3.0,true,28.498374839146038,5
29,100.0,36,125.0,1.5,3.0,true,28.498374839146038,5
29,100.0,36,125.0,2.0,3.0,true,28.498374839146038,5
29,100.0,36,125.0,2.5,3.0,true,28.498374839146038,5
29,100.0,36,125.0,0.5,3.5,true,28.498374839146038,5
29,100.0,36,125.0,1.0,3.5,true,28.498374839146038,5
29,100.0,36,125.0,1.5,3.5,true,28.498374839146038,5
29,100.0,36,125.0,2.0,3.5,true,28.498374839146038,5
29,100.0,36,125.0,2.5,3.5,true,28.498374839146038,5
29,100.0,36,125.0,0.5,4.0,true,28.498374839146038,5
29,100.0,36,125.0,1.0,4.0,true,28.498374839146038,5
29,100.0,36,125.0,1.5,4.0,true,28.498374839146038,5
29,100.0,36,125.0,2.0,4.0,true,28.498374839146038,5
29,100.0,36,125.0,2.5,4.0,true,28.498374839146038,5
29,100.0,12,150.0,0.5,1.0,true,48.685790429539196,5
29,100.0,12,150.0,1.0,1.0,true,48.685790429539196,5
29,100.0,12,150.0,1.5,1.0,true,48.685790429539196,5
29,100.0,12,150.0,2.0,1.0,true,48.685790429539196,5
29,100.0,12,150.0,2.5,1.0,true,48.685790429539196,5
29,100.0,12,150.0,0.5,1.5,true,48.685790429539196,5
29,100.0,12,150.0,1.0,1.5,true,48.685790429539196,5
29,100.0,12,150.0,1.5,1.5,true,48.685790429539196,5
29,100.0,12,150.0,2.0,1.5,true,48.685790429539196,5
29,100.0,12,150.0,2.5,1.5,true,48.685790429539196,5
29,100.0,12,150.0,0.5,2.0,true,48.685790429539196,5
29,100.0,12,150.0,1.0,2.0,false,NaN,4
29,100.0,12,150.0,1.5,2.0,false,NaN,4
29,100.0,12,150.0,2.0,2.0,true,128.97252587694567,5
29,100.0,12,150.0,2.5,2.0,true,72.0,5
29,100.0,12,150.0,0.5,2.5,true,72.0,5
29,100.0,12,150.0,1.0,2.5,true,62.959152523670355,5
29,100.0,12,150.0,1.5,2.5,true,62.959152523670355,5
29,100.0,12,150.0,2.0,2.5,true,62.959152523670355,5
29,100.0,12,150.0,2.5,2.5,true,62.959152523670355,5
29,100.0,12,150.0,0.5,3.0,true,63.551619859796276,5
29,100.0,12,150.0,1.0,3.0,true,63.70782523452617,5
29,100.0,12,150.0,1.5,3.0,true,63.70782523452617,5
29,100.0,12,150.0,2.0,3.0,true,63.70782523452617,5
29,100.0,12,150.0,2.5,3.0,true,63.48811386682486,5
29,100.0,12,150.0,0.5,3.5,true,63.29707432240272,5
29,100.0,12,150.0,1.0,3.5,true,63.48811386682486,5
29,100.0,12,150.0,1.5,3.5,true,63.48811386682486,5
29,100.0,12,150.0,2.0,3.5,true,63.48811386682486,5
29,100.0,12,150.0,2.5,3.5,true,63.48811386682486,5
29,100.0,12,150.0,0.5,4.0,true,63.29707432240272,5
29,100.0,12,150.0,1.0,4.0,true,63.29707432240272,5
29,100.0,12,150.0,1.5,4.0,true,63.48811386682486,5
29,100.0,12,150.0,2.0,4.0,true,63.48811386682486,5
29,100.0,12,150.0,2.5,4.0,true,63.48811386682486,5
29,100.0,18,150.0,0.5,1.0,true,44.28384512550624,5
29,100.0,18,150.0,1.0,1.0,true,44.37083642492612,5
29,100.0,18,150.0,1.5,1.0,true,44.37083642492612,5
29,100.0,18,150.0,2.0,1.0,true,44.37083642492612,5
29,100.0,18,150.0,2.5,1.0,true,44.37083642492612,5
29,100.0,18,150.0,0.5,1.5,true,41.47433501505847,5
29,100.0,18,150.0,1.0,1.5,true,41.47433501505847,5
29,100.0,18,150.0,1.5,1.5,true,41.47433501505847,5
29,100.0,18,150.0,2.0,1.5,true,41.47433501505847,5
29,100.0,18,150.0,2.5,1.5,true,41.47433501505847,5
29,100.0,18,150.0,0.5,2.0,true,67.21030864414442,5
29,100.0,18,150.0,1.0,2.0,true,67.21030864414442,5
29,100.0,18,150.0,1.5,2.0,true,67.21030864414442,5
29,100.0,18,150.0,2.0,2.0,true,67.23844479397688,5
29,100.0,18,150.0,2.5,2.0,true,67.23844479397688,5
29,100.0,18,150.0,0.5,2.5,true,67.21030864414442,5
29,100.0,18,150.0,1.0,2.5,true,67.21030864414442,5
29,100.0,18,150.0,1.5,2.5,true,67.21030864414442,5
29,100.0,18,150.0,2.0,2.5,true,67.21030864414442,5
29,100.0,18,150.0,2.5,2.5,true,67.21030864414442,5
29,100.0,18,150.0,0.5,3.0,true,67.21030864414442,5
29,100.0,18,150.0,1.0,3.0,true,67.21030864414442,5
29,100.0,18,150.0,1.5,3.0,true,67.21030864414442,5
29,100.0,18,150.0,2.0,3.0,true,67.21030864414442,5
29,100.0,18,150.0,2.5,3.0,true,67.21030864414442,5
29,100.0,18,150.0,0.5,3.5,true,67.21030864414442,5
29,100.0,18,150.0,1.0,3.5,true,67.21030864414442,5
29,100.0,18,150.0,1.5,3.5,true,67.21030864414442,5
29,100.0,18,150.0,2.0,3.5,true,67.21030864414442,5
29,100.0,18,150.0,2.5,3.5,true,67.21030864414442,5
29,100.0,18,150.0,0.5,4.0,true,67.21030864414442,5
29,100.0,18,150.0,1.0,4.0,true,67.21030864414442,5
29,100.0,18,150.0,1.5,4.0,true,67.21030864414442,5
29,100.0,18,150.0,2.0,4.0,true,67.21030864414442,5
29,100.0,18,150.0,2.5,4.0,true,67.21030864414442,5
29,100.0,24,150.0,0.5,1.0,true,59.46532667174418,5
29,100.0,24,150.0,1.0,1.0,true,58.580185202754244,5
29,100.0,24,150.0,1.5,1.0,true,58.580185202754244,5
29,100.0,24,150.0,2.0,1.0,true,58.580185202754244,5
29,100.0,24,150.0,2.5,1.0,true,58.580185202754244,5
29,100.0,24,150.0,0.5,1.5,true,44.375765687653335,5
29,100.0,24,150.0,1.0,1.5,true,44.375765687653335,5
29,100.0,24,150.0,1.5,1.5,true,44.375765687653335,5
29,100.0,24,150.0,2.0,1.5,true,44.375765687653335,5
29,100.0,24,150.0,2.5,1.5,true,44.375765687653335,5
29,100.0,24,150.0,0.5,2.0,true,65.0,5
29,100.0,24,150.0,1.0,2.0,true,65.0,5
29,100.0,24,150.0,1.5,2.0,true,66.0,5
29,100.0,24,150.0,2.0,2.0,true,65.95661216633712,5
29,100.0,24,150.0,2.5,2.0,true,65.95661216633712,5
29,100.0,24,150.0,0.5,2.5,true,66.95749772711477,5
29,100.0,24,150.0,1.0,2.5,true,66.95389599751675,5
29,100.0,24,150.0,1.5,2.5,true,66.95389599751675,5
29,100.0,24,150.0,2.0,2.5,true,66.95389599751675,5
29,100.0,24,150.0,2.5,2.5,true,66.95389599751675,5
29,100.0,24,150.0,0.5,3.0,true,55.22844640484682,5
29,100.0,24,150.0,1.0,3.0,true,55.22844640484682,5
29,100.0,24,150.0,1.5,3.0,true,55.22844640484682,5
29,100.0,24,150.0,2.0,3.0,true,55.22844640484682,5
29,100.0,24,150.0,2.5,3.0,true,55.22844640484682,5
29,100.0,24,150.0,0.5,3.5,true,55.22844640484682,5
29,100.0,24,150.0,1.0,3.5,true,55.22844640484682,5
29,100.0,24,150.0,1.5,3.5,true,55.22844640484682,5
29,100.0,24,150.0,2.0,3.5,true,55.22844640484682,5
29,100.0,24,150.0,2.5,3.5,true,55.22844640484682,5
29,100.0,24,150.0,0.5,4.0,true,55.22844640484682,5
29,100.0,24,150.0,1.0,4.0,true,55.22844640484682,5
29,100.0,24,150.0,1.5,4.0,true,55.22844640484682,5
29,100.0,24,150.0,2.0,4.0,true,55.22844640484682,5
29,100.0,24,150.0,2.5,4.0,true,55.22844640484682,5
29,100.0,30,150.0,0.5,1.0,true,28.498374839146038,5
29,100.0,30,150.0,1.0,1.0,true,28.498374839146038,5
29,100.0,30,150.0,1.5,1.0,true,28.498374839146038,5
29,100.0,30,150.0,2.0,1.0,true,28.498374839146038,5
29,100.0,30,150.0,2.5,1.0,true,28.498374839146038,5
29,100.0,30,150.0,0.5,1.5,true,28.498374839146038,5
29,100.0,30,150.0,1.0,1.5,true,28.498374839146038,5
29,100.0,30,150.0,1.5,1.5,true,28.498374839146038,5
29,100.0,30,150.0,2.0,1.5,true,28.498374839146038,5
29,100.0,30,150.0,2.5,1.5,true,28.498374839146038,5
29,100.0,30,150.0,0.5,2.0,true,28.498374839146038,5
29,100.0,30,150.0,1.0,2.0,true,28.498374839146038,5
29,100.0,30,150.0,1.5,2.0,true,28.498374839146038,5
29,100.0,30,150.0,2.0,2.0,true,28.498374839146038,5
29,100.0,30,150.0,2.5,2.0,true,28.498374839146038,5
29,100.0,30,150.0,0.5,2.5,true,28.498374839146038,5
29,100.0,30,150.0,1.0,2.5,true,28.498374839146038,5
29,100.0,30,150.0,1.5,2.5,true,28.498374839146038,5
29,100.0,30,150.0,2.0,2.5,true,28.498374839146038,5
29,100.0,30,150.0,2.5,2.5,true,28.498374839146038,5
29,100.0,30,150.0,0.5,3.0,true,28.498374839146038,5
29,100.0,30,150.0,1.0,3.0,true,28.498374839146038,5
29,100.0,30,150.0,1.5,3.0,true,28.498374839146038,5
29,100.0,30,150.0,2.0,3.0,true,28.498374839146038,5
29,100.0,30,150.0,2.5,3.0,true,28.498374839146038,5
29,100.0,30,150.0,0.5,3.5,true,28.498374839146038,5
29,100.0,30,150.0,1.0,3.5,true,28.498374839146038,5
29,100.0,30,150.0,1.5,3.5,true,28.498374839146038,5
29,100.0,30,150.0,2.0,3.5,true,28.498374839146038,5
29,100.0,30,150.0,2.5,3.5,true,28.498374839146038,5
29,100.0,30,150.0,0.5,4.0,true,28.498374839146038,5
29,100.0,30,150.0,1.0,4.0,true,28.498374839146038,5
29,100.0,30,150.0,1.5,4.0,true,28.498374839146038,5
29,100.0,30,150.0,2.0,4.0,true,28.498374839146038,5
29,100.0,30,150.0,2.5,4.0,true,28.498374839146038,5
29,100.0,36,150.0,0.5,1.0,true,47.45569147947866,5
29,100.0,36,150.0,1.0,1.0,true,47.45569147947866,5
29,100.0,36,150.0,1.5,1.0,true,47.45569147947866,5
29,100.0,36,150.0,2.0,1.0,true,47.45569147947866,5
29,100.0,36,150.0,2.5,1.0,true,47.45569147947866,5
29,100.0,36,150.0,0.5,1.5,false,NaN,4
29,100.0,36,150.0,1.0,1.5,true,50.887349260718956,5
29,100.0,36,150.0,1.5,1.5,true,136.4232281549087,5
29,100.0,36,150.0,2.0,1.5,false,NaN,4
29,100.0,36,150.0,2.5,1.5,true,115.10381016343408,5
29,100.0,36,150.0,0.5,2.0,true,52.907980928444196,5
29,100.0,36,150.0,1.0,2.0,true,72.44359337537144,5
29,100.0,36,150.0,1.5,2.0,true,63.79104362733201,5
29,100.0,36,150.0,2.0,2.0,true,63.79104362733201,5
29,100.0,36,150.0,2.5,2.0,true,63.79104362733201,5
29,100.0,36,150.0,0.5,2.5,true,66.33596336702502,5
29,100.0,36,150.0,1.0,2.5,true,66.31006042213932,5
29,100.0,36,150.0,1.5,2.5,true,66.31006042213932,5
29,100.0,36,150.0,2.0,2.5,true,66.31006042213932,5
29,100.0,36,150.0,2.5,2.5,true,66.31006042213932,5
29,100.0,36,150.0,0.5,3.0,true,66.33596336702502,5
29,100.0,36,150.0,1.0,3.0,true,66.31006042213932,5
29,100.0,36,150.0,1.5,3.0,true,66.31006042213932,5
29,100.0,36,150.0,2.0,3.0,true,66.31006042213932,5
29,100.0,36,150.0,2.5,3.0,true,66.31006042213932,5
29,100.0,36,150.0,0.5,3.5,true,66.33596336702502,5
29,100.0,36,150.0,1.0,3.5,true,66.31006042213932,5
29,100.0,36,150.0,1.5,3.5,true,66.31006042213932,5
29,100.0,36,150.0,2.0,3.5,true,66.31006042213932,5
29,100.0,36,150.0,2.5,3.5,true,66.31006042213932,5
29,100.0,36,150.0,0.5,4.0,true,66.33596336702502,5
29,100.0,36,150.0,1.0,4.0,true,66.33596336702502,5
29,100.0,36,150.0,1.5,4.0,true,66.31006042213932,5
29,100.0,36,150.0,2.0,4.0,true,66.31006042213932,5
29,100.0,36,150.0,2.5,4.0,true,66.31006042213932,5
36,100.0,12,50.0,0.5,1.0,true,72.35581398402954,5
36,100.0,12,50.0,1.0,1.0,true,93.25189097901735,5
36,100.0,12,50.0,1.5,1.0,true,59.15210943395451,5
36,100.0,12,50.0,2.0,1.0,true,65.64471882755316,5
36,100.0,12,50.0,2.5,1.0,true,65.64282451250598,5
36,100.0,12,50.0,0.5,1.5,true,50.404864686000046,5
36,100.0,12,50.0,1.0,1.5,true,50.404864686000046,5
36,100.0,12,50.0,1.5,1.5,true,50.404864686000046,5
36,100.0,12,50.0,2.0,1.5,true,50.404864686000046,5
36,100.0,12,50.0,2.5,1.5,true,50.404864686000046,5
36,100.0,12,50.0,0.5,2.0,true,50.404864686000046,5
36,100.0,12,50.0,1.0,2.0,true,50.404864686000046,5
36,100.0,12,50.0,1.5,2.0,true,50.404864686000046,5
36,100.0,12,50.0,2.0,2.0,true,50.404864686000046,5
36,100.0,12,50.0,2.5,2.0,true,50.404864686000046,5
36,100.0,12,50.0,0.5,2.5,true,50.404864686000046,5
36,100.0,12,50.0,1.0,2.5,true,50.404864686000046,5
36,100.0,12,50.0,1.5,2.5,true,50.404864686000046,5
36,100.0,12,50.0,2.0,2.5,true,50.404864686000046,5
36,100.0,12,50.0,2.5,2.5,true,50.404864686000046,5
36,100.0,12,50.0,0.5,3.0,true,50.404864686000046,5
36,100.0,12,50.0,1.0,3.0,true,50.404864686000046,5
36,100.0,12,50.0,1.5,3.0,true,50.404864686000046,5
36,100.0,12,50.0,2.0,3.0,true,50.404864686000046,5
36,100.0,12,50.0,2.5,3.0,true,50.404864686000046,5
36,100.0,12,50.0,0.5,3.5,true,50.404864686000046,5
36,100.0,12,50.0,1.0,3.5,true,50.404864686000046,5
36,100.0,12,50.0,1.5,3.5,true,50.404864686000046,5
36,100.0,12,50.0,2.0,3.5,true,50.404864686000046,5
36,100.0,12,50.0,2.5,3.5,true,50.404864686000046,5
36,100.0,12,50.0,0.5,4.0,true,50.404864686000046,5
36,100.0,12,50.0,1.0,4.0,true,50.404864686000046,5
36,100.0,12,50.0,1.5,4.0,true,50.404864686000046,5
36,100.0,12,50.0,2.0,4.0,true,50.404864686000046,5
36,100.0,12,50.0,2.5,4.0,true,50.404864686000046,5
36,100.0,18,50.0,0.5,1.0,true,57.979184682039914,5
36,100.0,18,50.0,1.0,1.0,true,62.0,5
36,100.0,18,50.0,1.5,1.0,true,64.39002464333203,5
36,100.0,18,50.0,2.0,1.0,true,68.26930466150603,5
36,100.0,18,50.0,2.5,1.0,true,65.55515976011172,5
36,100.0,18,50.0,0.5,1.5,true,65.42647164903528,5
36,100.0,18,50.0,1.0,1.5,true,67.91511008219905,5
36,100.0,18,50.0,1.5,1.5,true,68.26930466150603,5
36,100.0,18,50.0,2.0,1.5,true,68.7608568427659,5
36,100.0,18,50.0,2.5,1.5,true,64.51808200025891,5
36,100.0,18,50.0,0.5,2.0,true,57.560793779041774,5
36,100.0,18,50.0,1.0,2.0,true,57.560793779041774,5
36,100.0,18,50.0,1.5,2.0,true,68.33996831468771,5
36,100.0,18,50.0,2.0,2.0,true,65.3866338868967,5
36,100.0,18,50.0,2.5,2.0,true,64.51808200025891,5
36,100.0,18,50.0,0.5,2.5,true,57.560793779041774,5
36,100.0,18,50.0,1.0,2.5,true,57.560793779041774,5
36,100.0,18,50.0,1.5,2.5,true,63.940502569245666,5
36,100.0,18,50.0,2.0,2.5,true,63.940502569245666,5
36,100.0,18,50.0,2.5,2.5,true,63.940502569245666,5
36,100.0,18,50.0,0.5,3.0,true,57.560793779041774,5
36,100.0,18,50.0,1.0,3.0,true,57.560793779041774,5
36,100.0,18,50.0,1.5,3.0,true,63.940502569245666,5
36,100.0,18,50.0,2.0,3.0,true,61.750292494536914,5
36,100.0,18,50.0,2.5,3.0,true,61.680564554031676,5
36,100.0,18,50.0,0.5,3.5,true,57.560793779041774,5
36,100.0,18,50.0,1.0,3.5,true,63.940502569245666,5
36,100.0,18,50.0,1.5,3.5,true,63.940502569245666,5
36,100.0,18,50.0,2.0,3.5,true,63.582464253874875,5
36,100.0,18,50.0,2.5,3.5,true,61.7017711571633,5
36,100.0,18,50.0,0.5,4.0,true,57.560793779041774,5
36,100.0,18,50.0,1.0,4.0,true,63.940502569245666,5
36,100.0,18,50.0,1.5,4.0,true,63.940502569245666,5
36,100.0,18,50.0,2.0,4.0,true,63.940502569245666,5
36,100.0,18,50.0,2.5,4.0,true,61.7156189008743,5
36,100.0,24,50.0,0.5,1.0,true,46.70820686472646,5
36,100.0,24,50.0,1.0,1.0,true,46.820662843847884,5
36,100.0,24,50.0,1.5,1.0,true,46.820662843847884,5
36,100.0,24,50.0,2.0,1.0,true,46.820662843847884,5
36,100.0,24,50.0,2.5,1.0,true,46.820662843847884,5
36,100.0,24,50.0,0.5,1.5,true,54.13624150509003,5
36,100.0,24,50.0,1.0,1.5,true,54.12435414518358,5
36,100.0,24,50.0,1.5,1.5,true,54.167265913990036,5
36,100.0,24,50.0,2.0,1.5,true,54.13624150509003,5
36,100.0,24,50.0,2.5,1.5,true,54.13624150509003,5
36,100.0,24,50.0,0.5,2.0,true,54.211632705580755,5
36,100.0,24,50.0,1.0,2.0,true,54.211632705580755,5
36,100.0,24,50.0,1.5,2.0,true,54.211632705580755,5
36,100.0,24,50.0,2.0,2.0,true,54.211632705580755,5
36,100.0,24,50.0,2.5,2.0,true,54.211632705580755,5
36,100.0,24,50.0,0.5,2.5,true,55.652867429269605,5
36,100.0,24,50.0,1.0,2.5,true,55.652867429269605,5
36,100.0,24,50.0,1.5,2.5,true,54.211632705580755,5
36,100.0,24,50.0,2.0,2.5,true,54.211632705580755,5
36,100.0,24,50.0,2.5,2.5,true,54.211632705580755,5
36,100.0,24,50.0,0.5,3.0,true,55.652867429269605,5
36,100.0,24,50.0,1.0,3.0,true,55.652867429269605,5
36,100.0,24,50.0,1.5,3.0,true,55.652867429269605,5
36,100.0,24,50.0,2.0,3.0,true,55.652867429269605,5
36,100.0,24,50.0,2.5,3.0,true,55.652867429269605,5
36,100.0,24,50.0,0.5,3.5,true,55.652867429269605,5
36,100.0,24,50.0,1.0,3.5,true,55.652867429269605,5
36,100.0,24,50.0,1.5,3.5,true,55.652867429269605,5
36,100.0,24,50.0,2.0,3.5,true,55.652867429269605,5
36,100.0,24,50.0,2.5,3.5,true,55.652867429269605,5
36,100.0,24,50.0,0.5,4.0,true,55.652867429269605,5
36,100.0,24,50.0,1.0,4.0,true,58.30747358625751,5
36,100.0,24,50.0,1.5,4.0,true,55.652867429269605,5
36,100.0,24,50.0,2.0,4.0,true,55.652867429269605,5
36,100.0,24,50.0,2.5,4.0,true,55.652867429269605,5
36,100.0,30,50.0,0.5,1.0,true,47.40965602930102,5
36,100.0,30,50.0,1.0,1.0,true,47.54757607730114,5
36,100.0,30,50.0,1.5,1.0,true,47.54757607730114,5
36,100.0,30,50.0,2.0,1.0,true,47.54757607730114,5
36,100.0,30,50.0,2.5,1.0,true,47.54757607730114,5
36,100.0,30,50.0,0.5,1.5,true,47.52489686258299,5
36,100.0,30,50.0,1.0,1.5,true,47.605049815407284,5
36,100.0,30,50.0,1.5,1.5,true,47.605049815407284,5
36,100.0,30,50.0,2.0,1.5,true,47.605049815407284,5
36,100.0,30,50.0,2.5,1.5,true,47.605049815407284,5
36,100.0,30,50.0,0.5,2.0,true,47.605049815407284,5
36,100.0,30,50.0,1.0,2.0,true,47.605049815407284,5
36,100.0,30,50.0,1.5,2.0,true,47.605049815407284,5
36,100.0,30,50.0,2.0,2.0,true,47.605049815407284,5
36,100.0,30,50.0,2.5,2.0,true,47.605049815407284,5
36,100.0,30,50.0,0.5,2.5,true,47.605049815407284,5
36,100.0,30,50.0,1.0,2.5,true,47.605049815407284,5
36,100.0,30,50.0,1.5,2.5,true,47.605049815407284,5
36,100.0,30,50.0,2.0,2.5,true,47.605049815407284,5
36,100.0,30,50.0,2.5,2.5,true,47.605049815407284,5
36,100.0,30,50.0,0.5,3.0,true,47.605049815407284,5
36,100.0,30,50.0,1.0,3.0,true,47.605049815407284,5
36,100.0,30,50.0,1.5,3.0,true,47.605049815407284,5
36,100.0,30,50.0,2.0,3.0,true,47.605049815407284,5
36,100.0,30,50.0,2.5,3.0,true,47.605049815407284,5
36,100.0,30,50.0,0.5,3.5,true,47.605049815407284,5
36,100.0,30,50.0,1.0,3.5,true,47.605049815407284,5
36,100.0,30,50.0,1.5,3.5,true,47.605049815407284,5
36,100.0,30,50.0,2.0,3.5,true,47.605049815407284,5
36,100.0,30,50.0,2.5,3.5,true,47.605049815407284,5
36,100.0,30,50.0,0.5,4.0,true,47.605049815407284,5
36,100.0,30,50.0,1.0,4.0,true,47.605049815407284,5
36,100.0,30,50.0,1.5,4.0,true,47.605049815407284,5
36,100.0,30,50.0,2.0,4.0,true,47.605049815407284,5
36,100.0,30,50.0,2.5,4.0,true,47.605049815407284,5
36,100.0,36,50.0,0.5,1.0,true,57.28734588623169,5
36,100.0,36,50.0,1.0,1.0,true,57.28734588623169,5
36,100.0,36,50.0,1.5,1.0,true,52.908849426390695,5
36,100.0,36,50.0,2.0,1.0,true,63.096445102911204,5
36,100.0,36,50.0,2.5,1.0,true,60.443409144509694,5
36,100.0,36,50.0,0.5,1.5,true,57.70919372766063,5
36,100.0,36,50.0,1.0,1.5,true,57.70919372766063,5
36,100.0,36,50.0,1.5,1.5,true,68.5480007008644,5
36,100.0,36,50.0,2.0,1.5,true,68.33996831468771,5
36,100.0,36,50.0,2.5,1.5,true,61.55825284554776,5
36,100.0,36,50.0,0.5,2.0,true,64.57915378518614,5
36,100.0,36,50.0,1.0,2.0,true,64.04119986168278,5
36,100.0,36,50.0,1.5,2.0,true,67.83880606869927,5
36,100.0,36,50.0,2.0,2.0,true,66.5493700405459,5
36,100.0,36,50.0,2.5,2.0,true,64.12005199099409,5
36,100.0,36,50.0,0.5,2.5,true,53.89379353884236,5
36,100.0,36,50.0,1.0,2.5,true,53.89630050840649,5
36,100.0,36,50.0,1.5,2.5,true,64.0,5
36,100.0,36,50.0,2.0,2.5,true,64.0,5
36,100.0,36,50.0,2.5,2.5,true,64.0,5
36,100.0,36,50.0,0.5,3.0,true,53.89630050840649,5
36,100.0,36,50.0,1.0,3.0,true,53.89630050840649,5
36,100.0,36,50.0,1.5,3.0,true,53.89630050840649,5
36,100.0,36,50.0,2.0,3.0,true,64.0,5
36,100.0,36,50.0,2.5,3.0,true,63.940502569245666,5
36,100.0,36,50.0,0.5,3.5,true,53.89630050840649,5
36,100.0,36,50.0,1.0,3.5,true,53.89630050840649,5
36,100.0,36,50.0,1.5,3.5,true,53.89630050840649,5
36,100.0,36,50.0,2.0,3.5,true,64.0,5
36,100.0,36,50.0,2.5,3.5,true,63.940502569245666,5
36,100.0,36,50.0,0.5,4.0,true,53.89630050840649,5
36,100.0,36,50.0,1.0,4.0,true,53.89630050840649,5
36,100.0,36,50.0,1.5,4.0,true,53.89630050840649,5
36,100.0,36,50.0,2.0,4.0,true,53.89630050840649,5
36,100.0,36,50.0,2.5,4.0,true,63.940502569245666,5
36,100.0,12,75.0,0.5,1.0,true,59.29614769938522,5
36,100.0,12,75.0,1.0,1.0,true,59.353312508682535,5
36,100.0,12,75.0,1.5,1.0,true,59.353312508682535,5
36,100.0,12,75.0,2.0,1.0,true,59.353312508682535,5
36,100.0,12,75.0,2.5,1.0,true,59.353312508682535,5
36,100.0,12,75.0,0.5,1.5,true,59.29614769938522,5
36,100.0,12,75.0,1.0,1.5,true,59.29614769938522,5
36,100.0,12,75.0,1.5,1.5,true,59.29614769938522,5
36,100.0,12,75.0,2.0,1.5,true,59.29614769938522,5
36,100.0,12,75.0,2.5,1.5,true,59.29614769938522,5
36,100.0,12,75.0,0.5,2.0,true,59.29614769938522,5
36,100.0,12,75.0,1.0,2.0,true,59.29614769938522,5
36,100.0,12,75.0,1.5,2.0,true,59.29614769938522,5
36,100.0,12,75.0,2.0,2.0,true,59.29614769938522,5
36,100.0,12,75.0,2.5,2.0,true,59.29614769938522,5
36,100.0,12,75.0,0.5,2.5,true,59.29614769938522,5
36,100.0,12,75.0,1.0,2.5,true,59.29614769938522,5
36,100.0,12,75.0,1.5,2.5,true,59.29614769938522,5
36,100.0,12,75.0,2.0,2.5,true,59.29614769938522,5
36,100.0,12,75.0,2.5,2.5,true,59.29614769938522,5
36,100.0,12,75.0,0.5,3.0,true,59.29614769938522,5
36,100.0,12,75.0,1.0,3.0,true,59.29614769938522,5
36,100.0,12,75.0,1.5,3.0,true,59.29614769938522,5
36,100.0,12,75.0,2.0,3.0,true,59.29614769938522,5
36,100.0,12,75.0,2.5,3.0,true,59.29614769938522,5
36,100.0,12,75.0,0.5,3.5,true,72.14429686355716,5
36,100.0,12,75.0,1.0,3.5,true,72.14429686355716,5
36,100.0,12,75.0,1.5,3.5,true,72.14429686355716,5
36,100.0,12,75.0,2.0,3.5,true,71.95062091369824,5
36,100.0,12,75.0,2.5,3.5,true,71.95062091369824,5
36,100.0,12,75.0,0.5,4.0,true,67.77101010673225,5
36,100.0,12,75.0,1.0,4.0,true,67.77101010673225,5
36,100.0,12,75.0,1.5,4.0,true,67.77101010673225,5
36,100.0,12,75.0,2.0,4.0,true,67.77101010673225,5
36,100.0,12,75.0,2.5,4.0,true,67.77101010673225,5
36,100.0,18,75.0,0.5,1.0,true,68.59896028564566,5
36,100.0,18,75.0,1.0,1.0,true,68.39069329567522,5
36,100.0,18,75.0,1.5,1.0,true,68.4362600714726,5
36,100.0,18,75.0,2.0,1.0,true,83.69416395574986,5
36,100.0,18,75.0,2.5,1.0,true,68.49685542654325,5
36,100.0,18,75.0,0.5,1.5,true,59.33386777153801,5
36,100.0,18,75.0,1.0,1.5,true,59.33386777153801,5
36,100.0,18,75.0,1.5,1.5,true,59.33386777153801,5
36,100.0,18,75.0,2.0,1.5,true,59.33386777153801,5
36,100.0,18,75.0,2.5,1.5,true,59.33386777153801,5
36,100.0,18,75.0,0.5,2.0,true,59.33386777153801,5
36,100.0,18,75.0,1.0,2.0,true,59.33386777153801,5
36,100.0,18,75.0,1.5,2.0,true,59.33386777153801,5
36,100.0,18,75.0,2.0,2.0,true,59.33386777153801,5
36,100.0,18,75.0,2.5,2.0,true,59.33386777153801,5
36,100.0,18,75.0,0.5,2.5,true,59.33386777153801,5
36,100.0,18,75.0,1.0,2.5,true,59.33386777153801,5
36,100.0,18,75.0,1.5,2.5,true,59.33386777153801,5
36,100.0,18,75.0,2.0,2.5,true,59.33386777153801,5
36,100.0,18,75.0,2.5,2.5,true,59.33386777153801,5
36,100.0,18,75.0,0.5,3.0,true,67.53099280507449,5
36,100.0,18,75.0,1.0,3.0,true,66.45521380639518,5
36,100.0,18,75.0,1.5,3.0,true,66.45521380639518,5
36,100.0,18,75.0,2.0,3.0,true,66.45521380639518,5
36,100.0,18,75.0,2.5,3.0,true,66.45521380639518,5
36,100.0,18,75.0,0.5,3.5,true,67.53099280507449,5
36,100.0,18,75.0,1.0,3.5,true,66.45521380639518,5
36,100.0,18,75.0,1.5,3.5,true,66.45521380639518,5
36,100.0,18,75.0,2.0,3.5,true,66.45521380639518,5
36,100.0,18,75.0,2.5,3.5,true,66.45521380639518,5
36,100.0,18,75.0,0.5,4.0,true,67.53099280507449,5
36,100.0,18,75.0,1.0,4.0,true,66.45521380639518,5
36,100.0,18,75.0,1.5,4.0,true,66.45521380639518,5
36,100.0,18,75.0,2.0,4.0,true,66.45521380639518,5
36,100.0,18,75.0,2.5,4.0,true,66.45521380639518,5
36,100.0,24,75.0,0.5,1.0,true,56.75310248295821,5
36,100.0,24,75.0,1.0,1.0,true,56.59626883247141,5
36,100.0,24,75.0,1.5,1.0,true,56.59626883247141,5
36,100.0,24,75.0,2.0,1.0,true,56.59626883247141,5
36,100.0,24,75.0,2.5,1.0,true,56.59626883247141,5
36,100.0,24,75.0,0.5,1.5,true,54.31113152899156,5
36,100.0,24,75.0,1.0,1.5,true,54.31113152899156,5
36,100.0,24,75.0,1.5,1.5,true,54.31113152899156,5
36,100.0,24,75.0,2.0,1.5,true,54.31113152899156,5
36,100.0,24,75.0,2.5,1.5,true,54.31113152899156,5
36,100.0,24,75.0,0.5,2.0,true,54.31113152899156,5
36,100.0,24,75.0,1.0,2.0,true,54.31113152899156,5
36,100.0,24,75.0,1.5,2.0,true,54.31113152899156,5
36,100.0,24,75.0,2.0,2.0,true,54.31113152899156,5
36,100.0,24,75.0,2.5,2.0,true,54.31113152899156,5
36,100.0,24,75.0,0.5,2.5,true,72.31746003230347,5
36,100.0,24,75.0,1.0,2.5,true,66.0,5
36,100.0,24,75.0,1.5,2.5,true,66.0,5
36,100.0,24,75.0,2.0,2.5,true,66.0,5
36,100.0,24,75.0,2.5,2.5,true,66.0,5
36,100.0,24,75.0,0.5,3.0,true,73.36344631054148,5
36,100.0,24,75.0,1.0,3.0,true,66.0,5
36,100.0,24,75.0,1.5,3.0,true,66.0,5
36,100.0,24,75.0,2.0,3.0,true,66.0,5
36,100.0,24,75.0,2.5,3.0,true,66.0,5
36,100.0,24,75.0,0.5,3.5,true,73.36344631054148,5
36,100.0,24,75.0,1.0,3.5,true,71.63149132110269,5
36,100.0,24,75.0,1.5,3.5,true,67.1671460805608,5
36,100.0,24,75.0,2.0,3.5,true,66.0,5
36,100.0,24,75.0,2.5,3.5,true,66.0,5
36,100.0,24,75.0,0.5,4.0,true,73.36344631054148,5
36,100.0,24,75.0,1.0,4.0,true,73.33320851134759,5
36,100.0,24,75.0,1.5,4.0,true,73.33320851134759,5
36,100.0,24,75.0,2.0,4.0,true,73.33320851134759,5
36,100.0,24,75.0,2.5,4.0,true,73.33320851134759,5
36,100.0,30,75.0,0.5,1.0,true,48.524036703883006,5
36,100.0,30,75.0,1.0,1.0,true,48.524036703883006,5
36,100.0,30,75.0,1.5,1.0,true,48.524036703883006,5
36,100.0,30,75.0,2.0,1.0,true,48.524036703883006,5
36,100.0,30,75.0,2.5,1.0,true,48.524036703883006,5
36,100.0,30,75.0,0.5,1.5,true,53.34810247842404,5
36,100.0,30,75.0,1.0,1.5,true,53.25705921985861,5
36,100.0,30,75.0,1.5,1.5,true,53.25705921985861,5
36,100.0,30,75.0,2.0,1.5,true,53.25705921985861,5
36,100.0,30,75.0,2.5,1.5,true,53.25705921985861,5
36,100.0,30,75.0,0.5,2.0,true,53.25705921985861,5
36,100.0,30,75.0,1.0,2.0,true,53.25705921985861,5
36,100.0,30,75.0,1.5,2.0,true,53.25705921985861,5
36,100.0,30,75.0,2.0,2.0,true,53.25705921985861,5
36,100.0,30,75.0,2.5,2.0,true,53.25705921985861,5
36,100.0,30,75.0,0.5,2.5,true,66.44031536710143,5
36,100.0,30,75.0,1.0,2.5,true,53.98601406850097,5
36,100.0,30,75.0,1.5,2.5,true,53.98601406850097,5
36,100.0,30,75.0,2.0,2.5,true,53.98601406850097,5
36,100.0,30,75.0,2.5,2.5,true,53.98601406850097,5
36,100.0,30,75.0,0.5,3.0,true,53.98601406850097,5
36,100.0,30,75.0,1.0,3.0,true,53.98601406850097,5
36,100.0,30,75.0,1.5,3.0,true,53.98601406850097,5
36,100.0,30,75.0,2.0,3.0,true,53.98601406850097,5
36,100.0,30,75.0,2.5,3.0,true,53.98601406850097,5
36,100.0,30,75.0,0.5,3.5,true,53.98601406850097,5
36,100.0,30,75.0,1.0,3.5,true,53.98601406850097,5
36,100.0,30,75.0,1.5,3.5,true,53.98601406850097,5
36,100.0,30,75.0,2.0,3.5,true,53.98601406850097,5
36,100.0,30,75.0,2.5,3.5,true,53.98601406850097,5
36,100.0,30,75.0,0.5,4.0,true,53.98601406850097,5
36,100.0,30,75.0,1.0,4.0,true,53.98601406850097,5
36,100.0,30,75.0,1.5,4.0,true,53.98601406850097,5
36,100.0,30,75.0,2.0,4.0,true,53.98601406850097,5
36,100.0,30,75.0,2.5,4.0,true,53.98601406850097,5
36,100.0,36,75.0,0.5,1.0,true,71.09142973306027,5
36,100.0,36,75.0,1.0,1.0,true,84.20603330551941,5
36,100.0,36,75.0,1.5,1.0,true,84.20603330551941,5
36,100.0,36,75.0,2.0,1.0,true,84.20603330551941,5
36,100.0,36,75.0,2.5,1.0,true,84.20603330551941,5
36,100.0,36,75.0,0.5,1.5,true,87.95782153335371,5
36,100.0,36,75.0,1.0,1.5,true,87.0,5
36,100.0,36,75.0,1.5,1.5,true,82.62229583774104,5
36,100.0,36,75.0,2.0,1.5,true,58.19432696209335,5
36,100.0,36,75.0,2.5,1.5,true,58.19432696209335,5
36,100.0,36,75.0,0.5,2.0,true,64.29248423786632,5
36,100.0,36,75.0,1.0,2.0,true,88.0,5
36,100.0,36,75.0,1.5,2.0,true,116.5086412209389,5
36,100.0,36,75.0,2.0,2.0,false,NaN,2
36,100.0,36,75.0,2.5,2.0,false,NaN,2
36,100.0,36,75.0,0.5,2.5,true,145.20668999836582,5
36,100.0,36,75.0,1.0,2.5,true,77.59640980189315,5
36,100.0,36,75.0,1.5,2.5,true,78.27223063387831,5
36,100.0,36,75.0,2.0,2.5,true,78.27223063387831,5
36,100.0,36,75.0,2.5,2.5,true,78.3200179692698,5
36,100.0,36,75.0,0.5,3.0,true,82.2586776243058,5
36,100.0,36,75.0,1.0,3.0,true,82.2586776243058,5
36,100.0,36,75.0,1.5,3.0,true,82.2586776243058,5
36,100.0,36,75.0,2.0,3.0,true,82.2586776243058,5
36,100.0,36,75.0,2.5,3.0,true,82.2586776243058,5
36,100.0,36,75.0,0.5,3.5,true,74.79859614283836,5
36,100.0,36,75.0,1.0,3.5,true,75.41712879807548,5
36,100.0,36,75.0,1.5,3.5,true,75.41712879807548,5
36,100.0,36,75.0,2.0,3.5,true,75.5703655405305,5
36,100.0,36,75.0,2.5,3.5,true,78.09253291937259,5
36,100.0,36,75.0,0.5,4.0,true,59.707393456064565,5
36,100.0,36,75.0,1.0,4.0,true,59.707393456064565,5
36,100.0,36,75.0,1.5,4.0,true,59.6859306624104,5
36,100.0,36,75.0,2.0,4.0,true,59.6859306624104,5
36,100.0,36,75.0,2.5,4.0,true,59.6859306624104,5
36,100.0,12,100.0,0.5,1.0,true,93.45623786966877,5
36,100.0,12,100.0,1.0,1.0,true,84.84729723352412,5
36,100.0,12,100.0,1.5,1.0,true,83.33661577487142,5
36,100.0,12,100.0,2.0,1.0,true,84.5234927060012,5
36,100.0,12,100.0,2.5,1.0,true,93.98342044503757,5
36,100.0,12,100.0,0.5,1.5,true,84.84729723352412,5
36,100.0,12,100.0,1.0,1.5,true,93.98910935684032,5
36,100.0,12,100.0,1.5,1.5,true,83.33661577487142,5
36,100.0,12,100.0,2.0,1.5,true,93.98342044503757,5
36,100.0,12,100.0,2.5,1.5,true,93.98342044503757,5
36,100.0,12,100.0,0.5,2.0,true,87.69552440737179,5
36,100.0,12,100.0,1.0,2.0,true,87.90007247968437,5
36,100.0,12,100.0,1.5,2.0,true,87.69552440737179,5
36,100.0,12,100.0,2.0,2.0,true,94.0,5
36,100.0,12,100.0,2.5,2.0,true,94.0,5
36,100.0,12,100.0,0.5,2.5,true,90.5716178512492,5
36,100.0,12,100.0,1.0,2.5,true,93.98396308663898,5
36,100.0,12,100.0,1.5,2.5,true,93.0,5
36,100.0,12,100.0,2.0,2.5,true,94.0,5
36,100.0,12,100.0,2.5,2.5,true,94.0,5
36,100.0,12,100.0,0.5,3.0,true,92.9507462914514,5
36,100.0,12,100.0,1.0,3.0,true,93.98396308663898,5
36,100.0,12,100.0,1.5,3.0,true,93.0,5
36,100.0,12,100.0,2.0,3.0,true,94.0,5
36,100.0,12,100.0,2.5,3.0,true,94.0,5
36,100.0,12,100.0,0.5,3.5,true,92.9507462914514,5
36,100.0,12,100.0,1.0,3.5,true,93.98396308663898,5
36,100.0,12,100.0,1.5,3.5,true,93.95662312645548,5
36,100.0,12,100.0,2.0,3.5,true,94.0,5
36,100.0,12,100.0,2.5,3.5,true,94.0,5
36,100.0,12,100.0,0.5,4.0,true,92.9507462914514,5
36,100.0,12,100.0,1.0,4.0,true,93.98396308663898,5
36,100.0,12,100.0,1.5,4.0,true,93.95662312645548,5
36,100.0,12,100.0,2.0,4.0,true,94.0,5
36,100.0,12,100.0,2.5,4.0,true,94.0,5
36,100.0,18,100.0,0.5,1.0,true,63.0,5
36,100.0,18,100.0,1.0,1.0,true,63.0,5
36,100.0,18,100.0,1.5,1.0,true,63.0,5
36,100.0,18,100.0,2.0,1.0,true,63.0,5
36,100.0,18,100.0,2.5,1.0,true,63.0,5
36,100.0,18,100.0,0.5,1.5,true,68.36183600520198,5
36,100.0,18,100.0,1.0,1.5,true,106.3991979523992,5
36,100.0,18,100.0,1.5,1.5,true,106.3991979523992,5
36,100.0,18,100.0,2.0,1.5,true,106.3991979523992,5
36,100.0,18,100.0,2.5,1.5,true,106.3991979523992,5
36,100.0,18,100.0,0.5,2.0,true,68.25115183468344,5
36,100.0,18,100.0,1.0,2.0,true,68.26916341695114,5
36,100.0,18,100.0,1.5,2.0,true,68.26916341695114,5
36,100.0,18,100.0,2.0,2.0,true,68.26916341695114,5
36,100.0,18,100.0,2.5,2.0,true,68.26916341695114,5
36,100.0,18,100.0,0.5,2.5,true,68.25473713498914,5
36,100.0,18,100.0,1.0,2.5,true,68.25473713498914,5
36,100.0,18,100.0,1.5,2.5,true,68.25473713498914,5
36,100.0,18,100.0,2.0,2.5,true,68.25473713498914,5
36,100.0,18,100.0,2.5,2.5,true,68.25473713498914,5
36,100.0,18,100.0,0.5,3.0,true,48.12661825990514,5
36,100.0,18,100.0,1.0,3.0,true,48.12661825990514,5
36,100.0,18,100.0,1.5,3.0,true,48.12661825990514,5
36,100.0,18,100.0,2.0,3.0,true,48.12661825990514,5
36,100.0,18,100.0,2.5,3.0,true,48.12661825990514,5
36,100.0,18,100.0,0.5,3.5,true,48.12661825990514,5
36,100.0,18,100.0,1.0,3.5,true,48.12661825990514,5
36,100.0,18,100.0,1.5,3.5,true,48.12661825990514,5
36,100.0,18,100.0,2.0,3.5,true,48.12661825990514,5
36,100.0,18,100.0,2.5,3.5,true,48.12661825990514,5
36,100.0,18,100.0,0.5,4.0,true,48.12661825990514,5
36,100.0,18,100.0,1.0,4.0,true,48.12661825990514,5
36,100.0,18,100.0,1.5,4.0,true,48.12661825990514,5
36,100.0,18,100.0,2.0,4.0,true,48.12661825990514,5
36,100.0,18,100.0,2.5,4.0,true,48.12661825990514,5
36,100.0,24,100.0,0.5,1.0,true,79.0,5
36,100.0,24,100.0,1.0,1.0,true,74.95857654848989,5
36,100.0,24,100.0,1.5,1.0,true,74.95857654848989,5
36,100.0,24,100.0,2.0,1.0,true,74.95857654848989,5
36,100.0,24,100.0,2.5,1.0,true,74.95857654848989,5
36,100.0,24,100.0,0.5,1.5,true,80.77538342226765,5
36,100.0,24,100.0,1.0,1.5,true,80.77538342226765,5
36,100.0,24,100.0,1.5,1.5,true,80.77538342226765,5
36,100.0,24,100.0,2.0,1.5,true,80.77538342226765,5
36,100.0,24,100.0,2.5,1.5,true,80.77538342226765,5
36,100.0,24,100.0,0.5,2.0,true,77.26445701978594,5
36,100.0,24,100.0,1.0,2.0,true,93.03318659903324,5
36,100.0,24,100.0,1.5,2.0,true,92.97888143289799,5
36,100.0,24,100.0,2.0,2.0,true,93.0,5
36,100.0,24,100.0,2.5,2.0,true,104.0,5
36,100.0,24,100.0,0.5,2.5,true,79.4510144371069,5
36,100.0,24,100.0,1.0,2.5,true,101.38462346046674,5
36,100.0,24,100.0,1.5,2.5,true,123.7736413299287,5
36,100.0,24,100.0,2.0,2.5,true,102.76875209504557,5
36,100.0,24,100.0,2.5,2.5,true,137.38375798925236,5
36,100.0,24,100.0,0.5,3.0,true,82.83947785888411,5
36,100.0,24,100.0,1.0,3.0,true,86.83415589794818,5
36,100.0,24,100.0,1.5,3.0,true,86.83415589794818,5
36,100.0,24,100.0,2.0,3.0,true,86.95373433348182,5
36,100.0,24,100.0,2.5,3.0,true,86.95373433348182,5
36,100.0,24,100.0,0.5,3.5,true,82.83947785888411,5
36,100.0,24,100.0,1.0,3.5,true,86.83415589794818,5
36,100.0,24,100.0,1.5,3.5,true,86.83415589794818,5
36,100.0,24,100.0,2.0,3.5,true,86.95373433348182,5
36,100.0,24,100.0,2.5,3.5,true,86.95373433348182,5
36,100.0,24,100.0,0.5,4.0,true,82.83947785888411,5
36,100.0,24,100.0,1.0,4.0,true,86.83415589794818,5
36,100.0,24,100.0,1.5,4.0,true,86.83415589794818,5
36,100.0,24,100.0,2.0,4.0,true,86.95373433348182,5
36,100.0,24,100.0,2.5,4.0,true,86.95373433348182,5
36,100.0,30,100.0,0.5,1.0,true,143.0857135153224,5
36,100.0,30,100.0,1.0,1.0,true,81.80323455330931,5
36,100.0,30,100.0,1.5,1.0,true,117.98606697290336,5
36,100.0,30,100.0,2.0,1.0,false,NaN,4
36,100.0,30,100.0,2.5,1.0,false,NaN,4
36,100.0,30,100.0,0.5,1.5,true,190.74087171518286,5
36,100.0,30,100.0,1.0,1.5,false,NaN,4
36,100.0,30,100.0,1.5,1.5,true,148.90394261233365,5
36,100.0,30,100.0,2.0,1.5,true,88.63854608328771,5
36,100.0,30,100.0,2.5,1.5,true,87.77479942665832,5
36,100.0,30,100.0,0.5,2.0,false,NaN,4
36,100.0,30,100.0,1.0,2.0,true,153.16868124874168,5
36,100.0,30,100.0,1.5,2.0,false,NaN,4
36,100.0,30,100.0,2.0,2.0,true,88.63854608328771,5
36,100.0,30,100.0,2.5,2.0,true,86.7793420288552,5
36,100.0,30,100.0,0.5,2.5,true,119.93955670195164,5
36,100.0,30,100.0,1.0,2.5,true,133.0,5
36,100.0,30,100.0,1.5,2.5,true,85.0,5
36,100.0,30,100.0,2.0,2.5,true,87.54344342818888,5
36,100.0,30,100.0,2.5,2.5,true,86.59370127439394,5
36,100.0,30,100.0,0.5,3.0,true,158.76842798559935,5
36,100.0,30,100.0,1.0,3.0,true,142.0,5
36,100.0,30,100.0,1.5,3.0,true,85.0,5
36,100.0,30,100.0,2.0,3.0,true,85.0,5
36,100.0,30,100.0,2.5,3.0,false,NaN,4
36,100.0,30,100.0,0.5,3.5,true,158.76842798559935,5
36,100.0,30,100.0,1.0,3.5,false,NaN,4
36,100.0,30,100.0,1.5,3.5,true,85.0,5
36,100.0,30,100.0,2.0,3.5,true,84.14265638100476,5
36,100.0,30,100.0,2.5,3.5,true,85.0,5
36,100.0,30,100.0,0.5,4.0,true,191.601828930874,5
36,100.0,30,100.0,1.0,4.0,false,NaN,4
36,100.0,30,100.0,1.5,4.0,true,84.14265638100476,5
36,100.0,30,100.0,2.0,4.0,true,84.14265638100476,5
36,100.0,30,100.0,2.5,4.0,true,84.14265638100476,5
36,100.0,36,100.0,0.5,1.0,true,142.33754056678794,5
36,100.0,36,100.0,1.0,1.0,true,56.61187003521097,5
36,100.0,36,100.0,1.5,1.0,true,56.61187003521097,5
36,100.0,36,100.0,2.0,1.0,true,56.61187003521097,5
36,100.0,36,100.0,2.5,1.0,true,56.61187003521097,5
36,100.0,36,100.0,0.5,1.5,true,71.99504909265775,5
36,100.0,36,100.0,1.0,1.5,true,56.61187003521097,5
36,100.0,36,100.0,1.5,1.5,true,56.61187003521097,5
36,100.0,36,100.0,2.0,1.5,true,56.61187003521097,5
36,100.0,36,100.0,2.5,1.5,true,56.61187003521097,5
36,100.0,36,100.0,0.5,2.0,true,76.75554811458532,5
36,100.0,36,100.0,1.0,2.0,true,75.89228942605493,5
36,100.0,36,100.0,1.5,2.0,true,75.89228942605493,5
36,100.0,36,100.0,2.0,2.0,true,75.89228942605493,5
36,100.0,36,100.0,2.5,2.0,true,75.86215111952299,5
36,100.0,36,100.0,0.5,2.5,false,NaN,4
36,100.0,36,100.0,1.0,2.5,true,87.73836886201309,5
36,100.0,36,100.0,1.5,2.5,true,110.0,5
36,100.0,36,100.0,2.0,2.5,true,112.12414546576434,5
36,100.0,36,100.0,2.5,2.5,true,112.94073003875383,5
36,100.0,36,100.0,0.5,3.0,true,70.51270908544211,5
36,100.0,36,100.0,1.0,3.0,true,70.51270908544211,5
36,100.0,36,100.0,1.5,3.0,true,70.51270908544211,5
36,100.0,36,100.0,2.0,3.0,true,70.51270908544211,5
36,100.0,36,100.0,2.5,3.0,true,70.51270908544211,5
36,100.0,36,100.0,0.5,3.5,true,72.0,5
36,100.0,36,100.0,1.0,3.5,true,72.0,5
36,100.0,36,100.0,1.5,3.5,true,72.0,5
36,100.0,36,100.0,2.0,3.5,true,72.0,5
36,100.0,36,100.0,2.5,3.5,true,72.0,5
36,100.0,36,100.0,0.5,4.0,true,72.28367880408402,5
36,100.0,36,100.0,1.0,4.0,true,72.28367880408402,5
36,100.0,36,100.0,1.5,4.0,true,72.28367880408402,5
36,100.0,36,100.0,2.0,4.0,true,72.28367880408402,5
36,100.0,36,100.0,2.5,4.0,true,72.28367880408402,5
36,100.0,12,125.0,0.5,1.0,true,78.72031392077913,5
36,100.0,12,125.0,1.0,1.0,true,78.4918675227455,5
36,100.0,12,125.0,1.5,1.0,true,78.4918675227455,5
36,100.0,12,125.0,2.0,1.0,true,78.4918675227455,5
36,100.0,12,125.0,2.5,1.0,true,78.4918675227455,5
36,100.0,12,125.0,0.5,1.5,true,66.32073872935398,5
36,100.0,12,125.0,1.0,1.5,true,78.74260866499063,5
36,100.0,12,125.0,1.5,1.5,true,78.74260866499063,5
36,100.0,12,125.0,2.0,1.5,true,78.74260866499063,5
36,100.0,12,125.0,2.5,1.5,true,78.74260866499063,5
36,100.0,12,125.0,0.5,2.0,true,91.00576642385509,5
36,100.0,12,125.0,1.0,2.0,true,82.86860362256593,5
36,100.0,12,125.0,1.5,2.0,true,65.52167824243489,5
36,100.0,12,125.0,2.0,2.0,true,65.52167824243489,5
36,100.0,12,125.0,2.5,2.0,true,65.52167824243489,5
36,100.0,12,125.0,0.5,2.5,true,74.45774877860198,5
36,100.0,12,125.0,1.0,2.5,true,65.52167824243489,5
36,100.0,12,125.0,1.5,2.5,true,65.52167824243489,5
36,100.0,12,125.0,2.0,2.5,true,65.52167824243489,5
36,100.0,12,125.0,2.5,2.5,true,65.52167824243489,5
36,100.0,12,125.0,0.5,3.0,true,65.52167824243489,5
36,100.0,12,125.0,1.0,3.0,true,65.52167824243489,5
36,100.0,12,125.0,1.5,3.0,true,65.52167824243489,5
36,100.0,12,125.0,2.0,3.0,true,65.52167824243489,5
36,100.0,12,125.0,2.5,3.0,true,65.52167824243489,5
36,100.0,12,125.0,0.5,3.5,true,65.52167824243489,5
36,100.0,12,125.0,1.0,3.5,true,65.52167824243489,5
36,100.0,12,125.0,1.5,3.5,true,65.52167824243489,5
36,100.0,12,125.0,2.0,3.5,true,65.52167824243489,5
36,100.0,12,125.0,2.5,3.5,true,65.61097717807567,5
36,100.0,12,125.0,0.5,4.0,true,65.52167824243489,5
36,100.0,12,125.0,1.0,4.0,true,65.52167824243489,5
36,100.0,12,125.0,1.5,4.0,true,65.52167824243489,5
36,100.0,12,125.0,2.0,4.0,true,65.61097717807567,5
36,100.0,12,125.0,2.5,4.0,true,65.61097717807567,5
36,100.0,18,125.0,0.5,1.0,true,81.25039301766647,5
36,100.0,18,125.0,1.0,1.0,false,NaN,4
36,100.0,18,125.0,1.5,1.0,false,NaN,4
36,100.0,18,125.0,2.0,1.0,false,NaN,4
36,100.0,18,125.0,2.5,1.0,false,NaN,4
36,100.0,18,125.0,0.5,1.5,true,81.25039301766647,5
36,100.0,18,125.0,1.0,1.5,false,NaN,4
36,100.0,18,125.0,1.5,1.5,true,146.47152752822836,5
36,100.0,18,125.0,2.0,1.5,false,NaN,4
36,100.0,18,125.0,2.5,1.5,false,NaN,4
36,100.0,18,125.0,0.5,2.0,true,81.25039301766647,5
36,100.0,18,125.0,1.0,2.0,false,NaN,4
36,100.0,18,125.0,1.5,2.0,true,126.58768722994834,5
36,100.0,18,125.0,2.0,2.0,true,196.73205334326443,5
36,100.0,18,125.0,2.5,2.0,true,136.10887915549642,5
36,100.0,18,125.0,0.5,2.5,true,75.2387205346115,5
36,100.0,18,125.0,1.0,2.5,false,NaN,4
36,100.0,18,125.0,1.5,2.5,true,128.5143988860933,5
36,100.0,18,125.0,2.0,2.5,true,142.88696940048584,5
36,100.0,18,125.0,2.5,2.5,true,129.0,5
36,100.0,18,125.0,0.5,3.0,true,77.01926234837151,5
36,100.0,18,125.0,1.0,3.0,true,143.9109531269548,5
36,100.0,18,125.0,1.5,3.0,true,130.92810198908106,5
36,100.0,18,125.0,2.0,3.0,true,117.72305031133006,5
36,100.0,18,125.0,2.5,3.0,true,120.0,5
36,100.0,18,125.0,0.5,3.5,true,77.01926234837151,5
36,100.0,18,125.0,1.0,3.5,true,193.56863303459588,5
36,100.0,18,125.0,1.5,3.5,true,191.39595971602822,5
36,100.0,18,125.0,2.0,3.5,true,125.55242526448875,5
36,100.0,18,125.0,2.5,3.5,true,125.55242526448875,5
36,100.0,18,125.0,0.5,4.0,true,77.01926234837151,5
36,100.0,18,125.0,1.0,4.0,true,193.56863303459588,5
36,100.0,18,125.0,1.5,4.0,true,191.39595971602822,5
36,100.0,18,125.0,2.0,4.0,true,125.55242526448875,5
36,100.0,18,125.0,2.5,4.0,true,125.55242526448875,5
36,100.0,24,125.0,0.5,1.0,false,NaN,4
36,100.0,24,125.0,1.0,1.0,true,90.50468802636983,5
36,100.0,24,125.0,1.5,1.0,true,90.50468802636983,5
36,100.0,24,125.0,2.0,1.0,true,90.50468802636983,5
36,100.0,24,125.0,2.5,1.0,true,90.50468802636983,5
36,100.0,24,125.0,0.5,1.5,true,73.20021969928014,5
36,100.0,24,125.0,1.0,1.5,true,73.21198105948766,5
36,100.0,24,125.0,1.5,1.5,true,73.25605634540307,5
36,100.0,24,125.0,2.0,1.5,true,73.25605634540307,5
36,100.0,24,125.0,2.5,1.5,true,73.25605634540307,5
36,100.0,24,125.0,0.5,2.0,true,107.28064976556153,5
36,100.0,24,125.0,1.0,2.0,true,144.892302906762,5
36,100.0,24,125.0,1.5,2.0,true,153.42019567929074,5
36,100.0,24,125.0,2.0,2.0,true,152.45560935873138,5
36,100.0,24,125.0,2.5,2.0,true,128.35956249735244,5
36,100.0,24,125.0,0.5,2.5,true,67.24019443076726,5
36,100.0,24,125.0,1.0,2.5,true,67.28655380991655,5
36,100.0,24,125.0,1.5,2.5,true,67.28655380991655,5
36,100.0,24,125.0,2.0,2.5,true,67.28655380991655,5
36,100.0,24,125.0,2.5,2.5,true,67.28655380991655,5
36,100.0,24,125.0,0.5,3.0,true,67.24019443076726,5
36,100.0,24,125.0,1.0,3.0,true,67.28655380991655,5
36,100.0,24,125.0,1.5,3.0,true,67.28655380991655,5
36,100.0,24,125.0,2.0,3.0,true,67.28655380991655,5
36,100.0,24,125.0,2.5,3.0,true,67.28655380991655,5
36,100.0,24,125.0,0.5,3.5,true,67.28655380991655,5
36,100.0,24,125.0,1.0,3.5,true,67.28655380991655,5
36,100.0,24,125.0,1.5,3.5,true,67.28655380991655,5
36,100.0,24,125.0,2.0,3.5,true,67.28655380991655,5
36,100.0,24,125.0,2.5,3.5,true,67.28655380991655,5
36,100.0,24,125.0,0.5,4.0,true,67.28655380991655,5
36,100.0,24,125.0,1.0,4.0,true,67.28655380991655,5
36,100.0,24,125.0,1.5,4.0,true,67.28655380991655,5
36,100.0,24,125.0,2.0,4.0,true,67.28655380991655,5
36,100.0,24,125.0,2.5,4.0,true,67.28655380991655,5
36,100.0,30,125.0,0.5,1.0,true,58.0,5
36,100.0,30,125.0,1.0,1.0,true,78.81126799807367,5
36,100.0,30,125.0,1.5,1.0,true,113.14190098237835,5
36,100.0,30,125.0,2.0,1.0,true,74.50565216687099,5
36,100.0,30,125.0,2.5,1.0,true,74.50565216687099,5
36,100.0,30,125.0,0.5,1.5,true,67.81540180493276,5
36,100.0,30,125.0,1.0,1.5,true,100.12093199062976,5
36,100.0,30,125.0,1.5,1.5,true,100.20859036433866,5
36,100.0,30,125.0,2.0,1.5,true,100.20859036433866,5
36,100.0,30,125.0,2.5,1.5,true,100.20859036433866,5
36,100.0,30,125.0,0.5,2.0,true,101.69588897716217,5
36,100.0,30,125.0,1.0,2.0,true,101.44865768053953,5
36,100.0,30,125.0,1.5,2.0,true,102.2704009215756,5
36,100.0,30,125.0,2.0,2.0,true,102.25147417545543,5
36,100.0,30,125.0,2.5,2.0,true,102.25147417545543,5
36,100.0,30,125.0,0.5,2.5,true,78.4801764915672,5
36,100.0,30,125.0,1.0,2.5,true,71.50956651966293,5
36,100.0,30,125.0,1.5,2.5,true,126.2577768973693,5
36,100.0,30,125.0,2.0,2.5,true,136.80580055497222,5
36,100.0,30,125.0,2.5,2.5,true,123.94984025319772,5
36,100.0,30,125.0,0.5,3.0,true,96.758549149869,5
36,100.0,30,125.0,1.0,3.0,true,84.93059420781789,5
36,100.0,30,125.0,1.5,3.0,true,78.45108970908758,5
36,100.0,30,125.0,2.0,3.0,true,78.45108970908758,5
36,100.0,30,125.0,2.5,3.0,true,78.45108970908758,5
36,100.0,30,125.0,0.5,3.5,true,96.97005524185178,5
36,100.0,30,125.0,1.0,3.5,true,84.93059420781789,5
36,100.0,30,125.0,1.5,3.5,true,78.3987938530506,5
36,100.0,30,125.0,2.0,3.5,true,78.3987938530506,5
36,100.0,30,125.0,2.5,3.5,true,78.3987938530506,5
36,100.0,30,125.0,0.5,4.0,true,97.0,5
36,100.0,30,125.0,1.0,4.0,true,84.46802432126398,5
36,100.0,30,125.0,1.5,4.0,true,78.3987938530506,5
36,100.0,30,125.0,2.0,4.0,true,78.3987938530506,5
36,100.0,30,125.0,2.5,4.0,true,78.3987938530506,5
36,100.0,36,125.0,0.5,1.0,true,120.76679216430104,5
36,100.0,36,125.0,1.0,1.0,true,159.9172566267907,5
36,100.0,36,125.0,1.5,1.0,false,NaN,4
36,100.0,36,125.0,2.0,1.0,false,NaN,4
36,100.0,36,125.0,2.5,1.0,false,NaN,4
36,100.0,36,125.0,0.5,1.5,true,83.62190808637568,5
36,100.0,36,125.0,1.0,1.5,false,NaN,4
36,100.0,36,125.0,1.5,1.5,false,NaN,4
36,100.0,36,125.0,2.0,1.5,true,153.2534252147461,5
36,100.0,36,125.0,2.5,1.5,true,156.4137370795036,5
36,100.0,36,125.0,0.5,2.0,true,96.46304588090149,5
36,100.0,36,125.0,1.0,2.0,false,NaN,4
36,100.0,36,125.0,1.5,2.0,true,154.71530182382733,5
36,100.0,36,125.0,2.0,2.0,false,NaN,4
36,100.0,36,125.0,2.5,2.0,false,NaN,4
36,100.0,36,125.0,0.5,2.5,true,97.11245303588441,5
36,100.0,36,125.0,1.0,2.5,true,140.21129678049937,5
36,100.0,36,125.0,1.5,2.5,true,158.90317526628783,5
36,100.0,36,125.0,2.0,2.5,true,197.83831124053688,5
36,100.0,36,125.0,2.5,2.5,true,161.0,5
36,100.0,36,125.0,0.5,3.0,true,97.11245303588441,5
36,100.0,36,125.0,1.0,3.0,false,NaN,4
36,100.0,36,125.0,1.5,3.0,false,NaN,4
36,100.0,36,125.0,2.0,3.0,false,NaN,4
36,100.0,36,125.0,2.5,3.0,false,NaN,4
36,100.0,36,125.0,0.5,3.5,true,91.48972416676936,5
36,100.0,36,125.0,1.0,3.5,false,NaN,4
36,100.0,36,125.0,1.5,3.5,true,155.29363339661057,5
36,100.0,36,125.0,2.0,3.5,false,NaN,4
36,100.0,36,125.0,2.5,3.5,false,NaN,4
36,100.0,36,125.0,0.5,4.0,true,91.48972416676936,5
36,100.0,36,125.0,1.0,4.0,true,145.0,5
36,100.0,36,125.0,1.5,4.0,false,NaN,4
36,100.0,36,125.0,2.0,4.0,true,151.66947034226322,5
36,100.0,36,125.0,2.5,4.0,false,NaN,4
36,100.0,12,150.0,0.5,1.0,true,84.0,5
36,100.0,12,150.0,1.0,1.0,true,84.0,5
36,100.0,12,150.0,1.5,1.0,true,84.0,5
36,100.0,12,150.0,2.0,1.0,true,82.54592222252872,5
36,100.0,12,150.0,2.5,1.0,true,82.54592222252872,5
36,100.0,12,150.0,0.5,1.5,true,71.93161041098188,5
36,100.0,12,150.0,1.0,1.5,true,71.91586757639708,5
36,100.0,12,150.0,1.5,1.5,true,71.91586757639708,5
36,100.0,12,150.0,2.0,1.5,true,71.91586757639708,5
36,100.0,12,150.0,2.5,1.5,true,71.91586757639708,5
36,100.0,12,150.0,0.5,2.0,true,71.91586757639708,5
36,100.0,12,150.0,1.0,2.0,true,71.91586757639708,5
36,100.0,12,150.0,1.5,2.0,true,71.91586757639708,5
36,100.0,12,150.0,2.0,2.0,true,71.91586757639708,5
36,100.0,12,150.0,2.5,2.0,true,71.91586757639708,5
36,100.0,12,150.0,0.5,2.5,true,116.10150850977895,5
36,100.0,12,150.0,1.0,2.5,true,107.98715875939776,5
36,100.0,12,150.0,1.5,2.5,true,107.98715875939776,5
36,100.0,12,150.0,2.0,2.5,true,107.98715875939776,5
36,100.0,12,150.0,2.5,2.5,true,107.98715875939776,5
36,100.0,12,150.0,0.5,3.0,true,62.36497183043025,5
36,100.0,12,150.0,1.0,3.0,true,62.36497183043025,5
36,100.0,12,150.0,1.5,3.0,true,62.36497183043025,5
36,100.0,12,150.0,2.0,3.0,true,62.36497183043025,5
36,100.0,12,150.0,2.5,3.0,true,62.36497183043025,5
36,100.0,12,150.0,0.5,3.5,true,62.36497183043025,5
36,100.0,12,150.0,1.0,3.5,true,62.36497183043025,5
36,100.0,12,150.0,1.5,3.5,true,62.36497183043025,5
36,100.0,12,150.0,2.0,3.5,true,62.36497183043025,5
36,100.0,12,150.0,2.5,3.5,true,62.36497183043025,5
36,100.0,12,150.0,0.5,4.0,true,62.36497183043025,5
36,100.0,12,150.0,1.0,4.0,true,62.36497183043025,5
36,100.0,12,150.0,1.5,4.0,true,62.36497183043025,5
36,100.0,12,150.0,2.0,4.0,true,62.36497183043025,5
36,100.0,12,150.0,2.5,4.0,true,62.36497183043025,5
36,100.0,18,150.0,0.5,1.0,true,128.91760136301042,5
36,100.0,18,150.0,1.0,1.0,true,140.36383033250155,5
36,100.0,18,150.0,1.5,1.0,true,74.16691308266286,5
36,100.0,18,150.0,2.0,1.0,true,74.16691308266286,5
36,100.0,18,150.0,2.5,1.0,true,74.16691308266286,5
36,100.0,18,150.0,0.5,1.5,true,132.23198405254465,5
36,100.0,18,150.0,1.0,1.5,true,149.0,5
36,100.0,18,150.0,1.5,1.5,true,74.16691308266286,5
36,100.0,18,150.0,2.0,1.5,true,74.16691308266286,5
36,100.0,18,150.0,2.5,1.5,true,74.16691308266286,5
36,100.0,18,150.0,0.5,2.0,true,193.61517439867933,5
36,100.0,18,150.0,1.0,2.0,true,149.0,5
36,100.0,18,150.0,1.5,2.0,true,74.16691308266286,5
36,100.0,18,150.0,2.0,2.0,true,74.16691308266286,5
36,100.0,18,150.0,2.5,2.0,true,74.16691308266286,5
36,100.0,18,150.0,0.5,2.5,true,129.78639391919216,5
36,100.0,18,150.0,1.0,2.5,true,149.0,5
36,100.0,18,150.0,1.5,2.5,true,74.16691308266286,5
36,100.0,18,150.0,2.0,2.5,true,74.16691308266286,5
36,100.0,18,150.0,2.5,2.5,true,74.16691308266286,5
36,100.0,18,150.0,0.5,3.0,true,148.79532884776876,5
36,100.0,18,150.0,1.0,3.0,true,149.506269674735,5
36,100.0,18,150.0,1.5,3.0,true,74.16691308266286,5
36,100.0,18,150.0,2.0,3.0,true,74.16691308266286,5
36,100.0,18,150.0,2.5,3.0,true,74.16691308266286,5
36,100.0,18,150.0,0.5,3.5,true,149.22530228299004,5
36,100.0,18,150.0,1.0,3.5,true,149.506269674735,5
36,100.0,18,150.0,1.5,3.5,true,74.16691308266286,5
36,100.0,18,150.0,2.0,3.5,true,74.16691308266286,5
36,100.0,18,150.0,2.5,3.5,true,74.16691308266286,5
36,100.0,18,150.0,0.5,4.0,true,132.11548132797336,5
36,100.0,18,150.0,1.0,4.0,true,149.506269674735,5
36,100.0,18,150.0,1.5,4.0,true,74.16691308266286,5
36,100.0,18,150.0,2.0,4.0,true,74.16691308266286,5
36,100.0,18,150.0,2.5,4.0,true,74.16691308266286,5
36,100.0,24,150.0,0.5,1.0,true,63.35181391338734,5
36,100.0,24,150.0,1.0,1.0,true,196.0,5
36,100.0,24,150.0,1.5,1.0,false,NaN,4
36,100.0,24,150.0,2.0,1.0,true,152.56089115174768,5
36,100.0,24,150.0,2.5,1.0,true,197.20320524853423,5
36,100.0,24,150.0,0.5,1.5,false,NaN,4
36,100.0,24,150.0,1.0,1.5,true,160.6109576822339,5
36,100.0,24,150.0,1.5,1.5,false,NaN,4
36,100.0,24,150.0,2.0,1.5,false,NaN,4
36,100.0,24,150.0,2.5,1.5,true,198.2399483314492,5
36,100.0,24,150.0,0.5,2.0,false,NaN,4
36,100.0,24,150.0,1.0,2.0,false,NaN,4
36,100.0,24,150.0,1.5,2.0,true,192.0,5
36,100.0,24,150.0,2.0,2.0,true,142.0,5
36,100.0,24,150.0,2.5,2.0,true,129.39657262128492,5
36,100.0,24,150.0,0.5,2.5,true,191.72768286942437,5
36,100.0,24,150.0,1.0,2.5,false,NaN,4
36,100.0,24,150.0,1.5,2.5,true,151.81526145805836,5
36,100.0,24,150.0,2.0,2.5,true,160.596955972527,5
36,100.0,24,150.0,2.5,2.5,true,158.9279054979874,5
36,100.0,24,150.0,0.5,3.0,false,NaN,4
36,100.0,24,150.0,1.0,3.0,false,NaN,4
36,100.0,24,150.0,1.5,3.0,true,145.1163537625927,5
36,100.0,24,150.0,2.0,3.0,false,NaN,4
36,100.0,24,150.0,2.5,3.0,false,NaN,4
36,100.0,24,150.0,0.5,3.5,true,199.48307592631377,5
36,100.0,24,150.0,1.0,3.5,false,NaN,4
36,100.0,24,150.0,1.5,3.5,true,146.52148902693378,5
36,100.0,24,150.0,2.0,3.5,false,NaN,4
36,100.0,24,150.0,2.5,3.5,false,NaN,4
36,100.0,24,150.0,0.5,4.0,false,NaN,4
36,100.0,24,150.0,1.0,4.0,false,NaN,4
36,100.0,24,150.0,1.5,4.0,false,NaN,4
36,100.0,24,150.0,2.0,4.0,true,195.09504963671935,5
36,100.0,24,150.0,2.5,4.0,true,157.9997238109423,5
36,100.0,30,150.0,0.5,1.0,false,NaN,4
36,100.0,30,150.0,1.0,1.0,true,61.530480459993335,5
36,100.0,30,150.0,1.5,1.0,true,198.25462104475343,5
36,100.0,30,150.0,2.0,1.0,true,138.0,5
36,100.0,30,150.0,2.5,1.0,true,133.9254603698344,5
36,100.0,30,150.0,0.5,1.5,true,62.96942104699632,5
36,100.0,30,150.0,1.0,1.5,true,62.972784480822526,5
36,100.0,30,150.0,1.5,1.5,true,84.47699043737087,5
36,100.0,30,150.0,2.0,1.5,true,84.47699043737087,5
36,100.0,30,150.0,2.5,1.5,true,147.20283730344966,5
36,100.0,30,150.0,0.5,2.0,true,60.922595776427336,5
36,100.0,30,150.0,1.0,2.0,true,72.156813478311,5
36,100.0,30,150.0,1.5,2.0,true,72.156813478311,5
36,100.0,30,150.0,2.0,2.0,true,147.5945962887889,5
36,100.0,30,150.0,2.5,2.0,true,140.47565928207058,5
36,100.0,30,150.0,0.5,2.5,true,62.96942104699632,5
36,100.0,30,150.0,1.0,2.5,true,72.156813478311,5
36,100.0,30,150.0,1.5,2.5,true,72.05606786983726,5
36,100.0,30,150.0,2.0,2.5,true,102.63110739245839,5
36,100.0,30,150.0,2.5,2.5,true,195.15199256062843,5
36,100.0,30,150.0,0.5,3.0,true,73.66089516374792,5
36,100.0,30,150.0,1.0,3.0,true,73.64972169821466,5
36,100.0,30,150.0,1.5,3.0,true,107.65984933888086,5
36,100.0,30,150.0,2.0,3.0,true,102.64196567760962,5
36,100.0,30,150.0,2.5,3.0,true,195.09744870771027,5
36,100.0,30,150.0,0.5,3.5,true,118.78668873125176,5
36,100.0,30,150.0,1.0,3.5,true,145.0,5
36,100.0,30,150.0,1.5,3.5,true,107.4860902528763,5
36,100.0,30,150.0,2.0,3.5,true,102.72119727850759,5
36,100.0,30,150.0,2.5,3.5,true,195.09744870771027,5
36,100.0,30,150.0,0.5,4.0,false,NaN,4
36,100.0,30,150.0,1.0,4.0,false,NaN,4
36,100.0,30,150.0,1.5,4.0,true,107.4860902528763,5
36,100.0,30,150.0,2.0,4.0,true,102.65106454932685,5
36,100.0,30,150.0,2.5,4.0,true,131.93151156429946,5
36,100.0,36,150.0,0.5,1.0,true,42.49734058182718,5
36,100.0,36,150.0,1.0,1.0,true,89.52994110126006,5
36,100.0,36,150.0,1.5,1.0,false,NaN,4
36,100.0,36,150.0,2.0,1.0,true,123.35473546963422,5
36,100.0,36,150.0,2.5,1.0,true,123.35473546963422,5
36,100.0,36,150.0,0.5,1.5,true,199.80728825172065,5
36,100.0,36,150.0,1.0,1.5,false,NaN,4
36,100.0,36,150.0,1.5,1.5,true,152.8870339111136,5
36,100.0,36,150.0,2.0,1.5,true,158.85053792280016,5
36,100.0,36,150.0,2.5,1.5,true,131.14342246076652,5
36,100.0,36,150.0,0.5,2.0,false,NaN,4
36,100.0,36,150.0,1.0,2.0,false,NaN,4
36,100.0,36,150.0,1.5,2.0,false,NaN,4
36,100.0,36,150.0,2.0,2.0,true,116.5120352817602,5
36,100.0,36,150.0,2.5,2.0,true,117.49293219296827,5
36,100.0,36,150.0,0.5,2.5,false,NaN,4
36,100.0,36,150.0,1.0,2.5,true,145.38903084514197,5
36,100.0,36,150.0,1.5,2.5,true,158.19302104620513,5
36,100.0,36,150.0,2.0,2.5,true,129.20258848520285,5
36,100.0,36,150.0,2.5,2.5,false,NaN,4
36,100.0,36,150.0,0.5,3.0,false,NaN,4
36,100.0,36,150.0,1.0,3.0,false,NaN,4
36,100.0,36,150.0,1.5,3.0,true,145.57798929008297,5
36,100.0,36,150.0,2.0,3.0,true,118.6665259372205,5
36,100.0,36,150.0,2.5,3.0,true,118.6665259372205,5
36,100.0,36,150.0,0.5,3.5,true,195.2365422263654,5
36,100.0,36,150.0,1.0,3.5,true,144.65800141150694,5
36,100.0,36,150.0,1.5,3.5,true,125.61028503519691,5
36,100.0,36,150.0,2.0,3.5,true,117.20294016047833,5
36,100.0,36,150.0,2.5,3.5,true,117.20294016047833,5
36,100.0,36,150.0,0.5,4.0,false,NaN,4
36,100.0,36,150.0,1.0,4.0,true,137.0,5
36,100.0,36,150.0,1.5,4.0,false,NaN,4
36,100.0,36,150.0,2.0,4.0,true,117.20294016047833,5
36,100.0,36,150.0,2.5,4.0,true,117.20294016047833,5
43,100.0,12,50.0,0.5,1.0,true,51.531774285666,5
43,100.0,12,50.0,1.0,1.0,true,51.531774285666,5
43,100.0,12,50.0,1.5,1.0,true,51.531774285666,5
43,100.0,12,50.0,2.0,1.0,true,51.531774285666,5
43,100.0,12,50.0,2.5,1.0,true,51.531774285666,5
43,100.0,12,50.0,0.5,1.5,true,51.531774285666,5
43,100.0,12,50.0,1.0,1.5,true,51.531774285666,5
43,100.0,12,50.0,1.5,1.5,true,51.531774285666,5
43,100.0,12,50.0,2.0,1.5,true,51.531774285666,5
43,100.0,12,50.0,2.5,1.5,true,51.531774285666,5
43,100.0,12,50.0,0.5,2.0,true,51.531774285666,5
43,100.0,12,50.0,1.0,2.0,true,51.531774285666,5
43,100.0,12,50.0,1.5,2.0,true,51.531774285666,5
43,100.0,12,50.0,2.0,2.0,true,51.531774285666,5
43,100.0,12,50.0,2.5,2.0,true,51.531774285666,5
43,100.0,12,50.0,0.5,2.5,true,83.0,5
43,100.0,12,50.0,1.0,2.5,false,NaN,3
43,100.0,12,50.0,1.5,2.5,true,51.638512294002915,5
43,100.0,12,50.0,2.0,2.5,true,51.54841688108708,5
43,100.0,12,50.0,2.5,2.5,true,68.69801798160515,5
43,100.0,12,50.0,0.5,3.0,true,51.47435798026915,5
43,100.0,12,50.0,1.0,3.0,true,51.47435798026915,5
43,100.0,12,50.0,1.5,3.0,true,51.47435798026915,5
43,100.0,12,50.0,2.0,3.0,true,51.54841688108708,5
43,100.0,12,50.0,2.5,3.0,true,64.3349179350675,5
43,100.0,12,50.0,0.5,3.5,true,51.47435798026915,5
43,100.0,12,50.0,1.0,3.5,true,51.47435798026915,5
43,100.0,12,50.0,1.5,3.5,true,51.47435798026915,5
43,100.0,12,50.0,2.0,3.5,true,51.54841688108708,5
43,100.0,12,50.0,2.5,3.5,true,59.73096549377112,5
43,100.0,12,50.0,0.5,4.0,true,51.47435798026915,5
43,100.0,12,50.0,1.0,4.0,true,51.47435798026915,5
43,100.0,12,50.0,1.5,4.0,true,51.47435798026915,5
43,100.0,12,50.0,2.0,4.0,true,51.54841688108708,5
43,100.0,12,50.0,2.5,4.0,true,51.54841688108708,5
43,100.0,18,50.0,0.5,1.0,true,51.60436736947005,5
43,100.0,18,50.0,1.0,1.0,true,51.60436736947005,5
43,100.0,18,50.0,1.5,1.0,true,51.53565525665143,5
43,100.0,18,50.0,2.0,1.0,true,51.55425355286946,5
43,100.0,18,50.0,2.5,1.0,true,51.55425355286946,5
43,100.0,18,50.0,0.5,1.5,true,51.602606060752876,5
43,100.0,18,50.0,1.0,1.5,true,51.602606060752876,5
43,100.0,18,50.0,1.5,1.5,true,51.603291399220524,5
43,100.0,18,50.0,2.0,1.5,true,56.0,5
43,100.0,18,50.0,2.5,1.5,true,56.94184441089662,5
43,100.0,18,50.0,0.5,2.0,true,51.60964496278112,5
43,100.0,18,50.0,1.0,2.0,true,115.89101962324679,5
43,100.0,18,50.0,1.5,2.0,true,70.06166713826813,5
43,100.0,18,50.0,2.0,2.0,false,NaN,3
43,100.0,18,50.0,2.5,2.0,true,136.2784385982351,5
43,100.0,18,50.0,0.5,2.5,true,51.602606060752876,5
43,100.0,18,50.0,1.0,2.5,false,NaN,3
43,100.0,18,50.0,1.5,2.5,false,NaN,3
43,100.0,18,50.0,2.0,2.5,true,135.5069980803709,5
43,100.0,18,50.0,2.5,2.5,true,51.58490830074792,5
43,100.0,18,50.0,0.5,3.0,true,92.67552043697867,5
43,100.0,18,50.0,1.0,3.0,true,51.63616630112575,5
43,100.0,18,50.0,1.5,3.0,true,55.563136454354996,5
43,100.0,18,50.0,2.0,3.0,true,55.563136454354996,5
43,100.0,18,50.0,2.5,3.0,true,73.59603511362468,5
43,100.0,18,50.0,0.5,3.5,true,51.557930058254506,5
43,100.0,18,50.0,1.0,3.5,true,51.557930058254506,5
43,100.0,18,50.0,1.5,3.5,true,51.54851927235913,5
43,100.0,18,50.0,2.0,3.5,true,51.604040260995276,5
43,100.0,18,50.0,2.5,3.5,true,51.579031931263,5
43,100.0,18,50.0,0.5,4.0,true,51.427490339708825,5
43,100.0,18,50.0,1.0,4.0,true,51.43020497662376,5
43,100.0,18,50.0,1.5,4.0,true,51.43020497662376,5
43,100.0,18,50.0,2.0,4.0,true,51.43020497662376,5
43,100.0,18,50.0,2.5,4.0,true,51.43020497662376,5
43,100.0,24,50.0,0.5,1.0,true,51.67157461835151,5
43,100.0,24,50.0,1.0,1.0,false,NaN,3
43,100.0,24,50.0,1.5,1.0,true,118.1186315609595,5
43,100.0,24,50.0,2.0,1.0,true,157.49304039603823,5
43,100.0,24,50.0,2.5,1.0,false,NaN,3
43,100.0,24,50.0,0.5,1.5,true,51.580322637120254,5
43,100.0,24,50.0,1.0,1.5,true,61.48100637683115,5
43,100.0,24,50.0,1.5,1.5,true,86.64798172334773,5
43,100.0,24,50.0,2.0,1.5,true,129.9007691262693,5
43,100.0,24,50.0,2.5,1.5,true,146.2517403932641,5
43,100.0,24,50.0,0.5,2.0,true,51.45821085414767,5
43,100.0,24,50.0,1.0,2.0,true,65.3108846913756,5
43,100.0,24,50.0,1.5,2.0,true,51.47344226991482,5
43,100.0,24,50.0,2.0,2.0,false,NaN,3
43,100.0,24,50.0,2.5,2.0,true,94.92586897757259,5
43,100.0,24,50.0,0.5,2.5,true,51.63407824242118,5
43,100.0,24,50.0,1.0,2.5,false,NaN,4
43,100.0,24,50.0,1.5,2.5,true,70.0,5
43,100.0,24,50.0,2.0,2.5,true,90.30677326229464,5
43,100.0,24,50.0,2.5,2.5,true,110.92633001360372,5
43,100.0,24,50.0,0.5,3.0,true,56.91028026327268,5
43,100.0,24,50.0,1.0,3.0,true,56.91028026327268,5
43,100.0,24,50.0,1.5,3.0,true,51.484582820777504,5
43,100.0,24,50.0,2.0,3.0,true,51.484582820777504,5
43,100.0,24,50.0,2.5,3.0,false,NaN,3
43,100.0,24,50.0,0.5,3.5,true,120.88064281221747,5
43,100.0,24,50.0,1.0,3.5,true,54.0,5
43,100.0,24,50.0,1.5,3.5,true,51.45676645724014,5
43,100.0,24,50.0,2.0,3.5,true,51.47369433422775,5
43,100.0,24,50.0,2.5,3.5,true,51.47369433422775,5
43,100.0,24,50.0,0.5,4.0,false,NaN,3
43,100.0,24,50.0,1.0,4.0,true,89.88620410608212,5
43,100.0,24,50.0,1.5,4.0,true,131.9319760423756,5
43,100.0,24,50.0,2.0,4.0,true,74.90730524614465,5
43,100.0,24,50.0,2.5,4.0,true,140.70890111341743,5
43,100.0,30,50.0,0.5,1.0,true,65.21883177334324,5
43,100.0,30,50.0,1.0,1.0,false,NaN,3
43,100.0,30,50.0,1.5,1.0,false,NaN,3
43,100.0,30,50.0,2.0,1.0,true,56.164152481000535,5
43,100.0,30,50.0,2.5,1.0,true,84.91184127484688,5
43,100.0,30,50.0,0.5,1.5,true,51.62387697117527,5
43,100.0,30,50.0,1.0,1.5,true,69.18389045764049,5
43,100.0,30,50.0,1.5,1.5,true,56.665463609201105,5
43,100.0,30,50.0,2.0,1.5,false,NaN,3
43,100.0,30,50.0,2.5,1.5,true,85.56309449268973,5
43,100.0,30,50.0,0.5,2.0,true,135.7321452176312,5
43,100.0,30,50.0,1.0,2.0,true,70.9557876890085,5
43,100.0,30,50.0,1.5,2.0,true,107.21077478719592,5
43,100.0,30,50.0,2.0,2.0,false,NaN,3
43,100.0,30,50.0,2.5,2.0,true,62.718360714808746,5
43,100.0,30,50.0,0.5,2.5,true,51.62626795141596,5
43,100.0,30,50.0,1.0,2.5,false,NaN,3
43,100.0,30,50.0,1.5,2.5,true,69.99352130548932,5
43,100.0,30,50.0,2.0,2.5,false,NaN,3
43,100.0,30,50.0,2.5,2.5,true,51.41065563106687,5
43,100.0,30,50.0,0.5,3.0,false,NaN,3
43,100.0,30,50.0,1.0,3.0,false,NaN,3
43,100.0,30,50.0,1.5,3.0,true,93.77440490972249,5
43,100.0,30,50.0,2.0,3.0,true,96.8018119779556,5
43,100.0,30,50.0,2.5,3.0,false,NaN,3
43,100.0,30,50.0,0.5,3.5,true,62.153595374981535,5
43,100.0,30,50.0,1.0,3.5,true,97.254284826929,5
43,100.0,30,50.0,1.5,3.5,false,NaN,3
43,100.0,30,50.0,2.0,3.5,true,89.80666992578405,5
43,100.0,30,50.0,2.5,3.5,false,NaN,3
43,100.0,30,50.0,0.5,4.0,false,NaN,3
43,100.0,30,50.0,1.0,4.0,false,NaN,3
43,100.0,30,50.0,1.5,4.0,true,92.23754151639803,5
43,100.0,30,50.0,2.0,4.0,false,NaN,3
43,100.0,30,50.0,2.5,4.0,false,NaN,3
43,100.0,36,50.0,0.5,1.0,true,51.54928718731287,5
43,100.0,36,50.0,1.0,1.0,true,51.531774285666,5
43,100.0,36,50.0,1.5,1.0,true,51.531774285666,5
43,100.0,36,50.0,2.0,1.0,true,51.531774285666,5
43,100.0,36,50.0,2.5,1.0,true,57.67176349016199,5
43,100.0,36,50.0,0.5,1.5,true,51.481449001857115,5
43,100.0,36,50.0,1.0,1.5,true,51.531774285666,5
43,100.0,36,50.0,1.5,1.5,true,51.531774285666,5
43,100.0,36,50.0,2.0,1.5,false,NaN,3
43,100.0,36,50.0,2.5,1.5,true,78.55038208636465,5
43,100.0,36,50.0,0.5,2.0,true,51.531774285666,5
43,100.0,36,50.0,1.0,2.0,true,99.73646109842626,5
43,100.0,36,50.0,1.5,2.0,true,56.665463609201105,5
43,100.0,36,50.0,2.0,2.0,true,56.68173400244446,5
43,100.0,36,50.0,2.5,2.0,false,NaN,3
43,100.0,36,50.0,0.5,2.5,true,51.64740216663896,5
43,100.0,36,50.0,1.0,2.5,true,56.91313624597052,5
43,100.0,36,50.0,1.5,2.5,true,56.94184441089662,5
43,100.0,36,50.0,2.0,2.5,false,NaN,3
43,100.0,36,50.0,2.5,2.5,true,63.92653209861694,5
43,100.0,36,50.0,0.5,3.0,true,75.0,5
43,100.0,36,50.0,1.0,3.0,false,NaN,3
43,100.0,36,50.0,1.5,3.0,false,NaN,3
43,100.0,36,50.0,2.0,3.0,false,NaN,4
43,100.0,36,50.0,2.5,3.0,false,NaN,4
43,100.0,36,50.0,0.5,3.5,true,59.3647917661175,5
43,100.0,36,50.0,1.0,3.5,true,154.22295378409254,5
43,100.0,36,50.0,1.5,3.5,true,57.2146959319963,5
43,100.0,36,50.0,2.0,3.5,false,NaN,3
43,100.0,36,50.0,2.5,3.5,false,NaN,3
43,100.0,36,50.0,0.5,4.0,true,51.53244129858264,5
43,100.0,36,50.0,1.0,4.0,true,90.0,5
43,100.0,36,50.0,1.5,4.0,true,55.34345181963512,5
43,100.0,36,50.0,2.0,4.0,false,NaN,3
43,100.0,36,50.0,2.5,4.0,true,51.54348609626727,5
43,100.0,12,75.0,0.5,1.0,true,104.71042986754948,5
43,100.0,12,75.0,1.0,1.0,true,106.23017970002984,5
43,100.0,12,75.0,1.5,1.0,true,51.66870025294972,5
43,100.0,12,75.0,2.0,1.0,true,51.66870025294972,5
43,100.0,12,75.0,2.5,1.0,true,51.66870025294972,5
43,100.0,12,75.0,0.5,1.5,true,51.601235327871684,5
43,100.0,12,75.0,1.0,1.5,true,51.65865923440622,5
43,100.0,12,75.0,1.5,1.5,true,51.65865923440622,5
43,100.0,12,75.0,2.0,1.5,true,51.65865923440622,5
43,100.0,12,75.0,2.5,1.5,true,51.65865923440622,5
43,100.0,12,75.0,0.5,2.0,true,51.51576679915655,5
43,100.0,12,75.0,1.0,2.0,true,51.51576679915655,5
43,100.0,12,75.0,1.5,2.0,true,51.51576679915655,5
43,100.0,12,75.0,2.0,2.0,true,51.51576679915655,5
43,100.0,12,75.0,2.5,2.0,true,51.51576679915655,5
43,100.0,12,75.0,0.5,2.5,true,51.51576679915655,5
43,100.0,12,75.0,1.0,2.5,true,51.51576679915655,5
43,100.0,12,75.0,1.5,2.5,true,51.51576679915655,5
43,100.0,12,75.0,2.0,2.5,true,51.51576679915655,5
43,100.0,12,75.0,2.5,2.5,true,51.51576679915655,5
43,100.0,12,75.0,0.5,3.0,true,51.51576679915655,5
43,100.0,12,75.0,1.0,3.0,true,51.51576679915655,5
43,100.0,12,75.0,1.5,3.0,true,51.51576679915655,5
43,100.0,12,75.0,2.0,3.0,true,51.51576679915655,5
43,100.0,12,75.0,2.5,3.0,true,51.51576679915655,5
43,100.0,12,75.0,0.5,3.5,true,51.51576679915655,5
43,100.0,12,75.0,1.0,3.5,true,51.51576679915655,5
43,100.0,12,75.0,1.5,3.5,true,51.51576679915655,5
43,100.0,12,75.0,2.0,3.5,true,51.51576679915655,5
43,100.0,12,75.0,2.5,3.5,true,51.51576679915655,5
43,100.0,12,75.0,0.5,4.0,true,51.51576679915655,5
43,100.0,12,75.0,1.0,4.0,true,51.51576679915655,5
43,100.0,12,75.0,1.5,4.0,true,51.51576679915655,5
43,100.0,12,75.0,2.0,4.0,true,51.51576679915655,5
43,100.0,12,75.0,2.5,4.0,true,51.51576679915655,5
43,100.0,18,75.0,0.5,1.0,true,139.3186050614854,5
43,100.0,18,75.0,1.0,1.0,true,54.92061962473127,5
43,100.0,18,75.0,1.5,1.0,true,149.5896391394921,5
43,100.0,18,75.0,2.0,1.0,true,149.0,5
43,100.0,18,75.0,2.5,1.0,true,113.16750246538405,5
43,100.0,18,75.0,0.5,1.5,true,143.0963984800603,5
43,100.0,18,75.0,1.0,1.5,true,124.81827499626499,5
43,100.0,18,75.0,1.5,1.5,true,144.68346762310696,5
43,100.0,18,75.0,2.0,1.5,false,NaN,3
43,100.0,18,75.0,2.5,1.5,false,NaN,3
43,100.0,18,75.0,0.5,2.0,false,NaN,3
43,100.0,18,75.0,1.0,2.0,true,120.0,5
43,100.0,18,75.0,1.5,2.0,true,92.11326012990452,5
43,100.0,18,75.0,2.0,2.0,true,92.11326012990452,5
43,100.0,18,75.0,2.5,2.0,true,90.90324462831117,5
43,100.0,18,75.0,0.5,2.5,true,84.26195723250126,5
43,100.0,18,75.0,1.0,2.5,true,84.26195723250126,5
43,100.0,18,75.0,1.5,2.5,true,84.26195723250126,5
43,100.0,18,75.0,2.0,2.5,true,84.26195723250126,5
43,100.0,18,75.0,2.5,2.5,true,84.26195723250126,5
43,100.0,18,75.0,0.5,3.0,true,84.26195723250126,5
43,100.0,18,75.0,1.0,3.0,true,84.26195723250126,5
43,100.0,18,75.0,1.5,3.0,true,84.26195723250126,5
43,100.0,18,75.0,2.0,3.0,true,84.26195723250126,5
43,100.0,18,75.0,2.5,3.0,true,84.26195723250126,5
43,100.0,18,75.0,0.5,3.5,true,85.19749514108086,5
43,100.0,18,75.0,1.0,3.5,true,85.19749514108086,5
43,100.0,18,75.0,1.5,3.5,true,85.19749514108086,5
43,100.0,18,75.0,2.0,3.5,true,85.19749514108086,5
43,100.0,18,75.0,2.5,3.5,true,85.19749514108086,5
43,100.0,18,75.0,0.5,4.0,true,85.19749514108086,5
43,100.0,18,75.0,1.0,4.0,true,85.19749514108086,5
43,100.0,18,75.0,1.5,4.0,true,85.19749514108086,5
43,100.0,18,75.0,2.0,4.0,true,85.19749514108086,5
43,100.0,18,75.0,2.5,4.0,true,85.19749514108086,5
43,100.0,24,75.0,0.5,1.0,true,51.703287855200095,5
43,100.0,24,75.0,1.0,1.0,true,51.637862753820976,5
43,100.0,24,75.0,1.5,1.0,true,51.60677327978828,5
43,100.0,24,75.0,2.0,1.0,true,57.41284466473465,5
43,100.0,24,75.0,2.5,1.0,true,65.67440923045051,5
43,100.0,24,75.0,0.5,1.5,true,51.477904197254695,5
43,100.0,24,75.0,1.0,1.5,true,51.49708794327166,5
43,100.0,24,75.0,1.5,1.5,true,51.49708794327166,5
43,100.0,24,75.0,2.0,1.5,true,51.49708794327166,5
43,100.0,24,75.0,2.5,1.5,true,51.49708794327166,5
43,100.0,24,75.0,0.5,2.0,true,51.477904197254695,5
43,100.0,24,75.0,1.0,2.0,true,51.49708794327166,5
43,100.0,24,75.0,1.5,2.0,true,51.49708794327166,5
43,100.0,24,75.0,2.0,2.0,true,51.49708794327166,5
43,100.0,24,75.0,2.5,2.0,true,51.49708794327166,5
43,100.0,24,75.0,0.5,2.5,true,51.49925021147152,5
43,100.0,24,75.0,1.0,2.5,true,51.49708794327166,5
43,100.0,24,75.0,1.5,2.5,true,51.49708794327166,5
43,100.0,24,75.0,2.0,2.5,true,51.49708794327166,5
43,100.0,24,75.0,2.5,2.5,true,51.49708794327166,5
43,100.0,24,75.0,0.5,3.0,true,51.49925021147152,5
43,100.0,24,75.0,1.0,3.0,true,51.49708794327166,5
43,100.0,24,75.0,1.5,3.0,true,51.49708794327166,5
43,100.0,24,75.0,2.0,3.0,true,51.49708794327166,5
43,100.0,24,75.0,2.5,3.0,true,51.49708794327166,5
43,100.0,24,75.0,0.5,3.5,true,51.49708794327166,5
43,100.0,24,75.0,1.0,3.5,true,51.49708794327166,5
43,100.0,24,75.0,1.5,3.5,true,51.49708794327166,5
43,100.0,24,75.0,2.0,3.5,true,51.49708794327166,5
43,100.0,24,75.0,2.5,3.5,true,51.49708794327166,5
43,100.0,24,75.0,0.5,4.0,true,51.49708794327166,5
43,100.0,24,75.0,1.0,4.0,true,51.49708794327166,5
43,100.0,24,75.0,1.5,4.0,true,51.49708794327166,5
43,100.0,24,75.0,2.0,4.0,true,51.49708794327166,5
43,100.0,24,75.0,2.5,4.0,true,51.49708794327166,5
43,100.0,30,75.0,0.5,1.0,true,51.66896234082017,5
43,100.0,30,75.0,1.0,1.0,true,51.66806279922956,5
43,100.0,30,75.0,1.5,1.0,true,51.56280583611149,5
43,100.0,30,75.0,2.0,1.0,false,NaN,3
43,100.0,30,75.0,2.5,1.0,true,147.7508110497511,5
43,100.0,30,75.0,0.5,1.5,true,148.0,5
43,100.0,30,75.0,1.0,1.5,true,111.09674832405041,5
43,100.0,30,75.0,1.5,1.5,true,87.97913999273673,5
43,100.0,30,75.0,2.0,1.5,false,NaN,4
43,100.0,30,75.0,2.5,1.5,true,84.35763740252449,5
43,100.0,30,75.0,0.5,2.0,true,86.83772432296236,5
43,100.0,30,75.0,1.0,2.0,true,108.85091438548572,5
43,100.0,30,75.0,1.5,2.0,true,135.17032158914122,5
43,100.0,30,75.0,2.0,2.0,true,123.86937766848204,5
43,100.0,30,75.0,2.5,2.0,true,141.7430632718022,5
43,100.0,30,75.0,0.5,2.5,true,114.35171251409116,5
43,100.0,30,75.0,1.0,2.5,false,NaN,4
43,100.0,30,75.0,1.5,2.5,true,124.82074343482716,5
43,100.0,30,75.0,2.0,2.5,false,NaN,4
43,100.0,30,75.0,2.5,2.5,true,118.75176503168281,5
43,100.0,30,75.0,0.5,3.0,true,144.870448247025,5
43,100.0,30,75.0,1.0,3.0,true,109.80723126318324,5
43,100.0,30,75.0,1.5,3.0,true,124.25849475323811,5
43,100.0,30,75.0,2.0,3.0,true,123.56619222960126,5
43,100.0,30,75.0,2.5,3.0,true,117.18198178141007,5
43,100.0,30,75.0,0.5,3.5,false,NaN,3
43,100.0,30,75.0,1.0,3.5,true,110.48464810203852,5
43,100.0,30,75.0,1.5,3.5,true,117.18198178141007,5
43,100.0,30,75.0,2.0,3.5,true,117.18198178141007,5
43,100.0,30,75.0,2.5,3.5,true,157.95064637442192,5
43,100.0,30,75.0,0.5,4.0,true,198.1605193509209,5
43,100.0,30,75.0,1.0,4.0,true,110.48464810203852,5
43,100.0,30,75.0,1.5,4.0,true,117.18198178141007,5
43,100.0,30,75.0,2.0,4.0,false,NaN,3
43,100.0,30,75.0,2.5,4.0,true,93.64967143943318,5
43,100.0,36,75.0,0.5,1.0,true,133.44399571926857,5
43,100.0,36,75.0,1.0,1.0,true,51.58836659273889,5
43,100.0,36,75.0,1.5,1.0,true,51.65493882753282,5
43,100.0,36,75.0,2.0,1.0,true,51.56280583611149,5
43,100.0,36,75.0,2.5,1.0,true,51.66806279922956,5
43,100.0,36,75.0,0.5,1.5,true,51.68217857104094,5
43,100.0,36,75.0,1.0,1.5,true,51.703294463745166,5
43,100.0,36,75.0,1.5,1.5,true,51.53439046584419,5
43,100.0,36,75.0,2.0,1.5,true,51.53439046584419,5
43,100.0,36,75.0,2.5,1.5,true,51.53439046584419,5
43,100.0,36,75.0,0.5,2.0,false,NaN,3
43,100.0,36,75.0,1.0,2.0,false,NaN,3
43,100.0,36,75.0,1.5,2.0,true,51.53439046584419,5
43,100.0,36,75.0,2.0,2.0,true,51.53439046584419,5
43,100.0,36,75.0,2.5,2.0,true,51.53439046584419,5
43,100.0,36,75.0,0.5,2.5,true,132.50040775669126,5
43,100.0,36,75.0,1.0,2.5,true,53.56996459289318,5
43,100.0,36,75.0,1.5,2.5,true,51.53439046584419,5
43,100.0,36,75.0,2.0,2.5,true,51.53439046584419,5
43,100.0,36,75.0,2.5,2.5,true,51.53439046584419,5
43,100.0,36,75.0,0.5,3.0,true,62.47292434868696,5
43,100.0,36,75.0,1.0,3.0,true,143.97016344590406,5
43,100.0,36,75.0,1.5,3.0,true,51.53439046584419,5
43,100.0,36,75.0,2.0,3.0,true,51.53439046584419,5
43,100.0,36,75.0,2.5,3.0,true,51.53439046584419,5
43,100.0,36,75.0,0.5,3.5,true,86.29452320182845,5
43,100.0,36,75.0,1.0,3.5,true,51.53439046584419,5
43,100.0,36,75.0,1.5,3.5,true,51.53439046584419,5
43,100.0,36,75.0,2.0,3.5,true,51.53439046584419,5
43,100.0,36,75.0,2.5,3.5,true,51.53439046584419,5
43,100.0,36,75.0,0.5,4.0,true,79.59043779058493,5
43,100.0,36,75.0,1.0,4.0,true,51.53439046584419,5
43,100.0,36,75.0,1.5,4.0,true,51.53439046584419,5
43,100.0,36,75.0,2.0,4.0,true,51.53439046584419,5
43,100.0,36,75.0,2.5,4.0,true,51.53439046584419,5
43,100.0,12,100.0,0.5,1.0,true,85.0,5
43,100.0,12,100.0,1.0,1.0,true,51.54229148814346,5
43,100.0,12,100.0,1.5,1.0,true,51.54229148814346,5
43,100.0,12,100.0,2.0,1.0,true,51.54229148814346,5
43,100.0,12,100.0,2.5,1.0,true,51.54229148814346,5
43,100.0,12,100.0,0.5,1.5,false,NaN,4
43,100.0,12,100.0,1.0,1.5,false,NaN,3
43,100.0,12,100.0,1.5,1.5,true,137.9417254712855,5
43,100.0,12,100.0,2.0,1.5,false,NaN,3
43,100.0,12,100.0,2.5,1.5,true,135.99467656138089,5
43,100.0,12,100.0,0.5,2.0,true,114.8013745021913,5
43,100.0,12,100.0,1.0,2.0,false,NaN,3
43,100.0,12,100.0,1.5,2.0,true,126.90466084066686,5
43,100.0,12,100.0,2.0,2.0,true,142.2640745424862,5
43,100.0,12,100.0,2.5,2.0,false,NaN,3
43,100.0,12,100.0,0.5,2.5,true,114.8013745021913,5
43,100.0,12,100.0,1.0,2.5,false,NaN,4
43,100.0,12,100.0,1.5,2.5,true,124.70041737068406,5
43,100.0,12,100.0,2.0,2.5,true,124.70041737068406,5
43,100.0,12,100.0,2.5,2.5,true,126.69096059345337,5
43,100.0,12,100.0,0.5,3.0,true,159.82647510553227,5
43,100.0,12,100.0,1.0,3.0,false,NaN,3
43,100.0,12,100.0,1.5,3.0,false,NaN,3
43,100.0,12,100.0,2.0,3.0,true,133.9153667464037,5
43,100.0,12,100.0,2.5,3.0,true,133.9153667464037,5
43,100.0,12,100.0,0.5,3.5,true,159.82647510553227,5
43,100.0,12,100.0,1.0,3.5,false,NaN,3
43,100.0,12,100.0,1.5,3.5,false,NaN,3
43,100.0,12,100.0,2.0,3.5,false,NaN,4
43,100.0,12,100.0,2.5,3.5,true,136.74661990657586,5
43,100.0,12,100.0,0.5,4.0,true,115.96232653703636,5
43,100.0,12,100.0,1.0,4.0,true,124.8227784163654,5
43,100.0,12,100.0,1.5,4.0,false,NaN,3
43,100.0,12,100.0,2.0,4.0,true,154.46996539437907,5
43,100.0,12,100.0,2.5,4.0,true,137.0,5
43,100.0,18,100.0,0.5,1.0,false,NaN,3
43,100.0,18,100.0,1.0,1.0,true,105.1123513215088,5
43,100.0,18,100.0,1.5,1.0,true,105.1123513215088,5
43,100.0,18,100.0,2.0,1.0,true,110.35348677862291,5
43,100.0,18,100.0,2.5,1.0,true,94.88997436440891,5
43,100.0,18,100.0,0.5,1.5,false,NaN,3
43,100.0,18,100.0,1.0,1.5,true,138.51833315798237,5
43,100.0,18,100.0,1.5,1.5,true,72.96196017059488,5
43,100.0,18,100.0,2.0,1.5,true,72.96196017059488,5
43,100.0,18,100.0,2.5,1.5,true,72.96196017059488,5
43,100.0,18,100.0,0.5,2.0,true,134.0940887879427,5
43,100.0,18,100.0,1.0,2.0,true,72.96196017059488,5
43,100.0,18,100.0,1.5,2.0,true,72.96196017059488,5
43,100.0,18,100.0,2.0,2.0,true,72.96196017059488,5
43,100.0,18,100.0,2.5,2.0,true,73.36111385472854,5
43,100.0,18,100.0,0.5,2.5,true,139.27419567802343,5
43,100.0,18,100.0,1.0,2.5,true,72.96196017059488,5
43,100.0,18,100.0,1.5,2.5,true,72.96196017059488,5
43,100.0,18,100.0,2.0,2.5,true,72.96196017059488,5
43,100.0,18,100.0,2.5,2.5,true,73.36111385472854,5
43,100.0,18,100.0,0.5,3.0,true,139.27419567802343,5
43,100.0,18,100.0,1.0,3.0,true,73.36111385472854,5
43,100.0,18,100.0,1.5,3.0,true,72.96196017059488,5
43,100.0,18,100.0,2.0,3.0,true,73.36111385472854,5
43,100.0,18,100.0,2.5,3.0,true,73.36111385472854,5
43,100.0,18,100.0,0.5,3.5,false,NaN,4
43,100.0,18,100.0,1.0,3.5,true,73.36111385472854,5
43,100.0,18,100.0,1.5,3.5,true,73.36111385472854,5
43,100.0,18,100.0,2.0,3.5,true,73.36111385472854,5
43,100.0,18,100.0,2.5,3.5,true,73.36111385472854,5
43,100.0,18,100.0,0.5,4.0,true,146.4678089549671,5
43,100.0,18,100.0,1.0,4.0,true,73.36111385472854,5
43,100.0,18,100.0,1.5,4.0,true,73.36111385472854,5
43,100.0,18,100.0,2.0,4.0,true,73.36111385472854,5
43,100.0,18,100.0,2.5,4.0,true,73.36111385472854,5
43,100.0,24,100.0,0.5,1.0,true,132.0,5
43,100.0,24,100.0,1.0,1.0,true,89.17770765936004,5
43,100.0,24,100.0,1.5,1.0,true,89.31313795738788,5
43,100.0,24,100.0,2.0,1.0,true,89.31313795738788,5
43,100.0,24,100.0,2.5,1.0,true,89.31313795738788,5
43,100.0,24,100.0,0.5,1.5,true,51.570627491558206,5
43,100.0,24,100.0,1.0,1.5,true,51.570627491558206,5
43,100.0,24,100.0,1.5,1.5,true,51.570627491558206,5
43,100.0,24,100.0,2.0,1.5,true,51.570627491558206,5
43,100.0,24,100.0,2.5,1.5,true,51.570627491558206,5
43,100.0,24,100.0,0.5,2.0,true,51.570627491558206,5
43,100.0,24,100.0,1.0,2.0,true,51.570627491558206,5
43,100.0,24,100.0,1.5,2.0,true,51.570627491558206,5
43,100.0,24,100.0,2.0,2.0,true,51.570627491558206,5
43,100.0,24,100.0,2.5,2.0,true,51.570627491558206,5
43,100.0,24,100.0,0.5,2.5,true,51.570627491558206,5
43,100.0,24,100.0,1.0,2.5,true,51.570627491558206,5
43,100.0,24,100.0,1.5,2.5,true,51.570627491558206,5
43,100.0,24,100.0,2.0,2.5,true,51.570627491558206,5
43,100.0,24,100.0,2.5,2.5,true,51.570627491558206,5
43,100.0,24,100.0,0.5,3.0,true,51.570627491558206,5
43,100.0,24,100.0,1.0,3.0,true,51.570627491558206,5
43,100.0,24,100.0,1.5,3.0,true,51.570627491558206,5
43,100.0,24,100.0,2.0,3.0,true,51.570627491558206,5
43,100.0,24,100.0,2.5,3.0,true,51.570627491558206,5
43,100.0,24,100.0,0.5,3.5,true,51.570627491558206,5
43,100.0,24,100.0,1.0,3.5,true,51.570627491558206,5
43,100.0,24,100.0,1.5,3.5,true,51.570627491558206,5
43,100.0,24,100.0,2.0,3.5,true,51.570627491558206,5
43,100.0,24,100.0,2.5,3.5,true,51.570627491558206,5
43,100.0,24,100.0,0.5,4.0,true,51.570627491558206,5
43,100.0,24,100.0,1.0,4.0,true,51.570627491558206,5
43,100.0,24,100.0,1.5,4.0,true,51.570627491558206,5
43,100.0,24,100.0,2.0,4.0,true,51.570627491558206,5
43,100.0,24,100.0,2.5,4.0,true,51.570627491558206,5
43,100.0,30,100.0,0.5,1.0,true,122.13400040520816,5
43,100.0,30,100.0,1.0,1.0,true,123.34335408285656,5
43,100.0,30,100.0,1.5,1.0,true,131.7201906325092,5
43,100.0,30,100.0,2.0,1.0,true,140.42976560655129,5
43,100.0,30,100.0,2.5,1.0,true,129.6176039074914,5
43,100.0,30,100.0,0.5,1.5,true,51.57862578848073,5
43,100.0,30,100.0,1.0,1.5,true,51.57862578848073,5
43,100.0,30,100.0,1.5,1.5,true,51.57862578848073,5
43,100.0,30,100.0,2.0,1.5,true,51.57862578848073,5
43,100.0,30,100.0,2.5,1.5,true,51.57862578848073,5
43,100.0,30,100.0,0.5,2.0,true,51.57862578848073,5
43,100.0,30,100.0,1.0,2.0,true,51.57862578848073,5
43,100.0,30,100.0,1.5,2.0,true,51.57862578848073,5
43,100.0,30,100.0,2.0,2.0,true,51.57862578848073,5
43,100.0,30,100.0,2.5,2.0,true,51.57862578848073,5
43,100.0,30,100.0,0.5,2.5,true,51.57862578848073,5
43,100.0,30,100.0,1.0,2.5,true,51.57862578848073,5
43,100.0,30,100.0,1.5,2.5,true,51.57862578848073,5
43,100.0,30,100.0,2.0,2.5,true,51.57862578848073,5
43,100.0,30,100.0,2.5,2.5,true,51.57862578848073,5
43,100.0,30,100.0,0.5,3.0,true,51.43820102523818,5
43,100.0,30,100.0,1.0,3.0,true,51.43820102523818,5
43,100.0,30,100.0,1.5,3.0,true,51.43820102523818,5
43,100.0,30,100.0,2.0,3.0,true,51.43820102523818,5
43,100.0,30,100.0,2.5,3.0,true,51.43820102523818,5
43,100.0,30,100.0,0.5,3.5,true,51.43820102523818,5
43,100.0,30,100.0,1.0,3.5,true,51.43820102523818,5
43,100.0,30,100.0,1.5,3.5,true,51.43820102523818,5
43,100.0,30,100.0,2.0,3.5,true,51.43820102523818,5
43,100.0,30,100.0,2.5,3.5,true,51.43820102523818,5
43,100.0,30,100.0,0.5,4.0,true,51.43820102523818,5
43,100.0,30,100.0,1.0,4.0,true,51.43820102523818,5
43,100.0,30,100.0,1.5,4.0,true,51.43820102523818,5
43,100.0,30,100.0,2.0,4.0,true,51.43820102523818,5
43,100.0,30,100.0,2.5,4.0,true,51.43820102523818,5
43,100.0,36,100.0,0.5,1.0,true,51.48883200149131,5
43,100.0,36,100.0,1.0,1.0,true,51.48883200149131,5
43,100.0,36,100.0,1.5,1.0,true,51.48883200149131,5
43,100.0,36,100.0,2.0,1.0,true,51.48883200149131,5
43,100.0,36,100.0,2.5,1.0,true,51.48883200149131,5
43,100.0,36,100.0,0.5,1.5,true,51.4532974810577,5
43,100.0,36,100.0,1.0,1.5,true,51.4532974810577,5
43,100.0,36,100.0,1.5,1.5,true,51.4532974810577,5
43,100.0,36,100.0,2.0,1.5,true,51.4532974810577,5
43,100.0,36,100.0,2.5,1.5,true,51.4532974810577,5
43,100.0,36,100.0,0.5,2.0,true,51.4532974810577,5
43,100.0,36,100.0,1.0,2.0,true,51.4532974810577,5
43,100.0,36,100.0,1.5,2.0,true,51.4532974810577,5
43,100.0,36,100.0,2.0,2.0,true,51.4532974810577,5
43,100.0,36,100.0,2.5,2.0,true,51.4532974810577,5
43,100.0,36,100.0,0.5,2.5,true,51.4532974810577,5
43,100.0,36,100.0,1.0,2.5,true,51.4532974810577,5
43,100.0,36,100.0,1.5,2.5,true,51.4532974810577,5
43,100.0,36,100.0,2.0,2.5,true,51.4532974810577,5
43,100.0,36,100.0,2.5,2.5,true,51.4532974810577,5
43,100.0,36,100.0,0.5,3.0,true,51.4532974810577,5
43,100.0,36,100.0,1.0,3.0,true,51.4532974810577,5
43,100.0,36,100.0,1.5,3.0,true,51.4532974810577,5
43,100.0,36,100.0,2.0,3.0,true,51.4532974810577,5
43,100.0,36,100.0,2.5,3.0,true,51.4532974810577,5
43,100.0,36,100.0,0.5,3.5,true,51.4532974810577,5
43,100.0,36,100.0,1.0,3.5,true,51.4532974810577,5
43,100.0,36,100.0,1.5,3.5,true,51.4532974810577,5
43,100.0,36,100.0,2.0,3.5,true,51.4532974810577,5
43,100.0,36,100.0,2.5,3.5,true,51.4532974810577,5
43,100.0,36,100.0,0.5,4.0,true,51.4532974810577,5
43,100.0,36,100.0,1.0,4.0,true,51.4532974810577,5
43,100.0,36,100.0,1.5,4.0,true,51.4532974810577,5
43,100.0,36,100.0,2.0,4.0,true,51.4532974810577,5
43,100.0,36,100.0,2.5,4.0,true,51.4532974810577,5
43,100.0,12,125.0,0.5,1.0,true,57.07271321268697,5
43,100.0,12,125.0,1.0,1.0,true,58.47408164029358,5
43,100.0,12,125.0,1.5,1.0,true,58.47408164029358,5
43,100.0,12,125.0,2.0,1.0,true,58.47408164029358,5
43,100.0,12,125.0,2.5,1.0,true,58.47408164029358,5
43,100.0,12,125.0,0.5,1.5,true,59.04651322551905,5
43,100.0,12,125.0,1.0,1.5,true,57.07271321268697,5
43,100.0,12,125.0,1.5,1.5,true,57.07271321268697,5
43,100.0,12,125.0,2.0,1.5,true,59.04651322551905,5
43,100.0,12,125.0,2.5,1.5,true,59.04651322551905,5
43,100.0,12,125.0,0.5,2.0,true,59.04651322551905,5
43,100.0,12,125.0,1.0,2.0,true,59.04651322551905,5
43,100.0,12,125.0,1.5,2.0,true,59.04651322551905,5
43,100.0,12,125.0,2.0,2.0,true,59.04651322551905,5
43,100.0,12,125.0,2.5,2.0,true,59.04651322551905,5
43,100.0,12,125.0,0.5,2.5,true,51.6196481944917,5
43,100.0,12,125.0,1.0,2.5,true,51.6196481944917,5
43,100.0,12,125.0,1.5,2.5,true,51.6196481944917,5
43,100.0,12,125.0,2.0,2.5,true,51.6196481944917,5
43,100.0,12,125.0,2.5,2.5,true,51.6196481944917,5
43,100.0,12,125.0,0.5,3.0,true,51.6196481944917,5
43,100.0,12,125.0,1.0,3.0,true,51.6196481944917,5
43,100.0,12,125.0,1.5,3.0,true,51.6196481944917,5
43,100.0,12,125.0,2.0,3.0,true,51.6196481944917,5
43,100.0,12,125.0,2.5,3.0,true,51.6196481944917,5
43,100.0,12,125.0,0.5,3.5,true,51.63862529055744,5
43,100.0,12,125.0,1.0,3.5,true,51.63862529055744,5
43,100.0,12,125.0,1.5,3.5,true,51.63862529055744,5
43,100.0,12,125.0,2.0,3.5,true,51.63862529055744,5
43,100.0,12,125.0,2.5,3.5,true,51.63862529055744,5
43,100.0,12,125.0,0.5,4.0,true,51.63862529055744,5
43,100.0,12,125.0,1.0,4.0,true,51.63862529055744,5
43,100.0,12,125.0,1.5,4.0,true,51.63862529055744,5
43,100.0,12,125.0,2.0,4.0,true,51.63862529055744,5
43,100.0,12,125.0,2.5,4.0,true,51.63862529055744,5
43,100.0,18,125.0,0.5,1.0,true,54.0,5
43,100.0,18,125.0,1.0,1.0,true,52.947376020236916,5
43,100.0,18,125.0,1.5,1.0,true,52.947376020236916,5
43,100.0,18,125.0,2.0,1.0,true,52.947376020236916,5
43,100.0,18,125.0,2.5,1.0,true,52.947376020236916,5
43,100.0,18,125.0,0.5,1.5,true,54.0,5
43,100.0,18,125.0,1.0,1.5,true,54.0,5
43,100.0,18,125.0,1.5,1.5,true,54.0,5
43,100.0,18,125.0,2.0,1.5,true,54.0,5
43,100.0,18,125.0,2.5,1.5,true,54.0,5
43,100.0,18,125.0,0.5,2.0,true,51.538249999653814,5
43,100.0,18,125.0,1.0,2.0,true,68.13536947073294,5
43,100.0,18,125.0,1.5,2.0,true,68.13536947073294,5
43,100.0,18,125.0,2.0,2.0,true,68.13536947073294,5
43,100.0,18,125.0,2.5,2.0,true,68.13536947073294,5
43,100.0,18,125.0,0.5,2.5,true,71.24096212751006,5
43,100.0,18,125.0,1.0,2.5,true,76.58092678897282,5
43,100.0,18,125.0,1.5,2.5,true,76.58092678897282,5
43,100.0,18,125.0,2.0,2.5,true,76.58092678897282,5
43,100.0,18,125.0,2.5,2.5,true,76.58092678897282,5
43,100.0,18,125.0,0.5,3.0,true,143.0,5
43,100.0,18,125.0,1.0,3.0,true,76.58092678897282,5
43,100.0,18,125.0,1.5,3.0,true,76.58092678897282,5
43,100.0,18,125.0,2.0,3.0,true,76.58092678897282,5
43,100.0,18,125.0,2.5,3.0,true,76.58092678897282,5
43,100.0,18,125.0,0.5,3.5,true,96.16802443600956,5
43,100.0,18,125.0,1.0,3.5,true,94.13753362892527,5
43,100.0,18,125.0,1.5,3.5,true,94.13753362892527,5
43,100.0,18,125.0,2.0,3.5,true,94.13753362892527,5
43,100.0,18,125.0,2.5,3.5,true,94.13753362892527,5
43,100.0,18,125.0,0.5,4.0,true,96.16802443600956,5
43,100.0,18,125.0,1.0,4.0,true,94.13753362892527,5
43,100.0,18,125.0,1.5,4.0,true,94.13753362892527,5
43,100.0,18,125.0,2.0,4.0,true,94.13753362892527,5
43,100.0,18,125.0,2.5,4.0,true,94.13753362892527,5
43,100.0,24,125.0,0.5,1.0,true,155.33864921624325,5
43,100.0,24,125.0,1.0,1.0,false,NaN,3
43,100.0,24,125.0,1.5,1.0,false,NaN,3
43,100.0,24,125.0,2.0,1.0,true,131.63471278063713,5
43,100.0,24,125.0,2.5,1.0,true,93.50061433534898,5
43,100.0,24,125.0,0.5,1.5,true,142.405384421464,5
43,100.0,24,125.0,1.0,1.5,true,64.23087168515916,5
43,100.0,24,125.0,1.5,1.5,true,104.26670782674603,5
43,100.0,24,125.0,2.0,1.5,false,NaN,3
43,100.0,24,125.0,2.5,1.5,false,NaN,3
43,100.0,24,125.0,0.5,2.0,true,125.88209703665117,5
43,100.0,24,125.0,1.0,2.0,true,105.19171178120281,5
43,100.0,24,125.0,1.5,2.0,true,105.1963525724875,5
43,100.0,24,125.0,2.0,2.0,true,103.57392576107274,5
43,100.0,24,125.0,2.5,2.0,true,103.57392576107274,5
43,100.0,24,125.0,0.5,2.5,true,100.7795186101571,5
43,100.0,24,125.0,1.0,2.5,true,145.0,5
43,100.0,24,125.0,1.5,2.5,true,144.0,5
43,100.0,24,125.0,2.0,2.5,true,92.91430997440649,5
43,100.0,24,125.0,2.5,2.5,true,92.91430997440649,5
43,100.0,24,125.0,0.5,3.0,true,100.7795186101571,5
43,100.0,24,125.0,1.0,3.0,true,145.0,5
43,100.0,24,125.0,1.5,3.0,true,129.39978671878737,5
43,100.0,24,125.0,2.0,3.0,true,92.91430997440649,5
43,100.0,24,125.0,2.5,3.0,true,92.91430997440649,5
43,100.0,24,125.0,0.5,3.5,true,126.50734394793125,5
43,100.0,24,125.0,1.0,3.5,true,149.6444149443791,5
43,100.0,24,125.0,1.5,3.5,true,92.91430997440649,5
43,100.0,24,125.0,2.0,3.5,true,92.91430997440649,5
43,100.0,24,125.0,2.5,3.5,true,92.91430997440649,5
43,100.0,24,125.0,0.5,4.0,true,200.0,5
43,100.0,24,125.0,1.0,4.0,true,148.81897770119275,5
43,100.0,24,125.0,1.5,4.0,true,92.91430997440649,5
43,100.0,24,125.0,2.0,4.0,true,92.91430997440649,5
43,100.0,24,125.0,2.5,4.0,true,92.91430997440649,5
43,100.0,30,125.0,0.5,1.0,true,122.58713010958868,5
43,100.0,30,125.0,1.0,1.0,false,NaN,3
43,100.0,30,125.0,1.5,1.0,true,82.59972644892358,5
43,100.0,30,125.0,2.0,1.0,true,82.59972644892358,5
43,100.0,30,125.0,2.5,1.0,true,82.62750496488567,5
43,100.0,30,125.0,0.5,1.5,true,160.39130255697495,5
43,100.0,30,125.0,1.0,1.5,true,147.31020209333263,5
43,100.0,30,125.0,1.5,1.5,false,NaN,4
43,100.0,30,125.0,2.0,1.5,false,NaN,4
43,100.0,30,125.0,2.5,1.5,true,148.0,5
43,100.0,30,125.0,0.5,2.0,true,102.84993591532012,5
43,100.0,30,125.0,1.0,2.0,true,112.04849401459164,5
43,100.0,30,125.0,1.5,2.0,true,112.71855977027899,5
43,100.0,30,125.0,2.0,2.0,true,112.71855977027899,5
43,100.0,30,125.0,2.5,2.0,true,104.2252384178238,5
43,100.0,30,125.0,0.5,2.5,true,102.84993591532012,5
43,100.0,30,125.0,1.0,2.5,true,102.47405189953086,5
43,100.0,30,125.0,1.5,2.5,true,102.71304554625108,5
43,100.0,30,125.0,2.0,2.5,true,84.29443173953577,5
43,100.0,30,125.0,2.5,2.5,true,95.89413272213052,5
43,100.0,30,125.0,0.5,3.0,true,104.81203261962273,5
43,100.0,30,125.0,1.0,3.0,true,102.47405189953086,5
43,100.0,30,125.0,1.5,3.0,true,102.71304554625108,5
43,100.0,30,125.0,2.0,3.0,true,84.34975103584648,5
43,100.0,30,125.0,2.5,3.0,true,78.08693972609379,5
43,100.0,30,125.0,0.5,3.5,true,72.9077759799552,5
43,100.0,30,125.0,1.0,3.5,true,102.47405189953086,5
43,100.0,30,125.0,1.5,3.5,true,112.14699544428454,5
43,100.0,30,125.0,2.0,3.5,true,84.29582270188472,5
43,100.0,30,125.0,2.5,3.5,true,84.36471891276675,5
43,100.0,30,125.0,0.5,4.0,true,72.9077759799552,5
43,100.0,30,125.0,1.0,4.0,true,102.47405189953086,5
43,100.0,30,125.0,1.5,4.0,true,112.14699544428454,5
43,100.0,30,125.0,2.0,4.0,true,107.75791650159752,5
43,100.0,30,125.0,2.5,4.0,true,84.36471891276675,5
43,100.0,36,125.0,0.5,1.0,true,72.50717508663877,5
43,100.0,36,125.0,1.0,1.0,true,112.56966478361777,5
43,100.0,36,125.0,1.5,1.0,false,NaN,3
43,100.0,36,125.0,2.0,1.0,true,114.0,5
43,100.0,36,125.0,2.5,1.0,true,114.4584174444614,5
43,100.0,36,125.0,0.5,1.5,false,NaN,3
43,100.0,36,125.0,1.0,1.5,true,120.10293808885929,5
43,100.0,36,125.0,1.5,1.5,true,150.68668926845157,5
43,100.0,36,125.0,2.0,1.5,true,198.18427045595493,5
43,100.0,36,125.0,2.5,1.5,true,129.2620276241127,5
43,100.0,36,125.0,0.5,2.0,true,198.0,5
43,100.0,36,125.0,1.0,2.0,false,NaN,4
43,100.0,36,125.0,1.5,2.0,true,150.9957931539347,5
43,100.0,36,125.0,2.0,2.0,true,77.60032156992261,5
43,100.0,36,125.0,2.5,2.0,true,139.66926218332284,5
43,100.0,36,125.0,0.5,2.5,true,65.17406588548566,5
43,100.0,36,125.0,1.0,2.5,true,65.17406588548566,5
43,100.0,36,125.0,1.5,2.5,true,65.17406588548566,5
43,100.0,36,125.0,2.0,2.5,true,65.17406588548566,5
43,100.0,36,125.0,2.5,2.5,true,65.17406588548566,5
43,100.0,36,125.0,0.5,3.0,true,65.17406588548566,5
43,100.0,36,125.0,1.0,3.0,true,65.17406588548566,5
43,100.0,36,125.0,1.5,3.0,true,65.17406588548566,5
43,100.0,36,125.0,2.0,3.0,true,65.17406588548566,5
43,100.0,36,125.0,2.5,3.0,true,65.17406588548566,5
43,100.0,36,125.0,0.5,3.5,true,82.64981825011048,5
43,100.0,36,125.0,1.0,3.5,true,92.37903541105385,5
43,100.0,36,125.0,1.5,3.5,true,87.33884982430519,5
43,100.0,36,125.0,2.0,3.5,true,87.19222379500685,5
43,100.0,36,125.0,2.5,3.5,true,87.19222379500685,5
43,100.0,36,125.0,0.5,4.0,false,NaN,3
43,100.0,36,125.0,1.0,4.0,false,NaN,4
43,100.0,36,125.0,1.5,4.0,false,NaN,3
43,100.0,36,125.0,2.0,4.0,true,158.30974911068247,5
43,100.0,36,125.0,2.5,4.0,true,112.95678186583615,5
43,100.0,12,150.0,0.5,1.0,true,53.32950181820743,5
43,100.0,12,150.0,1.0,1.0,true,53.32950181820743,5
43,100.0,12,150.0,1.5,1.0,true,53.32950181820743,5
43,100.0,12,150.0,2.0,1.0,true,53.32950181820743,5
43,100.0,12,150.0,2.5,1.0,true,53.32950181820743,5
43,100.0,12,150.0,0.5,1.5,true,53.32950181820743,5
43,100.0,12,150.0,1.0,1.5,true,53.32950181820743,5
43,100.0,12,150.0,1.5,1.5,true,53.32950181820743,5
43,100.0,12,150.0,2.0,1.5,true,53.32950181820743,5
43,100.0,12,150.0,2.5,1.5,true,53.32950181820743,5
43,100.0,12,150.0,0.5,2.0,true,53.32950181820743,5
43,100.0,12,150.0,1.0,2.0,true,53.32950181820743,5
43,100.0,12,150.0,1.5,2.0,true,53.32950181820743,5
43,100.0,12,150.0,2.0,2.0,true,53.32950181820743,5
43,100.0,12,150.0,2.5,2.0,true,53.32950181820743,5
43,100.0,12,150.0,0.5,2.5,true,51.51262073121962,5
43,100.0,12,150.0,1.0,2.5,true,51.51262073121962,5
43,100.0,12,150.0,1.5,2.5,true,51.51262073121962,5
43,100.0,12,150.0,2.0,2.5,true,51.51262073121962,5
43,100.0,12,150.0,2.5,2.5,true,51.51262073121962,5
43,100.0,12,150.0,0.5,3.0,true,51.51262073121962,5
43,100.0,12,150.0,1.0,3.0,true,51.51262073121962,5
43,100.0,12,150.0,1.5,3.0,true,51.51262073121962,5
43,100.0,12,150.0,2.0,3.0,true,51.51262073121962,5
43,100.0,12,150.0,2.5,3.0,true,51.51262073121962,5
43,100.0,12,150.0,0.5,3.5,true,51.72788024475455,5
43,100.0,12,150.0,1.0,3.5,true,51.72788024475455,5
43,100.0,12,150.0,1.5,3.5,true,51.72788024475455,5
43,100.0,12,150.0,2.0,3.5,true,51.72788024475455,5
43,100.0,12,150.0,2.5,3.5,true,51.72788024475455,5
43,100.0,12,150.0,0.5,4.0,true,51.72788024475455,5
43,100.0,12,150.0,1.0,4.0,true,51.72788024475455,5
43,100.0,12,150.0,1.5,4.0,true,51.72788024475455,5
43,100.0,12,150.0,2.0,4.0,true,51.72788024475455,5
43,100.0,12,150.0,2.5,4.0,true,51.72788024475455,5
43,100.0,18,150.0,0.5,1.0,true,151.78128256821117,5
43,100.0,18,150.0,1.0,1.0,true,104.30299407801772,5
43,100.0,18,150.0,1.5,1.0,true,110.73721166360396,5
43,100.0,18,150.0,2.0,1.0,true,77.82312857453194,5
43,100.0,18,150.0,2.5,1.0,true,133.89611256407812,5
43,100.0,18,150.0,0.5,1.5,true,123.18425707369425,5
43,100.0,18,150.0,1.0,1.5,true,105.76495918741116,5
43,100.0,18,150.0,1.5,1.5,true,107.44420279087107,5
43,100.0,18,150.0,2.0,1.5,true,133.89611256407812,5
43,100.0,18,150.0,2.5,1.5,true,133.89611256407812,5
43,100.0,18,150.0,0.5,2.0,true,142.61411809786574,5
43,100.0,18,150.0,1.0,2.0,false,NaN,3
43,100.0,18,150.0,1.5,2.0,true,141.0544686489326,5
43,100.0,18,150.0,2.0,2.0,true,143.9343540803778,5
43,100.0,18,150.0,2.5,2.0,true,143.9343540803778,5
43,100.0,18,150.0,0.5,2.5,true,111.33332713319575,5
43,100.0,18,150.0,1.0,2.5,true,74.91174031380143,5
43,100.0,18,150.0,1.5,2.5,true,74.87645002587844,5
43,100.0,18,150.0,2.0,2.5,true,75.08513421838977,5
43,100.0,18,150.0,2.5,2.5,true,75.08513421838977,5
43,100.0,18,150.0,0.5,3.0,true,117.20398887635837,5
43,100.0,18,150.0,1.0,3.0,true,74.91174031380143,5
43,100.0,18,150.0,1.5,3.0,true,74.87645002587844,5
43,100.0,18,150.0,2.0,3.0,true,75.08513421838977,5
43,100.0,18,150.0,2.5,3.0,true,75.08513421838977,5
43,100.0,18,150.0,0.5,3.5,true,117.20398887635837,5
43,100.0,18,150.0,1.0,3.5,true,74.91174031380143,5
43,100.0,18,150.0,1.5,3.5,true,75.08513421838977,5
43,100.0,18,150.0,2.0,3.5,true,75.08513421838977,5
43,100.0,18,150.0,2.5,3.5,true,75.08513421838977,5
43,100.0,18,150.0,0.5,4.0,true,117.20398887635837,5
43,100.0,18,150.0,1.0,4.0,true,74.91174031380143,5
43,100.0,18,150.0,1.5,4.0,true,75.08513421838977,5
43,100.0,18,150.0,2.0,4.0,true,75.08513421838977,5
43,100.0,18,150.0,2.5,4.0,true,75.08513421838977,5
43,100.0,24,150.0,0.5,1.0,true,196.33156113202526,5
43,100.0,24,150.0,1.0,1.0,true,108.52209938246462,5
43,100.0,24,150.0,1.5,1.0,true,133.24273339179925,5
43,100.0,24,150.0,2.0,1.0,true,114.0,5
43,100.0,24,150.0,2.5,1.0,true,124.25342473470262,5
43,100.0,24,150.0,0.5,1.5,true,67.86079829678822,5
43,100.0,24,150.0,1.0,1.5,true,67.86079829678822,5
43,100.0,24,150.0,1.5,1.5,true,67.86079829678822,5
43,100.0,24,150.0,2.0,1.5,true,67.86079829678822,5
43,100.0,24,150.0,2.5,1.5,true,67.86079829678822,5
43,100.0,24,150.0,0.5,2.0,true,156.98146878145744,5
43,100.0,24,150.0,1.0,2.0,true,126.92613689236151,5
43,100.0,24,150.0,1.5,2.0,true,123.69653567597288,5
43,100.0,24,150.0,2.0,2.0,true,130.8009901261483,5
43,100.0,24,150.0,2.5,2.0,true,130.8009901261483,5
43,100.0,24,150.0,0.5,2.5,false,NaN,3
43,100.0,24,150.0,1.0,2.5,true,96.25682635719319,5
43,100.0,24,150.0,1.5,2.5,true,96.25682635719319,5
43,100.0,24,150.0,2.0,2.5,true,96.1236493240092,5
43,100.0,24,150.0,2.5,2.5,true,96.1236493240092,5
43,100.0,24,150.0,0.5,3.0,true,145.63086489300423,5
43,100.0,24,150.0,1.0,3.0,true,96.25682635719319,5
43,100.0,24,150.0,1.5,3.0,true,96.25682635719319,5
43,100.0,24,150.0,2.0,3.0,true,96.1236493240092,5
43,100.0,24,150.0,2.5,3.0,true,96.1236493240092,5
43,100.0,24,150.0,0.5,3.5,true,145.63086489300423,5
43,100.0,24,150.0,1.0,3.5,true,106.46510091830588,5
43,100.0,24,150.0,1.5,3.5,true,78.43843288331216,5
43,100.0,24,150.0,2.0,3.5,true,78.43843288331216,5
43,100.0,24,150.0,2.5,3.5,true,78.43843288331216,5
43,100.0,24,150.0,0.5,4.0,true,78.4301751581526,5
43,100.0,24,150.0,1.0,4.0,true,126.02868416213003,5
43,100.0,24,150.0,1.5,4.0,true,78.43843288331216,5
43,100.0,24,150.0,2.0,4.0,true,78.43843288331216,5
43,100.0,24,150.0,2.5,4.0,true,78.43843288331216,5
43,100.0,30,150.0,0.5,1.0,true,198.53433907545076,5
43,100.0,30,150.0,1.0,1.0,true,100.77507854423101,5
43,100.0,30,150.0,1.5,1.0,true,132.47864055508566,5
43,100.0,30,150.0,2.0,1.0,true,140.3115117488029,5
43,100.0,30,150.0,2.5,1.0,true,109.0457844518409,5
43,100.0,30,150.0,0.5,1.5,true,69.0,5
43,100.0,30,150.0,1.0,1.5,true,70.0,5
43,100.0,30,150.0,1.5,1.5,true,71.24892105035329,5
43,100.0,30,150.0,2.0,1.5,true,63.35527905074931,5
43,100.0,30,150.0,2.5,1.5,true,63.35527905074931,5
43,100.0,30,150.0,0.5,2.0,true,62.87516186486039,5
43,100.0,30,150.0,1.0,2.0,true,63.35527905074931,5
43,100.0,30,150.0,1.5,2.0,true,63.35527905074931,5
43,100.0,30,150.0,2.0,2.0,true,63.35527905074931,5
43,100.0,30,150.0,2.5,2.0,true,63.35527905074931,5
43,100.0,30,150.0,0.5,2.5,true,63.96639640288913,5
43,100.0,30,150.0,1.0,2.5,true,63.96639640288913,5
43,100.0,30,150.0,1.5,2.5,true,62.87516186486039,5
43,100.0,30,150.0,2.0,2.5,true,62.84671532670875,5
43,100.0,30,150.0,2.5,2.5,true,63.35527905074931,5
43,100.0,30,150.0,0.5,3.0,true,95.95765909216364,5
43,100.0,30,150.0,1.0,3.0,true,63.753639410069155,5
43,100.0,30,150.0,1.5,3.0,true,63.753639410069155,5
43,100.0,30,150.0,2.0,3.0,true,63.753639410069155,5
43,100.0,30,150.0,2.5,3.0,true,63.753639410069155,5
43,100.0,30,150.0,0.5,3.5,true,75.71859517207268,5
43,100.0,30,150.0,1.0,3.5,true,137.0,5
43,100.0,30,150.0,1.5,3.5,true,146.6059097028074,5
43,100.0,30,150.0,2.0,3.5,true,63.753639410069155,5
43,100.0,30,150.0,2.5,3.5,true,63.753639410069155,5
43,100.0,30,150.0,0.5,4.0,true,75.8815918945273,5
43,100.0,30,150.0,1.0,4.0,true,124.0,5
43,100.0,30,150.0,1.5,4.0,true,143.88338126683402,5
43,100.0,30,150.0,2.0,4.0,true,130.67281576389473,5
43,100.0,30,150.0,2.5,4.0,true,130.67281576389473,5
43,100.0,36,150.0,0.5,1.0,true,98.4190903031028,5
43,100.0,36,150.0,1.0,1.0,true,199.93833990092557,5
43,100.0,36,150.0,1.5,1.0,true,126.7957786078519,5
43,100.0,36,150.0,2.0,1.0,true,115.50298287413406,5
43,100.0,36,150.0,2.5,1.0,true,115.50298287413406,5
43,100.0,36,150.0,0.5,1.5,true,95.60262853749992,5
43,100.0,36,150.0,1.0,1.5,true,140.08910495957468,5
43,100.0,36,150.0,1.5,1.5,true,129.65748063583953,5
43,100.0,36,150.0,2.0,1.5,true,151.9298154714016,5
43,100.0,36,150.0,2.5,1.5,true,128.0843035688475,5
43,100.0,36,150.0,0.5,2.0,true,107.79695385393124,5
43,100.0,36,150.0,1.0,2.0,true,96.69620954503631,5
43,100.0,36,150.0,1.5,2.0,true,91.34724259787656,5
43,100.0,36,150.0,2.0,2.0,true,77.26413991727465,5
43,100.0,36,150.0,2.5,2.0,true,77.26413991727465,5
43,100.0,36,150.0,0.5,2.5,true,60.079740446003605,5
43,100.0,36,150.0,1.0,2.5,true,60.079740446003605,5
43,100.0,36,150.0,1.5,2.5,true,60.079740446003605,5
43,100.0,36,150.0,2.0,2.5,true,60.079740446003605,5
43,100.0,36,150.0,2.5,2.5,true,60.079740446003605,5
43,100.0,36,150.0,0.5,3.0,true,60.079740446003605,5
43,100.0,36,150.0,1.0,3.0,true,60.079740446003605,5
43,100.0,36,150.0,1.5,3.0,true,60.079740446003605,5
43,100.0,36,150.0,2.0,3.0,true,60.079740446003605,5
43,100.0,36,150.0,2.5,3.0,true,60.079740446003605,5
43,100.0,36,150.0,0.5,3.5,true,72.4017393531943,5
43,100.0,36,150.0,1.0,3.5,true,72.4017393531943,5
43,100.0,36,150.0,1.5,3.5,true,72.4017393531943,5
43,100.0,36,150.0,2.0,3.5,true,72.4017393531943,5
43,100.0,36,150.0,2.5,3.5,true,72.4017393531943,5
43,100.0,36,150.0,0.5,4.0,true,72.4017393531943,5
43,100.0,36,150.0,1.0,4.0,true,73.0,5
43,100.0,36,150.0,1.5,4.0,true,73.0,5
43,100.0,36,150.0,2.0,4.0,true,73.0,5
43,100.0,36,150.0,2.5,4.0,true,73.0,5
50,100.0,12,50.0,0.5,1.0,true,38.26479365940372,5
50,100.0,12,50.0,1.0,1.0,true,41.85948877958806,5
50,100.0,12,50.0,1.5,1.0,true,49.67499526571506,5
50,100.0,12,50.0,2.0,1.0,true,61.087138332992865,5
50,100.0,12,50.0,2.5,1.0,true,55.21302482418877,5
50,100.0,12,50.0,0.5,1.5,true,44.741567965106256,5
50,100.0,12,50.0,1.0,1.5,true,44.741567965106256,5
50,100.0,12,50.0,1.5,1.5,true,44.741567965106256,5
50,100.0,12,50.0,2.0,1.5,true,41.85948877958806,5
50,100.0,12,50.0,2.5,1.5,true,41.87118014114394,5
50,100.0,12,50.0,0.5,2.0,true,32.82474110680149,5
50,100.0,12,50.0,1.0,2.0,true,32.82474110680149,5
50,100.0,12,50.0,1.5,2.0,true,32.82474110680149,5
50,100.0,12,50.0,2.0,2.0,true,32.82474110680149,5
50,100.0,12,50.0,2.5,2.0,true,32.82474110680149,5
50,100.0,12,50.0,0.5,2.5,true,32.82474110680149,5
50,100.0,12,50.0,1.0,2.5,true,32.82474110680149,5
50,100.0,12,50.0,1.5,2.5,true,32.82474110680149,5
50,100.0,12,50.0,2.0,2.5,true,32.82474110680149,5
50,100.0,12,50.0,2.5,2.5,true,32.82474110680149,5
50,100.0,12,50.0,0.5,3.0,true,32.82474110680149,5
50,100.0,12,50.0,1.0,3.0,true,32.82474110680149,5
50,100.0,12,50.0,1.5,3.0,true,32.82474110680149,5
50,100.0,12,50.0,2.0,3.0,true,32.82474110680149,5
50,100.0,12,50.0,2.5,3.0,true,32.82474110680149,5
50,100.0,12,50.0,0.5,3.5,true,52.521646677938016,5
50,100.0,12,50.0,1.0,3.5,true,52.521646677938016,5
50,100.0,12,50.0,1.5,3.5,true,49.14167052755251,5
50,100.0,12,50.0,2.0,3.5,true,44.47567828769468,5
50,100.0,12,50.0,2.5,3.5,true,40.23043697122353,5
50,100.0,12,50.0,0.5,4.0,true,52.521646677938016,5
50,100.0,12,50.0,1.0,4.0,true,49.25559614892667,5
50,100.0,12,50.0,1.5,4.0,true,60.857126980343345,5
50,100.0,12,50.0,2.0,4.0,true,44.47567828769468,5
50,100.0,12,50.0,2.5,4.0,true,40.23043697122353,5
50,100.0,18,50.0,0.5,1.0,true,37.26407606648363,5
50,100.0,18,50.0,1.0,1.0,true,37.26407606648363,5
50,100.0,18,50.0,1.5,1.0,true,37.26407606648363,5
50,100.0,18,50.0,2.0,1.0,true,37.26407606648363,5
50,100.0,18,50.0,2.5,1.0,true,37.26407606648363,5
50,100.0,18,50.0,0.5,1.5,true,37.26407606648363,5
50,100.0,18,50.0,1.0,1.5,true,37.26407606648363,5
50,100.0,18,50.0,1.5,1.5,true,37.26407606648363,5
50,100.0,18,50.0,2.0,1.5,true,37.26407606648363,5
50,100.0,18,50.0,2.5,1.5,true,37.26407606648363,5
50,100.0,18,50.0,0.5,2.0,true,37.26407606648363,5
50,100.0,18,50.0,1.0,2.0,true,37.26407606648363,5
50,100.0,18,50.0,1.5,2.0,true,37.26407606648363,5
50,100.0,18,50.0,2.0,2.0,true,37.26407606648363,5
50,100.0,18,50.0,2.5,2.0,true,37.26407606648363,5
50,100.0,18,50.0,0.5,2.5,true,37.26407606648363,5
50,100.0,18,50.0,1.0,2.5,true,37.26407606648363,5
50,100.0,18,50.0,1.5,2.5,true,37.26407606648363,5
50,100.0,18,50.0,2.0,2.5,true,37.26407606648363,5
50,100.0,18,50.0,2.5,2.5,true,37.26407606648363,5
50,100.0,18,50.0,0.5,3.0,true,37.26407606648363,5
50,100.0,18,50.0,1.0,3.0,true,37.26407606648363,5
50,100.0,18,50.0,1.5,3.0,true,37.26407606648363,5
50,100.0,18,50.0,2.0,3.0,true,37.26407606648363,5
50,100.0,18,50.0,2.5,3.0,true,37.26407606648363,5
50,100.0,18,50.0,0.5,3.5,true,37.26407606648363,5
50,100.0,18,50.0,1.0,3.5,true,37.26407606648363,5
50,100.0,18,50.0,1.5,3.5,true,37.26407606648363,5
50,100.0,18,50.0,2.0,3.5,true,37.26407606648363,5
50,100.0,18,50.0,2.5,3.5,true,37.26407606648363,5
50,100.0,18,50.0,0.5,4.0,true,37.26407606648363,5
50,100.0,18,50.0,1.0,4.0,true,37.26407606648363,5
50,100.0,18,50.0,1.5,4.0,true,37.26407606648363,5
50,100.0,18,50.0,2.0,4.0,true,37.26407606648363,5
50,100.0,18,50.0,2.5,4.0,true,37.26407606648363,5
50,100.0,24,50.0,0.5,1.0,true,38.26479365940372,5
50,100.0,24,50.0,1.0,1.0,true,37.2307673251909,5
50,100.0,24,50.0,1.5,1.0,true,37.2307673251909,5
50,100.0,24,50.0,2.0,1.0,true,37.2307673251909,5
50,100.0,24,50.0,2.5,1.0,true,37.2307673251909,5
50,100.0,24,50.0,0.5,1.5,true,37.2307673251909,5
50,100.0,24,50.0,1.0,1.5,true,37.2307673251909,5
50,100.0,24,50.0,1.5,1.5,true,37.2307673251909,5
50,100.0,24,50.0,2.0,1.5,true,37.2307673251909,5
50,100.0,24,50.0,2.5,1.5,true,37.2307673251909,5
50,100.0,24,50.0,0.5,2.0,true,37.2307673251909,5
50,100.0,24,50.0,1.0,2.0,true,37.2307673251909,5
50,100.0,24,50.0,1.5,2.0,true,37.2307673251909,5
50,100.0,24,50.0,2.0,2.0,true,37.2307673251909,5
50,100.0,24,50.0,2.5,2.0,true,37.2307673251909,5
50,100.0,24,50.0,0.5,2.5,true,37.2307673251909,5
50,100.0,24,50.0,1.0,2.5,true,37.2307673251909,5
50,100.0,24,50.0,1.5,2.5,true,37.2307673251909,5
50,100.0,24,50.0,2.0,2.5,true,37.2307673251909,5
50,100.0,24,50.0,2.5,2.5,true,37.2307673251909,5
50,100.0,24,50.0,0.5,3.0,true,37.2307673251909,5
50,100.0,24,50.0,1.0,3.0,true,37.2307673251909,5
50,100.0,24,50.0,1.5,3.0,true,37.2307673251909,5
50,100.0,24,50.0,2.0,3.0,true,37.2307673251909,5
50,100.0,24,50.0,2.5,3.0,true,37.2307673251909,5
50,100.0,24,50.0,0.5,3.5,true,37.2307673251909,5
50,100.0,24,50.0,1.0,3.5,true,37.2307673251909,5
50,100.0,24,50.0,1.5,3.5,true,37.2307673251909,5
50,100.0,24,50.0,2.0,3.5,true,37.2307673251909,5
50,100.0,24,50.0,2.5,3.5,true,37.2307673251909,5
50,100.0,24,50.0,0.5,4.0,true,37.2307673251909,5
50,100.0,24,50.0,1.0,4.0,true,37.2307673251909,5
50,100.0,24,50.0,1.5,4.0,true,37.2307673251909,5
50,100.0,24,50.0,2.0,4.0,true,37.2307673251909,5
50,100.0,24,50.0,2.5,4.0,true,37.2307673251909,5
50,100.0,30,50.0,0.5,1.0,true,38.0,5
50,100.0,30,50.0,1.0,1.0,true,37.96818382677271,5
50,100.0,30,50.0,1.5,1.0,true,37.94582703317892,5
50,100.0,30,50.0,2.0,1.0,true,37.94582703317892,5
50,100.0,30,50.0,2.5,1.0,true,37.94582703317892,5
50,100.0,30,50.0,0.5,1.5,true,38.0,5
50,100.0,30,50.0,1.0,1.5,true,37.96818382677271,5
50,100.0,30,50.0,1.5,1.5,true,37.94582703317892,5
50,100.0,30,50.0,2.0,1.5,true,37.94582703317892,5
50,100.0,30,50.0,2.5,1.5,true,37.94582703317892,5
50,100.0,30,50.0,0.5,2.0,true,38.43064549659287,5
50,100.0,30,50.0,1.0,2.0,true,38.43064549659287,5
50,100.0,30,50.0,1.5,2.0,true,38.43064549659287,5
50,100.0,30,50.0,2.0,2.0,true,38.43064549659287,5
50,100.0,30,50.0,2.5,2.0,true,38.43064549659287,5
50,100.0,30,50.0,0.5,2.5,true,38.43064549659287,5
50,100.0,30,50.0,1.0,2.5,true,38.43064549659287,5
50,100.0,30,50.0,1.5,2.5,true,38.43064549659287,5
50,100.0,30,50.0,2.0,2.5,true,38.43064549659287,5
50,100.0,30,50.0,2.5,2.5,true,38.43064549659287,5
50,100.0,30,50.0,0.5,3.0,true,38.43064549659287,5
50,100.0,30,50.0,1.0,3.0,true,38.43064549659287,5
50,100.0,30,50.0,1.5,3.0,true,38.43064549659287,5
50,100.0,30,50.0,2.0,3.0,true,38.43064549659287,5
50,100.0,30,50.0,2.5,3.0,true,38.43064549659287,5
50,100.0,30,50.0,0.5,3.5,true,38.43064549659287,5
50,100.0,30,50.0,1.0,3.5,true,38.43064549659287,5
50,100.0,30,50.0,1.5,3.5,true,38.43064549659287,5
50,100.0,30,50.0,2.0,3.5,true,38.43064549659287,5
50,100.0,30,50.0,2.5,3.5,true,38.43064549659287,5
50,100.0,30,50.0,0.5,4.0,true,38.43064549659287,5
50,100.0,30,50.0,1.0,4.0,true,38.43064549659287,5
50,100.0,30,50.0,1.5,4.0,true,38.43064549659287,5
50,100.0,30,50.0,2.0,4.0,true,38.43064549659287,5
50,100.0,30,50.0,2.5,4.0,true,38.43064549659287,5
50,100.0,36,50.0,0.5,1.0,true,37.30982544093336,5
50,100.0,36,50.0,1.0,1.0,true,37.30982544093336,5
50,100.0,36,50.0,1.5,1.0,true,37.41131258510697,5
50,100.0,36,50.0,2.0,1.0,true,37.41131258510697,5
50,100.0,36,50.0,2.5,1.0,true,37.41131258510697,5
50,100.0,36,50.0,0.5,1.5,true,44.39108270457355,5
50,100.0,36,50.0,1.0,1.5,true,39.440147693849,5
50,100.0,36,50.0,1.5,1.5,true,39.440147693849,5
50,100.0,36,50.0,2.0,1.5,true,39.440147693849,5
50,100.0,36,50.0,2.5,1.5,true,39.440147693849,5
50,100.0,36,50.0,0.5,2.0,true,39.440147693849,5
50,100.0,36,50.0,1.0,2.0,true,39.440147693849,5
50,100.0,36,50.0,1.5,2.0,true,39.440147693849,5
50,100.0,36,50.0,2.0,2.0,true,39.440147693849,5
50,100.0,36,50.0,2.5,2.0,true,39.440147693849,5
50,100.0,36,50.0,0.5,2.5,true,39.440147693849,5
50,100.0,36,50.0,1.0,2.5,true,39.440147693849,5
50,100.0,36,50.0,1.5,2.5,true,39.440147693849,5
50,100.0,36,50.0,2.0,2.5,true,39.440147693849,5
50,100.0,36,50.0,2.5,2.5,true,39.440147693849,5
50,100.0,36,50.0,0.5,3.0,true,39.440147693849,5
50,100.0,36,50.0,1.0,3.0,true,39.440147693849,5
50,100.0,36,50.0,1.5,3.0,true,39.440147693849,5
50,100.0,36,50.0,2.0,3.0,true,39.440147693849,5
50,100.0,36,50.0,2.5,3.0,true,39.440147693849,5
50,100.0,36,50.0,0.5,3.5,true,39.440147693849,5
50,100.0,36,50.0,1.0,3.5,true,39.440147693849,5
50,100.0,36,50.0,1.5,3.5,true,39.440147693849,5
50,100.0,36,50.0,2.0,3.5,true,39.440147693849,5
50,100.0,36,50.0,2.5,3.5,true,39.440147693849,5
50,100.0,36,50.0,0.5,4.0,true,39.440147693849,5
50,100.0,36,50.0,1.0,4.0,true,39.440147693849,5
50,100.0,36,50.0,1.5,4.0,true,39.440147693849,5
50,100.0,36,50.0,2.0,4.0,true,39.440147693849,5
50,100.0,36,50.0,2.5,4.0,true,39.440147693849,5
50,100.0,12,75.0,0.5,1.0,true,74.62222213839232,5
50,100.0,12,75.0,1.0,1.0,true,76.0,5
50,100.0,12,75.0,1.5,1.0,true,76.0,5
50,100.0,12,75.0,2.0,1.0,true,75.95464820059321,5
50,100.0,12,75.0,2.5,1.0,true,75.95464820059321,5
50,100.0,12,75.0,0.5,1.5,true,54.883700045863336,5
50,100.0,12,75.0,1.0,1.5,true,54.883700045863336,5
50,100.0,12,75.0,1.5,1.5,true,54.883700045863336,5
50,100.0,12,75.0,2.0,1.5,true,54.883700045863336,5
50,100.0,12,75.0,2.5,1.5,true,54.883700045863336,5
50,100.0,12,75.0,0.5,2.0,true,54.883700045863336,5
50,100.0,12,75.0,1.0,2.0,true,54.883700045863336,5
50,100.0,12,75.0,1.5,2.0,true,54.883700045863336,5
50,100.0,12,75.0,2.0,2.0,true,54.883700045863336,5
50,100.0,12,75.0,2.5,2.0,true,54.883700045863336,5
50,100.0,12,75.0,0.5,2.5,true,54.883700045863336,5
50,100.0,12,75.0,1.0,2.5,true,54.883700045863336,5
50,100.0,12,75.0,1.5,2.5,true,54.883700045863336,5
50,100.0,12,75.0,2.0,2.5,true,54.883700045863336,5
50,100.0,12,75.0,2.5,2.5,true,54.883700045863336,5
50,100.0,12,75.0,0.5,3.0,true,54.883700045863336,5
50,100.0,12,75.0,1.0,3.0,true,54.883700045863336,5
50,100.0,12,75.0,1.5,3.0,true,54.883700045863336,5
50,100.0,12,75.0,2.0,3.0,true,54.883700045863336,5
50,100.0,12,75.0,2.5,3.0,true,54.883700045863336,5
50,100.0,12,75.0,0.5,3.5,true,54.883700045863336,5
50,100.0,12,75.0,1.0,3.5,true,54.883700045863336,5
50,100.0,12,75.0,1.5,3.5,true,54.883700045863336,5
50,100.0,12,75.0,2.0,3.5,true,54.883700045863336,5
50,100.0,12,75.0,2.5,3.5,true,54.883700045863336,5
50,100.0,12,75.0,0.5,4.0,true,54.883700045863336,5
50,100.0,12,75.0,1.0,4.0,true,54.883700045863336,5
50,100.0,12,75.0,1.5,4.0,true,54.883700045863336,5
50,100.0,12,75.0,2.0,4.0,true,54.883700045863336,5
50,100.0,12,75.0,2.5,4.0,true,54.883700045863336,5
50,100.0,18,75.0,0.5,1.0,true,38.45959825242777,5
50,100.0,18,75.0,1.0,1.0,true,38.45959825242777,5
50,100.0,18,75.0,1.5,1.0,true,38.45959825242777,5
50,100.0,18,75.0,2.0,1.0,true,38.45959825242777,5
50,100.0,18,75.0,2.5,1.0,true,38.45959825242777,5
50,100.0,18,75.0,0.5,1.5,true,63.08040353678249,5
50,100.0,18,75.0,1.0,1.5,true,63.08040353678249,5
50,100.0,18,75.0,1.5,1.5,true,63.08040353678249,5
50,100.0,18,75.0,2.0,1.5,true,63.08040353678249,5
50,100.0,18,75.0,2.5,1.5,true,63.08040353678249,5
50,100.0,18,75.0,0.5,2.0,true,63.16590472597365,5
50,100.0,18,75.0,1.0,2.0,true,63.08040353678249,5
50,100.0,18,75.0,1.5,2.0,true,63.08040353678249,5
50,100.0,18,75.0,2.0,2.0,true,63.08040353678249,5
50,100.0,18,75.0,2.5,2.0,true,63.08040353678249,5
50,100.0,18,75.0,0.5,2.5,true,63.16590472597365,5
50,100.0,18,75.0,1.0,2.5,true,63.16590472597365,5
50,100.0,18,75.0,1.5,2.5,true,63.08040353678249,5
50,100.0,18,75.0,2.0,2.5,true,63.08040353678249,5
50,100.0,18,75.0,2.5,2.5,true,63.08040353678249,5
50,100.0,18,75.0,0.5,3.0,true,63.16590472597365,5
50,100.0,18,75.0,1.0,3.0,true,63.16590472597365,5
50,100.0,18,75.0,1.5,3.0,true,63.16590472597365,5
50,100.0,18,75.0,2.0,3.0,true,63.08040353678249,5
50,100.0,18,75.0,2.5,3.0,true,63.08040353678249,5
50,100.0,18,75.0,0.5,3.5,true,63.16590472597365,5
50,100.0,18,75.0,1.0,3.5,true,63.16590472597365,5
50,100.0,18,75.0,1.5,3.5,true,63.16590472597365,5
50,100.0,18,75.0,2.0,3.5,true,63.16590472597365,5
50,100.0,18,75.0,2.5,3.5,true,63.16590472597365,5
50,100.0,18,75.0,0.5,4.0,true,63.16590472597365,5
50,100.0,18,75.0,1.0,4.0,true,63.16590472597365,5
50,100.0,18,75.0,1.5,4.0,true,63.16590472597365,5
50,100.0,18,75.0,2.0,4.0,true,63.16590472597365,5
50,100.0,18,75.0,2.5,4.0,true,63.16590472597365,5
50,100.0,24,75.0,0.5,1.0,true,54.95584213295025,5
50,100.0,24,75.0,1.0,1.0,true,54.95584213295025,5
50,100.0,24,75.0,1.5,1.0,true,54.95584213295025,5
50,100.0,24,75.0,2.0,1.0,true,54.95584213295025,5
50,100.0,24,75.0,2.5,1.0,true,54.95584213295025,5
50,100.0,24,75.0,0.5,1.5,true,54.95584213295025,5
50,100.0,24,75.0,1.0,1.5,true,54.95584213295025,5
50,100.0,24,75.0,1.5,1.5,true,54.95584213295025,5
50,100.0,24,75.0,2.0,1.5,true,54.95584213295025,5
50,100.0,24,75.0,2.5,1.5,true,54.95584213295025,5
50,100.0,24,75.0,0.5,2.0,true,54.95584213295025,5
50,100.0,24,75.0,1.0,2.0,true,54.95584213295025,5
50,100.0,24,75.0,1.5,2.0,true,54.95584213295025,5
50,100.0,24,75.0,2.0,2.0,true,54.95584213295025,5
50,100.0,24,75.0,2.5,2.0,true,54.95584213295025,5
50,100.0,24,75.0,0.5,2.5,true,54.95584213295025,5
50,100.0,24,75.0,1.0,2.5,true,54.95584213295025,5
50,100.0,24,75.0,1.5,2.5,true,54.95584213295025,5
50,100.0,24,75.0,2.0,2.5,true,54.95584213295025,5
50,100.0,24,75.0,2.5,2.5,true,54.95584213295025,5
50,100.0,24,75.0,0.5,3.0,true,54.95584213295025,5
50,100.0,24,75.0,1.0,3.0,true,54.95584213295025,5
50,100.0,24,75.0,1.5,3.0,true,54.95584213295025,5
50,100.0,24,75.0,2.0,3.0,true,54.95584213295025,5
50,100.0,24,75.0,2.5,3.0,true,54.95584213295025,5
50,100.0,24,75.0,0.5,3.5,true,54.95584213295025,5
50,100.0,24,75.0,1.0,3.5,true,54.95584213295025,5
50,100.0,24,75.0,1.5,3.5,true,54.95584213295025,5
50,100.0,24,75.0,2.0,3.5,true,54.95584213295025,5
50,100.0,24,75.0,2.5,3.5,true,54.95584213295025,5
50,100.0,24,75.0,0.5,4.0,true,54.95584213295025,5
50,100.0,24,75.0,1.0,4.0,true,54.95584213295025,5
50,100.0,24,75.0,1.5,4.0,true,54.95584213295025,5
50,100.0,24,75.0,2.0,4.0,true,54.95584213295025,5
50,100.0,24,75.0,2.5,4.0,true,54.95584213295025,5
50,100.0,30,75.0,0.5,1.0,true,52.77055640993086,5
50,100.0,30,75.0,1.0,1.0,true,54.83472050438854,5
50,100.0,30,75.0,1.5,1.0,true,55.0,5
50,100.0,30,75.0,2.0,1.0,true,72.54881433745796,5
50,100.0,30,75.0,2.5,1.0,true,72.50655768363029,5
50,100.0,30,75.0,0.5,1.5,true,82.25030214133137,5
50,100.0,30,75.0,1.0,1.5,true,55.0,5
50,100.0,30,75.0,1.5,1.5,true,70.6242478672619,5
50,100.0,30,75.0,2.0,1.5,true,117.22673102335357,5
50,100.0,30,75.0,2.5,1.5,true,66.41069231339483,5
50,100.0,30,75.0,0.5,2.0,true,82.25030214133137,5
50,100.0,30,75.0,1.0,2.0,true,70.6242478672619,5
50,100.0,30,75.0,1.5,2.0,true,70.6242478672619,5
50,100.0,30,75.0,2.0,2.0,true,70.6242478672619,5
50,100.0,30,75.0,2.5,2.0,true,70.6242478672619,5
50,100.0,30,75.0,0.5,2.5,true,70.66357883428321,5
50,100.0,30,75.0,1.0,2.5,true,70.66357883428321,5
50,100.0,30,75.0,1.5,2.5,true,70.6242478672619,5
50,100.0,30,75.0,2.0,2.5,true,70.6242478672619,5
50,100.0,30,75.0,2.5,2.5,true,70.6242478672619,5
50,100.0,30,75.0,0.5,3.0,true,70.68135427149868,5
50,100.0,30,75.0,1.0,3.0,true,70.6242478672619,5
50,100.0,30,75.0,1.5,3.0,true,70.6242478672619,5
50,100.0,30,75.0,2.0,3.0,true,70.6242478672619,5
50,100.0,30,75.0,2.5,3.0,true,70.6242478672619,5
50,100.0,30,75.0,0.5,3.5,true,70.68135427149868,5
50,100.0,30,75.0,1.0,3.5,true,70.6242478672619,5
50,100.0,30,75.0,1.5,3.5,true,70.6242478672619,5
50,100.0,30,75.0,2.0,3.5,true,70.6242478672619,5
50,100.0,30,75.0,2.5,3.5,true,70.6242478672619,5
50,100.0,30,75.0,0.5,4.0,true,70.68135427149868,5
50,100.0,30,75.0,1.0,4.0,true,70.6242478672619,5
50,100.0,30,75.0,1.5,4.0,true,70.6242478672619,5
50,100.0,30,75.0,2.0,4.0,true,70.6242478672619,5
50,100.0,30,75.0,2.5,4.0,true,70.6242478672619,5
50,100.0,36,75.0,0.5,1.0,true,52.77055640993086,5
50,100.0,36,75.0,1.0,1.0,true,77.29735382145098,5
50,100.0,36,75.0,1.5,1.0,true,73.26742197017735,5
50,100.0,36,75.0,2.0,1.0,true,73.31065804274172,5
50,100.0,36,75.0,2.5,1.0,true,38.48005454472367,5
50,100.0,36,75.0,0.5,1.5,true,77.0,5
50,100.0,36,75.0,1.0,1.5,true,77.0,5
50,100.0,36,75.0,1.5,1.5,true,77.0,5
50,100.0,36,75.0,2.0,1.5,true,77.0,5
50,100.0,36,75.0,2.5,1.5,true,76.8487614320194,5
50,100.0,36,75.0,0.5,2.0,true,77.0,5
50,100.0,36,75.0,1.0,2.0,true,77.0,5
50,100.0,36,75.0,1.5,2.0,true,77.0,5
50,100.0,36,75.0,2.0,2.0,true,77.0,5
50,100.0,36,75.0,2.5,2.0,true,76.8487614320194,5
50,100.0,36,75.0,0.5,2.5,true,77.0,5
50,100.0,36,75.0,1.0,2.5,true,77.0,5
50,100.0,36,75.0,1.5,2.5,true,77.0,5
50,100.0,36,75.0,2.0,2.5,true,77.0,5
50,100.0,36,75.0,2.5,2.5,true,76.8487614320194,5
50,100.0,36,75.0,0.5,3.0,true,76.85904114518313,5
50,100.0,36,75.0,1.0,3.0,true,76.85904114518313,5
50,100.0,36,75.0,1.5,3.0,true,76.85904114518313,5
50,100.0,36,75.0,2.0,3.0,true,76.85904114518313,5
50,100.0,36,75.0,2.5,3.0,true,76.85904114518313,5
50,100.0,36,75.0,0.5,3.5,true,76.85904114518313,5
50,100.0,36,75.0,1.0,3.5,true,76.85904114518313,5
50,100.0,36,75.0,1.5,3.5,true,76.85904114518313,5
50,100.0,36,75.0,2.0,3.5,true,76.85904114518313,5
50,100.0,36,75.0,2.5,3.5,true,76.85904114518313,5
50,100.0,36,75.0,0.5,4.0,true,76.85904114518313,5
50,100.0,36,75.0,1.0,4.0,true,76.85904114518313,5
50,100.0,36,75.0,1.5,4.0,true,76.85904114518313,5
50,100.0,36,75.0,2.0,4.0,true,76.85904114518313,5
50,100.0,36,75.0,2.5,4.0,true,76.85904114518313,5
50,100.0,12,100.0,0.5,1.0,true,60.77450386022602,5
50,100.0,12,100.0,1.0,1.0,true,60.77450386022602,5
50,100.0,12,100.0,1.5,1.0,true,63.237926887873805,5
50,100.0,12,100.0,2.0,1.0,true,63.237926887873805,5
50,100.0,12,100.0,2.5,1.0,true,63.237926887873805,5
50,100.0,12,100.0,0.5,1.5,true,55.0,5
50,100.0,12,100.0,1.0,1.5,true,55.0,5
50,100.0,12,100.0,1.5,1.5,true,55.0,5
50,100.0,12,100.0,2.0,1.5,true,55.0,5
50,100.0,12,100.0,2.5,1.5,true,55.0,5
50,100.0,12,100.0,0.5,2.0,true,55.0,5
50,100.0,12,100.0,1.0,2.0,true,55.0,5
50,100.0,12,100.0,1.5,2.0,true,55.0,5
50,100.0,12,100.0,2.0,2.0,true,55.0,5
50,100.0,12,100.0,2.5,2.0,true,55.0,5
50,100.0,12,100.0,0.5,2.5,true,55.0,5
50,100.0,12,100.0,1.0,2.5,true,55.0,5
50,100.0,12,100.0,1.5,2.5,true,55.0,5
50,100.0,12,100.0,2.0,2.5,true,55.0,5
50,100.0,12,100.0,2.5,2.5,true,55.0,5
50,100.0,12,100.0,0.5,3.0,true,54.883143437679806,5
50,100.0,12,100.0,1.0,3.0,true,75.13307340346272,5
50,100.0,12,100.0,1.5,3.0,true,75.13307340346272,5
50,100.0,12,100.0,2.0,3.0,true,75.7000863442496,5
50,100.0,12,100.0,2.5,3.0,true,83.52440893177948,5
50,100.0,12,100.0,0.5,3.5,true,63.434061794519515,5
50,100.0,12,100.0,1.0,3.5,true,63.434061794519515,5
50,100.0,12,100.0,1.5,3.5,true,75.13307340346272,5
50,100.0,12,100.0,2.0,3.5,true,75.13307340346272,5
50,100.0,12,100.0,2.5,3.5,true,75.7000863442496,5
50,100.0,12,100.0,0.5,4.0,true,63.434061794519515,5
50,100.0,12,100.0,1.0,4.0,true,63.434061794519515,5
50,100.0,12,100.0,1.5,4.0,true,63.434061794519515,5
50,100.0,12,100.0,2.0,4.0,true,63.434061794519515,5
50,100.0,12,100.0,2.5,4.0,true,63.434061794519515,5
50,100.0,18,100.0,0.5,1.0,true,70.0,5
50,100.0,18,100.0,1.0,1.0,true,70.0,5
50,100.0,18,100.0,1.5,1.0,true,70.0,5
50,100.0,18,100.0,2.0,1.0,true,70.0,5
50,100.0,18,100.0,2.5,1.0,true,70.0,5
50,100.0,18,100.0,0.5,1.5,true,67.61042449639277,5
50,100.0,18,100.0,1.0,1.5,true,67.61042449639277,5
50,100.0,18,100.0,1.5,1.5,true,67.61042449639277,5
50,100.0,18,100.0,2.0,1.5,true,67.61042449639277,5
50,100.0,18,100.0,2.5,1.5,true,67.61042449639277,5
50,100.0,18,100.0,0.5,2.0,true,67.61042449639277,5
50,100.0,18,100.0,1.0,2.0,true,67.61042449639277,5
50,100.0,18,100.0,1.5,2.0,true,67.61042449639277,5
50,100.0,18,100.0,2.0,2.0,true,67.61042449639277,5
50,100.0,18,100.0,2.5,2.0,true,67.61042449639277,5
50,100.0,18,100.0,0.5,2.5,true,60.85748922040046,5
50,100.0,18,100.0,1.0,2.5,true,60.85748922040046,5
50,100.0,18,100.0,1.5,2.5,true,75.56115692733525,5
50,100.0,18,100.0,2.0,2.5,true,75.56115692733525,5
50,100.0,18,100.0,2.5,2.5,true,75.56115692733525,5
50,100.0,18,100.0,0.5,3.0,true,75.55208973917497,5
50,100.0,18,100.0,1.0,3.0,true,75.55208973917497,5
50,100.0,18,100.0,1.5,3.0,true,75.55208973917497,5
50,100.0,18,100.0,2.0,3.0,true,75.55208973917497,5
50,100.0,18,100.0,2.5,3.0,true,75.55208973917497,5
50,100.0,18,100.0,0.5,3.5,true,75.55208973917497,5
50,100.0,18,100.0,1.0,3.5,true,75.55208973917497,5
50,100.0,18,100.0,1.5,3.5,true,75.55208973917497,5
50,100.0,18,100.0,2.0,3.5,true,75.55208973917497,5
50,100.0,18,100.0,2.5,3.5,true,75.55208973917497,5
50,100.0,18,100.0,0.5,4.0,true,54.9074240130991,5
50,100.0,18,100.0,1.0,4.0,true,54.9074240130991,5
50,100.0,18,100.0,1.5,4.0,true,54.9074240130991,5
50,100.0,18,100.0,2.0,4.0,true,54.9074240130991,5
50,100.0,18,100.0,2.5,4.0,true,54.9074240130991,5
50,100.0,24,100.0,0.5,1.0,true,54.88742468422129,5
50,100.0,24,100.0,1.0,1.0,true,59.38508453366624,5
50,100.0,24,100.0,1.5,1.0,true,91.95326914867135,5
50,100.0,24,100.0,2.0,1.0,true,91.95326914867135,5
50,100.0,24,100.0,2.5,1.0,true,93.94885625276636,5
50,100.0,24,100.0,0.5,1.5,true,54.88742468422129,5
50,100.0,24,100.0,1.0,1.5,true,72.45793210363054,5
50,100.0,24,100.0,1.5,1.5,true,91.95326914867135,5
50,100.0,24,100.0,2.0,1.5,true,91.95326914867135,5
50,100.0,24,100.0,2.5,1.5,true,93.94885625276636,5
50,100.0,24,100.0,0.5,2.0,true,54.88742468422129,5
50,100.0,24,100.0,1.0,2.0,true,72.45793210363054,5
50,100.0,24,100.0,1.5,2.0,true,91.95326914867135,5
50,100.0,24,100.0,2.0,2.0,true,91.95326914867135,5
50,100.0,24,100.0,2.5,2.0,true,93.94885625276636,5
50,100.0,24,100.0,0.5,2.5,true,54.88742468422129,5
50,100.0,24,100.0,1.0,2.5,true,72.45793210363054,5
50,100.0,24,100.0,1.5,2.5,true,91.95326914867135,5
50,100.0,24,100.0,2.0,2.5,true,91.95326914867135,5
50,100.0,24,100.0,2.5,2.5,true,93.94885625276636,5
50,100.0,24,100.0,0.5,3.0,true,54.88742468422129,5
50,100.0,24,100.0,1.0,3.0,true,72.45793210363054,5
50,100.0,24,100.0,1.5,3.0,true,91.95326914867135,5
50,100.0,24,100.0,2.0,3.0,true,91.95326914867135,5
50,100.0,24,100.0,2.5,3.0,true,93.94885625276636,5
50,100.0,24,100.0,0.5,3.5,true,54.88742468422129,5
50,100.0,24,100.0,1.0,3.5,true,73.5689492266914,5
50,100.0,24,100.0,1.5,3.5,true,91.95326914867135,5
50,100.0,24,100.0,2.0,3.5,true,91.95326914867135,5
50,100.0,24,100.0,2.5,3.5,true,93.94885625276636,5
50,100.0,24,100.0,0.5,4.0,true,54.88742468422129,5
50,100.0,24,100.0,1.0,4.0,true,154.91401183413348,5
50,100.0,24,100.0,1.5,4.0,true,91.95326914867135,5
50,100.0,24,100.0,2.0,4.0,true,91.95326914867135,5
50,100.0,24,100.0,2.5,4.0,true,93.94885625276636,5
50,100.0,30,100.0,0.5,1.0,true,67.166513126552,5
50,100.0,30,100.0,1.0,1.0,true,70.04530955840451,5
50,100.0,30,100.0,1.5,1.0,true,70.0,5
50,100.0,30,100.0,2.0,1.0,true,70.0,5
50,100.0,30,100.0,2.5,1.0,true,70.0,5
50,100.0,30,100.0,0.5,1.5,true,69.0,5
50,100.0,30,100.0,1.0,1.5,true,70.04530955840451,5
50,100.0,30,100.0,1.5,1.5,true,70.04530955840451,5
50,100.0,30,100.0,2.0,1.5,true,70.0,5
50,100.0,30,100.0,2.5,1.5,true,70.0,5
50,100.0,30,100.0,0.5,2.0,true,57.291088279512145,5
50,100.0,30,100.0,1.0,2.0,true,57.291088279512145,5
50,100.0,30,100.0,1.5,2.0,true,57.291088279512145,5
50,100.0,30,100.0,2.0,2.0,true,57.291088279512145,5
50,100.0,30,100.0,2.5,2.0,true,57.291088279512145,5
50,100.0,30,100.0,0.5,2.5,true,57.291088279512145,5
50,100.0,30,100.0,1.0,2.5,true,57.291088279512145,5
50,100.0,30,100.0,1.5,2.5,true,57.291088279512145,5
50,100.0,30,100.0,2.0,2.5,true,57.291088279512145,5
50,100.0,30,100.0,2.5,2.5,true,57.291088279512145,5
50,100.0,30,100.0,0.5,3.0,true,57.291088279512145,5
50,100.0,30,100.0,1.0,3.0,true,57.589947974361706,5
50,100.0,30,100.0,1.5,3.0,true,57.589947974361706,5
50,100.0,30,100.0,2.0,3.0,true,57.414689763909095,5
50,100.0,30,100.0,2.5,3.0,true,57.414689763909095,5
50,100.0,30,100.0,0.5,3.5,true,57.589947974361706,5
50,100.0,30,100.0,1.0,3.5,true,57.589947974361706,5
50,100.0,30,100.0,1.5,3.5,true,57.589947974361706,5
50,100.0,30,100.0,2.0,3.5,true,57.414689763909095,5
50,100.0,30,100.0,2.5,3.5,true,57.414689763909095,5
50,100.0,30,100.0,0.5,4.0,true,57.589947974361706,5
50,100.0,30,100.0,1.0,4.0,true,57.589947974361706,5
50,100.0,30,100.0,1.5,4.0,true,57.589947974361706,5
50,100.0,30,100.0,2.0,4.0,true,57.414689763909095,5
50,100.0,30,100.0,2.5,4.0,true,57.414689763909095,5
50,100.0,36,100.0,0.5,1.0,true,57.622208364671835,5
50,100.0,36,100.0,1.0,1.0,true,60.0,5
50,100.0,36,100.0,1.5,1.0,true,61.87492389793244,5
50,100.0,36,100.0,2.0,1.0,true,61.87492389793244,5
50,100.0,36,100.0,2.5,1.0,true,61.87492389793244,5
50,100.0,36,100.0,0.5,1.5,true,56.99811999202746,5
50,100.0,36,100.0,1.0,1.5,true,56.99811999202746,5
50,100.0,36,100.0,1.5,1.5,true,87.4121830500921,5
50,100.0,36,100.0,2.0,1.5,true,87.82560566764944,5
50,100.0,36,100.0,2.5,1.5,true,87.82560566764944,5
50,100.0,36,100.0,0.5,2.0,true,86.0,5
50,100.0,36,100.0,1.0,2.0,true,86.0,5
50,100.0,36,100.0,1.5,2.0,true,86.0,5
50,100.0,36,100.0,2.0,2.0,true,86.0,5
50,100.0,36,100.0,2.5,2.0,true,86.0,5
50,100.0,36,100.0,0.5,2.5,true,57.62032404597301,5
50,100.0,36,100.0,1.0,2.5,true,57.60751436701386,5
50,100.0,36,100.0,1.5,2.5,true,57.604969790683846,5
50,100.0,36,100.0,2.0,2.5,true,152.0,5
50,100.0,36,100.0,2.5,2.5,true,116.92334452852845,5
50,100.0,36,100.0,0.5,3.0,true,57.604969790683846,5
50,100.0,36,100.0,1.0,3.0,true,93.0,5
50,100.0,36,100.0,1.5,3.0,true,93.54470661337653,5
50,100.0,36,100.0,2.0,3.0,true,93.54470661337653,5
50,100.0,36,100.0,2.5,3.0,true,93.54470661337653,5
50,100.0,36,100.0,0.5,3.5,true,87.68311296499851,5
50,100.0,36,100.0,1.0,3.5,true,87.68311296499851,5
50,100.0,36,100.0,1.5,3.5,true,92.7935526534097,5
50,100.0,36,100.0,2.0,3.5,true,92.7935526534097,5
50,100.0,36,100.0,2.5,3.5,true,93.0,5
50,100.0,36,100.0,0.5,4.0,true,87.68311296499851,5
50,100.0,36,100.0,1.0,4.0,true,87.68311296499851,5
50,100.0,36,100.0,1.5,4.0,true,87.68311296499851,5
50,100.0,36,100.0,2.0,4.0,true,87.68311296499851,5
50,100.0,36,100.0,2.5,4.0,true,87.68311296499851,5
50,100.0,12,125.0,0.5,1.0,true,87.0,5
50,100.0,12,125.0,1.0,1.0,true,73.0,5
50,100.0,12,125.0,1.5,1.0,true,91.62046359904771,5
50,100.0,12,125.0,2.0,1.0,true,91.62046359904771,5
50,100.0,12,125.0,2.5,1.0,true,98.0,5
50,100.0,12,125.0,0.5,1.5,true,87.0,5
50,100.0,12,125.0,1.0,1.5,true,73.0,5
50,100.0,12,125.0,1.5,1.5,true,91.62046359904771,5
50,100.0,12,125.0,2.0,1.5,true,91.62046359904771,5
50,100.0,12,125.0,2.5,1.5,true,96.54125131338958,5
50,100.0,12,125.0,0.5,2.0,true,86.8459507653867,5
50,100.0,12,125.0,1.0,2.0,true,75.0,5
50,100.0,12,125.0,1.5,2.0,true,115.15075435680728,5
50,100.0,12,125.0,2.0,2.0,true,115.15075435680728,5
50,100.0,12,125.0,2.5,2.0,true,115.15075435680728,5
50,100.0,12,125.0,0.5,2.5,true,86.8459507653867,5
50,100.0,12,125.0,1.0,2.5,true,75.0,5
50,100.0,12,125.0,1.5,2.5,true,91.15847300794006,5
50,100.0,12,125.0,2.0,2.5,true,91.15847300794006,5
50,100.0,12,125.0,2.5,2.5,true,91.15847300794006,5
50,100.0,12,125.0,0.5,3.0,true,86.8459507653867,5
50,100.0,12,125.0,1.0,3.0,true,75.0,5
50,100.0,12,125.0,1.5,3.0,true,77.60073909021034,5
50,100.0,12,125.0,2.0,3.0,true,77.60073909021034,5
50,100.0,12,125.0,2.5,3.0,true,77.60073909021034,5
50,100.0,12,125.0,0.5,3.5,true,86.8459507653867,5
50,100.0,12,125.0,1.0,3.5,true,57.438914421231026,5
50,100.0,12,125.0,1.5,3.5,true,77.60073909021034,5
50,100.0,12,125.0,2.0,3.5,true,77.60073909021034,5
50,100.0,12,125.0,2.5,3.5,true,77.60073909021034,5
50,100.0,12,125.0,0.5,4.0,true,86.8459507653867,5
50,100.0,12,125.0,1.0,4.0,true,57.438914421231026,5
50,100.0,12,125.0,1.5,4.0,true,77.60073909021034,5
50,100.0,12,125.0,2.0,4.0,true,77.60073909021034,5
50,100.0,12,125.0,2.5,4.0,true,77.60073909021034,5
50,100.0,18,125.0,0.5,1.0,true,75.43890416976274,5
50,100.0,18,125.0,1.0,1.0,true,103.7716328630289,5
50,100.0,18,125.0,1.5,1.0,true,101.37156976700055,5
50,100.0,18,125.0,2.0,1.0,true,103.7716328630289,5
50,100.0,18,125.0,2.5,1.0,true,99.2653400509132,5
50,100.0,18,125.0,0.5,1.5,true,78.98338505510223,5
50,100.0,18,125.0,1.0,1.5,true,78.63552533347881,5
50,100.0,18,125.0,1.5,1.5,true,78.63552533347881,5
50,100.0,18,125.0,2.0,1.5,true,78.63552533347881,5
50,100.0,18,125.0,2.5,1.5,true,78.63552533347881,5
50,100.0,18,125.0,0.5,2.0,true,77.4968913112321,5
50,100.0,18,125.0,1.0,2.0,true,79.72462237840762,5
50,100.0,18,125.0,1.5,2.0,true,79.72462237840762,5
50,100.0,18,125.0,2.0,2.0,true,79.72462237840762,5
50,100.0,18,125.0,2.5,2.0,true,79.72462237840762,5
50,100.0,18,125.0,0.5,2.5,true,83.1554709309835,5
50,100.0,18,125.0,1.0,2.5,true,79.72462237840762,5
50,100.0,18,125.0,1.5,2.5,true,79.72462237840762,5
50,100.0,18,125.0,2.0,2.5,true,79.72462237840762,5
50,100.0,18,125.0,2.5,2.5,true,79.72462237840762,5
50,100.0,18,125.0,0.5,3.0,true,82.33916184405781,5
50,100.0,18,125.0,1.0,3.0,true,82.33916184405781,5
50,100.0,18,125.0,1.5,3.0,true,82.33916184405781,5
50,100.0,18,125.0,2.0,3.0,true,82.33916184405781,5
50,100.0,18,125.0,2.5,3.0,true,82.33916184405781,5
50,100.0,18,125.0,0.5,3.5,true,82.33916184405781,5
50,100.0,18,125.0,1.0,3.5,true,82.33916184405781,5
50,100.0,18,125.0,1.5,3.5,true,82.33916184405781,5
50,100.0,18,125.0,2.0,3.5,true,82.33916184405781,5
50,100.0,18,125.0,2.5,3.5,true,82.33916184405781,5
50,100.0,18,125.0,0.5,4.0,true,93.1473018949007,5
50,100.0,18,125.0,1.0,4.0,true,92.0,5
50,100.0,18,125.0,1.5,4.0,true,96.70506643875058,5
50,100.0,18,125.0,2.0,4.0,true,96.70506643875058,5
50,100.0,18,125.0,2.5,4.0,true,96.70506643875058,5
50,100.0,24,125.0,0.5,1.0,true,64.45712524441724,5
50,100.0,24,125.0,1.0,1.0,true,73.65498022600913,5
50,100.0,24,125.0,1.5,1.0,true,73.65498022600913,5
50,100.0,24,125.0,2.0,1.0,true,73.65498022600913,5
50,100.0,24,125.0,2.5,1.0,true,73.65498022600913,5
50,100.0,24,125.0,0.5,1.5,true,88.18955014652285,5
50,100.0,24,125.0,1.0,1.5,true,88.18955014652285,5
50,100.0,24,125.0,1.5,1.5,true,72.90269991467628,5
50,100.0,24,125.0,2.0,1.5,true,72.90269991467628,5
50,100.0,24,125.0,2.5,1.5,true,97.83084797857624,5
50,100.0,24,125.0,0.5,2.0,true,81.67108319575611,5
50,100.0,24,125.0,1.0,2.0,true,85.93924393044067,5
50,100.0,24,125.0,1.5,2.0,true,74.68861714870907,5
50,100.0,24,125.0,2.0,2.0,true,74.68861714870907,5
50,100.0,24,125.0,2.5,2.0,true,74.68861714870907,5
50,100.0,24,125.0,0.5,2.5,true,79.72462237840762,5
50,100.0,24,125.0,1.0,2.5,true,79.72462237840762,5
50,100.0,24,125.0,1.5,2.5,true,79.72462237840762,5
50,100.0,24,125.0,2.0,2.5,true,79.72462237840762,5
50,100.0,24,125.0,2.5,2.5,true,79.72462237840762,5
50,100.0,24,125.0,0.5,3.0,true,79.17865897485034,5
50,100.0,24,125.0,1.0,3.0,true,76.90617706631475,5
50,100.0,24,125.0,1.5,3.0,true,76.90617706631475,5
50,100.0,24,125.0,2.0,3.0,true,76.90617706631475,5
50,100.0,24,125.0,2.5,3.0,true,76.90617706631475,5
50,100.0,24,125.0,0.5,3.5,true,79.17865897485034,5
50,100.0,24,125.0,1.0,3.5,true,76.90617706631475,5
50,100.0,24,125.0,1.5,3.5,true,76.90617706631475,5
50,100.0,24,125.0,2.0,3.5,true,76.90617706631475,5
50,100.0,24,125.0,2.5,3.5,true,76.90617706631475,5
50,100.0,24,125.0,0.5,4.0,true,79.17865897485034,5
50,100.0,24,125.0,1.0,4.0,true,77.9124876841339,5
50,100.0,24,125.0,1.5,4.0,true,76.90617706631475,5
50,100.0,24,125.0,2.0,4.0,true,76.90617706631475,5
50,100.0,24,125.0,2.5,4.0,true,76.90617706631475,5
50,100.0,30,125.0,0.5,1.0,true,73.70530846822022,5
50,100.0,30,125.0,1.0,1.0,true,65.05729278033972,5
50,100.0,30,125.0,1.5,1.0,true,64.70609530068145,5
50,100.0,30,125.0,2.0,1.0,true,64.70609530068145,5
50,100.0,30,125.0,2.5,1.0,true,64.70609530068145,5
50,100.0,30,125.0,0.5,1.5,true,74.72394855454023,5
50,100.0,30,125.0,1.0,1.5,true,74.72394855454023,5
50,100.0,30,125.0,1.5,1.5,true,74.72394855454023,5
50,100.0,30,125.0,2.0,1.5,true,74.72394855454023,5
50,100.0,30,125.0,2.5,1.5,true,74.72394855454023,5
50,100.0,30,125.0,0.5,2.0,true,63.63986030356833,5
50,100.0,30,125.0,1.0,2.0,true,74.36780707147484,5
50,100.0,30,125.0,1.5,2.0,true,74.36780707147484,5
50,100.0,30,125.0,2.0,2.0,true,74.36780707147484,5
50,100.0,30,125.0,2.5,2.0,true,74.36780707147484,5
50,100.0,30,125.0,0.5,2.5,true,77.5425773779162,5
50,100.0,30,125.0,1.0,2.5,true,74.48135944406911,5
50,100.0,30,125.0,1.5,2.5,true,74.48135944406911,5
50,100.0,30,125.0,2.0,2.5,true,74.48135944406911,5
50,100.0,30,125.0,2.5,2.5,true,74.48135944406911,5
50,100.0,30,125.0,0.5,3.0,true,77.5425773779162,5
50,100.0,30,125.0,1.0,3.0,true,74.7050897902362,5
50,100.0,30,125.0,1.5,3.0,true,74.50189561570463,5
50,100.0,30,125.0,2.0,3.0,true,74.48135944406911,5
50,100.0,30,125.0,2.5,3.0,true,74.48135944406911,5
50,100.0,30,125.0,0.5,3.5,true,78.5323337924001,5
50,100.0,30,125.0,1.0,3.5,true,77.7752568757224,5
50,100.0,30,125.0,1.5,3.5,true,74.50189561570463,5
50,100.0,30,125.0,2.0,3.5,true,74.50189561570463,5
50,100.0,30,125.0,2.5,3.5,true,74.48135944406911,5
50,100.0,30,125.0,0.5,4.0,true,79.05482228683331,5
50,100.0,30,125.0,1.0,4.0,true,82.41166829439672,5
50,100.0,30,125.0,1.5,4.0,true,81.5665833281179,5
50,100.0,30,125.0,2.0,4.0,true,80.26002886140107,5
50,100.0,30,125.0,2.5,4.0,true,75.24699709003872,5
50,100.0,36,125.0,0.5,1.0,true,68.47903796959432,5
50,100.0,36,125.0,1.0,1.0,true,68.47903796959432,5
50,100.0,36,125.0,1.5,1.0,true,74.51098081927579,5
50,100.0,36,125.0,2.0,1.0,true,74.51098081927579,5
50,100.0,36,125.0,2.5,1.0,true,73.25193424867251,5
50,100.0,36,125.0,0.5,1.5,true,73.51954589531374,5
50,100.0,36,125.0,1.0,1.5,true,73.53204209840163,5
50,100.0,36,125.0,1.5,1.5,true,73.53204209840163,5
50,100.0,36,125.0,2.0,1.5,true,73.53204209840163,5
50,100.0,36,125.0,2.5,1.5,true,73.53204209840163,5
50,100.0,36,125.0,0.5,2.0,true,74.36709599829899,5
50,100.0,36,125.0,1.0,2.0,true,75.0,5
50,100.0,36,125.0,1.5,2.0,true,74.4091049294707,5
50,100.0,36,125.0,2.0,2.0,true,74.4091049294707,5
50,100.0,36,125.0,2.5,2.0,true,74.4091049294707,5
50,100.0,36,125.0,0.5,2.5,true,63.91990847960837,5
50,100.0,36,125.0,1.0,2.5,true,63.91990847960837,5
50,100.0,36,125.0,1.5,2.5,true,63.91990847960837,5
50,100.0,36,125.0,2.0,2.5,true,63.91990847960837,5
50,100.0,36,125.0,2.5,2.5,true,68.51244807576921,5
50,100.0,36,125.0,0.5,3.0,true,63.91990847960837,5
50,100.0,36,125.0,1.0,3.0,true,63.91990847960837,5
50,100.0,36,125.0,1.5,3.0,true,63.91990847960837,5
50,100.0,36,125.0,2.0,3.0,true,63.91990847960837,5
50,100.0,36,125.0,2.5,3.0,true,68.51244807576921,5
50,100.0,36,125.0,0.5,3.5,true,63.91990847960837,5
50,100.0,36,125.0,1.0,3.5,true,63.91990847960837,5
50,100.0,36,125.0,1.5,3.5,true,63.91990847960837,5
50,100.0,36,125.0,2.0,3.5,true,63.91990847960837,5
50,100.0,36,125.0,2.5,3.5,true,125.1081500967128,5
50,100.0,36,125.0,0.5,4.0,true,63.91990847960837,5
50,100.0,36,125.0,1.0,4.0,true,63.91990847960837,5
50,100.0,36,125.0,1.5,4.0,true,63.91990847960837,5
50,100.0,36,125.0,2.0,4.0,true,63.91990847960837,5
50,100.0,36,125.0,2.5,4.0,true,120.24150355769004,5
50,100.0,12,150.0,0.5,1.0,true,66.4560796898022,5
50,100.0,12,150.0,1.0,1.0,true,66.4560796898022,5
50,100.0,12,150.0,1.5,1.0,true,66.4560796898022,5
50,100.0,12,150.0,2.0,1.0,true,66.4560796898022,5
50,100.0,12,150.0,2.5,1.0,true,66.4560796898022,5
50,100.0,12,150.0,0.5,1.5,true,65.20328372392413,5
50,100.0,12,150.0,1.0,1.5,true,65.20328372392413,5
50,100.0,12,150.0,1.5,1.5,true,65.20328372392413,5
50,100.0,12,150.0,2.0,1.5,true,65.20328372392413,5
50,100.0,12,150.0,2.5,1.5,true,65.20328372392413,5
50,100.0,12,150.0,0.5,2.0,true,65.20328372392413,5
50,100.0,12,150.0,1.0,2.0,true,65.20328372392413,5
50,100.0,12,150.0,1.5,2.0,true,65.20328372392413,5
50,100.0,12,150.0,2.0,2.0,true,65.20328372392413,5
50,100.0,12,150.0,2.5,2.0,true,65.20328372392413,5
50,100.0,12,150.0,0.5,2.5,true,65.20328372392413,5
50,100.0,12,150.0,1.0,2.5,true,65.20328372392413,5
50,100.0,12,150.0,1.5,2.5,true,65.20328372392413,5
50,100.0,12,150.0,2.0,2.5,true,65.20328372392413,5
50,100.0,12,150.0,2.5,2.5,true,65.20328372392413,5
50,100.0,12,150.0,0.5,3.0,true,65.20328372392413,5
50,100.0,12,150.0,1.0,3.0,true,65.20328372392413,5
50,100.0,12,150.0,1.5,3.0,true,65.20328372392413,5
50,100.0,12,150.0,2.0,3.0,true,65.20328372392413,5
50,100.0,12,150.0,2.5,3.0,true,65.20328372392413,5
50,100.0,12,150.0,0.5,3.5,true,65.20328372392413,5
50,100.0,12,150.0,1.0,3.5,true,65.20328372392413,5
50,100.0,12,150.0,1.5,3.5,true,65.20328372392413,5
50,100.0,12,150.0,2.0,3.5,true,65.20328372392413,5
50,100.0,12,150.0,2.5,3.5,true,65.20328372392413,5
50,100.0,12,150.0,0.5,4.0,true,65.20328372392413,5
50,100.0,12,150.0,1.0,4.0,true,65.20328372392413,5
50,100.0,12,150.0,1.5,4.0,true,65.20328372392413,5
50,100.0,12,150.0,2.0,4.0,true,65.20328372392413,5
50,100.0,12,150.0,2.5,4.0,true,65.20328372392413,5
50,100.0,18,150.0,0.5,1.0,true,87.05672858257728,5
50,100.0,18,150.0,1.0,1.0,true,60.95980820038833,5
50,100.0,18,150.0,1.5,1.0,true,60.95980820038833,5
50,100.0,18,150.0,2.0,1.0,true,60.95980820038833,5
50,100.0,18,150.0,2.5,1.0,true,60.95980820038833,5
50,100.0,18,150.0,0.5,1.5,true,76.85029934669187,5
50,100.0,18,150.0,1.0,1.5,true,100.32777811305729,5
50,100.0,18,150.0,1.5,1.5,true,100.32777811305729,5
50,100.0,18,150.0,2.0,1.5,true,100.32777811305729,5
50,100.0,18,150.0,2.5,1.5,true,100.32777811305729,5
50,100.0,18,150.0,0.5,2.0,true,88.9238607699035,5
50,100.0,18,150.0,1.0,2.0,true,88.9238607699035,5
50,100.0,18,150.0,1.5,2.0,true,88.9238607699035,5
50,100.0,18,150.0,2.0,2.0,true,82.09232012770272,5
50,100.0,18,150.0,2.5,2.0,true,82.09232012770272,5
50,100.0,18,150.0,0.5,2.5,true,88.9238607699035,5
50,100.0,18,150.0,1.0,2.5,true,88.9238607699035,5
50,100.0,18,150.0,1.5,2.5,true,88.9238607699035,5
50,100.0,18,150.0,2.0,2.5,true,82.09232012770272,5
50,100.0,18,150.0,2.5,2.5,true,82.09232012770272,5
50,100.0,18,150.0,0.5,3.0,true,80.47642657920743,5
50,100.0,18,150.0,1.0,3.0,true,80.47642657920743,5
50,100.0,18,150.0,1.5,3.0,true,80.47642657920743,5
50,100.0,18,150.0,2.0,3.0,true,80.47642657920743,5
50,100.0,18,150.0,2.5,3.0,true,80.47642657920743,5
50,100.0,18,150.0,0.5,3.5,true,80.47642657920743,5
50,100.0,18,150.0,1.0,3.5,true,80.47642657920743,5
50,100.0,18,150.0,1.5,3.5,true,80.47642657920743,5
50,100.0,18,150.0,2.0,3.5,true,80.47642657920743,5
50,100.0,18,150.0,2.5,3.5,true,80.47642657920743,5
50,100.0,18,150.0,0.5,4.0,true,80.47642657920743,5
50,100.0,18,150.0,1.0,4.0,true,80.47642657920743,5
50,100.0,18,150.0,1.5,4.0,true,80.47642657920743,5
50,100.0,18,150.0,2.0,4.0,true,80.47642657920743,5
50,100.0,18,150.0,2.5,4.0,true,80.47642657920743,5
50,100.0,24,150.0,0.5,1.0,true,84.83588002724237,5
50,100.0,24,150.0,1.0,1.0,true,77.81435661956203,5
50,100.0,24,150.0,1.5,1.0,true,77.84467508274143,5
50,100.0,24,150.0,2.0,1.0,true,77.84467508274143,5
50,100.0,24,150.0,2.5,1.0,true,77.84467508274143,5
50,100.0,24,150.0,0.5,1.5,true,65.82910425036947,5
50,100.0,24,150.0,1.0,1.5,true,77.84467508274143,5
50,100.0,24,150.0,1.5,1.5,true,77.84467508274143,5
50,100.0,24,150.0,2.0,1.5,true,77.84467508274143,5
50,100.0,24,150.0,2.5,1.5,true,77.84467508274143,5
50,100.0,24,150.0,0.5,2.0,true,66.5635622508576,5
50,100.0,24,150.0,1.0,2.0,true,65.82789333048727,5
50,100.0,24,150.0,1.5,2.0,true,71.5379992296414,5
50,100.0,24,150.0,2.0,2.0,true,71.45586348673437,5
50,100.0,24,150.0,2.5,2.0,true,71.45586348673437,5
50,100.0,24,150.0,0.5,2.5,true,66.5635622508576,5
50,100.0,24,150.0,1.0,2.5,true,65.75660186005025,5
50,100.0,24,150.0,1.5,2.5,true,73.0,5
50,100.0,24,150.0,2.0,2.5,true,73.0,5
50,100.0,24,150.0,2.5,2.5,true,73.0,5
50,100.0,24,150.0,0.5,3.0,true,66.5635622508576,5
50,100.0,24,150.0,1.0,3.0,true,65.75660186005025,5
50,100.0,24,150.0,1.5,3.0,true,73.0,5
50,100.0,24,150.0,2.0,3.0,true,73.0,5
50,100.0,24,150.0,2.5,3.0,true,73.0,5
50,100.0,24,150.0,0.5,3.5,true,66.5635622508576,5
50,100.0,24,150.0,1.0,3.5,true,65.75660186005025,5
50,100.0,24,150.0,1.5,3.5,true,73.0,5
50,100.0,24,150.0,2.0,3.5,true,73.0,5
50,100.0,24,150.0,2.5,3.5,true,73.0,5
50,100.0,24,150.0,0.5,4.0,true,69.61161831432587,5
50,100.0,24,150.0,1.0,4.0,true,65.75660186005025,5
50,100.0,24,150.0,1.5,4.0,true,73.0,5
50,100.0,24,150.0,2.0,4.0,true,73.0,5
50,100.0,24,150.0,2.5,4.0,true,73.0,5
50,100.0,30,150.0,0.5,1.0,true,63.899843319637974,5
50,100.0,30,150.0,1.0,1.0,true,63.899843319637974,5
50,100.0,30,150.0,1.5,1.0,true,63.899843319637974,5
50,100.0,30,150.0,2.0,1.0,true,63.899843319637974,5
50,100.0,30,150.0,2.5,1.0,true,63.899843319637974,5
50,100.0,30,150.0,0.5,1.5,true,63.899843319637974,5
50,100.0,30,150.0,1.0,1.5,true,63.899843319637974,5
50,100.0,30,150.0,1.5,1.5,true,63.899843319637974,5
50,100.0,30,150.0,2.0,1.5,true,63.899843319637974,5
50,100.0,30,150.0,2.5,1.5,true,63.899843319637974,5
50,100.0,30,150.0,0.5,2.0,true,65.87879297204474,5
50,100.0,30,150.0,1.0,2.0,true,65.87879297204474,5
50,100.0,30,150.0,1.5,2.0,true,65.87879297204474,5
50,100.0,30,150.0,2.0,2.0,true,65.87879297204474,5
50,100.0,30,150.0,2.5,2.0,true,65.87879297204474,5
50,100.0,30,150.0,0.5,2.5,true,64.80412295670874,5
50,100.0,30,150.0,1.0,2.5,true,65.87879297204474,5
50,100.0,30,150.0,1.5,2.5,true,65.87879297204474,5
50,100.0,30,150.0,2.0,2.5,true,65.87879297204474,5
50,100.0,30,150.0,2.5,2.5,true,65.87879297204474,5
50,100.0,30,150.0,0.5,3.0,true,64.80412295670874,5
50,100.0,30,150.0,1.0,3.0,true,64.80412295670874,5
50,100.0,30,150.0,1.5,3.0,true,64.80412295670874,5
50,100.0,30,150.0,2.0,3.0,true,65.87879297204474,5
50,100.0,30,150.0,2.5,3.0,true,65.87879297204474,5
50,100.0,30,150.0,0.5,3.5,true,64.80412295670874,5
50,100.0,30,150.0,1.0,3.5,true,64.80412295670874,5
50,100.0,30,150.0,1.5,3.5,true,64.80412295670874,5
50,100.0,30,150.0,2.0,3.5,true,64.80412295670874,5
50,100.0,30,150.0,2.5,3.5,true,64.80412295670874,5
50,100.0,30,150.0,0.5,4.0,true,64.80412295670874,5
50,100.0,30,150.0,1.0,4.0,true,64.80412295670874,5
50,100.0,30,150.0,1.5,4.0,true,64.80412295670874,5
50,100.0,30,150.0,2.0,4.0,true,64.80412295670874,5
50,100.0,30,150.0,2.5,4.0,true,64.80412295670874,5
50,100.0,36,150.0,0.5,1.0,true,66.378197896179,5
50,100.0,36,150.0,1.0,1.0,true,66.378197896179,5
50,100.0,36,150.0,1.5,1.0,true,66.378197896179,5
50,100.0,36,150.0,2.0,1.0,true,66.378197896179,5
50,100.0,36,150.0,2.5,1.0,true,66.378197896179,5
50,100.0,36,150.0,0.5,1.5,true,64.57607803997797,5
50,100.0,36,150.0,1.0,1.5,true,64.57607803997797,5
50,100.0,36,150.0,1.5,1.5,true,64.57607803997797,5
50,100.0,36,150.0,2.0,1.5,true,64.57607803997797,5
50,100.0,36,150.0,2.5,1.5,true,64.57607803997797,5
50,100.0,36,150.0,0.5,2.0,true,64.68515566673834,5
50,100.0,36,150.0,1.0,2.0,true,64.68515566673834,5
50,100.0,36,150.0,1.5,2.0,true,64.68515566673834,5
50,100.0,36,150.0,2.0,2.0,true,64.68515566673834,5
50,100.0,36,150.0,2.5,2.0,true,64.68515566673834,5
50,100.0,36,150.0,0.5,2.5,true,64.68515566673834,5
50,100.0,36,150.0,1.0,2.5,true,64.68515566673834,5
50,100.0,36,150.0,1.5,2.5,true,64.68515566673834,5
50,100.0,36,150.0,2.0,2.5,true,64.68515566673834,5
50,100.0,36,150.0,2.5,2.5,true,64.68515566673834,5
50,100.0,36,150.0,0.5,3.0,true,64.68515566673834,5
50,100.0,36,150.0,1.0,3.0,true,64.68515566673834,5
50,100.0,36,150.0,1.5,3.0,true,64.68515566673834,5
50,100.0,36,150.0,2.0,3.0,true,64.68515566673834,5
50,100.0,36,150.0,2.5,3.0,true,64.68515566673834,5
50,100.0,36,150.0,0.5,3.5,true,64.68515566673834,5
50,100.0,36,150.0,1.0,3.5,true,64.68515566673834,5
50,100.0,36,150.0,1.5,3.5,true,64.68515566673834,5
50,100.0,36,150.0,2.0,3.5,true,64.68515566673834,5
50,100.0,36,150.0,2.5,3.5,true,64.68515566673834,5
50,100.0,36,150.0,0.5,4.0,true,64.68515566673834,5
50,100.0,36,150.0,1.0,4.0,true,64.68515566673834,5
50,100.0,36,150.0,1.5,4.0,true,64.68515566673834,5
50,100.0,36,150.0,2.0,4.0,true,64.68515566673834,5
50,100.0,36,150.0,2.5,4.0,true,64.68515566673834,5
57,100.0,12,50.0,0.5,1.0,true,59.54445401026411,5
57,100.0,12,50.0,1.0,1.0,false,NaN,4
57,100.0,12,50.0,1.5,1.0,true,39.737116518562644,5
57,100.0,12,50.0,2.0,1.0,true,39.737116518562644,5
57,100.0,12,50.0,2.5,1.0,true,39.737116518562644,5
57,100.0,12,50.0,0.5,1.5,false,NaN,1
57,100.0,12,50.0,1.0,1.5,true,69.0,5
57,100.0,12,50.0,1.5,1.5,true,39.737116518562644,5
57,100.0,12,50.0,2.0,1.5,true,39.737116518562644,5
57,100.0,12,50.0,2.5,1.5,true,39.737116518562644,5
57,100.0,12,50.0,0.5,2.0,false,NaN,1
57,100.0,12,50.0,1.0,2.0,true,39.737116518562644,5
57,100.0,12,50.0,1.5,2.0,true,39.737116518562644,5
57,100.0,12,50.0,2.0,2.0,true,39.737116518562644,5
57,100.0,12,50.0,2.5,2.0,true,39.737116518562644,5
57,100.0,12,50.0,0.5,2.5,true,40.301090830666034,5
57,100.0,12,50.0,1.0,2.5,true,39.737116518562644,5
57,100.0,12,50.0,1.5,2.5,true,39.737116518562644,5
57,100.0,12,50.0,2.0,2.5,true,39.737116518562644,5
57,100.0,12,50.0,2.5,2.5,true,39.737116518562644,5
57,100.0,12,50.0,0.5,3.0,true,114.45871090024146,5
57,100.0,12,50.0,1.0,3.0,false,NaN,1
57,100.0,12,50.0,1.5,3.0,true,93.30484141980254,5
57,100.0,12,50.0,2.0,3.0,true,103.0,5
57,100.0,12,50.0,2.5,3.0,true,102.99593735685912,5
57,100.0,12,50.0,0.5,3.5,false,NaN,1
57,100.0,12,50.0,1.0,3.5,false,NaN,1
57,100.0,12,50.0,1.5,3.5,false,NaN,3
57,100.0,12,50.0,2.0,3.5,true,72.5683342000757,5
57,100.0,12,50.0,2.5,3.5,true,72.5683342000757,5
57,100.0,12,50.0,0.5,4.0,true,87.72546618391347,5
57,100.0,12,50.0,1.0,4.0,true,118.90425181462167,5
57,100.0,12,50.0,1.5,4.0,true,118.90425181462167,5
57,100.0,12,50.0,2.0,4.0,true,67.15221271663528,5
57,100.0,12,50.0,2.5,4.0,true,63.44093559985305,5
57,100.0,18,50.0,0.5,1.0,true,96.36601641768054,5
57,100.0,18,50.0,1.0,1.0,true,61.88330054780772,5
57,100.0,18,50.0,1.5,1.0,true,43.80218778365473,5
57,100.0,18,50.0,2.0,1.0,true,35.44195696880276,5
57,100.0,18,50.0,2.5,1.0,true,35.44195696880276,5
57,100.0,18,50.0,0.5,1.5,false,NaN,1
57,100.0,18,50.0,1.0,1.5,true,37.38447425639949,5
57,100.0,18,50.0,1.5,1.5,true,38.505313246043805,5
57,100.0,18,50.0,2.0,1.5,true,38.505313246043805,5
57,100.0,18,50.0,2.5,1.5,true,38.505313246043805,5
57,100.0,18,50.0,0.5,2.0,false,NaN,1
57,100.0,18,50.0,1.0,2.0,true,39.58078965649299,5
57,100.0,18,50.0,1.5,2.0,true,38.505313246043805,5
57,100.0,18,50.0,2.0,2.0,true,38.505313246043805,5
57,100.0,18,50.0,2.5,2.0,true,38.505313246043805,5
57,100.0,18,50.0,0.5,2.5,false,NaN,1
57,100.0,18,50.0,1.0,2.5,true,84.79161949732958,5
57,100.0,18,50.0,1.5,2.5,true,90.21906805859142,5
57,100.0,18,50.0,2.0,2.5,false,NaN,1
57,100.0,18,50.0,2.5,2.5,true,69.46043160569522,5
57,100.0,18,50.0,0.5,3.0,false,NaN,1
57,100.0,18,50.0,1.0,3.0,false,NaN,1
57,100.0,18,50.0,1.5,3.0,true,72.20963583203537,5
57,100.0,18,50.0,2.0,3.0,false,NaN,1
57,100.0,18,50.0,2.5,3.0,false,NaN,1
57,100.0,18,50.0,0.5,3.5,false,NaN,1
57,100.0,18,50.0,1.0,3.5,false,NaN,1
57,100.0,18,50.0,1.5,3.5,false,NaN,1
57,100.0,18,50.0,2.0,3.5,false,NaN,1
57,100.0,18,50.0,2.5,3.5,true,85.70935351677934,5
57,100.0,18,50.0,0.5,4.0,false,NaN,1
57,100.0,18,50.0,1.0,4.0,false,NaN,1
57,100.0,18,50.0,1.5,4.0,false,NaN,1
57,100.0,18,50.0,2.0,4.0,true,50.42965909031163,5
57,100.0,18,50.0,2.5,4.0,true,50.42965909031163,5
57,100.0,24,50.0,0.5,1.0,true,59.454346767232224,5
57,100.0,24,50.0,1.0,1.0,true,84.35198727440086,5
57,100.0,24,50.0,1.5,1.0,true,37.62757660642468,5
57,100.0,24,50.0,2.0,1.0,true,37.89598511450668,5
57,100.0,24,50.0,2.5,1.0,true,37.89598511450668,5
57,100.0,24,50.0,0.5,1.5,true,149.72183143830514,5
57,100.0,24,50.0,1.0,1.5,true,36.660341779012235,5
57,100.0,24,50.0,1.5,1.5,true,39.737116518562644,5
57,100.0,24,50.0,2.0,1.5,true,39.737116518562644,5
57,100.0,24,50.0,2.5,1.5,true,39.737116518562644,5
57,100.0,24,50.0,0.5,2.0,false,NaN,1
57,100.0,24,50.0,1.0,2.0,true,37.62757660642468,5
57,100.0,24,50.0,1.5,2.0,true,39.737116518562644,5
57,100.0,24,50.0,2.0,2.0,true,39.737116518562644,5
57,100.0,24,50.0,2.5,2.0,true,39.737116518562644,5
57,100.0,24,50.0,0.5,2.5,false,NaN,1
57,100.0,24,50.0,1.0,2.5,false,NaN,1
57,100.0,24,50.0,1.5,2.5,true,80.89814235306625,5
57,100.0,24,50.0,2.0,2.5,true,69.29649277183722,5
57,100.0,24,50.0,2.5,2.5,true,69.79945602692412,5
57,100.0,24,50.0,0.5,3.0,false,NaN,1
57,100.0,24,50.0,1.0,3.0,false,NaN,1
57,100.0,24,50.0,1.5,3.0,false,NaN,1
57,100.0,24,50.0,2.0,3.0,true,113.56907718777174,5
57,100.0,24,50.0,2.5,3.0,true,82.58353573331893,5
57,100.0,24,50.0,0.5,3.5,false,NaN,1
57,100.0,24,50.0,1.0,3.5,true,129.22639922922838,5
57,100.0,24,50.0,1.5,3.5,true,139.8297388787886,5
57,100.0,24,50.0,2.0,3.5,false,NaN,1
57,100.0,24,50.0,2.5,3.5,false,NaN,1
57,100.0,24,50.0,0.5,4.0,false,NaN,1
57,100.0,24,50.0,1.0,4.0,false,NaN,1
57,100.0,24,50.0,1.5,4.0,false,NaN,1
57,100.0,24,50.0,2.0,4.0,false,NaN,1
57,100.0,24,50.0,2.5,4.0,true,143.9300463565503,5
57,100.0,30,50.0,0.5,1.0,true,53.0,5
57,100.0,30,50.0,1.0,1.0,true,111.78472185006848,5
57,100.0,30,50.0,1.5,1.0,true,38.0,5
57,100.0,30,50.0,2.0,1.0,true,43.30833910019162,5
57,100.0,30,50.0,2.5,1.0,false,NaN,4
57,100.0,30,50.0,0.5,1.5,true,96.84730763185435,5
57,100.0,30,50.0,1.0,1.5,true,38.0,5
57,100.0,30,50.0,1.5,1.5,true,46.52041010866112,5
57,100.0,30,50.0,2.0,1.5,true,46.52041010866112,5
57,100.0,30,50.0,2.5,1.5,true,46.376498626192486,5
57,100.0,30,50.0,0.5,2.0,false,NaN,4
57,100.0,30,50.0,1.0,2.0,true,42.38644963316917,5
57,100.0,30,50.0,1.5,2.0,true,42.38644963316917,5
57,100.0,30,50.0,2.0,2.0,true,42.44847950933119,5
57,100.0,30,50.0,2.5,2.0,true,42.44847950933119,5
57,100.0,30,50.0,0.5,2.5,true,46.971354860340554,5
57,100.0,30,50.0,1.0,2.5,true,46.971354860340554,5
57,100.0,30,50.0,1.5,2.5,true,46.21541856726819,5
57,100.0,30,50.0,2.0,2.5,true,45.75083042945097,5
57,100.0,30,50.0,2.5,2.5,true,44.0,5
57,100.0,30,50.0,0.5,3.0,true,46.21541856726819,5
57,100.0,30,50.0,1.0,3.0,true,45.75083042945097,5
57,100.0,30,50.0,1.5,3.0,true,45.75083042945097,5
57,100.0,30,50.0,2.0,3.0,true,44.0,5
57,100.0,30,50.0,2.5,3.0,true,43.94847419990637,5
57,100.0,30,50.0,0.5,3.5,true,45.75083042945097,5
57,100.0,30,50.0,1.0,3.5,true,45.75083042945097,5
57,100.0,30,50.0,1.5,3.5,true,44.0,5
57,100.0,30,50.0,2.0,3.5,true,43.94847419990637,5
57,100.0,30,50.0,2.5,3.5,true,43.94847419990637,5
57,100.0,30,50.0,0.5,4.0,true,45.75083042945097,5
57,100.0,30,50.0,1.0,4.0,true,44.0,5
57,100.0,30,50.0,1.5,4.0,true,43.94847419990637,5
57,100.0,30,50.0,2.0,4.0,true,43.94847419990637,5
57,100.0,30,50.0,2.5,4.0,true,43.94847419990637,5
57,100.0,36,50.0,0.5,1.0,false,NaN,1
57,100.0,36,50.0,1.0,1.0,true,51.626213752772415,5
57,100.0,36,50.0,1.5,1.0,true,39.58078965649299,5
57,100.0,36,50.0,2.0,1.0,true,46.643620015480884,5
57,100.0,36,50.0,2.5,1.0,true,46.643620015480884,5
57,100.0,36,50.0,0.5,1.5,true,99.32173489404374,5
57,100.0,36,50.0,1.0,1.5,true,40.028360025629546,5
57,100.0,36,50.0,1.5,1.5,true,39.0,5
57,100.0,36,50.0,2.0,1.5,true,39.0,5
57,100.0,36,50.0,2.5,1.5,true,39.0,5
57,100.0,36,50.0,0.5,2.0,false,NaN,1
57,100.0,36,50.0,1.0,2.0,true,39.58078965649299,5
57,100.0,36,50.0,1.5,2.0,true,47.645239492554964,5
57,100.0,36,50.0,2.0,2.0,true,45.264176393239175,5
57,100.0,36,50.0,2.5,2.0,true,44.936676015643634,5
57,100.0,36,50.0,0.5,2.5,true,69.8186364350331,5
57,100.0,36,50.0,1.0,2.5,true,53.10839372361164,5
57,100.0,36,50.0,1.5,2.5,true,61.71968374977533,5
57,100.0,36,50.0,2.0,2.5,false,NaN,1
57,100.0,36,50.0,2.5,2.5,false,NaN,1
57,100.0,36,50.0,0.5,3.0,true,53.10839372361164,5
57,100.0,36,50.0,1.0,3.0,true,61.71968374977533,5
57,100.0,36,50.0,1.5,3.0,true,45.655945666130556,5
57,100.0,36,50.0,2.0,3.0,false,NaN,1
57,100.0,36,50.0,2.5,3.0,false,NaN,1
57,100.0,36,50.0,0.5,3.5,true,61.71968374977533,5
57,100.0,36,50.0,1.0,3.5,true,45.655945666130556,5
57,100.0,36,50.0,1.5,3.5,false,NaN,1
57,100.0,36,50.0,2.0,3.5,true,82.25950439301577,5
57,100.0,36,50.0,2.5,3.5,true,62.115521224195554,5
57,100.0,36,50.0,0.5,4.0,true,45.655945666130556,5
57,100.0,36,50.0,1.0,4.0,true,45.655945666130556,5
57,100.0,36,50.0,1.5,4.0,true,65.42717750120208,5
57,100.0,36,50.0,2.0,4.0,true,62.115521224195554,5
57,100.0,36,50.0,2.5,4.0,true,64.96996870925038,5
57,100.0,12,75.0,0.5,1.0,true,40.70713556201785,5
57,100.0,12,75.0,1.0,1.0,true,40.70713556201785,5
57,100.0,12,75.0,1.5,1.0,true,40.70713556201785,5
57,100.0,12,75.0,2.0,1.0,true,40.70713556201785,5
57,100.0,12,75.0,2.5,1.0,true,40.70713556201785,5
57,100.0,12,75.0,0.5,1.5,true,65.45920292646538,5
57,100.0,12,75.0,1.0,1.5,true,65.45920292646538,5
57,100.0,12,75.0,1.5,1.5,true,65.45920292646538,5
57,100.0,12,75.0,2.0,1.5,true,65.45920292646538,5
57,100.0,12,75.0,2.5,1.5,true,65.45920292646538,5
57,100.0,12,75.0,0.5,2.0,true,79.6827590497064,5
57,100.0,12,75.0,1.0,2.0,true,79.6827590497064,5
57,100.0,12,75.0,1.5,2.0,true,79.6827590497064,5
57,100.0,12,75.0,2.0,2.0,true,80.40775020867359,5
57,100.0,12,75.0,2.5,2.0,true,82.99849319130183,5
57,100.0,12,75.0,0.5,2.5,true,79.6827590497064,5
57,100.0,12,75.0,1.0,2.5,true,79.6827590497064,5
57,100.0,12,75.0,1.5,2.5,true,80.40775020867359,5
57,100.0,12,75.0,2.0,2.5,true,80.40775020867359,5
57,100.0,12,75.0,2.5,2.5,true,82.99849319130183,5
57,100.0,12,75.0,0.5,3.0,true,79.6827590497064,5
57,100.0,12,75.0,1.0,3.0,true,79.6827590497064,5
57,100.0,12,75.0,1.5,3.0,true,80.40775020867359,5
57,100.0,12,75.0,2.0,3.0,true,82.99849319130183,5
57,100.0,12,75.0,2.5,3.0,true,82.99849319130183,5
57,100.0,12,75.0,0.5,3.5,true,79.6827590497064,5
57,100.0,12,75.0,1.0,3.5,true,80.40775020867359,5
57,100.0,12,75.0,1.5,3.5,true,82.99849319130183,5
57,100.0,12,75.0,2.0,3.5,true,82.99849319130183,5
57,100.0,12,75.0,2.5,3.5,true,82.99849319130183,5
57,100.0,12,75.0,0.5,4.0,true,79.6827590497064,5
57,100.0,12,75.0,1.0,4.0,true,80.40775020867359,5
57,100.0,12,75.0,1.5,4.0,true,82.99849319130183,5
57,100.0,12,75.0,2.0,4.0,true,82.99849319130183,5
57,100.0,12,75.0,2.5,4.0,true,82.99849319130183,5
57,100.0,18,75.0,0.5,1.0,true,86.55652039594996,5
57,100.0,18,75.0,1.0,1.0,true,56.71464055871376,5
57,100.0,18,75.0,1.5,1.0,true,56.71464055871376,5
57,100.0,18,75.0,2.0,1.0,true,56.71464055871376,5
57,100.0,18,75.0,2.5,1.0,true,56.71464055871376,5
57,100.0,18,75.0,0.5,1.5,true,57.25767064701285,5
57,100.0,18,75.0,1.0,1.5,true,53.68550670094913,5
57,100.0,18,75.0,1.5,1.5,true,53.73781315503289,5
57,100.0,18,75.0,2.0,1.5,true,53.73781315503289,5
57,100.0,18,75.0,2.5,1.5,true,53.73781315503289,5
57,100.0,18,75.0,0.5,2.0,true,65.46863030073006,5
57,100.0,18,75.0,1.0,2.0,true,52.692387986583654,5
57,100.0,18,75.0,1.5,2.0,true,52.744694440667416,5
57,100.0,18,75.0,2.0,2.0,true,52.744694440667416,5
57,100.0,18,75.0,2.5,2.0,true,52.744694440667416,5
57,100.0,18,75.0,0.5,2.5,true,84.0,5
57,100.0,18,75.0,1.0,2.5,true,90.31078543404068,5
57,100.0,18,75.0,1.5,2.5,true,104.77761620126071,5
57,100.0,18,75.0,2.0,2.5,true,66.63603159485996,5
57,100.0,18,75.0,2.5,2.5,true,66.63603159485996,5
57,100.0,18,75.0,0.5,3.0,true,79.33784726357534,5
57,100.0,18,75.0,1.0,3.0,true,99.34062721378454,5
57,100.0,18,75.0,1.5,3.0,true,70.64430255738817,5
57,100.0,18,75.0,2.0,3.0,true,70.64430255738817,5
57,100.0,18,75.0,2.5,3.0,true,70.64430255738817,5
57,100.0,18,75.0,0.5,3.5,true,79.33784726357534,5
57,100.0,18,75.0,1.0,3.5,true,99.39981838193677,5
57,100.0,18,75.0,1.5,3.5,true,66.63603159485996,5
57,100.0,18,75.0,2.0,3.5,true,66.63603159485996,5
57,100.0,18,75.0,2.5,3.5,true,66.63603159485996,5
57,100.0,18,75.0,0.5,4.0,true,104.52250524650819,5
57,100.0,18,75.0,1.0,4.0,true,104.52250524650819,5
57,100.0,18,75.0,1.5,4.0,true,66.63603159485996,5
57,100.0,18,75.0,2.0,4.0,true,66.63603159485996,5
57,100.0,18,75.0,2.5,4.0,true,66.63603159485996,5
57,100.0,24,75.0,0.5,1.0,true,40.58143587101165,5
57,100.0,24,75.0,1.0,1.0,true,40.58143587101165,5
57,100.0,24,75.0,1.5,1.0,true,40.58143587101165,5
57,100.0,24,75.0,2.0,1.0,true,40.58143587101165,5
57,100.0,24,75.0,2.5,1.0,true,40.58143587101165,5
57,100.0,24,75.0,0.5,1.5,true,79.71946450125799,5
57,100.0,24,75.0,1.0,1.5,true,67.33808070526307,5
57,100.0,24,75.0,1.5,1.5,true,67.33808070526307,5
57,100.0,24,75.0,2.0,1.5,true,67.33808070526307,5
57,100.0,24,75.0,2.5,1.5,true,67.33808070526307,5
57,100.0,24,75.0,0.5,2.0,true,81.53768849303273,5
57,100.0,24,75.0,1.0,2.0,true,87.1670819805769,5
57,100.0,24,75.0,1.5,2.0,true,69.78152323213254,5
57,100.0,24,75.0,2.0,2.0,true,88.91836144512644,5
57,100.0,24,75.0,2.5,2.0,true,69.78152323213254,5
57,100.0,24,75.0,0.5,2.5,true,75.80550822058568,5
57,100.0,24,75.0,1.0,2.5,true,75.80550822058568,5
57,100.0,24,75.0,1.5,2.5,true,75.80550822058568,5
57,100.0,24,75.0,2.0,2.5,true,75.80550822058568,5
57,100.0,24,75.0,2.5,2.5,true,75.80550822058568,5
57,100.0,24,75.0,0.5,3.0,true,75.80550822058568,5
57,100.0,24,75.0,1.0,3.0,true,75.80550822058568,5
57,100.0,24,75.0,1.5,3.0,true,75.80550822058568,5
57,100.0,24,75.0,2.0,3.0,true,75.80550822058568,5
57,100.0,24,75.0,2.5,3.0,true,75.80550822058568,5
57,100.0,24,75.0,0.5,3.5,true,75.80550822058568,5
57,100.0,24,75.0,1.0,3.5,true,75.80550822058568,5
57,100.0,24,75.0,1.5,3.5,true,75.80550822058568,5
57,100.0,24,75.0,2.0,3.5,true,75.80550822058568,5
57,100.0,24,75.0,2.5,3.5,true,75.80550822058568,5
57,100.0,24,75.0,0.5,4.0,true,75.80550822058568,5
57,100.0,24,75.0,1.0,4.0,true,75.80550822058568,5
57,100.0,24,75.0,1.5,4.0,true,75.80550822058568,5
57,100.0,24,75.0,2.0,4.0,true,75.80550822058568,5
57,100.0,24,75.0,2.5,4.0,true,75.80550822058568,5
57,100.0,30,75.0,0.5,1.0,true,49.942403726079895,5
57,100.0,30,75.0,1.0,1.0,true,44.86513250008912,5
57,100.0,30,75.0,1.5,1.0,true,59.1740070666592,5
57,100.0,30,75.0,2.0,1.0,true,59.1740070666592,5
57,100.0,30,75.0,2.5,1.0,true,59.1740070666592,5
57,100.0,30,75.0,0.5,1.5,true,151.45571808716673,5
57,100.0,30,75.0,1.0,1.5,true,66.7791218339187,5
57,100.0,30,75.0,1.5,1.5,true,66.7791218339187,5
57,100.0,30,75.0,2.0,1.5,true,66.96835274885659,5
57,100.0,30,75.0,2.5,1.5,true,66.75732509119555,5
57,100.0,30,75.0,0.5,2.0,true,98.30618616169173,5
57,100.0,30,75.0,1.0,2.0,true,93.29044465934687,5
57,100.0,30,75.0,1.5,2.0,true,190.7946027874249,5
57,100.0,30,75.0,2.0,2.0,false,NaN,1
57,100.0,30,75.0,2.5,2.0,true,72.73607435048939,5
57,100.0,30,75.0,0.5,2.5,true,80.89373088392719,5
57,100.0,30,75.0,1.0,2.5,true,87.26206224424762,5
57,100.0,30,75.0,1.5,2.5,false,NaN,1
57,100.0,30,75.0,2.0,2.5,true,142.0,5
57,100.0,30,75.0,2.5,2.5,true,76.4939694029629,5
57,100.0,30,75.0,0.5,3.0,false,NaN,1
57,100.0,30,75.0,1.0,3.0,true,93.3782334248353,5
57,100.0,30,75.0,1.5,3.0,true,134.10597722963567,5
57,100.0,30,75.0,2.0,3.0,false,NaN,4
57,100.0,30,75.0,2.5,3.0,true,76.4939694029629,5
57,100.0,30,75.0,0.5,3.5,false,NaN,1
57,100.0,30,75.0,1.0,3.5,true,78.59942476201135,5
57,100.0,30,75.0,1.5,3.5,false,NaN,1
57,100.0,30,75.0,2.0,3.5,true,76.4939694029629,5
57,100.0,30,75.0,2.5,3.5,true,76.4939694029629,5
57,100.0,30,75.0,0.5,4.0,false,NaN,1
57,100.0,30,75.0,1.0,4.0,true,78.59942476201135,5
57,100.0,30,75.0,1.5,4.0,false,NaN,1
57,100.0,30,75.0,2.0,4.0,true,90.10035039620124,5
57,100.0,30,75.0,2.5,4.0,true,90.10035039620124,5
57,100.0,36,75.0,0.5,1.0,true,47.82792660707274,5
57,100.0,36,75.0,1.0,1.0,true,47.82792660707274,5
57,100.0,36,75.0,1.5,1.0,true,47.82792660707274,5
57,100.0,36,75.0,2.0,1.0,true,47.82792660707274,5
57,100.0,36,75.0,2.5,1.0,true,47.82792660707274,5
57,100.0,36,75.0,0.5,1.5,true,151.32655729797094,5
57,100.0,36,75.0,1.0,1.5,false,NaN,4
57,100.0,36,75.0,1.5,1.5,false,NaN,1
57,100.0,36,75.0,2.0,1.5,true,108.73018290316682,5
57,100.0,36,75.0,2.5,1.5,true,126.24181581092623,5
57,100.0,36,75.0,0.5,2.0,true,79.40578710006727,5
57,100.0,36,75.0,1.0,2.0,true,75.40728488277229,5
57,100.0,36,75.0,1.5,2.0,true,75.40728488277229,5
57,100.0,36,75.0,2.0,2.0,true,75.40728488277229,5
57,100.0,36,75.0,2.5,2.0,true,75.40728488277229,5
57,100.0,36,75.0,0.5,2.5,true,89.46653608822622,5
57,100.0,36,75.0,1.0,2.5,true,93.18111784188515,5
57,100.0,36,75.0,1.5,2.5,true,93.29749640053328,5
57,100.0,36,75.0,2.0,2.5,true,93.16862201235979,5
57,100.0,36,75.0,2.5,2.5,true,93.21525262698881,5
57,100.0,36,75.0,0.5,3.0,true,95.04142206696106,5
57,100.0,36,75.0,1.0,3.0,true,76.46726083936471,5
57,100.0,36,75.0,1.5,3.0,true,76.384472118658,5
57,100.0,36,75.0,2.0,3.0,true,88.92449153768382,5
57,100.0,36,75.0,2.5,3.0,true,95.93247180232093,5
57,100.0,36,75.0,0.5,3.5,true,85.14428914752058,5
57,100.0,36,75.0,1.0,3.5,true,85.14428914752058,5
57,100.0,36,75.0,1.5,3.5,true,76.46726083936471,5
57,100.0,36,75.0,2.0,3.5,true,76.46726083936471,5
57,100.0,36,75.0,2.5,3.5,true,95.93247180232093,5
57,100.0,36,75.0,0.5,4.0,true,102.36776104466969,5
57,100.0,36,75.0,1.0,4.0,true,89.46653608822622,5
57,100.0,36,75.0,1.5,4.0,true,71.31160992255248,5
57,100.0,36,75.0,2.0,4.0,true,71.31160992255248,5
57,100.0,36,75.0,2.5,4.0,true,71.31160992255248,5
57,100.0,12,100.0,0.5,1.0,true,40.0,5
57,100.0,12,100.0,1.0,1.0,true,40.0,5
57,100.0,12,100.0,1.5,1.0,true,40.0,5
57,100.0,12,100.0,2.0,1.0,true,40.0,5
57,100.0,12,100.0,2.5,1.0,true,40.0,5
57,100.0,12,100.0,0.5,1.5,true,62.65503568892334,5
57,100.0,12,100.0,1.0,1.5,true,62.65503568892334,5
57,100.0,12,100.0,1.5,1.5,true,62.65503568892334,5
57,100.0,12,100.0,2.0,1.5,true,62.65503568892334,5
57,100.0,12,100.0,2.5,1.5,true,62.65503568892334,5
57,100.0,12,100.0,0.5,2.0,true,90.46529431534388,5
57,100.0,12,100.0,1.0,2.0,true,90.26653303086117,5
57,100.0,12,100.0,1.5,2.0,true,90.26653303086117,5
57,100.0,12,100.0,2.0,2.0,true,90.26653303086117,5
57,100.0,12,100.0,2.5,2.0,true,90.26653303086117,5
57,100.0,12,100.0,0.5,2.5,true,75.91234521486169,5
57,100.0,12,100.0,1.0,2.5,true,75.91234521486169,5
57,100.0,12,100.0,1.5,2.5,true,75.91234521486169,5
57,100.0,12,100.0,2.0,2.5,true,75.91234521486169,5
57,100.0,12,100.0,2.5,2.5,true,75.91234521486169,5
57,100.0,12,100.0,0.5,3.0,true,75.91234521486169,5
57,100.0,12,100.0,1.0,3.0,true,81.57555580779425,5
57,100.0,12,100.0,1.5,3.0,true,81.57555580779425,5
57,100.0,12,100.0,2.0,3.0,true,81.57555580779425,5
57,100.0,12,100.0,2.5,3.0,true,81.57555580779425,5
57,100.0,12,100.0,0.5,3.5,true,81.57555580779425,5
57,100.0,12,100.0,1.0,3.5,true,81.57555580779425,5
57,100.0,12,100.0,1.5,3.5,true,81.57555580779425,5
57,100.0,12,100.0,2.0,3.5,true,81.57555580779425,5
57,100.0,12,100.0,2.5,3.5,true,81.57555580779425,5
57,100.0,12,100.0,0.5,4.0,true,81.57555580779425,5
57,100.0,12,100.0,1.0,4.0,true,81.57555580779425,5
57,100.0,12,100.0,1.5,4.0,true,81.57555580779425,5
57,100.0,12,100.0,2.0,4.0,true,81.57555580779425,5
57,100.0,12,100.0,2.5,4.0,true,81.57555580779425,5
57,100.0,18,100.0,0.5,1.0,true,62.62532228182525,5
57,100.0,18,100.0,1.0,1.0,true,62.62532228182525,5
57,100.0,18,100.0,1.5,1.0,true,62.62532228182525,5
57,100.0,18,100.0,2.0,1.0,true,62.62532228182525,5
57,100.0,18,100.0,2.5,1.0,true,62.62532228182525,5
57,100.0,18,100.0,0.5,1.5,true,72.4538111110207,5
57,100.0,18,100.0,1.0,1.5,true,72.0,5
57,100.0,18,100.0,1.5,1.5,true,72.0,5
57,100.0,18,100.0,2.0,1.5,true,72.0,5
57,100.0,18,100.0,2.5,1.5,true,72.0,5
57,100.0,18,100.0,0.5,2.0,true,77.74503051412101,5
57,100.0,18,100.0,1.0,2.0,true,77.74503051412101,5
57,100.0,18,100.0,1.5,2.0,true,75.17515946213582,5
57,100.0,18,100.0,2.0,2.0,true,75.17515946213582,5
57,100.0,18,100.0,2.5,2.0,true,75.17515946213582,5
57,100.0,18,100.0,0.5,2.5,true,88.0,5
57,100.0,18,100.0,1.0,2.5,true,88.48604094703367,5
57,100.0,18,100.0,1.5,2.5,true,88.48604094703367,5
57,100.0,18,100.0,2.0,2.5,true,70.5504267434272,5
57,100.0,18,100.0,2.5,2.5,true,70.5504267434272,5
57,100.0,18,100.0,0.5,3.0,true,88.0,5
57,100.0,18,100.0,1.0,3.0,true,88.48604094703367,5
57,100.0,18,100.0,1.5,3.0,true,88.48604094703367,5
57,100.0,18,100.0,2.0,3.0,true,88.48604094703367,5
57,100.0,18,100.0,2.5,3.0,true,70.5504267434272,5
57,100.0,18,100.0,0.5,3.5,true,70.6053800442059,5
57,100.0,18,100.0,1.0,3.5,true,70.6053800442059,5
57,100.0,18,100.0,1.5,3.5,true,70.6053800442059,5
57,100.0,18,100.0,2.0,3.5,true,70.6053800442059,5
57,100.0,18,100.0,2.5,3.5,true,70.6053800442059,5
57,100.0,18,100.0,0.5,4.0,true,70.6053800442059,5
57,100.0,18,100.0,1.0,4.0,true,70.6053800442059,5
57,100.0,18,100.0,1.5,4.0,true,70.6053800442059,5
57,100.0,18,100.0,2.0,4.0,true,70.6053800442059,5
57,100.0,18,100.0,2.5,4.0,true,70.6053800442059,5
57,100.0,24,100.0,0.5,1.0,true,40.37214087661355,5
57,100.0,24,100.0,1.0,1.0,true,40.37214087661355,5
57,100.0,24,100.0,1.5,1.0,true,40.37214087661355,5
57,100.0,24,100.0,2.0,1.0,true,40.37214087661355,5
57,100.0,24,100.0,2.5,1.0,true,40.37214087661355,5
57,100.0,24,100.0,0.5,1.5,true,47.0,5
57,100.0,24,100.0,1.0,1.5,true,47.0,5
57,100.0,24,100.0,1.5,1.5,true,47.0,5
57,100.0,24,100.0,2.0,1.5,true,49.73663109239988,5
57,100.0,24,100.0,2.5,1.5,true,49.73663109239988,5
57,100.0,24,100.0,0.5,2.0,true,110.57305013142104,5
57,100.0,24,100.0,1.0,2.0,true,150.96497277794683,5
57,100.0,24,100.0,1.5,2.0,true,195.75947504528273,5
57,100.0,24,100.0,2.0,2.0,true,145.0,5
57,100.0,24,100.0,2.5,2.0,true,156.89098424906362,5
57,100.0,24,100.0,0.5,2.5,true,147.7380350866993,5
57,100.0,24,100.0,1.0,2.5,true,155.70994409129102,5
57,100.0,24,100.0,1.5,2.5,true,190.0,5
57,100.0,24,100.0,2.0,2.5,true,117.42374904274574,5
57,100.0,24,100.0,2.5,2.5,true,117.27670244821536,5
57,100.0,24,100.0,0.5,3.0,true,67.84185566662454,5
57,100.0,24,100.0,1.0,3.0,true,158.9250928802685,5
57,100.0,24,100.0,1.5,3.0,true,134.37963960367054,5
57,100.0,24,100.0,2.0,3.0,true,116.3218552031657,5
57,100.0,24,100.0,2.5,3.0,true,117.33968280327647,5
57,100.0,24,100.0,0.5,3.5,true,67.08577132071959,5
57,100.0,24,100.0,1.0,3.5,true,67.08577132071959,5
57,100.0,24,100.0,1.5,3.5,true,67.08577132071959,5
57,100.0,24,100.0,2.0,3.5,true,67.08577132071959,5
57,100.0,24,100.0,2.5,3.5,true,67.08577132071959,5
57,100.0,24,100.0,0.5,4.0,true,67.14230343226377,5
57,100.0,24,100.0,1.0,4.0,true,67.08577132071959,5
57,100.0,24,100.0,1.5,4.0,true,67.08577132071959,5
57,100.0,24,100.0,2.0,4.0,true,67.08577132071959,5
57,100.0,24,100.0,2.5,4.0,true,67.08577132071959,5
57,100.0,30,100.0,0.5,1.0,true,135.20962922441424,5
57,100.0,30,100.0,1.0,1.0,true,73.17123242767562,5
57,100.0,30,100.0,1.5,1.0,true,73.17123242767562,5
57,100.0,30,100.0,2.0,1.0,true,73.17123242767562,5
57,100.0,30,100.0,2.5,1.0,true,73.17123242767562,5
57,100.0,30,100.0,0.5,1.5,true,82.71249253272204,5
57,100.0,30,100.0,1.0,1.5,true,81.4403523188101,5
57,100.0,30,100.0,1.5,1.5,true,84.22018573106364,5
57,100.0,30,100.0,2.0,1.5,true,84.16442582143952,5
57,100.0,30,100.0,2.5,1.5,true,84.22018573106364,5
57,100.0,30,100.0,0.5,2.0,true,156.0,5
57,100.0,30,100.0,1.0,2.0,true,158.67323935271145,5
57,100.0,30,100.0,1.5,2.0,true,147.9065745652444,5
57,100.0,30,100.0,2.0,2.0,true,147.9065745652444,5
57,100.0,30,100.0,2.5,2.0,true,144.8530539332252,5
57,100.0,30,100.0,0.5,2.5,true,79.73676788917871,5
57,100.0,30,100.0,1.0,2.5,true,99.40919752293034,5
57,100.0,30,100.0,1.5,2.5,true,92.95698564955828,5
57,100.0,30,100.0,2.0,2.5,true,95.48253523481803,5
57,100.0,30,100.0,2.5,2.5,true,95.48388643316727,5
57,100.0,30,100.0,0.5,3.0,true,108.3274613463973,5
57,100.0,30,100.0,1.0,3.0,true,134.4573059351696,5
57,100.0,30,100.0,1.5,3.0,true,95.89366571649474,5
57,100.0,30,100.0,2.0,3.0,true,95.89366571649474,5
57,100.0,30,100.0,2.5,3.0,true,86.71049874758523,5
57,100.0,30,100.0,0.5,3.5,true,121.86755542644802,5
57,100.0,30,100.0,1.0,3.5,true,113.24118355098767,5
57,100.0,30,100.0,1.5,3.5,true,88.69274702393506,5
57,100.0,30,100.0,2.0,3.5,true,88.69274702393506,5
57,100.0,30,100.0,2.5,3.5,true,88.69274702393506,5
57,100.0,30,100.0,0.5,4.0,true,125.89820794405854,5
57,100.0,30,100.0,1.0,4.0,true,139.43338500305566,5
57,100.0,30,100.0,1.5,4.0,true,117.75478277209325,5
57,100.0,30,100.0,2.0,4.0,true,83.54465288692187,5
57,100.0,30,100.0,2.5,4.0,true,82.83062003817558,5
57,100.0,36,100.0,0.5,1.0,true,33.0,5
57,100.0,36,100.0,1.0,1.0,true,33.0,5
57,100.0,36,100.0,1.5,1.0,true,33.0,5
57,100.0,36,100.0,2.0,1.0,true,33.0,5
57,100.0,36,100.0,2.5,1.0,true,33.0,5
57,100.0,36,100.0,0.5,1.5,true,48.56019242901903,5
57,100.0,36,100.0,1.0,1.5,true,48.56019242901903,5
57,100.0,36,100.0,1.5,1.5,true,48.56019242901903,5
57,100.0,36,100.0,2.0,1.5,true,48.56019242901903,5
57,100.0,36,100.0,2.5,1.5,true,48.56019242901903,5
57,100.0,36,100.0,0.5,2.0,true,51.462575464805326,5
57,100.0,36,100.0,1.0,2.0,true,51.462575464805326,5
57,100.0,36,100.0,1.5,2.0,true,51.462575464805326,5
57,100.0,36,100.0,2.0,2.0,true,51.462575464805326,5
57,100.0,36,100.0,2.5,2.0,true,51.462575464805326,5
57,100.0,36,100.0,0.5,2.5,true,51.462575464805326,5
57,100.0,36,100.0,1.0,2.5,true,51.462575464805326,5
57,100.0,36,100.0,1.5,2.5,true,51.462575464805326,5
57,100.0,36,100.0,2.0,2.5,true,51.462575464805326,5
57,100.0,36,100.0,2.5,2.5,true,51.462575464805326,5
57,100.0,36,100.0,0.5,3.0,false,NaN,4
57,100.0,36,100.0,1.0,3.0,true,143.6564004225196,5
57,100.0,36,100.0,1.5,3.0,false,NaN,4
57,100.0,36,100.0,2.0,3.0,true,95.67849561700386,5
57,100.0,36,100.0,2.5,3.0,true,105.65572441703569,5
57,100.0,36,100.0,0.5,3.5,true,70.72087340139791,5
57,100.0,36,100.0,1.0,3.5,true,70.72087340139791,5
57,100.0,36,100.0,1.5,3.5,true,70.72087340139791,5
57,100.0,36,100.0,2.0,3.5,true,70.72087340139791,5
57,100.0,36,100.0,2.5,3.5,true,70.72087340139791,5
57,100.0,36,100.0,0.5,4.0,true,70.72087340139791,5
57,100.0,36,100.0,1.0,4.0,true,70.72087340139791,5
57,100.0,36,100.0,1.5,4.0,true,70.72087340139791,5
57,100.0,36,100.0,2.0,4.0,true,70.72087340139791,5
57,100.0,36,100.0,2.5,4.0,true,70.72087340139791,5
57,100.0,12,125.0,0.5,1.0,true,86.40096241318723,5
57,100.0,12,125.0,1.0,1.0,true,87.88275987223548,5
57,100.0,12,125.0,1.5,1.0,true,87.83509418188967,5
57,100.0,12,125.0,2.0,1.0,true,87.83509418188967,5
57,100.0,12,125.0,2.5,1.0,true,87.83509418188967,5
57,100.0,12,125.0,0.5,1.5,true,85.63266890190046,5
57,100.0,12,125.0,1.0,1.5,true,85.63266890190046,5
57,100.0,12,125.0,1.5,1.5,true,85.87771518194153,5
57,100.0,12,125.0,2.0,1.5,true,85.57728318624764,5
57,100.0,12,125.0,2.5,1.5,true,85.57728318624764,5
57,100.0,12,125.0,0.5,2.0,true,85.63266890190046,5
57,100.0,12,125.0,1.0,2.0,true,85.63266890190046,5
57,100.0,12,125.0,1.5,2.0,true,85.87771518194153,5
57,100.0,12,125.0,2.0,2.0,true,85.57728318624764,5
57,100.0,12,125.0,2.5,2.0,true,85.57728318624764,5
57,100.0,12,125.0,0.5,2.5,true,86.40096241318723,5
57,100.0,12,125.0,1.0,2.5,true,85.63266890190046,5
57,100.0,12,125.0,1.5,2.5,true,85.87771518194153,5
57,100.0,12,125.0,2.0,2.5,true,85.57728318624764,5
57,100.0,12,125.0,2.5,2.5,true,85.57728318624764,5
57,100.0,12,125.0,0.5,3.0,true,71.03442759227799,5
57,100.0,12,125.0,1.0,3.0,true,71.03442759227799,5
57,100.0,12,125.0,1.5,3.0,true,71.03442759227799,5
57,100.0,12,125.0,2.0,3.0,true,71.03442759227799,5
57,100.0,12,125.0,2.5,3.0,true,71.03442759227799,5
57,100.0,12,125.0,0.5,3.5,true,71.03442759227799,5
57,100.0,12,125.0,1.0,3.5,true,71.03442759227799,5
57,100.0,12,125.0,1.5,3.5,true,71.03442759227799,5
57,100.0,12,125.0,2.0,3.5,true,71.03442759227799,5
57,100.0,12,125.0,2.5,3.5,true,71.03442759227799,5
57,100.0,12,125.0,0.5,4.0,true,71.03442759227799,5
57,100.0,12,125.0,1.0,4.0,true,71.03442759227799,5
57,100.0,12,125.0,1.5,4.0,true,71.03442759227799,5
57,100.0,12,125.0,2.0,4.0,true,71.03442759227799,5
57,100.0,12,125.0,2.5,4.0,true,71.03442759227799,5
57,100.0,18,125.0,0.5,1.0,true,98.8770182683532,5
57,100.0,18,125.0,1.0,1.0,true,100.52953589074572,5
57,100.0,18,125.0,1.5,1.0,true,84.18762427727599,5
57,100.0,18,125.0,2.0,1.0,true,83.64321605200895,5
57,100.0,18,125.0,2.5,1.0,true,89.31544554503029,5
57,100.0,18,125.0,0.5,1.5,true,92.80584254906483,5
57,100.0,18,125.0,1.0,1.5,true,92.78954386782767,5
57,100.0,18,125.0,1.5,1.5,true,92.93584876389649,5
57,100.0,18,125.0,2.0,1.5,true,83.15808731179247,5
57,100.0,18,125.0,2.5,1.5,true,83.15808731179247,5
57,100.0,18,125.0,0.5,2.0,true,89.0,5
57,100.0,18,125.0,1.0,2.0,true,89.0,5
57,100.0,18,125.0,1.5,2.0,true,99.27972016451056,5
57,100.0,18,125.0,2.0,2.0,true,99.27972016451056,5
57,100.0,18,125.0,2.5,2.0,true,99.23796100897579,5
57,100.0,18,125.0,0.5,2.5,true,90.37796606551186,5
57,100.0,18,125.0,1.0,2.5,true,90.67995776952651,5
57,100.0,18,125.0,1.5,2.5,true,98.0,5
57,100.0,18,125.0,2.0,2.5,true,98.0,5
57,100.0,18,125.0,2.5,2.5,true,98.0,5
57,100.0,18,125.0,0.5,3.0,true,87.10661296263987,5
57,100.0,18,125.0,1.0,3.0,true,85.9206914047048,5
57,100.0,18,125.0,1.5,3.0,true,94.3802385372868,5
57,100.0,18,125.0,2.0,3.0,true,94.20466406466693,5
57,100.0,18,125.0,2.5,3.0,true,94.20466406466693,5
57,100.0,18,125.0,0.5,3.5,true,88.76370714106399,5
57,100.0,18,125.0,1.0,3.5,true,88.76370714106399,5
57,100.0,18,125.0,1.5,3.5,true,88.69474315303671,5
57,100.0,18,125.0,2.0,3.5,true,88.69474315303671,5
57,100.0,18,125.0,2.5,3.5,true,88.69474315303671,5
57,100.0,18,125.0,0.5,4.0,true,88.76370714106399,5
57,100.0,18,125.0,1.0,4.0,true,88.76370714106399,5
57,100.0,18,125.0,1.5,4.0,true,88.69474315303671,5
57,100.0,18,125.0,2.0,4.0,true,88.69474315303671,5
57,100.0,18,125.0,2.5,4.0,true,88.69474315303671,5
57,100.0,24,125.0,0.5,1.0,true,106.02894268657087,5
57,100.0,24,125.0,1.0,1.0,true,90.52086982316796,5
57,100.0,24,125.0,1.5,1.0,true,94.53714007840829,5
57,100.0,24,125.0,2.0,1.0,true,115.30932162641261,5
57,100.0,24,125.0,2.5,1.0,true,115.30932162641261,5
57,100.0,24,125.0,0.5,1.5,true,82.71933750612774,5
57,100.0,24,125.0,1.0,1.5,true,110.4641117761647,5
57,100.0,24,125.0,1.5,1.5,true,95.78540938270751,5
57,100.0,24,125.0,2.0,1.5,true,95.78540938270751,5
57,100.0,24,125.0,2.5,1.5,true,95.78540938270751,5
57,100.0,24,125.0,0.5,2.0,true,58.70179447169584,5
57,100.0,24,125.0,1.0,2.0,true,110.4641117761647,5
57,100.0,24,125.0,1.5,2.0,true,95.67807531165792,5
57,100.0,24,125.0,2.0,2.0,true,95.67807531165792,5
57,100.0,24,125.0,2.5,2.0,true,95.67807531165792,5
57,100.0,24,125.0,0.5,2.5,true,71.9087803629654,5
57,100.0,24,125.0,1.0,2.5,true,71.9087803629654,5
57,100.0,24,125.0,1.5,2.5,true,71.9087803629654,5
57,100.0,24,125.0,2.0,2.5,true,71.9087803629654,5
57,100.0,24,125.0,2.5,2.5,true,71.9087803629654,5
57,100.0,24,125.0,0.5,3.0,true,71.9087803629654,5
57,100.0,24,125.0,1.0,3.0,true,71.9087803629654,5
57,100.0,24,125.0,1.5,3.0,true,71.9087803629654,5
57,100.0,24,125.0,2.0,3.0,true,71.9087803629654,5
57,100.0,24,125.0,2.5,3.0,true,71.9087803629654,5
57,100.0,24,125.0,0.5,3.5,true,71.9087803629654,5
57,100.0,24,125.0,1.0,3.5,true,71.9087803629654,5
57,100.0,24,125.0,1.5,3.5,true,71.9087803629654,5
57,100.0,24,125.0,2.0,3.5,true,71.9087803629654,5
57,100.0,24,125.0,2.5,3.5,true,71.9087803629654,5
57,100.0,24,125.0,0.5,4.0,true,90.90802564937202,5
57,100.0,24,125.0,1.0,4.0,true,90.67896874118662,5
57,100.0,24,125.0,1.5,4.0,true,90.67896874118662,5
57,100.0,24,125.0,2.0,4.0,true,90.67896874118662,5
57,100.0,24,125.0,2.5,4.0,true,90.67896874118662,5
57,100.0,30,125.0,0.5,1.0,false,NaN,3
57,100.0,30,125.0,1.0,1.0,true,122.3472586616802,5
57,100.0,30,125.0,1.5,1.0,false,NaN,1
57,100.0,30,125.0,2.0,1.0,true,147.070367791794,5
57,100.0,30,125.0,2.5,1.0,true,196.01621967792613,5
57,100.0,30,125.0,0.5,1.5,true,141.0,5
57,100.0,30,125.0,1.0,1.5,true,135.62046828893014,5
57,100.0,30,125.0,1.5,1.5,false,NaN,1
57,100.0,30,125.0,2.0,1.5,true,151.17185312479856,5
57,100.0,30,125.0,2.5,1.5,false,NaN,2
57,100.0,30,125.0,0.5,2.0,true,138.96313155877294,5
57,100.0,30,125.0,1.0,2.0,true,133.08440956804904,5
57,100.0,30,125.0,1.5,2.0,false,NaN,1
57,100.0,30,125.0,2.0,2.0,false,NaN,1
57,100.0,30,125.0,2.5,2.0,false,NaN,4
57,100.0,30,125.0,0.5,2.5,true,198.74884978056275,5
57,100.0,30,125.0,1.0,2.5,false,NaN,1
57,100.0,30,125.0,1.5,2.5,false,NaN,4
57,100.0,30,125.0,2.0,2.5,false,NaN,4
57,100.0,30,125.0,2.5,2.5,false,NaN,1
57,100.0,30,125.0,0.5,3.0,true,192.0,5
57,100.0,30,125.0,1.0,3.0,false,NaN,4
57,100.0,30,125.0,1.5,3.0,true,159.82720831593207,5
57,100.0,30,125.0,2.0,3.0,true,131.0,5
57,100.0,30,125.0,2.5,3.0,true,123.71412814969804,5
57,100.0,30,125.0,0.5,3.5,true,158.19397659416038,5
57,100.0,30,125.0,1.0,3.5,false,NaN,4
57,100.0,30,125.0,1.5,3.5,true,108.35549281820008,5
57,100.0,30,125.0,2.0,3.5,true,123.71412814969804,5
57,100.0,30,125.0,2.5,3.5,true,120.18277893772964,5
57,100.0,30,125.0,0.5,4.0,true,184.57195331746072,5
57,100.0,30,125.0,1.0,4.0,true,192.95851597128853,5
57,100.0,30,125.0,1.5,4.0,true,121.56507626444684,5
57,100.0,30,125.0,2.0,4.0,true,120.31575575591391,5
57,100.0,30,125.0,2.5,4.0,true,120.09541936485395,5
57,100.0,36,125.0,0.5,1.0,true,58.65661010067077,5
57,100.0,36,125.0,1.0,1.0,true,58.65661010067077,5
57,100.0,36,125.0,1.5,1.0,true,58.65661010067077,5
57,100.0,36,125.0,2.0,1.0,true,58.65661010067077,5
57,100.0,36,125.0,2.5,1.0,true,58.65661010067077,5
57,100.0,36,125.0,0.5,1.5,true,80.25566751974661,5
57,100.0,36,125.0,1.0,1.5,true,80.23426276392614,5
57,100.0,36,125.0,1.5,1.5,true,80.23426276392614,5
57,100.0,36,125.0,2.0,1.5,true,80.23426276392614,5
57,100.0,36,125.0,2.5,1.5,true,80.29952042753224,5
57,100.0,36,125.0,0.5,2.0,true,75.37179779774478,5
57,100.0,36,125.0,1.0,2.0,true,74.46623014322473,5
57,100.0,36,125.0,1.5,2.0,true,74.46623014322473,5
57,100.0,36,125.0,2.0,2.0,true,74.46623014322473,5
57,100.0,36,125.0,2.5,2.0,true,74.46623014322473,5
57,100.0,36,125.0,0.5,2.5,true,73.46415171635957,5
57,100.0,36,125.0,1.0,2.5,true,66.0,5
57,100.0,36,125.0,1.5,2.5,true,66.0,5
57,100.0,36,125.0,2.0,2.5,true,66.0,5
57,100.0,36,125.0,2.5,2.5,true,66.0,5
57,100.0,36,125.0,0.5,3.0,true,70.38710519855486,5
57,100.0,36,125.0,1.0,3.0,true,70.38710519855486,5
57,100.0,36,125.0,1.5,3.0,true,70.38710519855486,5
57,100.0,36,125.0,2.0,3.0,true,70.38710519855486,5
57,100.0,36,125.0,2.5,3.0,true,70.38710519855486,5
57,100.0,36,125.0,0.5,3.5,true,70.38710519855486,5
57,100.0,36,125.0,1.0,3.5,true,70.38710519855486,5
57,100.0,36,125.0,1.5,3.5,true,70.38710519855486,5
57,100.0,36,125.0,2.0,3.5,true,70.38710519855486,5
57,100.0,36,125.0,2.5,3.5,true,70.38710519855486,5
57,100.0,36,125.0,0.5,4.0,true,70.38710519855486,5
57,100.0,36,125.0,1.0,4.0,true,70.38710519855486,5
57,100.0,36,125.0,1.5,4.0,true,70.38710519855486,5
57,100.0,36,125.0,2.0,4.0,true,70.38710519855486,5
57,100.0,36,125.0,2.5,4.0,true,70.38710519855486,5
57,100.0,12,150.0,0.5,1.0,true,84.53187862083057,5
57,100.0,12,150.0,1.0,1.0,true,98.0,5
57,100.0,12,150.0,1.5,1.0,true,98.0,5
57,100.0,12,150.0,2.0,1.0,true,98.0,5
57,100.0,12,150.0,2.5,1.0,true,99.0,5
57,100.0,12,150.0,0.5,1.5,true,106.14130823874355,5
57,100.0,12,150.0,1.0,1.5,true,106.14130823874355,5
57,100.0,12,150.0,1.5,1.5,true,98.0,5
57,100.0,12,150.0,2.0,1.5,true,98.0,5
57,100.0,12,150.0,2.5,1.5,true,98.29728955115377,5
57,100.0,12,150.0,0.5,2.0,true,106.14130823874355,5
57,100.0,12,150.0,1.0,2.0,true,108.72937193950197,5
57,100.0,12,150.0,1.5,2.0,true,88.31536795815474,5
57,100.0,12,150.0,2.0,2.0,true,88.31536795815474,5
57,100.0,12,150.0,2.5,2.0,true,88.31536795815474,5
57,100.0,12,150.0,0.5,2.5,true,87.37532491607055,5
57,100.0,12,150.0,1.0,2.5,true,87.37532491607055,5
57,100.0,12,150.0,1.5,2.5,true,88.31536795815474,5
57,100.0,12,150.0,2.0,2.5,true,88.31536795815474,5
57,100.0,12,150.0,2.5,2.5,true,88.31536795815474,5
57,100.0,12,150.0,0.5,3.0,true,87.37532491607055,5
57,100.0,12,150.0,1.0,3.0,true,87.37532491607055,5
57,100.0,12,150.0,1.5,3.0,true,88.31536795815474,5
57,100.0,12,150.0,2.0,3.0,true,88.31536795815474,5
57,100.0,12,150.0,2.5,3.0,true,88.31536795815474,5
57,100.0,12,150.0,0.5,3.5,true,88.18709482842337,5
57,100.0,12,150.0,1.0,3.5,true,87.37532491607055,5
57,100.0,12,150.0,1.5,3.5,true,88.31536795815474,5
57,100.0,12,150.0,2.0,3.5,true,88.31536795815474,5
57,100.0,12,150.0,2.5,3.5,true,88.31536795815474,5
57,100.0,12,150.0,0.5,4.0,true,88.18709482842337,5
57,100.0,12,150.0,1.0,4.0,true,88.18709482842337,5
57,100.0,12,150.0,1.5,4.0,true,88.31536795815474,5
57,100.0,12,150.0,2.0,4.0,true,88.31536795815474,5
57,100.0,12,150.0,2.5,4.0,true,88.31536795815474,5
57,100.0,18,150.0,0.5,1.0,true,61.40415345476912,5
57,100.0,18,150.0,1.0,1.0,true,61.413123824477665,5
57,100.0,18,150.0,1.5,1.0,true,61.413123824477665,5
57,100.0,18,150.0,2.0,1.0,true,61.413123824477665,5
57,100.0,18,150.0,2.5,1.0,true,60.205480054459194,5
57,100.0,18,150.0,0.5,1.5,true,61.413123824477665,5
57,100.0,18,150.0,1.0,1.5,true,61.413123824477665,5
57,100.0,18,150.0,1.5,1.5,true,61.413123824477665,5
57,100.0,18,150.0,2.0,1.5,true,61.413123824477665,5
57,100.0,18,150.0,2.5,1.5,true,61.413123824477665,5
57,100.0,18,150.0,0.5,2.0,true,62.66979655372415,5
57,100.0,18,150.0,1.0,2.0,true,62.66979655372415,5
57,100.0,18,150.0,1.5,2.0,true,62.66979655372415,5
57,100.0,18,150.0,2.0,2.0,true,62.66979655372415,5
57,100.0,18,150.0,2.5,2.0,true,62.66979655372415,5
57,100.0,18,150.0,0.5,2.5,true,62.66979655372415,5
57,100.0,18,150.0,1.0,2.5,true,62.66979655372415,5
57,100.0,18,150.0,1.5,2.5,true,62.66979655372415,5
57,100.0,18,150.0,2.0,2.5,true,62.66979655372415,5
57,100.0,18,150.0,2.5,2.5,true,62.66979655372415,5
57,100.0,18,150.0,0.5,3.0,true,62.66979655372415,5
57,100.0,18,150.0,1.0,3.0,true,62.66979655372415,5
57,100.0,18,150.0,1.5,3.0,true,62.66979655372415,5
57,100.0,18,150.0,2.0,3.0,true,62.66979655372415,5
57,100.0,18,150.0,2.5,3.0,true,62.66979655372415,5
57,100.0,18,150.0,0.5,3.5,true,47.9267509739797,5
57,100.0,18,150.0,1.0,3.5,true,47.9267509739797,5
57,100.0,18,150.0,1.5,3.5,true,47.9267509739797,5
57,100.0,18,150.0,2.0,3.5,true,47.9267509739797,5
57,100.0,18,150.0,2.5,3.5,true,47.9267509739797,5
57,100.0,18,150.0,0.5,4.0,true,47.9267509739797,5
57,100.0,18,150.0,1.0,4.0,true,47.9267509739797,5
57,100.0,18,150.0,1.5,4.0,true,47.9267509739797,5
57,100.0,18,150.0,2.0,4.0,true,47.9267509739797,5
57,100.0,18,150.0,2.5,4.0,true,47.9267509739797,5
57,100.0,24,150.0,0.5,1.0,true,114.78553021320162,5
57,100.0,24,150.0,1.0,1.0,true,112.27801126750393,5
57,100.0,24,150.0,1.5,1.0,true,95.54184054949495,5
57,100.0,24,150.0,2.0,1.0,true,95.52137972937552,5
57,100.0,24,150.0,2.5,1.0,true,96.4253635443679,5
57,100.0,24,150.0,0.5,1.5,true,100.53576249203938,5
57,100.0,24,150.0,1.0,1.5,true,105.47576367294326,5
57,100.0,24,150.0,1.5,1.5,true,99.41987282066378,5
57,100.0,24,150.0,2.0,1.5,true,103.51659047310699,5
57,100.0,24,150.0,2.5,1.5,true,103.51659047310699,5
57,100.0,24,150.0,0.5,2.0,true,78.07374922810929,5
57,100.0,24,150.0,1.0,2.0,true,78.06316060072108,5
57,100.0,24,150.0,1.5,2.0,true,78.06316060072108,5
57,100.0,24,150.0,2.0,2.0,true,78.06316060072108,5
57,100.0,24,150.0,2.5,2.0,true,78.06316060072108,5
57,100.0,24,150.0,0.5,2.5,true,78.07374922810929,5
57,100.0,24,150.0,1.0,2.5,true,78.07374922810929,5
57,100.0,24,150.0,1.5,2.5,true,78.07374922810929,5
57,100.0,24,150.0,2.0,2.5,true,78.07374922810929,5
57,100.0,24,150.0,2.5,2.5,true,78.07374922810929,5
57,100.0,24,150.0,0.5,3.0,true,78.07374922810929,5
57,100.0,24,150.0,1.0,3.0,true,78.07374922810929,5
57,100.0,24,150.0,1.5,3.0,true,78.07374922810929,5
57,100.0,24,150.0,2.0,3.0,true,78.07374922810929,5
57,100.0,24,150.0,2.5,3.0,true,78.07374922810929,5
57,100.0,24,150.0,0.5,3.5,true,82.30980815806574,5
57,100.0,24,150.0,1.0,3.5,true,84.11797971828165,5
57,100.0,24,150.0,1.5,3.5,true,83.18052473968436,5
57,100.0,24,150.0,2.0,3.5,true,83.18052473968436,5
57,100.0,24,150.0,2.5,3.5,true,83.18052473968436,5
57,100.0,24,150.0,0.5,4.0,true,84.11797971828165,5
57,100.0,24,150.0,1.0,4.0,true,82.43155549548435,5
57,100.0,24,150.0,1.5,4.0,true,83.18052473968436,5
57,100.0,24,150.0,2.0,4.0,true,83.18052473968436,5
57,100.0,24,150.0,2.5,4.0,true,83.18052473968436,5
57,100.0,30,150.0,0.5,1.0,true,86.83917577308483,5
57,100.0,30,150.0,1.0,1.0,true,73.28309702504112,5
57,100.0,30,150.0,1.5,1.0,true,73.28309702504112,5
57,100.0,30,150.0,2.0,1.0,true,68.8563813801516,5
57,100.0,30,150.0,2.5,1.0,true,68.8563813801516,5
57,100.0,30,150.0,0.5,1.5,true,85.52342244510957,5
57,100.0,30,150.0,1.0,1.5,true,90.39412491241826,5
57,100.0,30,150.0,1.5,1.5,true,88.75508516865933,5
57,100.0,30,150.0,2.0,1.5,true,108.0,5
57,100.0,30,150.0,2.5,1.5,true,86.91861900545864,5
57,100.0,30,150.0,0.5,2.0,true,80.44964586278815,5
57,100.0,30,150.0,1.0,2.0,true,80.44964586278815,5
57,100.0,30,150.0,1.5,2.0,true,80.44964586278815,5
57,100.0,30,150.0,2.0,2.0,true,80.44964586278815,5
57,100.0,30,150.0,2.5,2.0,true,80.44964586278815,5
57,100.0,30,150.0,0.5,2.5,true,74.31842962766007,5
57,100.0,30,150.0,1.0,2.5,true,135.15768138829486,5
57,100.0,30,150.0,1.5,2.5,true,84.28403739541838,5
57,100.0,30,150.0,2.0,2.5,true,84.28403739541838,5
57,100.0,30,150.0,2.5,2.5,true,84.28403739541838,5
57,100.0,30,150.0,0.5,3.0,true,83.22588725860548,5
57,100.0,30,150.0,1.0,3.0,true,74.0,5
57,100.0,30,150.0,1.5,3.0,true,84.28403739541838,5
57,100.0,30,150.0,2.0,3.0,true,84.28403739541838,5
57,100.0,30,150.0,2.5,3.0,true,84.28403739541838,5
57,100.0,30,150.0,0.5,3.5,true,73.96295873059636,5
57,100.0,30,150.0,1.0,3.5,true,73.96295873059636,5
57,100.0,30,150.0,1.5,3.5,true,73.96295873059636,5
57,100.0,30,150.0,2.0,3.5,true,73.96295873059636,5
57,100.0,30,150.0,2.5,3.5,true,73.96295873059636,5
57,100.0,30,150.0,0.5,4.0,true,74.63998897745367,5
57,100.0,30,150.0,1.0,4.0,true,74.16354953284112,5
57,100.0,30,150.0,1.5,4.0,true,74.16354953284112,5
57,100.0,30,150.0,2.0,4.0,true,74.16354953284112,5
57,100.0,30,150.0,2.5,4.0,true,74.16354953284112,5
57,100.0,36,150.0,0.5,1.0,true,66.48125349913421,5
57,100.0,36,150.0,1.0,1.0,true,77.36089173355535,5
57,100.0,36,150.0,1.5,1.0,true,77.32478297843845,5
57,100.0,36,150.0,2.0,1.0,true,79.9711847562487,5
57,100.0,36,150.0,2.5,1.0,true,79.9711847562487,5
57,100.0,36,150.0,0.5,1.5,true,77.99571838436995,5
57,100.0,36,150.0,1.0,1.5,true,68.08402340815688,5
57,100.0,36,150.0,1.5,1.5,true,68.71796318232961,5
57,100.0,36,150.0,2.0,1.5,true,68.71796318232961,5
57,100.0,36,150.0,2.5,1.5,true,68.71796318232961,5
57,100.0,36,150.0,0.5,2.0,true,91.15544141129503,5
57,100.0,36,150.0,1.0,2.0,true,91.15544141129503,5
57,100.0,36,150.0,1.5,2.0,true,91.15544141129503,5
57,100.0,36,150.0,2.0,2.0,true,74.29000558800149,5
57,100.0,36,150.0,2.5,2.0,true,74.29000558800149,5
57,100.0,36,150.0,0.5,2.5,true,66.75609172244268,5
57,100.0,36,150.0,1.0,2.5,true,66.75609172244268,5
57,100.0,36,150.0,1.5,2.5,true,66.75609172244268,5
57,100.0,36,150.0,2.0,2.5,true,66.75609172244268,5
57,100.0,36,150.0,2.5,2.5,true,66.75609172244268,5
57,100.0,36,150.0,0.5,3.0,true,66.75609172244268,5
57,100.0,36,150.0,1.0,3.0,true,66.75609172244268,5
57,100.0,36,150.0,1.5,3.0,true,66.75609172244268,5
57,100.0,36,150.0,2.0,3.0,true,66.75609172244268,5
57,100.0,36,150.0,2.5,3.0,true,66.75609172244268,5
57,100.0,36,150.0,0.5,3.5,true,67.47322159178086,5
57,100.0,36,150.0,1.0,3.5,true,67.47322159178086,5
57,100.0,36,150.0,1.5,3.5,true,67.47322159178086,5
57,100.0,36,150.0,2.0,3.5,true,67.47322159178086,5
57,100.0,36,150.0,2.5,3.5,true,67.47322159178086,5
57,100.0,36,150.0,0.5,4.0,true,67.47322159178086,5
57,100.0,36,150.0,1.0,4.0,true,67.47322159178086,5
57,100.0,36,150.0,1.5,4.0,true,67.47322159178086,5
57,100.0,36,150.0,2.0,4.0,true,67.47322159178086,5
57,100.0,36,150.0,2.5,4.0,true,67.47322159178086,5
64,100.0,12,50.0,0.5,1.0,false,NaN,3
64,100.0,12,50.0,1.0,1.0,true,69.0,5
64,100.0,12,50.0,1.5,1.0,true,47.72144241831998,5
64,100.0,12,50.0,2.0,1.0,false,NaN,3
64,100.0,12,50.0,2.5,1.0,true,59.48297670915559,5
64,100.0,12,50.0,0.5,1.5,true,61.653732155785086,5
64,100.0,12,50.0,1.0,1.5,true,61.653732155785086,5
64,100.0,12,50.0,1.5,1.5,false,NaN,3
64,100.0,12,50.0,2.0,1.5,false,NaN,3
64,100.0,12,50.0,2.5,1.5,false,NaN,2
64,100.0,12,50.0,0.5,2.0,true,51.0,5
64,100.0,12,50.0,1.0,2.0,true,51.0,5
64,100.0,12,50.0,1.5,2.0,true,48.73526518955925,5
64,100.0,12,50.0,2.0,2.0,false,NaN,3
64,100.0,12,50.0,2.5,2.0,true,47.75886363993657,5
64,100.0,12,50.0,0.5,2.5,true,143.0,5
64,100.0,12,50.0,1.0,2.5,true,112.97619287818277,5
64,100.0,12,50.0,1.5,2.5,true,51.0,5
64,100.0,12,50.0,2.0,2.5,true,48.91163988702879,5
64,100.0,12,50.0,2.5,2.5,false,NaN,3
64,100.0,12,50.0,0.5,3.0,true,70.97089576519564,5
64,100.0,12,50.0,1.0,3.0,false,NaN,3
64,100.0,12,50.0,1.5,3.0,false,NaN,3
64,100.0,12,50.0,2.0,3.0,false,NaN,3
64,100.0,12,50.0,2.5,3.0,true,63.593561643390416,5
64,100.0,12,50.0,0.5,3.5,false,NaN,3
64,100.0,12,50.0,1.0,3.5,false,NaN,3
64,100.0,12,50.0,1.5,3.5,false,NaN,3
64,100.0,12,50.0,2.0,3.5,false,NaN,3
64,100.0,12,50.0,2.5,3.5,true,74.05972317994443,5
64,100.0,12,50.0,0.5,4.0,false,NaN,3
64,100.0,12,50.0,1.0,4.0,false,NaN,3
64,100.0,12,50.0,1.5,4.0,true,65.66588327182683,5
64,100.0,12,50.0,2.0,4.0,true,65.66588327182683,5
64,100.0,12,50.0,2.5,4.0,true,74.05972317994443,5
64,100.0,18,50.0,0.5,1.0,false,NaN,3
64,100.0,18,50.0,1.0,1.0,false,NaN,3
64,100.0,18,50.0,1.5,1.0,false,NaN,3
64,100.0,18,50.0,2.0,1.0,false,NaN,3
64,100.0,18,50.0,2.5,1.0,true,98.14725916810114,5
64,100.0,18,50.0,0.5,1.5,false,NaN,3
64,100.0,18,50.0,1.0,1.5,false,NaN,3
64,100.0,18,50.0,1.5,1.5,false,NaN,3
64,100.0,18,50.0,2.0,1.5,false,NaN,3
64,100.0,18,50.0,2.5,1.5,false,NaN,3
64,100.0,18,50.0,0.5,2.0,true,61.0,5
64,100.0,18,50.0,1.0,2.0,false,NaN,3
64,100.0,18,50.0,1.5,2.0,true,77.60393631504624,5
64,100.0,18,50.0,2.0,2.0,true,154.60830086500923,5
64,100.0,18,50.0,2.5,2.0,true,143.5530318033072,5
64,100.0,18,50.0,0.5,2.5,false,NaN,3
64,100.0,18,50.0,1.0,2.5,true,51.7433150296866,5
64,100.0,18,50.0,1.5,2.5,true,109.75609339952702,5
64,100.0,18,50.0,2.0,2.5,true,73.97073131460039,5
64,100.0,18,50.0,2.5,2.5,true,52.119892506439754,5
64,100.0,18,50.0,0.5,3.0,false,NaN,3
64,100.0,18,50.0,1.0,3.0,true,96.65818958593957,5
64,100.0,18,50.0,1.5,3.0,false,NaN,3
64,100.0,18,50.0,2.0,3.0,false,NaN,3
64,100.0,18,50.0,2.5,3.0,false,NaN,3
64,100.0,18,50.0,0.5,3.5,false,NaN,3
64,100.0,18,50.0,1.0,3.5,false,NaN,3
64,100.0,18,50.0,1.5,3.5,true,112.96020087253602,5
64,100.0,18,50.0,2.0,3.5,true,81.64135477153455,5
64,100.0,18,50.0,2.5,3.5,true,79.82940466979002,5
64,100.0,18,50.0,0.5,4.0,false,NaN,3
64,100.0,18,50.0,1.0,4.0,false,NaN,3
64,100.0,18,50.0,1.5,4.0,false,NaN,3
64,100.0,18,50.0,2.0,4.0,true,108.20975125816221,5
64,100.0,18,50.0,2.5,4.0,true,108.17919238890605,5
64,100.0,24,50.0,0.5,1.0,true,54.0,5
64,100.0,24,50.0,1.0,1.0,false,NaN,3
64,100.0,24,50.0,1.5,1.0,true,79.0,5
64,100.0,24,50.0,2.0,1.0,false,NaN,3
64,100.0,24,50.0,2.5,1.0,false,NaN,4
64,100.0,24,50.0,0.5,1.5,true,52.71780756367828,5
64,100.0,24,50.0,1.0,1.5,true,140.93330101567665,5
64,100.0,24,50.0,1.5,1.5,false,NaN,3
64,100.0,24,50.0,2.0,1.5,false,NaN,3
64,100.0,24,50.0,2.5,1.5,false,NaN,3
64,100.0,24,50.0,0.5,2.0,true,47.698017791814245,5
64,100.0,24,50.0,1.0,2.0,true,49.23497400310763,5
64,100.0,24,50.0,1.5,2.0,true,49.23497400310763,5
64,100.0,24,50.0,2.0,2.0,true,54.62048072862265,5
64,100.0,24,50.0,2.5,2.0,true,62.80943601254914,5
64,100.0,24,50.0,0.5,2.5,true,55.90251965578716,5
64,100.0,24,50.0,1.0,2.5,false,NaN,3
64,100.0,24,50.0,1.5,2.5,true,49.23497400310763,5
64,100.0,24,50.0,2.0,2.5,true,49.23497400310763,5
64,100.0,24,50.0,2.5,2.5,true,156.44849695133956,5
64,100.0,24,50.0,0.5,3.0,true,52.63891389608742,5
64,100.0,24,50.0,1.0,3.0,true,52.63891389608742,5
64,100.0,24,50.0,1.5,3.0,true,148.42990176589413,5
64,100.0,24,50.0,2.0,3.0,true,78.0,5
64,100.0,24,50.0,2.5,3.0,false,NaN,3
64,100.0,24,50.0,0.5,3.5,true,76.63900771009598,5
64,100.0,24,50.0,1.0,3.5,true,64.15731198113892,5
64,100.0,24,50.0,1.5,3.5,true,84.66138963292495,5
64,100.0,24,50.0,2.0,3.5,false,NaN,3
64,100.0,24,50.0,2.5,3.5,false,NaN,3
64,100.0,24,50.0,0.5,4.0,true,60.0,5
64,100.0,24,50.0,1.0,4.0,true,75.49664536781584,5
64,100.0,24,50.0,1.5,4.0,true,63.786818454162905,5
64,100.0,24,50.0,2.0,4.0,true,59.0,5
64,100.0,24,50.0,2.5,4.0,true,59.0,5
64,100.0,30,50.0,0.5,1.0,true,49.201204568479554,5
64,100.0,30,50.0,1.0,1.0,true,49.216507620611374,5
64,100.0,30,50.0,1.5,1.0,false,NaN,3
64,100.0,30,50.0,2.0,1.0,true,48.16222494738444,5
64,100.0,30,50.0,2.5,1.0,true,49.2273133782622,5
64,100.0,30,50.0,0.5,1.5,true,48.10231740449986,5
64,100.0,30,50.0,1.0,1.5,false,NaN,3
64,100.0,30,50.0,1.5,1.5,false,NaN,3
64,100.0,30,50.0,2.0,1.5,false,NaN,3
64,100.0,30,50.0,2.5,1.5,true,49.443495958784304,5
64,100.0,30,50.0,0.5,2.0,true,64.82706170205859,5
64,100.0,30,50.0,1.0,2.0,false,NaN,3
64,100.0,30,50.0,1.5,2.0,false,NaN,3
64,100.0,30,50.0,2.0,2.0,true,121.40668641721817,5
64,100.0,30,50.0,2.5,2.0,true,142.5502762209648,5
64,100.0,30,50.0,0.5,2.5,true,53.04958635994083,5
64,100.0,30,50.0,1.0,2.5,false,NaN,3
64,100.0,30,50.0,1.5,2.5,true,150.5357821063318,5
64,100.0,30,50.0,2.0,2.5,true,51.0,5
64,100.0,30,50.0,2.5,2.5,false,NaN,3
64,100.0,30,50.0,0.5,3.0,false,NaN,3
64,100.0,30,50.0,1.0,3.0,true,60.58336644778149,5
64,100.0,30,50.0,1.5,3.0,false,NaN,4
64,100.0,30,50.0,2.0,3.0,false,NaN,3
64,100.0,30,50.0,2.5,3.0,false,NaN,3
64,100.0,30,50.0,0.5,3.5,false,NaN,3
64,100.0,30,50.0,1.0,3.5,true,158.8220647944768,5
64,100.0,30,50.0,1.5,3.5,false,NaN,4
64,100.0,30,50.0,2.0,3.5,true,96.0,5
64,100.0,30,50.0,2.5,3.5,true,61.0,5
64,100.0,30,50.0,0.5,4.0,false,NaN,3
64,100.0,30,50.0,1.0,4.0,false,NaN,3
64,100.0,30,50.0,1.5,4.0,false,NaN,3
64,100.0,30,50.0,2.0,4.0,false,NaN,3
64,100.0,30,50.0,2.5,4.0,true,113.43660517124117,5
64,100.0,36,50.0,0.5,1.0,true,119.0,5
64,100.0,36,50.0,1.0,1.0,true,83.83105507107499,5
64,100.0,36,50.0,1.5,1.0,false,NaN,3
64,100.0,36,50.0,2.0,1.0,true,45.940158527648926,5
64,100.0,36,50.0,2.5,1.0,true,50.0,5
64,100.0,36,50.0,0.5,1.5,false,NaN,3
64,100.0,36,50.0,1.0,1.5,false,NaN,3
64,100.0,36,50.0,1.5,1.5,false,NaN,3
64,100.0,36,50.0,2.0,1.5,true,142.30912611374316,5
64,100.0,36,50.0,2.5,1.5,false,NaN,3
64,100.0,36,50.0,0.5,2.0,true,110.65702081767903,5
64,100.0,36,50.0,1.0,2.0,false,NaN,3
64,100.0,36,50.0,1.5,2.0,false,NaN,3
64,100.0,36,50.0,2.0,2.0,true,118.92122196128838,5
64,100.0,36,50.0,2.5,2.0,true,86.38116713761531,5
64,100.0,36,50.0,0.5,2.5,true,57.72629942356417,5
64,100.0,36,50.0,1.0,2.5,true,82.80778573740017,5
64,100.0,36,50.0,1.5,2.5,true,47.82592669817049,5
64,100.0,36,50.0,2.0,2.5,true,140.08635340416143,5
64,100.0,36,50.0,2.5,2.5,true,136.4481938642723,5
64,100.0,36,50.0,0.5,3.0,true,71.16728988698412,5
64,100.0,36,50.0,1.0,3.0,true,138.31368431126086,5
64,100.0,36,50.0,1.5,3.0,true,54.443081250842276,5
64,100.0,36,50.0,2.0,3.0,true,129.24189954346284,5
64,100.0,36,50.0,2.5,3.0,false,NaN,3
64,100.0,36,50.0,0.5,3.5,false,NaN,3
64,100.0,36,50.0,1.0,3.5,false,NaN,3
64,100.0,36,50.0,1.5,3.5,false,NaN,3
64,100.0,36,50.0,2.0,3.5,true,47.91856707031982,5
64,100.0,36,50.0,2.5,3.5,false,NaN,3
64,100.0,36,50.0,0.5,4.0,false,NaN,3
64,100.0,36,50.0,1.0,4.0,false,NaN,3
64,100.0,36,50.0,1.5,4.0,false,NaN,3
64,100.0,36,50.0,2.0,4.0,true,52.363692779318725,5
64,100.0,36,50.0,2.5,4.0,true,54.61621001080842,5
64,100.0,12,75.0,0.5,1.0,true,85.6984603855949,5
64,100.0,12,75.0,1.0,1.0,true,64.0,5
64,100.0,12,75.0,1.5,1.0,true,83.77458164506861,5
64,100.0,12,75.0,2.0,1.0,true,92.4076458766134,5
64,100.0,12,75.0,2.5,1.0,false,NaN,3
64,100.0,12,75.0,0.5,1.5,true,104.67296418629756,5
64,100.0,12,75.0,1.0,1.5,true,48.5574766497354,5
64,100.0,12,75.0,1.5,1.5,true,92.1491633199073,5
64,100.0,12,75.0,2.0,1.5,true,54.0,5
64,100.0,12,75.0,2.5,1.5,true,54.0,5
64,100.0,12,75.0,0.5,2.0,true,62.860712343289535,5
64,100.0,12,75.0,1.0,2.0,true,54.0,5
64,100.0,12,75.0,1.5,2.0,true,54.0,5
64,100.0,12,75.0,2.0,2.0,true,54.0,5
64,100.0,12,75.0,2.5,2.0,true,54.0,5
64,100.0,12,75.0,0.5,2.5,true,80.2678699434903,5
64,100.0,12,75.0,1.0,2.5,true,54.0,5
64,100.0,12,75.0,1.5,2.5,true,54.0,5
64,100.0,12,75.0,2.0,2.5,true,54.0,5
64,100.0,12,75.0,2.5,2.5,true,54.0,5
64,100.0,12,75.0,0.5,3.0,true,119.43175358224066,5
64,100.0,12,75.0,1.0,3.0,true,54.0,5
64,100.0,12,75.0,1.5,3.0,true,160.0,5
64,100.0,12,75.0,2.0,3.0,false,NaN,3
64,100.0,12,75.0,2.5,3.0,true,102.87259194192559,5
64,100.0,12,75.0,0.5,3.5,true,103.23774853697712,5
64,100.0,12,75.0,1.0,3.5,true,103.23774853697712,5
64,100.0,12,75.0,1.5,3.5,true,105.25468995614305,5
64,100.0,12,75.0,2.0,3.5,false,NaN,3
64,100.0,12,75.0,2.5,3.5,false,NaN,3
64,100.0,12,75.0,0.5,4.0,true,103.23774853697712,5
64,100.0,12,75.0,1.0,4.0,true,84.5435448935123,5
64,100.0,12,75.0,1.5,4.0,true,84.5435448935123,5
64,100.0,12,75.0,2.0,4.0,true,104.55179318609389,5
64,100.0,12,75.0,2.5,4.0,true,104.55179318609389,5
64,100.0,18,75.0,0.5,1.0,true,153.40451259488208,5
64,100.0,18,75.0,1.0,1.0,false,NaN,4
64,100.0,18,75.0,1.5,1.0,true,92.26175157682871,5
64,100.0,18,75.0,2.0,1.0,true,113.21389208200155,5
64,100.0,18,75.0,2.5,1.0,true,56.5960259438772,5
64,100.0,18,75.0,0.5,1.5,true,110.45784558621578,5
64,100.0,18,75.0,1.0,1.5,true,60.588405432511756,5
64,100.0,18,75.0,1.5,1.5,true,63.0,5
64,100.0,18,75.0,2.0,1.5,true,63.0,5
64,100.0,18,75.0,2.5,1.5,true,63.0,5
64,100.0,18,75.0,0.5,2.0,true,68.05633681838431,5
64,100.0,18,75.0,1.0,2.0,true,63.0,5
64,100.0,18,75.0,1.5,2.0,true,63.0,5
64,100.0,18,75.0,2.0,2.0,true,63.0,5
64,100.0,18,75.0,2.5,2.0,true,91.15546697855015,5
64,100.0,18,75.0,0.5,2.5,true,63.0,5
64,100.0,18,75.0,1.0,2.5,true,153.11487702205454,5
64,100.0,18,75.0,1.5,2.5,true,136.33437749432755,5
64,100.0,18,75.0,2.0,2.5,true,136.33437749432755,5
64,100.0,18,75.0,2.5,2.5,true,136.33437749432755,5
64,100.0,18,75.0,0.5,3.0,true,139.06278577733565,5
64,100.0,18,75.0,1.0,3.0,true,142.7040233735947,5
64,100.0,18,75.0,1.5,3.0,true,96.34665661116506,5
64,100.0,18,75.0,2.0,3.0,false,NaN,4
64,100.0,18,75.0,2.5,3.0,true,119.97872887914744,5
64,100.0,18,75.0,0.5,3.5,true,111.40607667605097,5
64,100.0,18,75.0,1.0,3.5,true,104.89823794021544,5
64,100.0,18,75.0,1.5,3.5,true,104.89823794021544,5
64,100.0,18,75.0,2.0,3.5,true,89.13000933058882,5
64,100.0,18,75.0,2.5,3.5,true,124.94650339148606,5
64,100.0,18,75.0,0.5,4.0,true,104.89823794021544,5
64,100.0,18,75.0,1.0,4.0,true,104.89823794021544,5
64,100.0,18,75.0,1.5,4.0,true,89.13000933058882,5
64,100.0,18,75.0,2.0,4.0,true,89.13000933058882,5
64,100.0,18,75.0,2.5,4.0,true,89.13000933058882,5
64,100.0,24,75.0,0.5,1.0,true,62.20133847154914,5
64,100.0,24,75.0,1.0,1.0,true,68.03296491105048,5
64,100.0,24,75.0,1.5,1.0,true,53.75158712347208,5
64,100.0,24,75.0,2.0,1.0,true,53.75158712347208,5
64,100.0,24,75.0,2.5,1.0,true,58.0,5
64,100.0,24,75.0,0.5,1.5,true,62.205022902738875,5
64,100.0,24,75.0,1.0,1.5,true,69.47316916503608,5
64,100.0,24,75.0,1.5,1.5,true,129.66405642672365,5
64,100.0,24,75.0,2.0,1.5,false,NaN,4
64,100.0,24,75.0,2.5,1.5,true,52.94914958553151,5
64,100.0,24,75.0,0.5,2.0,true,59.0,5
64,100.0,24,75.0,1.0,2.0,true,96.33724464555779,5
64,100.0,24,75.0,1.5,2.0,true,85.74408529305765,5
64,100.0,24,75.0,2.0,2.0,true,85.74408529305765,5
64,100.0,24,75.0,2.5,2.0,true,85.74408529305765,5
64,100.0,24,75.0,0.5,2.5,true,87.89001366332434,5
64,100.0,24,75.0,1.0,2.5,true,103.47652409696283,5
64,100.0,24,75.0,1.5,2.5,true,110.93885322826661,5
64,100.0,24,75.0,2.0,2.5,true,110.93885322826661,5
64,100.0,24,75.0,2.5,2.5,true,105.0,5
64,100.0,24,75.0,0.5,3.0,true,90.20335886712853,5
64,100.0,24,75.0,1.0,3.0,true,78.70544707979018,5
64,100.0,24,75.0,1.5,3.0,true,78.70544707979018,5
64,100.0,24,75.0,2.0,3.0,true,78.70544707979018,5
64,100.0,24,75.0,2.5,3.0,true,78.70544707979018,5
64,100.0,24,75.0,0.5,3.5,true,78.41655088760542,5
64,100.0,24,75.0,1.0,3.5,true,78.70544707979018,5
64,100.0,24,75.0,1.5,3.5,true,78.70544707979018,5
64,100.0,24,75.0,2.0,3.5,true,78.70544707979018,5
64,100.0,24,75.0,2.5,3.5,true,78.70544707979018,5
64,100.0,24,75.0,0.5,4.0,true,78.41655088760542,5
64,100.0,24,75.0,1.0,4.0,true,78.70544707979018,5
64,100.0,24,75.0,1.5,4.0,true,78.70544707979018,5
64,100.0,24,75.0,2.0,4.0,true,78.70544707979018,5
64,100.0,24,75.0,2.5,4.0,true,78.70544707979018,5
64,100.0,30,75.0,0.5,1.0,true,110.11725884439448,5
64,100.0,30,75.0,1.0,1.0,true,75.14507988837794,5
64,100.0,30,75.0,1.5,1.0,true,68.86263364720179,5
64,100.0,30,75.0,2.0,1.0,true,68.2090665015308,5
64,100.0,30,75.0,2.5,1.0,true,91.5835918461719,5
64,100.0,30,75.0,0.5,1.5,true,79.31357039948257,5
64,100.0,30,75.0,1.0,1.5,true,115.46358025948753,5
64,100.0,30,75.0,1.5,1.5,false,NaN,4
64,100.0,30,75.0,2.0,1.5,true,159.0,5
64,100.0,30,75.0,2.5,1.5,false,NaN,4
64,100.0,30,75.0,0.5,2.0,true,115.0,5
64,100.0,30,75.0,1.0,2.0,true,117.62630351696556,5
64,100.0,30,75.0,1.5,2.0,true,90.17238904965073,5
64,100.0,30,75.0,2.0,2.0,true,90.17238904965073,5
64,100.0,30,75.0,2.5,2.0,true,73.0,5
64,100.0,30,75.0,0.5,2.5,true,94.76353729828405,5
64,100.0,30,75.0,1.0,2.5,true,90.17238904965073,5
64,100.0,30,75.0,1.5,2.5,true,90.17238904965073,5
64,100.0,30,75.0,2.0,2.5,true,99.38071166794583,5
64,100.0,30,75.0,2.5,2.5,true,99.38071166794583,5
64,100.0,30,75.0,0.5,3.0,true,81.0562317762015,5
64,100.0,30,75.0,1.0,3.0,true,101.82991504088291,5
64,100.0,30,75.0,1.5,3.0,true,103.79811046360844,5
64,100.0,30,75.0,2.0,3.0,true,124.0,5
64,100.0,30,75.0,2.5,3.0,false,NaN,3
64,100.0,30,75.0,0.5,3.5,true,84.80008629913235,5
64,100.0,30,75.0,1.0,3.5,true,126.52075798991068,5
64,100.0,30,75.0,1.5,3.5,true,71.0,5
64,100.0,30,75.0,2.0,3.5,true,71.0,5
64,100.0,30,75.0,2.5,3.5,true,94.63080137546984,5
64,100.0,30,75.0,0.5,4.0,true,81.7148395820084,5
64,100.0,30,75.0,1.0,4.0,true,81.7148395820084,5
64,100.0,30,75.0,1.5,4.0,true,71.0,5
64,100.0,30,75.0,2.0,4.0,true,71.0,5
64,100.0,30,75.0,2.5,4.0,true,94.63080137546984,5
64,100.0,36,75.0,0.5,1.0,false,NaN,4
64,100.0,36,75.0,1.0,1.0,true,56.278562547843634,5
64,100.0,36,75.0,1.5,1.0,true,69.36845214060263,5
64,100.0,36,75.0,2.0,1.0,true,90.60047888391526,5
64,100.0,36,75.0,2.5,1.0,true,112.93611030305082,5
64,100.0,36,75.0,0.5,1.5,false,NaN,4
64,100.0,36,75.0,1.0,1.5,true,69.71732395085675,5
64,100.0,36,75.0,1.5,1.5,false,NaN,3
64,100.0,36,75.0,2.0,1.5,true,96.27184535745381,5
64,100.0,36,75.0,2.5,1.5,true,96.27184535745381,5
64,100.0,36,75.0,0.5,2.0,true,54.38672527323223,5
64,100.0,36,75.0,1.0,2.0,true,101.22575717345582,5
64,100.0,36,75.0,1.5,2.0,true,102.74001256435821,5
64,100.0,36,75.0,2.0,2.0,true,99.64930464793908,5
64,100.0,36,75.0,2.5,2.0,true,93.3942230675038,5
64,100.0,36,75.0,0.5,2.5,true,83.51288882902934,5
64,100.0,36,75.0,1.0,2.5,true,85.31883249863719,5
64,100.0,36,75.0,1.5,2.5,true,85.31883249863719,5
64,100.0,36,75.0,2.0,2.5,true,57.865028698100524,5
64,100.0,36,75.0,2.5,2.5,true,65.1638472470126,5
64,100.0,36,75.0,0.5,3.0,true,62.837388481711216,5
64,100.0,36,75.0,1.0,3.0,true,71.56357847344249,5
64,100.0,36,75.0,1.5,3.0,true,121.13732008105625,5
64,100.0,36,75.0,2.0,3.0,true,118.31524471225744,5
64,100.0,36,75.0,2.5,3.0,true,132.88177186908743,5
64,100.0,36,75.0,0.5,3.5,true,123.07679779258842,5
64,100.0,36,75.0,1.0,3.5,true,125.50379192891369,5
64,100.0,36,75.0,1.5,3.5,true,128.3335353563651,5
64,100.0,36,75.0,2.0,3.5,true,102.0,5
64,100.0,36,75.0,2.5,3.5,false,NaN,3
64,100.0,36,75.0,0.5,4.0,true,62.46700649042977,5
64,100.0,36,75.0,1.0,4.0,true,62.46700649042977,5
64,100.0,36,75.0,1.5,4.0,true,70.20741122723136,5
64,100.0,36,75.0,2.0,4.0,true,62.51231960528381,5
64,100.0,36,75.0,2.5,4.0,true,62.51231960528381,5
64,100.0,12,100.0,0.5,1.0,true,57.476915017085716,5
64,100.0,12,100.0,1.0,1.0,true,57.476915017085716,5
64,100.0,12,100.0,1.5,1.0,true,57.476915017085716,5
64,100.0,12,100.0,2.0,1.0,true,49.69138559670256,5
64,100.0,12,100.0,2.5,1.0,true,49.69138559670256,5
64,100.0,12,100.0,0.5,1.5,true,57.48848311641024,5
64,100.0,12,100.0,1.0,1.5,true,57.48848311641024,5
64,100.0,12,100.0,1.5,1.5,true,57.48848311641024,5
64,100.0,12,100.0,2.0,1.5,true,57.48848311641024,5
64,100.0,12,100.0,2.5,1.5,true,57.48848311641024,5
64,100.0,12,100.0,0.5,2.0,true,57.48848311641024,5
64,100.0,12,100.0,1.0,2.0,true,57.48848311641024,5
64,100.0,12,100.0,1.5,2.0,true,57.48848311641024,5
64,100.0,12,100.0,2.0,2.0,true,57.48848311641024,5
64,100.0,12,100.0,2.5,2.0,true,57.48848311641024,5
64,100.0,12,100.0,0.5,2.5,true,57.48848311641024,5
64,100.0,12,100.0,1.0,2.5,true,57.48848311641024,5
64,100.0,12,100.0,1.5,2.5,true,57.48848311641024,5
64,100.0,12,100.0,2.0,2.5,true,57.48848311641024,5
64,100.0,12,100.0,2.5,2.5,true,57.48848311641024,5
64,100.0,12,100.0,0.5,3.0,true,57.48848311641024,5
64,100.0,12,100.0,1.0,3.0,true,57.48848311641024,5
64,100.0,12,100.0,1.5,3.0,true,57.48848311641024,5
64,100.0,12,100.0,2.0,3.0,true,57.48848311641024,5
64,100.0,12,100.0,2.5,3.0,true,57.48848311641024,5
64,100.0,12,100.0,0.5,3.5,true,57.48848311641024,5
64,100.0,12,100.0,1.0,3.5,true,57.48848311641024,5
64,100.0,12,100.0,1.5,3.5,true,57.48848311641024,5
64,100.0,12,100.0,2.0,3.5,true,57.48848311641024,5
64,100.0,12,100.0,2.5,3.5,true,57.48848311641024,5
64,100.0,12,100.0,0.5,4.0,true,57.48848311641024,5
64,100.0,12,100.0,1.0,4.0,true,57.48848311641024,5
64,100.0,12,100.0,1.5,4.0,true,57.48848311641024,5
64,100.0,12,100.0,2.0,4.0,true,57.48848311641024,5
64,100.0,12,100.0,2.5,4.0,true,57.48848311641024,5
64,100.0,18,100.0,0.5,1.0,true,70.34587202886492,5
64,100.0,18,100.0,1.0,1.0,true,109.76004729835061,5
64,100.0,18,100.0,1.5,1.0,true,70.34587202886492,5
64,100.0,18,100.0,2.0,1.0,true,70.34587202886492,5
64,100.0,18,100.0,2.5,1.0,true,70.34587202886492,5
64,100.0,18,100.0,0.5,1.5,true,91.84404512799995,5
64,100.0,18,100.0,1.0,1.5,false,NaN,4
64,100.0,18,100.0,1.5,1.5,true,70.34587202886492,5
64,100.0,18,100.0,2.0,1.5,true,70.34587202886492,5
64,100.0,18,100.0,2.5,1.5,true,70.34587202886492,5
64,100.0,18,100.0,0.5,2.0,true,71.10922719364824,5
64,100.0,18,100.0,1.0,2.0,true,71.10922719364824,5
64,100.0,18,100.0,1.5,2.0,true,71.15097209138507,5
64,100.0,18,100.0,2.0,2.0,true,71.15097209138507,5
64,100.0,18,100.0,2.5,2.0,true,71.15097209138507,5
64,100.0,18,100.0,0.5,2.5,true,69.87908936208746,5
64,100.0,18,100.0,1.0,2.5,true,69.87908936208746,5
64,100.0,18,100.0,1.5,2.5,true,69.80589085083093,5
64,100.0,18,100.0,2.0,2.5,true,69.80589085083093,5
64,100.0,18,100.0,2.5,2.5,true,69.80589085083093,5
64,100.0,18,100.0,0.5,3.0,true,66.81111630139583,5
64,100.0,18,100.0,1.0,3.0,true,66.76410161032803,5
64,100.0,18,100.0,1.5,3.0,true,66.76410161032803,5
64,100.0,18,100.0,2.0,3.0,true,66.76410161032803,5
64,100.0,18,100.0,2.5,3.0,true,66.76410161032803,5
64,100.0,18,100.0,0.5,3.5,true,66.81111630139583,5
64,100.0,18,100.0,1.0,3.5,true,66.76410161032803,5
64,100.0,18,100.0,1.5,3.5,true,66.76410161032803,5
64,100.0,18,100.0,2.0,3.5,true,66.76410161032803,5
64,100.0,18,100.0,2.5,3.5,true,66.76410161032803,5
64,100.0,18,100.0,0.5,4.0,true,66.81111630139583,5
64,100.0,18,100.0,1.0,4.0,true,66.76410161032803,5
64,100.0,18,100.0,1.5,4.0,true,66.76410161032803,5
64,100.0,18,100.0,2.0,4.0,true,66.76410161032803,5
64,100.0,18,100.0,2.5,4.0,true,66.76410161032803,5
64,100.0,24,100.0,0.5,1.0,true,41.71269027666543,5
64,100.0,24,100.0,1.0,1.0,true,41.71269027666543,5
64,100.0,24,100.0,1.5,1.0,true,41.71269027666543,5
64,100.0,24,100.0,2.0,1.0,true,41.71269027666543,5
64,100.0,24,100.0,2.5,1.0,true,41.71269027666543,5
64,100.0,24,100.0,0.5,1.5,true,63.87889744390879,5
64,100.0,24,100.0,1.0,1.5,true,63.87889744390879,5
64,100.0,24,100.0,1.5,1.5,true,63.87889744390879,5
64,100.0,24,100.0,2.0,1.5,true,63.86509582570058,5
64,100.0,24,100.0,2.5,1.5,true,63.86509582570058,5
64,100.0,24,100.0,0.5,2.0,true,89.0,5
64,100.0,24,100.0,1.0,2.0,true,85.46587796330425,5
64,100.0,24,100.0,1.5,2.0,true,89.0,5
64,100.0,24,100.0,2.0,2.0,true,89.0,5
64,100.0,24,100.0,2.5,2.0,true,89.0,5
64,100.0,24,100.0,0.5,2.5,true,87.0,5
64,100.0,24,100.0,1.0,2.5,true,91.4354429541116,5
64,100.0,24,100.0,1.5,2.5,true,89.0,5
64,100.0,24,100.0,2.0,2.5,true,89.0,5
64,100.0,24,100.0,2.5,2.5,true,89.0,5
64,100.0,24,100.0,0.5,3.0,true,52.75442195375373,5
64,100.0,24,100.0,1.0,3.0,true,52.75442195375373,5
64,100.0,24,100.0,1.5,3.0,true,52.75442195375373,5
64,100.0,24,100.0,2.0,3.0,true,52.75442195375373,5
64,100.0,24,100.0,2.5,3.0,true,52.75442195375373,5
64,100.0,24,100.0,0.5,3.5,true,52.75442195375373,5
64,100.0,24,100.0,1.0,3.5,true,52.75442195375373,5
64,100.0,24,100.0,1.5,3.5,true,52.75442195375373,5
64,100.0,24,100.0,2.0,3.5,true,52.75442195375373,5
64,100.0,24,100.0,2.5,3.5,true,52.75442195375373,5
64,100.0,24,100.0,0.5,4.0,true,52.75442195375373,5
64,100.0,24,100.0,1.0,4.0,true,52.75442195375373,5
64,100.0,24,100.0,1.5,4.0,true,52.75442195375373,5
64,100.0,24,100.0,2.0,4.0,true,52.75442195375373,5
64,100.0,24,100.0,2.5,4.0,true,52.75442195375373,5
64,100.0,30,100.0,0.5,1.0,true,47.71748555073658,5
64,100.0,30,100.0,1.0,1.0,true,47.71748555073658,5
64,100.0,30,100.0,1.5,1.0,true,47.71748555073658,5
64,100.0,30,100.0,2.0,1.0,true,47.71748555073658,5
64,100.0,30,100.0,2.5,1.0,true,47.71748555073658,5
64,100.0,30,100.0,0.5,1.5,true,47.71748555073658,5
64,100.0,30,100.0,1.0,1.5,true,47.71748555073658,5
64,100.0,30,100.0,1.5,1.5,true,47.71748555073658,5
64,100.0,30,100.0,2.0,1.5,true,47.71748555073658,5
64,100.0,30,100.0,2.5,1.5,true,47.71748555073658,5
64,100.0,30,100.0,0.5,2.0,true,47.71748555073658,5
64,100.0,30,100.0,1.0,2.0,true,47.71748555073658,5
64,100.0,30,100.0,1.5,2.0,true,47.71748555073658,5
64,100.0,30,100.0,2.0,2.0,true,47.71748555073658,5
64,100.0,30,100.0,2.5,2.0,true,47.71748555073658,5
64,100.0,30,100.0,0.5,2.5,true,47.71748555073658,5
64,100.0,30,100.0,1.0,2.5,true,47.71748555073658,5
64,100.0,30,100.0,1.5,2.5,true,47.71748555073658,5
64,100.0,30,100.0,2.0,2.5,true,47.71748555073658,5
64,100.0,30,100.0,2.5,2.5,true,47.71748555073658,5
64,100.0,30,100.0,0.5,3.0,true,47.71748555073658,5
64,100.0,30,100.0,1.0,3.0,true,47.71748555073658,5
64,100.0,30,100.0,1.5,3.0,true,47.71748555073658,5
64,100.0,30,100.0,2.0,3.0,true,47.71748555073658,5
64,100.0,30,100.0,2.5,3.0,true,47.71748555073658,5
64,100.0,30,100.0,0.5,3.5,true,47.71748555073658,5
64,100.0,30,100.0,1.0,3.5,true,47.71748555073658,5
64,100.0,30,100.0,1.5,3.5,true,47.71748555073658,5
64,100.0,30,100.0,2.0,3.5,true,47.71748555073658,5
64,100.0,30,100.0,2.5,3.5,true,47.71748555073658,5
64,100.0,30,100.0,0.5,4.0,true,47.71748555073658,5
64,100.0,30,100.0,1.0,4.0,true,47.71748555073658,5
64,100.0,30,100.0,1.5,4.0,true,47.71748555073658,5
64,100.0,30,100.0,2.0,4.0,true,47.71748555073658,5
64,100.0,30,100.0,2.5,4.0,true,47.71748555073658,5
64,100.0,36,100.0,0.5,1.0,true,53.0,5
64,100.0,36,100.0,1.0,1.0,true,78.1320370679314,5
64,100.0,36,100.0,1.5,1.0,true,78.0,5
64,100.0,36,100.0,2.0,1.0,true,78.0,5
64,100.0,36,100.0,2.5,1.0,true,78.0,5
64,100.0,36,100.0,0.5,1.5,true,65.29677672864638,5
64,100.0,36,100.0,1.0,1.5,true,64.54874262406778,5
64,100.0,36,100.0,1.5,1.5,true,64.54874262406778,5
64,100.0,36,100.0,2.0,1.5,true,64.54874262406778,5
64,100.0,36,100.0,2.5,1.5,true,64.54874262406778,5
64,100.0,36,100.0,0.5,2.0,true,54.72781330490579,5
64,100.0,36,100.0,1.0,2.0,true,54.72781330490579,5
64,100.0,36,100.0,1.5,2.0,true,54.72781330490579,5
64,100.0,36,100.0,2.0,2.0,true,54.72781330490579,5
64,100.0,36,100.0,2.5,2.0,true,54.72781330490579,5
64,100.0,36,100.0,0.5,2.5,true,48.15331483256193,5
64,100.0,36,100.0,1.0,2.5,true,48.15331483256193,5
64,100.0,36,100.0,1.5,2.5,true,48.15331483256193,5
64,100.0,36,100.0,2.0,2.5,true,48.15331483256193,5
64,100.0,36,100.0,2.5,2.5,true,48.15331483256193,5
64,100.0,36,100.0,0.5,3.0,true,48.15331483256193,5
64,100.0,36,100.0,1.0,3.0,true,48.15331483256193,5
64,100.0,36,100.0,1.5,3.0,true,48.15331483256193,5
64,100.0,36,100.0,2.0,3.0,true,48.15331483256193,5
64,100.0,36,100.0,2.5,3.0,true,48.15331483256193,5
64,100.0,36,100.0,0.5,3.5,true,48.15331483256193,5
64,100.0,36,100.0,1.0,3.5,true,48.15331483256193,5
64,100.0,36,100.0,1.5,3.5,true,48.15331483256193,5
64,100.0,36,100.0,2.0,3.5,true,48.15331483256193,5
64,100.0,36,100.0,2.5,3.5,true,48.15331483256193,5
64,100.0,36,100.0,0.5,4.0,true,48.15331483256193,5
64,100.0,36,100.0,1.0,4.0,true,48.15331483256193,5
64,100.0,36,100.0,1.5,4.0,true,48.15331483256193,5
64,100.0,36,100.0,2.0,4.0,true,48.15331483256193,5
64,100.0,36,100.0,2.5,4.0,true,48.15331483256193,5
64,100.0,12,125.0,0.5,1.0,true,66.0,5
64,100.0,12,125.0,1.0,1.0,true,52.540842681970865,5
64,100.0,12,125.0,1.5,1.0,true,52.540842681970865,5
64,100.0,12,125.0,2.0,1.0,true,52.540842681970865,5
64,100.0,12,125.0,2.5,1.0,true,52.540842681970865,5
64,100.0,12,125.0,0.5,1.5,true,52.540842681970865,5
64,100.0,12,125.0,1.0,1.5,true,52.540842681970865,5
64,100.0,12,125.0,1.5,1.5,true,52.540842681970865,5
64,100.0,12,125.0,2.0,1.5,true,52.540842681970865,5
64,100.0,12,125.0,2.5,1.5,true,52.540842681970865,5
64,100.0,12,125.0,0.5,2.0,true,52.540842681970865,5
64,100.0,12,125.0,1.0,2.0,true,52.540842681970865,5
64,100.0,12,125.0,1.5,2.0,true,52.540842681970865,5
64,100.0,12,125.0,2.0,2.0,true,52.540842681970865,5
64,100.0,12,125.0,2.5,2.0,true,52.540842681970865,5
64,100.0,12,125.0,0.5,2.5,true,52.540842681970865,5
64,100.0,12,125.0,1.0,2.5,true,52.540842681970865,5
64,100.0,12,125.0,1.5,2.5,true,52.540842681970865,5
64,100.0,12,125.0,2.0,2.5,true,52.540842681970865,5
64,100.0,12,125.0,2.5,2.5,true,52.540842681970865,5
64,100.0,12,125.0,0.5,3.0,true,52.540842681970865,5
64,100.0,12,125.0,1.0,3.0,true,52.540842681970865,5
64,100.0,12,125.0,1.5,3.0,true,52.540842681970865,5
64,100.0,12,125.0,2.0,3.0,true,52.540842681970865,5
64,100.0,12,125.0,2.5,3.0,true,52.540842681970865,5
64,100.0,12,125.0,0.5,3.5,true,52.540842681970865,5
64,100.0,12,125.0,1.0,3.5,true,52.540842681970865,5
64,100.0,12,125.0,1.5,3.5,true,52.540842681970865,5
64,100.0,12,125.0,2.0,3.5,true,52.540842681970865,5
64,100.0,12,125.0,2.5,3.5,true,52.540842681970865,5
64,100.0,12,125.0,0.5,4.0,true,52.540842681970865,5
64,100.0,12,125.0,1.0,4.0,true,52.540842681970865,5
64,100.0,12,125.0,1.5,4.0,true,52.540842681970865,5
64,100.0,12,125.0,2.0,4.0,true,52.540842681970865,5
64,100.0,12,125.0,2.5,4.0,true,52.540842681970865,5
64,100.0,18,125.0,0.5,1.0,true,53.82892513523756,5
64,100.0,18,125.0,1.0,1.0,true,77.29272689179341,5
64,100.0,18,125.0,1.5,1.0,true,77.29272689179341,5
64,100.0,18,125.0,2.0,1.0,true,77.29272689179341,5
64,100.0,18,125.0,2.5,1.0,true,77.29272689179341,5
64,100.0,18,125.0,0.5,1.5,true,62.453061855417985,5
64,100.0,18,125.0,1.0,1.5,true,62.453061855417985,5
64,100.0,18,125.0,1.5,1.5,true,62.453061855417985,5
64,100.0,18,125.0,2.0,1.5,true,62.453061855417985,5
64,100.0,18,125.0,2.5,1.5,true,62.453061855417985,5
64,100.0,18,125.0,0.5,2.0,true,62.453061855417985,5
64,100.0,18,125.0,1.0,2.0,true,62.453061855417985,5
64,100.0,18,125.0,1.5,2.0,true,62.453061855417985,5
64,100.0,18,125.0,2.0,2.0,true,62.453061855417985,5
64,100.0,18,125.0,2.5,2.0,true,74.59397192779855,5
64,100.0,18,125.0,0.5,2.5,true,74.59397192779855,5
64,100.0,18,125.0,1.0,2.5,true,74.59397192779855,5
64,100.0,18,125.0,1.5,2.5,true,74.59397192779855,5
64,100.0,18,125.0,2.0,2.5,true,74.59397192779855,5
64,100.0,18,125.0,2.5,2.5,true,74.59397192779855,5
64,100.0,18,125.0,0.5,3.0,true,74.59397192779855,5
64,100.0,18,125.0,1.0,3.0,true,74.59397192779855,5
64,100.0,18,125.0,1.5,3.0,true,74.59397192779855,5
64,100.0,18,125.0,2.0,3.0,true,74.59397192779855,5
64,100.0,18,125.0,2.5,3.0,true,74.59397192779855,5
64,100.0,18,125.0,0.5,3.5,true,74.59397192779855,5
64,100.0,18,125.0,1.0,3.5,true,74.59397192779855,5
64,100.0,18,125.0,1.5,3.5,true,74.59397192779855,5
64,100.0,18,125.0,2.0,3.5,true,74.59397192779855,5
64,100.0,18,125.0,2.5,3.5,true,74.59397192779855,5
64,100.0,18,125.0,0.5,4.0,true,74.59397192779855,5
64,100.0,18,125.0,1.0,4.0,true,74.59397192779855,5
64,100.0,18,125.0,1.5,4.0,true,74.59397192779855,5
64,100.0,18,125.0,2.0,4.0,true,74.59397192779855,5
64,100.0,18,125.0,2.5,4.0,true,74.59397192779855,5
64,100.0,24,125.0,0.5,1.0,true,55.749266319773454,5
64,100.0,24,125.0,1.0,1.0,true,89.80498034507374,5
64,100.0,24,125.0,1.5,1.0,true,56.97739205112601,5
64,100.0,24,125.0,2.0,1.0,true,55.76204239176616,5
64,100.0,24,125.0,2.5,1.0,true,108.0,5
64,100.0,24,125.0,0.5,1.5,true,52.86322096586374,5
64,100.0,24,125.0,1.0,1.5,true,87.04871955437079,5
64,100.0,24,125.0,1.5,1.5,true,61.97568092051803,5
64,100.0,24,125.0,2.0,1.5,true,61.97568092051803,5
64,100.0,24,125.0,2.5,1.5,true,61.97568092051803,5
64,100.0,24,125.0,0.5,2.0,true,95.0,5
64,100.0,24,125.0,1.0,2.0,true,87.04871955437079,5
64,100.0,24,125.0,1.5,2.0,true,72.00457071372786,5
64,100.0,24,125.0,2.0,2.0,true,72.00457071372786,5
64,100.0,24,125.0,2.5,2.0,true,72.00457071372786,5
64,100.0,24,125.0,0.5,2.5,true,95.0,5
64,100.0,24,125.0,1.0,2.5,true,87.04871955437079,5
64,100.0,24,125.0,1.5,2.5,true,92.71147152737764,5
64,100.0,24,125.0,2.0,2.5,true,72.00457071372786,5
64,100.0,24,125.0,2.5,2.5,true,72.00457071372786,5
64,100.0,24,125.0,0.5,3.0,true,83.40483782058146,5
64,100.0,24,125.0,1.0,3.0,true,85.22086260509552,5
64,100.0,24,125.0,1.5,3.0,true,91.6734855342819,5
64,100.0,24,125.0,2.0,3.0,true,72.00457071372786,5
64,100.0,24,125.0,2.5,3.0,true,72.00457071372786,5
64,100.0,24,125.0,0.5,3.5,true,50.62771897994977,5
64,100.0,24,125.0,1.0,3.5,true,77.72463320645313,5
64,100.0,24,125.0,1.5,3.5,true,78.14402090732564,5
64,100.0,24,125.0,2.0,3.5,true,87.89774073414026,5
64,100.0,24,125.0,2.5,3.5,true,87.89774073414026,5
64,100.0,24,125.0,0.5,4.0,true,50.62771897994977,5
64,100.0,24,125.0,1.0,4.0,true,77.72463320645313,5
64,100.0,24,125.0,1.5,4.0,true,78.29042926830805,5
64,100.0,24,125.0,2.0,4.0,true,87.89774073414026,5
64,100.0,24,125.0,2.5,4.0,true,87.89774073414026,5
64,100.0,30,125.0,0.5,1.0,true,68.0,5
64,100.0,30,125.0,1.0,1.0,true,68.0,5
64,100.0,30,125.0,1.5,1.0,true,78.0,5
64,100.0,30,125.0,2.0,1.0,true,78.0,5
64,100.0,30,125.0,2.5,1.0,true,77.84345985908794,5
64,100.0,30,125.0,0.5,1.5,true,61.43720690968154,5
64,100.0,30,125.0,1.0,1.5,true,61.43720690968154,5
64,100.0,30,125.0,1.5,1.5,true,61.43720690968154,5
64,100.0,30,125.0,2.0,1.5,true,61.43720690968154,5
64,100.0,30,125.0,2.5,1.5,true,64.0,5
64,100.0,30,125.0,0.5,2.0,true,62.38758799680039,5
64,100.0,30,125.0,1.0,2.0,true,62.38758799680039,5
64,100.0,30,125.0,1.5,2.0,true,64.60037692533912,5
64,100.0,30,125.0,2.0,2.0,true,64.60037692533912,5
64,100.0,30,125.0,2.5,2.0,true,64.60037692533912,5
64,100.0,30,125.0,0.5,2.5,true,61.95210948629938,5
64,100.0,30,125.0,1.0,2.5,true,62.38758799680039,5
64,100.0,30,125.0,1.5,2.5,true,64.60037692533912,5
64,100.0,30,125.0,2.0,2.5,true,64.60037692533912,5
64,100.0,30,125.0,2.5,2.5,true,64.60037692533912,5
64,100.0,30,125.0,0.5,3.0,true,61.95210948629938,5
64,100.0,30,125.0,1.0,3.0,true,62.38758799680039,5
64,100.0,30,125.0,1.5,3.0,true,64.60037692533912,5
64,100.0,30,125.0,2.0,3.0,true,64.60037692533912,5
64,100.0,30,125.0,2.5,3.0,true,64.60037692533912,5
64,100.0,30,125.0,0.5,3.5,true,61.95210948629938,5
64,100.0,30,125.0,1.0,3.5,true,62.38758799680039,5
64,100.0,30,125.0,1.5,3.5,true,64.60037692533912,5
64,100.0,30,125.0,2.0,3.5,true,64.60037692533912,5
64,100.0,30,125.0,2.5,3.5,true,64.60037692533912,5
64,100.0,30,125.0,0.5,4.0,true,61.95210948629938,5
64,100.0,30,125.0,1.0,4.0,true,62.0,5
64,100.0,30,125.0,1.5,4.0,true,64.67697529420863,5
64,100.0,30,125.0,2.0,4.0,true,64.67697529420863,5
64,100.0,30,125.0,2.5,4.0,true,69.9477438963147,5
64,100.0,36,125.0,0.5,1.0,true,118.83816794827527,5
64,100.0,36,125.0,1.0,1.0,true,78.0,5
64,100.0,36,125.0,1.5,1.0,true,78.0,5
64,100.0,36,125.0,2.0,1.0,true,55.692094362486785,5
64,100.0,36,125.0,2.5,1.0,true,55.692094362486785,5
64,100.0,36,125.0,0.5,1.5,true,77.93134404877942,5
64,100.0,36,125.0,1.0,1.5,true,78.0,5
64,100.0,36,125.0,1.5,1.5,true,78.0,5
64,100.0,36,125.0,2.0,1.5,true,78.0,5
64,100.0,36,125.0,2.5,1.5,true,78.0,5
64,100.0,36,125.0,0.5,2.0,true,96.9339071637699,5
64,100.0,36,125.0,1.0,2.0,true,96.9339071637699,5
64,100.0,36,125.0,1.5,2.0,true,96.9339071637699,5
64,100.0,36,125.0,2.0,2.0,true,96.9339071637699,5
64,100.0,36,125.0,2.5,2.0,true,96.9339071637699,5
64,100.0,36,125.0,0.5,2.5,true,96.9339071637699,5
64,100.0,36,125.0,1.0,2.5,true,90.23769232275437,5
64,100.0,36,125.0,1.5,2.5,true,90.23769232275437,5
64,100.0,36,125.0,2.0,2.5,true,120.53448633361869,5
64,100.0,36,125.0,2.5,2.5,true,90.08850914503792,5
64,100.0,36,125.0,0.5,3.0,true,155.0,5
64,100.0,36,125.0,1.0,3.0,true,62.937150118042865,5
64,100.0,36,125.0,1.5,3.0,true,62.937150118042865,5
64,100.0,36,125.0,2.0,3.0,true,62.937150118042865,5
64,100.0,36,125.0,2.5,3.0,true,62.937150118042865,5
64,100.0,36,125.0,0.5,3.5,true,62.937150118042865,5
64,100.0,36,125.0,1.0,3.5,true,62.937150118042865,5
64,100.0,36,125.0,1.5,3.5,true,62.937150118042865,5
64,100.0,36,125.0,2.0,3.5,true,62.937150118042865,5
64,100.0,36,125.0,2.5,3.5,true,62.937150118042865,5
64,100.0,36,125.0,0.5,4.0,true,62.937150118042865,5
64,100.0,36,125.0,1.0,4.0,true,62.937150118042865,5
64,100.0,36,125.0,1.5,4.0,true,62.937150118042865,5
64,100.0,36,125.0,2.0,4.0,true,62.937150118042865,5
64,100.0,36,125.0,2.5,4.0,true,62.937150118042865,5
64,100.0,12,150.0,0.5,1.0,true,74.68387671478891,5
64,100.0,12,150.0,1.0,1.0,true,74.68387671478891,5
64,100.0,12,150.0,1.5,1.0,true,74.68387671478891,5
64,100.0,12,150.0,2.0,1.0,true,74.68387671478891,5
64,100.0,12,150.0,2.5,1.0,true,74.68387671478891,5
64,100.0,12,150.0,0.5,1.5,true,78.97687282131726,5
64,100.0,12,150.0,1.0,1.5,true,78.97687282131726,5
64,100.0,12,150.0,1.5,1.5,true,78.97687282131726,5
64,100.0,12,150.0,2.0,1.5,true,78.97687282131726,5
64,100.0,12,150.0,2.5,1.5,true,78.97687282131726,5
64,100.0,12,150.0,0.5,2.0,true,78.97687282131726,5
64,100.0,12,150.0,1.0,2.0,true,78.97687282131726,5
64,100.0,12,150.0,1.5,2.0,true,78.97687282131726,5
64,100.0,12,150.0,2.0,2.0,true,78.97687282131726,5
64,100.0,12,150.0,2.5,2.0,true,78.97687282131726,5
64,100.0,12,150.0,0.5,2.5,true,78.97687282131726,5
64,100.0,12,150.0,1.0,2.5,true,78.97687282131726,5
64,100.0,12,150.0,1.5,2.5,true,78.97687282131726,5
64,100.0,12,150.0,2.0,2.5,true,78.97687282131726,5
64,100.0,12,150.0,2.5,2.5,true,78.97687282131726,5
64,100.0,12,150.0,0.5,3.0,true,78.97687282131726,5
64,100.0,12,150.0,1.0,3.0,true,78.97687282131726,5
64,100.0,12,150.0,1.5,3.0,true,78.97687282131726,5
64,100.0,12,150.0,2.0,3.0,true,78.97687282131726,5
64,100.0,12,150.0,2.5,3.0,true,78.97687282131726,5
64,100.0,12,150.0,0.5,3.5,true,78.97687282131726,5
64,100.0,12,150.0,1.0,3.5,true,78.97687282131726,5
64,100.0,12,150.0,1.5,3.5,true,78.97687282131726,5
64,100.0,12,150.0,2.0,3.5,true,78.97687282131726,5
64,100.0,12,150.0,2.5,3.5,true,78.97687282131726,5
64,100.0,12,150.0,0.5,4.0,true,78.97687282131726,5
64,100.0,12,150.0,1.0,4.0,true,78.97687282131726,5
64,100.0,12,150.0,1.5,4.0,true,78.97687282131726,5
64,100.0,12,150.0,2.0,4.0,true,78.97687282131726,5
64,100.0,12,150.0,2.5,4.0,true,78.97687282131726,5
64,100.0,18,150.0,0.5,1.0,false,NaN,4
64,100.0,18,150.0,1.0,1.0,true,71.0,5
64,100.0,18,150.0,1.5,1.0,true,71.0,5
64,100.0,18,150.0,2.0,1.0,true,101.36216585949249,5
64,100.0,18,150.0,2.5,1.0,true,101.36216585949249,5
64,100.0,18,150.0,0.5,1.5,true,144.32056659195254,5
64,100.0,18,150.0,1.0,1.5,true,67.63762393888935,5
64,100.0,18,150.0,1.5,1.5,true,67.63762393888935,5
64,100.0,18,150.0,2.0,1.5,true,99.34583260099576,5
64,100.0,18,150.0,2.5,1.5,true,99.34583260099576,5
64,100.0,18,150.0,0.5,2.0,true,142.16905851770795,5
64,100.0,18,150.0,1.0,2.0,true,57.81951280609308,5
64,100.0,18,150.0,1.5,2.0,true,57.81951280609308,5
64,100.0,18,150.0,2.0,2.0,true,84.33686954922057,5
64,100.0,18,150.0,2.5,2.0,true,84.33686954922057,5
64,100.0,18,150.0,0.5,2.5,true,57.81951280609308,5
64,100.0,18,150.0,1.0,2.5,true,57.81951280609308,5
64,100.0,18,150.0,1.5,2.5,true,61.53104989139477,5
64,100.0,18,150.0,2.0,2.5,true,61.53104989139477,5
64,100.0,18,150.0,2.5,2.5,true,61.53104989139477,5
64,100.0,18,150.0,0.5,3.0,true,57.81951280609308,5
64,100.0,18,150.0,1.0,3.0,true,57.81951280609308,5
64,100.0,18,150.0,1.5,3.0,true,61.53104989139477,5
64,100.0,18,150.0,2.0,3.0,true,61.53104989139477,5
64,100.0,18,150.0,2.5,3.0,true,61.53104989139477,5
64,100.0,18,150.0,0.5,3.5,true,57.81951280609308,5
64,100.0,18,150.0,1.0,3.5,true,57.81951280609308,5
64,100.0,18,150.0,1.5,3.5,true,61.53104989139477,5
64,100.0,18,150.0,2.0,3.5,true,61.53104989139477,5
64,100.0,18,150.0,2.5,3.5,true,61.53104989139477,5
64,100.0,18,150.0,0.5,4.0,true,57.81951280609308,5
64,100.0,18,150.0,1.0,4.0,true,57.81951280609308,5
64,100.0,18,150.0,1.5,4.0,true,61.53104989139477,5
64,100.0,18,150.0,2.0,4.0,true,61.53104989139477,5
64,100.0,18,150.0,2.5,4.0,true,61.53104989139477,5
64,100.0,24,150.0,0.5,1.0,true,134.5592597863377,5
64,100.0,24,150.0,1.0,1.0,true,152.42978454480283,5
64,100.0,24,150.0,1.5,1.0,true,142.70708229254146,5
64,100.0,24,150.0,2.0,1.0,true,142.70708229254146,5
64,100.0,24,150.0,2.5,1.0,true,144.79222976660543,5
64,100.0,24,150.0,0.5,1.5,true,115.78784306564356,5
64,100.0,24,150.0,1.0,1.5,true,133.37373058873985,5
64,100.0,24,150.0,1.5,1.5,true,141.57587365372063,5
64,100.0,24,150.0,2.0,1.5,false,NaN,4
64,100.0,24,150.0,2.5,1.5,true,151.84144640208166,5
64,100.0,24,150.0,0.5,2.0,true,145.31594667633482,5
64,100.0,24,150.0,1.0,2.0,true,137.3983742781834,5
64,100.0,24,150.0,1.5,2.0,true,141.57587365372063,5
64,100.0,24,150.0,2.0,2.0,true,129.3787797758604,5
64,100.0,24,150.0,2.5,2.0,true,151.84144640208166,5
64,100.0,24,150.0,0.5,2.5,true,152.8469995731597,5
64,100.0,24,150.0,1.0,2.5,true,120.0,5
64,100.0,24,150.0,1.5,2.5,true,149.88423222643215,5
64,100.0,24,150.0,2.0,2.5,true,129.3787797758604,5
64,100.0,24,150.0,2.5,2.5,true,155.39483134826756,5
64,100.0,24,150.0,0.5,3.0,true,134.52834347535693,5
64,100.0,24,150.0,1.0,3.0,true,118.34919051903826,5
64,100.0,24,150.0,1.5,3.0,true,143.64837535784065,5
64,100.0,24,150.0,2.0,3.0,true,136.06469250088819,5
64,100.0,24,150.0,2.5,3.0,true,149.89244667291558,5
64,100.0,24,150.0,0.5,3.5,false,NaN,4
64,100.0,24,150.0,1.0,3.5,true,141.94283755982082,5
64,100.0,24,150.0,1.5,3.5,true,143.64837535784065,5
64,100.0,24,150.0,2.0,3.5,true,136.06469250088819,5
64,100.0,24,150.0,2.5,3.5,true,149.89244667291558,5
64,100.0,24,150.0,0.5,4.0,false,NaN,4
64,100.0,24,150.0,1.0,4.0,false,NaN,4
64,100.0,24,150.0,1.5,4.0,true,143.64837535784065,5
64,100.0,24,150.0,2.0,4.0,true,136.06469250088819,5
64,100.0,24,150.0,2.5,4.0,true,149.89244667291558,5
64,100.0,30,150.0,0.5,1.0,true,78.94525302646882,5
64,100.0,30,150.0,1.0,1.0,false,NaN,3
64,100.0,30,150.0,1.5,1.0,true,145.60303063516352,5
64,100.0,30,150.0,2.0,1.0,true,153.27626411398418,5
64,100.0,30,150.0,2.5,1.0,true,135.86201576151907,5
64,100.0,30,150.0,0.5,1.5,false,NaN,3
64,100.0,30,150.0,1.0,1.5,true,158.9856866755535,5
64,100.0,30,150.0,1.5,1.5,true,128.7737527457576,5
64,100.0,30,150.0,2.0,1.5,true,128.78787579232295,5
64,100.0,30,150.0,2.5,1.5,true,128.92862613943177,5
64,100.0,30,150.0,0.5,2.0,false,NaN,4
64,100.0,30,150.0,1.0,2.0,true,139.87691538363626,5
64,100.0,30,150.0,1.5,2.0,false,NaN,3
64,100.0,30,150.0,2.0,2.0,true,141.90468852532246,5
64,100.0,30,150.0,2.5,2.0,true,148.470988746741,5
64,100.0,30,150.0,0.5,2.5,false,NaN,4
64,100.0,30,150.0,1.0,2.5,true,136.13297904195647,5
64,100.0,30,150.0,1.5,2.5,false,NaN,4
64,100.0,30,150.0,2.0,2.5,false,NaN,4
64,100.0,30,150.0,2.5,2.5,false,NaN,4
64,100.0,30,150.0,0.5,3.0,false,NaN,3
64,100.0,30,150.0,1.0,3.0,false,NaN,4
64,100.0,30,150.0,1.5,3.0,true,151.87545355173273,5
64,100.0,30,150.0,2.0,3.0,true,130.69323404869994,5
64,100.0,30,150.0,2.5,3.0,true,146.79315802830305,5
64,100.0,30,150.0,0.5,3.5,false,NaN,3
64,100.0,30,150.0,1.0,3.5,true,139.69112985476042,5
64,100.0,30,150.0,1.5,3.5,true,139.91172932690128,5
64,100.0,30,150.0,2.0,3.5,false,NaN,4
64,100.0,30,150.0,2.5,3.5,false,NaN,4
64,100.0,30,150.0,0.5,4.0,false,NaN,3
64,100.0,30,150.0,1.0,4.0,true,144.19236396745134,5
64,100.0,30,150.0,1.5,4.0,true,144.39113632792512,5
64,100.0,30,150.0,2.0,4.0,false,NaN,4
64,100.0,30,150.0,2.5,4.0,true,115.23217086154246,5
64,100.0,36,150.0,0.5,1.0,true,128.50678427587056,5
64,100.0,36,150.0,1.0,1.0,true,103.05313583910953,5
64,100.0,36,150.0,1.5,1.0,true,48.97761592811898,5
64,100.0,36,150.0,2.0,1.0,true,48.97761592811898,5
64,100.0,36,150.0,2.5,1.0,true,48.97761592811898,5
64,100.0,36,150.0,0.5,1.5,true,70.10371741958862,5
64,100.0,36,150.0,1.0,1.5,true,61.16712634741277,5
64,100.0,36,150.0,1.5,1.5,true,56.345220912549195,5
64,100.0,36,150.0,2.0,1.5,true,56.345220912549195,5
64,100.0,36,150.0,2.5,1.5,true,56.345220912549195,5
64,100.0,36,150.0,0.5,2.0,true,69.54263966767074,5
64,100.0,36,150.0,1.0,2.0,true,61.16712634741277,5
64,100.0,36,150.0,1.5,2.0,true,58.915007962036604,5
64,100.0,36,150.0,2.0,2.0,true,58.915007962036604,5
64,100.0,36,150.0,2.5,2.0,true,58.915007962036604,5
64,100.0,36,150.0,0.5,2.5,true,69.58299935293677,5
64,100.0,36,150.0,1.0,2.5,true,61.16712634741277,5
64,100.0,36,150.0,1.5,2.5,true,59.98946442267021,5
64,100.0,36,150.0,2.0,2.5,true,59.98946442267021,5
64,100.0,36,150.0,2.5,2.5,true,59.98946442267021,5
64,100.0,36,150.0,0.5,3.0,true,69.58299935293677,5
64,100.0,36,150.0,1.0,3.0,true,60.13018047403684,5
64,100.0,36,150.0,1.5,3.0,true,60.0,5
64,100.0,36,150.0,2.0,3.0,true,60.0,5
64,100.0,36,150.0,2.5,3.0,true,60.0,5
64,100.0,36,150.0,0.5,3.5,true,69.58299935293677,5
64,100.0,36,150.0,1.0,3.5,true,60.13018047403684,5
64,100.0,36,150.0,1.5,3.5,true,60.0,5
64,100.0,36,150.0,2.0,3.5,true,60.0,5
64,100.0,36,150.0,2.5,3.5,true,60.0,5
64,100.0,36,150.0,0.5,4.0,true,84.45645268902594,5
64,100.0,36,150.0,1.0,4.0,true,60.13018047403684,5
64,100.0,36,150.0,1.5,4.0,true,61.0,5
64,100.0,36,150.0,2.0,4.0,true,61.0,5
64,100.0,36,150.0,2.5,4.0,true,61.0,5
