seed,sensorRange,acoCandidateCount,acoStepLength,acoAlpha,acoBeta,converged,convergenceTime,victimsFound
40,100.0,20,50.0,2.0,1.0,false,NaN,4
40,100.0,20,50.0,2.0,1.5,false,NaN,3
40,100.0,20,50.0,1.0,2.0,false,NaN,2
40,100.0,20,50.0,1.5,1.5,false,NaN,3
40,100.0,20,50.0,1.5,1.0,false,NaN,3
40,100.0,20,50.0,1.0,1.0,false,NaN,4
40,100.0,25,50.0,2.0,1.5,false,NaN,3
40,100.0,25,50.0,1.5,2.0,false,NaN,2
40,100.0,25,50.0,1.0,1.5,false,NaN,3
40,100.0,25,50.0,1.0,2.0,false,NaN,3
40,100.0,20,50.0,2.0,2.0,false,NaN,2
40,100.0,25,50.0,1.5,1.0,false,NaN,4
40,100.0,25,50.0,2.0,2.0,false,NaN,3
40,100.0,20,50.0,1.5,2.0,false,NaN,3
40,100.0,25,50.0,2.0,1.0,false,NaN,3
40,100.0,20,50.0,1.0,1.5,false,NaN,3
40,100.0,25,50.0,1.5,1.5,false,NaN,3
40,100.0,25,50.0,1.0,1.0,false,NaN,3
40,100.0,30,50.0,1.0,1.0,false,NaN,2
40,100.0,30,50.0,1.5,1.0,false,NaN,3
40,100.0,30,50.0,2.0,1.0,false,NaN,3
40,100.0,30,50.0,1.0,1.5,false,NaN,4
40,100.0,30,50.0,2.0,1.5,false,NaN,3
40,100.0,30,50.0,2.0,2.0,false,NaN,2
40,100.0,30,50.0,1.5,1.5,false,NaN,2
40,100.0,30,50.0,1.0,2.0,false,NaN,4
40,100.0,20,100.0,1.0,1.0,false,NaN,4
40,100.0,20,100.0,1.0,1.5,false,NaN,3
40,100.0,20,100.0,2.0,1.0,false,NaN,4
40,100.0,30,50.0,1.5,2.0,false,NaN,3
40,100.0,20,100.0,2.0,1.5,false,NaN,3
40,100.0,20,100.0,1.5,1.0,false,NaN,4
40,100.0,20,100.0,1.0,2.0,false,NaN,4
40,100.0,20,100.0,1.5,2.0,false,NaN,3
40,100.0,20,100.0,1.5,1.5,false,NaN,3
40,100.0,20,100.0,2.0,2.0,false,NaN,3
40,100.0,25,100.0,1.5,1.0,false,NaN,4
40,100.0,25,100.0,1.0,1.0,false,NaN,4
40,100.0,25,100.0,2.0,1.0,false,NaN,3
40,100.0,25,100.0,1.0,1.5,false,NaN,2
40,100.0,25,100.0,1.5,1.5,false,NaN,2
40,100.0,25,100.0,2.0,1.5,false,NaN,2
40,100.0,25,100.0,1.0,2.0,false,NaN,2
40,100.0,25,100.0,2.0,2.0,false,NaN,2
40,100.0,30,100.0,1.5,1.0,false,NaN,4
40,100.0,30,100.0,2.0,1.0,false,NaN,3
40,100.0,25,100.0,1.5,2.0,false,NaN,2
40,100.0,30,100.0,1.5,1.5,false,NaN,4
40,100.0,30,100.0,1.0,1.0,false,NaN,4
40,100.0,30,100.0,2.0,1.5,false,NaN,4
40,100.0,30,100.0,1.0,2.0,false,NaN,3
40,100.0,30,100.0,1.0,1.5,false,NaN,4
40,100.0,30,100.0,2.0,2.0,false,NaN,2
40,100.0,30,100.0,1.5,2.0,false,NaN,4
40,100.0,20,150.0,1.0,1.0,false,NaN,4
40,100.0,20,150.0,2.0,1.0,false,NaN,4
40,100.0,20,150.0,1.5,1.0,false,NaN,4
40,100.0,20,150.0,1.5,2.0,false,NaN,3
40,100.0,20,150.0,2.0,1.5,false,NaN,4
40,100.0,25,150.0,1.0,1.0,false,NaN,4
40,100.0,20,150.0,1.5,1.5,false,NaN,4
40,100.0,25,150.0,1.5,1.0,false,NaN,4
40,100.0,20,150.0,1.0,1.5,false,NaN,4
40,100.0,25,150.0,1.5,1.5,false,NaN,4
40,100.0,25,150.0,1.0,1.5,false,NaN,4
40,100.0,20,150.0,2.0,2.0,false,NaN,3
40,100.0,20,150.0,1.0,2.0,false,NaN,4
40,100.0,25,150.0,2.0,1.5,false,NaN,4
40,100.0,30,150.0,1.0,1.0,false,NaN,3
40,100.0,25,150.0,1.5,2.0,false,NaN,4
40,100.0,25,150.0,1.0,2.0,false,NaN,4
40,100.0,30,150.0,1.5,1.0,false,NaN,4
40,100.0,25,150.0,2.0,1.0,false,NaN,4
40,100.0,25,150.0,2.0,2.0,false,NaN,4
40,100.0,30,150.0,2.0,1.0,false,NaN,4
40,100.0,30,150.0,1.5,1.5,false,NaN,4
40,100.0,30,150.0,1.0,1.5,false,NaN,4
40,100.0,30,150.0,1.0,2.0,false,NaN,4
40,100.0,30,150.0,2.0,1.5,false,NaN,4
41,100.0,20,50.0,1.0,1.0,false,NaN,1
41,100.0,20,50.0,2.0,1.0,false,NaN,2
41,100.0,20,50.0,1.5,1.0,false,NaN,2
41,100.0,20,50.0,1.0,1.5,false,NaN,1
41,100.0,20,50.0,1.5,1.5,false,NaN,3
41,100.0,20,50.0,1.0,2.0,false,NaN,1
41,100.0,20,50.0,1.5,2.0,false,NaN,3
41,100.0,20,50.0,2.0,2.0,false,NaN,2
41,100.0,25,50.0,1.5,1.0,false,NaN,2
41,100.0,25,50.0,2.0,1.0,false,NaN,2
41,100.0,25,50.0,1.0,1.0,false,NaN,2
41,100.0,25,50.0,1.0,1.5,false,NaN,1
40,100.0,30,150.0,1.5,2.0,false,NaN,4
41,100.0,25,50.0,1.5,1.5,false,NaN,1
41,100.0,25,50.0,1.0,2.0,false,NaN,2
40,100.0,30,150.0,2.0,2.0,false,NaN,4
41,100.0,25,50.0,1.5,2.0,false,NaN,0
41,100.0,25,50.0,2.0,1.5,false,NaN,1
41,100.0,25,50.0,2.0,2.0,false,NaN,2
41,100.0,30,50.0,1.0,1.0,false,NaN,2
41,100.0,20,50.0,2.0,1.5,false,NaN,2
41,100.0,20,100.0,2.0,1.0,true,60.66606560768372,5
41,100.0,30,50.0,1.0,1.5,false,NaN,2
41,100.0,30,50.0,2.0,1.0,false,NaN,2
41,100.0,20,100.0,1.0,1.5,true,68.06861275374561,5
41,100.0,30,50.0,1.5,1.0,false,NaN,1
41,100.0,20,100.0,1.5,1.5,true,61.246763049920375,5
41,100.0,30,50.0,1.5,2.0,false,NaN,1
41,100.0,30,50.0,2.0,1.5,false,NaN,3
41,100.0,20,100.0,1.5,1.0,false,NaN,4
41,100.0,30,50.0,2.0,2.0,false,NaN,1
41,100.0,20,100.0,2.0,1.5,true,61.246763049920375,5
41,100.0,20,100.0,1.0,2.0,true,46.74227683430648,5
41,100.0,30,50.0,1.5,1.5,false,NaN,2
41,100.0,20,100.0,1.5,2.0,true,46.74227683430648,5
41,100.0,30,50.0,1.0,2.0,false,NaN,1
41,100.0,20,100.0,2.0,2.0,true,46.74227683430648,5
41,100.0,25,100.0,2.0,1.0,true,47.73175720280938,5
41,100.0,25,100.0,1.0,1.5,true,47.73175720280938,5
41,100.0,25,100.0,1.0,1.0,true,47.73175720280938,5
41,100.0,20,100.0,1.0,1.0,false,NaN,4
41,100.0,25,100.0,1.5,1.0,true,47.73175720280938,5
41,100.0,25,100.0,2.0,1.5,true,47.73175720280938,5
41,100.0,25,100.0,1.5,1.5,true,47.73175720280938,5
41,100.0,25,100.0,2.0,2.0,true,47.73175720280938,5
41,100.0,25,100.0,1.0,2.0,true,47.73175720280938,5
41,100.0,25,100.0,1.5,2.0,true,47.73175720280938,5
41,100.0,30,100.0,1.0,1.0,true,56.14982969034939,5
41,100.0,30,100.0,1.5,1.0,true,55.87605408783583,5
41,100.0,30,100.0,1.0,1.5,true,61.25971596405235,5
41,100.0,30,100.0,2.0,1.0,true,64.18948022883542,5
41,100.0,30,100.0,1.5,1.5,true,86.75979384621208,5
41,100.0,30,100.0,2.0,1.5,true,86.75979384621208,5
41,100.0,30,100.0,2.0,2.0,true,72.43595955684945,5
41,100.0,20,150.0,1.0,1.0,true,91.39282658147395,5
41,100.0,30,100.0,1.0,2.0,false,NaN,4
41,100.0,20,150.0,1.0,1.5,true,91.39282658147395,5
41,100.0,20,150.0,2.0,1.0,false,NaN,2
41,100.0,30,100.0,1.5,2.0,false,NaN,4
41,100.0,20,150.0,1.5,1.0,false,NaN,2
41,100.0,20,150.0,1.0,2.0,true,91.39282658147395,5
41,100.0,20,150.0,2.0,1.5,false,NaN,3
41,100.0,20,150.0,1.5,1.5,false,NaN,3
41,100.0,20,150.0,1.5,2.0,false,NaN,3
41,100.0,25,150.0,1.0,1.0,true,90.74996813267528,5
41,100.0,25,150.0,1.5,1.0,true,96.12502110525101,5
41,100.0,25,150.0,1.0,1.5,true,90.94988288370557,5
41,100.0,25,150.0,2.0,1.0,false,NaN,2
41,100.0,20,150.0,2.0,2.0,false,NaN,4
41,100.0,25,150.0,2.0,1.5,true,90.10292768006825,5
41,100.0,25,150.0,1.5,1.5,true,90.10292768006825,5
41,100.0,25,150.0,2.0,2.0,true,90.10292768006825,5
41,100.0,25,150.0,1.0,2.0,false,NaN,4
41,100.0,25,150.0,1.5,2.0,true,90.10292768006825,5
41,100.0,30,150.0,1.0,1.0,false,NaN,3
41,100.0,30,150.0,1.5,1.5,false,NaN,4
41,100.0,30,150.0,1.5,1.0,false,NaN,4
41,100.0,30,150.0,1.0,1.5,false,NaN,3
41,100.0,30,150.0,2.0,1.5,false,NaN,4
41,100.0,30,150.0,2.0,1.0,false,NaN,4
41,100.0,30,150.0,1.0,2.0,false,NaN,4
42,100.0,20,50.0,1.5,1.0,false,NaN,3
41,100.0,30,150.0,1.5,2.0,false,NaN,4
42,100.0,20,50.0,1.0,1.0,false,NaN,3
42,100.0,20,50.0,1.0,1.5,false,NaN,3
41,100.0,30,150.0,2.0,2.0,false,NaN,4
42,100.0,20,50.0,2.0,1.0,false,NaN,2
42,100.0,20,50.0,2.0,1.5,false,NaN,4
42,100.0,20,50.0,1.0,2.0,false,NaN,2
42,100.0,20,50.0,2.0,2.0,true,93.85809477854514,5
42,100.0,25,50.0,1.0,1.0,false,NaN,4
42,100.0,20,50.0,1.5,1.5,false,NaN,2
42,100.0,25,50.0,2.0,1.0,false,NaN,4
42,100.0,20,50.0,1.5,2.0,false,NaN,1
42,100.0,25,50.0,2.0,1.5,false,NaN,2
42,100.0,25,50.0,1.0,1.5,false,NaN,3
42,100.0,25,50.0,1.5,1.5,false,NaN,3
42,100.0,25,50.0,1.0,2.0,false,NaN,2
42,100.0,25,50.0,2.0,2.0,false,NaN,3
42,100.0,30,50.0,1.0,1.0,false,NaN,3
42,100.0,25,50.0,1.5,1.0,false,NaN,3
42,100.0,30,50.0,2.0,1.0,false,NaN,3
42,100.0,30,50.0,1.5,1.0,false,NaN,3
42,100.0,20,100.0,1.5,1.0,true,37.104732803325234,5
42,100.0,20,100.0,2.0,1.0,true,37.104732803325234,5
42,100.0,25,50.0,1.5,2.0,false,NaN,3
42,100.0,20,100.0,1.0,1.0,true,58.41908508312183,5
42,100.0,30,50.0,1.0,1.5,false,NaN,1
42,100.0,30,50.0,2.0,1.5,false,NaN,3
42,100.0,30,50.0,1.0,2.0,true,89.06299754329696,5
42,100.0,20,100.0,1.0,1.5,true,62.93895287986326,5
42,100.0,30,50.0,2.0,2.0,false,NaN,4
42,100.0,30,50.0,1.5,2.0,false,NaN,4
42,100.0,30,50.0,1.5,1.5,false,NaN,2
42,100.0,25,100.0,1.0,1.0,true,47.770785940117726,5
42,100.0,20,100.0,1.5,2.0,false,NaN,2
42,100.0,20,100.0,1.0,2.0,false,NaN,3
42,100.0,20,100.0,2.0,1.5,false,NaN,2
42,100.0,20,100.0,2.0,2.0,false,NaN,2
42,100.0,25,100.0,2.0,1.0,false,NaN,4
42,100.0,20,100.0,1.5,1.5,false,NaN,2
42,100.0,25,100.0,1.0,1.5,false,NaN,4
42,100.0,30,100.0,1.5,1.0,true,44.1559652012468,5
42,100.0,30,100.0,2.0,1.0,true,44.1559652012468,5
42,100.0,30,100.0,1.0,1.5,true,44.1559652012468,5
42,100.0,25,100.0,1.5,1.0,false,NaN,4
42,100.0,30,100.0,1.5,1.5,true,44.1559652012468,5
42,100.0,25,100.0,2.0,1.5,false,NaN,4
42,100.0,25,100.0,1.5,1.5,false,NaN,4
42,100.0,25,100.0,1.0,2.0,false,NaN,4
42,100.0,25,100.0,1.5,2.0,false,NaN,4
42,100.0,30,100.0,2.0,1.5,true,44.1559652012468,5
42,100.0,30,100.0,1.0,2.0,true,44.1559652012468,5
42,100.0,30,100.0,1.5,2.0,true,44.1559652012468,5
42,100.0,30,100.0,2.0,2.0,true,44.1559652012468,5
42,100.0,20,150.0,1.0,1.5,true,47.40114271657211,5
42,100.0,20,150.0,1.5,1.0,true,47.40114271657211,5
42,100.0,25,100.0,2.0,2.0,false,NaN,4
42,100.0,20,150.0,1.0,2.0,true,47.40114271657211,5
42,100.0,20,150.0,2.0,1.0,true,47.40114271657211,5
42,100.0,20,150.0,1.5,1.5,true,47.40114271657211,5
42,100.0,20,150.0,1.5,2.0,true,47.40114271657211,5
42,100.0,20,150.0,2.0,1.5,true,47.40114271657211,5
42,100.0,20,150.0,1.0,1.0,true,70.42533639282452,5
42,100.0,20,150.0,2.0,2.0,true,47.40114271657211,5
42,100.0,30,100.0,1.0,1.0,false,NaN,4
42,100.0,25,150.0,1.0,2.0,true,54.42846574876971,5
42,100.0,25,150.0,2.0,2.0,true,54.42846574876971,5
42,100.0,25,150.0,1.5,1.5,true,62.918876439748715,5
42,100.0,25,150.0,1.5,2.0,true,54.42846574876971,5
42,100.0,30,150.0,2.0,1.0,true,58.37008992528801,5
42,100.0,30,150.0,1.5,1.0,true,58.37008992528801,5
42,100.0,30,150.0,1.0,1.0,true,67.23445306990695,5
42,100.0,30,150.0,1.0,1.5,true,58.37008992528801,5
42,100.0,25,150.0,1.5,1.0,false,NaN,4
42,100.0,25,150.0,2.0,1.5,true,62.918876439748715,5
42,100.0,25,150.0,2.0,1.0,false,NaN,4
42,100.0,25,150.0,1.0,1.5,false,NaN,4
42,100.0,30,150.0,1.5,1.5,true,58.37008992528801,5
42,100.0,30,150.0,1.0,2.0,true,58.37008992528801,5
42,100.0,25,150.0,1.0,1.0,false,NaN,4
42,100.0,30,150.0,2.0,1.5,true,78.52090603364348,5
42,100.0,30,150.0,2.0,2.0,true,78.52090603364348,5
43,100.0,20,50.0,1.0,1.0,false,NaN,3
42,100.0,30,150.0,1.5,2.0,true,78.52090603364348,5
43,100.0,20,50.0,1.0,1.5,false,NaN,3
43,100.0,20,50.0,1.5,1.5,false,NaN,3
43,100.0,20,50.0,1.0,2.0,false,NaN,3
43,100.0,20,50.0,1.5,1.0,false,NaN,3
43,100.0,20,50.0,2.0,1.0,false,NaN,4
43,100.0,20,50.0,1.5,2.0,false,NaN,3
43,100.0,25,50.0,1.0,1.0,false,NaN,3
43,100.0,25,50.0,2.0,1.0,false,NaN,3
43,100.0,20,50.0,2.0,1.5,false,NaN,3
43,100.0,25,50.0,1.0,2.0,false,NaN,4
43,100.0,25,50.0,1.5,1.5,false,NaN,3
43,100.0,25,50.0,1.5,2.0,false,NaN,3
43,100.0,25,50.0,2.0,1.5,false,NaN,4
43,100.0,25,50.0,2.0,2.0,false,NaN,3
43,100.0,25,50.0,1.0,1.5,false,NaN,4
43,100.0,20,50.0,2.0,2.0,false,NaN,3
43,100.0,25,50.0,1.5,1.0,false,NaN,4
43,100.0,30,50.0,1.5,1.0,false,NaN,3
43,100.0,30,50.0,1.0,1.0,false,NaN,3
43,100.0,30,50.0,2.0,1.0,false,NaN,3
43,100.0,30,50.0,1.0,1.5,false,NaN,3
43,100.0,30,50.0,1.5,1.5,false,NaN,3
43,100.0,30,50.0,1.0,2.0,false,NaN,3
43,100.0,30,50.0,1.5,2.0,false,NaN,4
43,100.0,30,50.0,2.0,2.0,false,NaN,3
43,100.0,20,100.0,1.5,1.0,false,NaN,3
43,100.0,20,100.0,1.0,1.0,false,NaN,3
43,100.0,30,50.0,2.0,1.5,false,NaN,3
43,100.0,20,100.0,2.0,1.5,false,NaN,3
43,100.0,20,100.0,2.0,1.0,false,NaN,3
43,100.0,20,100.0,1.5,2.0,false,NaN,4
43,100.0,20,100.0,1.0,1.5,false,NaN,3
43,100.0,20,100.0,1.0,2.0,false,NaN,4
43,100.0,20,100.0,1.5,1.5,false,NaN,3
43,100.0,20,100.0,2.0,2.0,false,NaN,4
43,100.0,25,100.0,1.0,1.0,false,NaN,4
43,100.0,25,100.0,1.5,1.0,false,NaN,3
43,100.0,25,100.0,2.0,1.0,false,NaN,3
43,100.0,25,100.0,1.5,1.5,false,NaN,3
43,100.0,25,100.0,1.0,1.5,false,NaN,3
43,100.0,25,100.0,2.0,1.5,false,NaN,3
43,100.0,25,100.0,1.5,2.0,false,NaN,3
43,100.0,25,100.0,2.0,2.0,false,NaN,4
43,100.0,30,100.0,1.0,1.0,false,NaN,4
43,100.0,25,100.0,1.0,2.0,false,NaN,3
43,100.0,30,100.0,2.0,1.0,false,NaN,3
43,100.0,30,100.0,1.5,1.5,false,NaN,4
43,100.0,30,100.0,2.0,1.5,false,NaN,4
43,100.0,30,100.0,1.0,2.0,false,NaN,3
43,100.0,30,100.0,1.5,2.0,false,NaN,3
43,100.0,30,100.0,1.5,1.0,false,NaN,3
43,100.0,30,100.0,1.0,1.5,false,NaN,4
43,100.0,30,100.0,2.0,2.0,false,NaN,3
43,100.0,20,150.0,1.0,1.0,false,NaN,4
43,100.0,20,150.0,1.5,1.0,false,NaN,4
43,100.0,20,150.0,2.0,1.0,false,NaN,4
43,100.0,20,150.0,1.5,1.5,false,NaN,4
43,100.0,20,150.0,1.0,1.5,false,NaN,4
43,100.0,25,150.0,1.0,1.0,false,NaN,3
43,100.0,20,150.0,1.0,2.0,false,NaN,4
43,100.0,20,150.0,2.0,1.5,false,NaN,4
43,100.0,25,150.0,1.5,1.0,false,NaN,3
43,100.0,20,150.0,1.5,2.0,false,NaN,4
43,100.0,25,150.0,1.5,1.5,false,NaN,3
43,100.0,25,150.0,2.0,1.5,false,NaN,3
43,100.0,20,150.0,2.0,2.0,false,NaN,4
43,100.0,25,150.0,2.0,1.0,false,NaN,3
43,100.0,25,150.0,1.0,1.5,false,NaN,3
43,100.0,25,150.0,1.0,2.0,false,NaN,3
43,100.0,25,150.0,1.5,2.0,false,NaN,3
43,100.0,25,150.0,2.0,2.0,false,NaN,3
43,100.0,30,150.0,1.0,1.0,false,NaN,4
43,100.0,30,150.0,1.5,1.0,false,NaN,4
43,100.0,30,150.0,1.0,1.5,false,NaN,3
43,100.0,30,150.0,1.5,1.5,false,NaN,4
43,100.0,30,150.0,2.0,1.0,false,NaN,4
43,100.0,30,150.0,2.0,1.5,false,NaN,4
43,100.0,30,150.0,1.5,2.0,false,NaN,4
43,100.0,30,150.0,1.0,2.0,false,NaN,4
43,100.0,30,150.0,2.0,2.0,false,NaN,4
44,100.0,20,50.0,2.0,1.0,true,88.25718094150473,5
44,100.0,20,50.0,1.5,1.0,false,NaN,4
44,100.0,20,50.0,1.0,1.0,false,NaN,3
44,100.0,20,50.0,1.0,1.5,false,NaN,3
44,100.0,20,50.0,1.5,1.5,false,NaN,4
44,100.0,20,50.0,1.0,2.0,false,NaN,4
44,100.0,20,50.0,2.0,1.5,false,NaN,4
44,100.0,25,50.0,1.5,1.0,false,NaN,4
44,100.0,20,50.0,2.0,2.0,false,NaN,3
44,100.0,25,50.0,1.0,1.5,false,NaN,3
44,100.0,25,50.0,2.0,1.0,false,NaN,3
44,100.0,25,50.0,1.5,1.5,true,95.88558618511598,5
44,100.0,25,50.0,2.0,1.5,false,NaN,3
44,100.0,20,50.0,1.5,2.0,false,NaN,4
44,100.0,25,50.0,1.0,1.0,false,NaN,4
44,100.0,30,50.0,1.5,1.0,true,73.94301103332482,5
44,100.0,25,50.0,2.0,2.0,false,NaN,4
44,100.0,30,50.0,2.0,2.0,true,50.575151385021364,5
44,100.0,30,50.0,2.0,1.5,true,66.2639452738516,5
44,100.0,30,50.0,1.0,1.0,false,NaN,4
44,100.0,20,100.0,1.0,1.0,true,40.15411055849793,5
44,100.0,25,50.0,1.5,2.0,true,94.54517435794055,5
44,100.0,20,100.0,1.0,1.5,true,28.68510968306706,5
44,100.0,25,50.0,1.0,2.0,false,NaN,4
44,100.0,20,100.0,1.5,1.5,true,28.68510968306706,5
44,100.0,20,100.0,1.0,2.0,true,23.087250376743455,5
44,100.0,20,100.0,2.0,1.5,true,28.68510968306706,5
44,100.0,20,100.0,1.5,1.0,true,49.20914686398119,5
44,100.0,20,100.0,1.5,2.0,true,23.087250376743455,5
44,100.0,20,100.0,2.0,2.0,true,23.087250376743455,5
44,100.0,30,50.0,1.5,1.5,false,NaN,4
44,100.0,30,50.0,1.0,1.5,false,NaN,4
44,100.0,20,100.0,2.0,1.0,true,49.20914686398119,5
44,100.0,30,50.0,1.0,2.0,false,NaN,4
44,100.0,25,100.0,1.0,1.0,true,22.2496507311654,5
44,100.0,30,50.0,1.5,2.0,false,NaN,4
44,100.0,30,50.0,2.0,1.0,false,NaN,4
44,100.0,25,100.0,1.5,1.0,true,22.2496507311654,5
44,100.0,25,100.0,2.0,1.0,true,22.2496507311654,5
44,100.0,25,100.0,1.0,1.5,true,22.2496507311654,5
44,100.0,25,100.0,1.5,1.5,true,22.2496507311654,5
44,100.0,25,100.0,2.0,1.5,true,22.2496507311654,5
44,100.0,25,100.0,1.0,2.0,true,22.2496507311654,5
44,100.0,25,100.0,2.0,2.0,true,22.2496507311654,5
44,100.0,30,100.0,1.5,1.0,true,22.218677764329804,5
44,100.0,30,100.0,2.0,1.0,true,22.218677764329804,5
44,100.0,25,100.0,1.5,2.0,true,22.2496507311654,5
44,100.0,30,100.0,1.0,1.0,true,22.218677764329804,5
44,100.0,30,100.0,2.0,1.5,true,22.218677764329804,5
44,100.0,30,100.0,1.5,1.5,true,22.218677764329804,5
44,100.0,30,100.0,1.0,1.5,true,22.218677764329804,5
44,100.0,30,100.0,1.0,2.0,true,22.218677764329804,5
44,100.0,30,100.0,2.0,2.0,true,22.218677764329804,5
44,100.0,30,100.0,1.5,2.0,true,22.218677764329804,5
44,100.0,20,150.0,1.0,1.0,true,31.878330889788547,5
44,100.0,20,150.0,1.0,1.5,true,31.878330889788547,5
44,100.0,20,150.0,1.5,1.0,true,31.878330889788547,5
44,100.0,20,150.0,2.0,1.5,true,31.878330889788547,5
44,100.0,20,150.0,1.5,1.5,true,31.878330889788547,5
44,100.0,20,150.0,2.0,1.0,true,31.878330889788547,5
44,100.0,20,150.0,1.0,2.0,true,31.878330889788547,5
44,100.0,20,150.0,2.0,2.0,true,31.878330889788547,5
44,100.0,20,150.0,1.5,2.0,true,31.878330889788547,5
44,100.0,25,150.0,1.5,1.0,true,35.27327803847707,5
44,100.0,25,150.0,1.0,1.0,true,35.27327803847707,5
44,100.0,25,150.0,1.5,1.5,true,42.86345138078812,5
44,100.0,25,150.0,2.0,1.5,true,42.86345138078812,5
44,100.0,25,150.0,2.0,1.0,true,42.86345138078812,5
44,100.0,25,150.0,1.0,1.5,true,42.86345138078812,5
44,100.0,25,150.0,1.0,2.0,true,43.56382241562867,5
44,100.0,25,150.0,2.0,2.0,true,42.86345138078812,5
44,100.0,25,150.0,1.5,2.0,true,42.86345138078812,5
44,100.0,30,150.0,1.0,2.0,true,65.80993817599283,5
44,100.0,30,150.0,1.0,1.0,true,83.28851529875077,5
44,100.0,30,150.0,2.0,1.5,true,77.25869916060232,5
44,100.0,30,150.0,1.5,1.0,true,76.68856931259664,5
44,100.0,30,150.0,1.5,1.5,false,NaN,4
45,100.0,20,50.0,1.5,1.0,false,NaN,1
44,100.0,30,150.0,1.5,2.0,false,NaN,4
44,100.0,30,150.0,1.0,1.5,false,NaN,4
44,100.0,30,150.0,2.0,2.0,false,NaN,4
44,100.0,30,150.0,2.0,1.0,false,NaN,4
45,100.0,20,50.0,2.0,1.0,false,NaN,1
45,100.0,20,50.0,1.0,1.5,false,NaN,0
45,100.0,20,50.0,2.0,1.5,false,NaN,0
45,100.0,20,50.0,1.5,2.0,false,NaN,2
45,100.0,20,50.0,1.5,1.5,false,NaN,0
45,100.0,20,50.0,1.0,1.0,false,NaN,1
45,100.0,20,50.0,1.0,2.0,false,NaN,0
45,100.0,25,50.0,1.0,1.0,false,NaN,3
45,100.0,25,50.0,2.0,1.0,false,NaN,0
45,100.0,20,50.0,2.0,2.0,false,NaN,1
45,100.0,25,50.0,1.5,1.0,false,NaN,2
45,100.0,25,50.0,1.5,1.5,false,NaN,0
45,100.0,25,50.0,1.0,1.5,false,NaN,1
45,100.0,25,50.0,1.0,2.0,false,NaN,1
45,100.0,25,50.0,1.5,2.0,false,NaN,0
45,100.0,25,50.0,2.0,2.0,false,NaN,0
45,100.0,30,50.0,1.0,1.0,false,NaN,0
45,100.0,30,50.0,1.5,1.5,false,NaN,1
45,100.0,25,50.0,2.0,1.5,false,NaN,0
45,100.0,30,50.0,1.0,1.5,false,NaN,2
45,100.0,30,50.0,2.0,1.5,false,NaN,3
45,100.0,30,50.0,1.5,2.0,false,NaN,2
45,100.0,30,50.0,2.0,1.0,false,NaN,0
45,100.0,30,50.0,1.5,1.0,false,NaN,1
45,100.0,30,50.0,2.0,2.0,false,NaN,0
45,100.0,30,50.0,1.0,2.0,false,NaN,0
45,100.0,20,100.0,1.5,1.0,false,NaN,4
45,100.0,20,100.0,2.0,1.0,false,NaN,4
45,100.0,20,100.0,1.0,1.5,false,NaN,4
45,100.0,20,100.0,1.0,1.0,false,NaN,4
45,100.0,20,100.0,1.5,1.5,false,NaN,4
45,100.0,20,100.0,2.0,1.5,false,NaN,4
45,100.0,20,100.0,1.5,2.0,false,NaN,4
45,100.0,20,100.0,2.0,2.0,false,NaN,4
45,100.0,25,100.0,1.0,1.0,false,NaN,4
45,100.0,25,100.0,1.0,1.5,false,NaN,4
45,100.0,20,100.0,1.0,2.0,false,NaN,4
45,100.0,25,100.0,1.0,2.0,false,NaN,4
45,100.0,25,100.0,2.0,1.5,false,NaN,4
45,100.0,25,100.0,1.5,1.5,false,NaN,4
45,100.0,30,100.0,1.0,1.0,false,NaN,4
45,100.0,25,100.0,1.5,2.0,false,NaN,4
45,100.0,25,100.0,1.5,1.0,false,NaN,4
45,100.0,25,100.0,2.0,1.0,false,NaN,4
45,100.0,30,100.0,1.5,1.0,false,NaN,3
45,100.0,25,100.0,2.0,2.0,false,NaN,4
45,100.0,30,100.0,2.0,1.0,false,NaN,3
45,100.0,30,100.0,1.5,1.5,false,NaN,3
45,100.0,30,100.0,1.0,1.5,false,NaN,3
45,100.0,30,100.0,2.0,1.5,false,NaN,3
45,100.0,30,100.0,1.5,2.0,false,NaN,3
45,100.0,30,100.0,2.0,2.0,false,NaN,3
45,100.0,20,150.0,1.5,1.0,false,NaN,3
45,100.0,20,150.0,2.0,1.0,false,NaN,3
45,100.0,20,150.0,1.0,1.0,false,NaN,4
45,100.0,20,150.0,2.0,1.5,false,NaN,4
45,100.0,20,150.0,2.0,2.0,false,NaN,3
45,100.0,25,150.0,1.0,1.0,false,NaN,3
45,100.0,20,150.0,1.5,2.0,false,NaN,3
45,100.0,20,150.0,1.0,2.0,false,NaN,4
45,100.0,30,100.0,1.0,2.0,false,NaN,4
45,100.0,20,150.0,1.5,1.5,false,NaN,4
45,100.0,20,150.0,1.0,1.5,false,NaN,4
45,100.0,25,150.0,1.5,1.0,false,NaN,4
45,100.0,25,150.0,2.0,1.0,false,NaN,4
45,100.0,25,150.0,1.0,1.5,false,NaN,4
45,100.0,25,150.0,1.5,1.5,false,NaN,4
45,100.0,25,150.0,2.0,1.5,false,NaN,4
45,100.0,25,150.0,1.5,2.0,false,NaN,4
45,100.0,25,150.0,2.0,2.0,false,NaN,4
45,100.0,30,150.0,1.0,1.0,false,NaN,3
45,100.0,25,150.0,1.0,2.0,false,NaN,3
45,100.0,30,150.0,1.5,1.0,false,NaN,4
45,100.0,30,150.0,2.0,1.0,false,NaN,4
46,100.0,20,50.0,1.0,1.0,true,83.22686705118952,5
46,100.0,20,50.0,2.0,1.0,true,68.06154891647613,5
45,100.0,30,150.0,1.0,2.0,false,NaN,3
45,100.0,30,150.0,1.0,1.5,false,NaN,3
46,100.0,20,50.0,1.5,1.0,false,NaN,2
45,100.0,30,150.0,2.0,2.0,false,NaN,4
45,100.0,30,150.0,1.5,2.0,false,NaN,4
45,100.0,30,150.0,1.5,1.5,false,NaN,4
45,100.0,30,150.0,2.0,1.5,false,NaN,4
46,100.0,20,50.0,1.0,1.5,false,NaN,3
46,100.0,20,50.0,1.5,1.5,false,NaN,2
46,100.0,20,50.0,2.0,1.5,false,NaN,2
46,100.0,20,50.0,1.0,2.0,false,NaN,2
46,100.0,25,50.0,2.0,1.0,true,50.40817329025776,5
46,100.0,20,50.0,1.5,2.0,false,NaN,4
46,100.0,20,50.0,2.0,2.0,false,NaN,3
46,100.0,25,50.0,1.0,1.0,false,NaN,4
46,100.0,25,50.0,1.5,1.5,false,NaN,3
46,100.0,25,50.0,1.5,1.0,false,NaN,4
46,100.0,25,50.0,1.0,1.5,false,NaN,4
46,100.0,25,50.0,2.0,1.5,false,NaN,4
46,100.0,25,50.0,2.0,2.0,false,NaN,4
46,100.0,30,50.0,1.0,1.0,false,NaN,3
46,100.0,30,50.0,1.0,2.0,true,62.16999610483848,5
46,100.0,30,50.0,2.0,1.0,false,NaN,4
46,100.0,20,100.0,1.0,1.0,true,46.393424854485104,5
46,100.0,25,50.0,1.0,2.0,false,NaN,3
46,100.0,30,50.0,1.5,1.0,false,NaN,3
46,100.0,20,100.0,1.0,1.5,true,35.34316557546164,5
46,100.0,25,50.0,1.5,2.0,false,NaN,3
46,100.0,20,100.0,2.0,1.0,true,46.393424854485104,5
46,100.0,20,100.0,1.5,1.0,true,46.393424854485104,5
46,100.0,20,100.0,1.5,1.5,true,35.34316557546164,5
46,100.0,30,50.0,1.5,1.5,false,NaN,4
46,100.0,20,100.0,2.0,1.5,true,35.34316557546164,5
46,100.0,30,50.0,2.0,1.5,false,NaN,4
46,100.0,30,50.0,1.5,2.0,false,NaN,3
46,100.0,20,100.0,1.0,2.0,true,35.34316557546164,5
46,100.0,20,100.0,2.0,2.0,true,35.34316557546164,5
46,100.0,30,50.0,2.0,2.0,false,NaN,2
46,100.0,20,100.0,1.5,2.0,true,35.34316557546164,5
46,100.0,30,50.0,1.0,1.5,false,NaN,4
46,100.0,25,100.0,1.0,1.0,false,NaN,2
46,100.0,25,100.0,1.5,1.5,false,NaN,2
46,100.0,25,100.0,2.0,1.0,false,NaN,2
46,100.0,25,100.0,1.0,1.5,false,NaN,3
46,100.0,25,100.0,1.0,2.0,true,79.98665103597727,5
46,100.0,25,100.0,2.0,1.5,false,NaN,2
46,100.0,25,100.0,2.0,2.0,false,NaN,2
46,100.0,25,100.0,1.5,2.0,false,NaN,2
46,100.0,25,100.0,1.5,1.0,false,NaN,4
46,100.0,30,100.0,1.0,1.0,false,NaN,4
46,100.0,30,100.0,2.0,1.0,false,NaN,3
46,100.0,30,100.0,1.5,1.0,false,NaN,4
46,100.0,30,100.0,1.5,1.5,true,85.05030720282387,5
46,100.0,30,100.0,1.0,1.5,false,NaN,4
46,100.0,30,100.0,2.0,1.5,true,86.1414963026227,5
46,100.0,30,100.0,1.0,2.0,true,91.45005595290083,5
46,100.0,30,100.0,1.5,2.0,true,91.45005595290083,5
46,100.0,30,100.0,2.0,2.0,true,84.38777614564059,5
46,100.0,20,150.0,1.0,1.0,true,97.28675083267738,5
46,100.0,20,150.0,1.5,1.0,false,NaN,4
46,100.0,20,150.0,2.0,1.0,false,NaN,4
46,100.0,20,150.0,2.0,1.5,true,99.12560353390518,5
46,100.0,20,150.0,1.0,1.5,false,NaN,4
46,100.0,20,150.0,1.0,2.0,false,NaN,4
46,100.0,25,150.0,1.5,1.0,true,85.28134404087562,5
46,100.0,20,150.0,1.5,2.0,true,99.12560353390518,5
46,100.0,20,150.0,1.5,1.5,false,NaN,4
46,100.0,25,150.0,1.0,1.0,true,87.46472809062591,5
46,100.0,20,150.0,2.0,2.0,true,99.12560353390518,5
46,100.0,25,150.0,2.0,1.0,true,85.28134404087562,5
46,100.0,25,150.0,2.0,1.5,true,85.09712903521924,5
46,100.0,25,150.0,1.5,1.5,false,NaN,4
46,100.0,25,150.0,1.0,1.5,false,NaN,4
46,100.0,25,150.0,1.0,2.0,false,NaN,4
46,100.0,25,150.0,1.5,2.0,false,NaN,4
46,100.0,25,150.0,2.0,2.0,true,85.09712903521924,5
46,100.0,30,150.0,1.0,1.0,false,NaN,4
46,100.0,30,150.0,1.5,1.0,false,NaN,3
46,100.0,30,150.0,2.0,1.0,false,NaN,3
46,100.0,30,150.0,1.0,1.5,false,NaN,3
46,100.0,30,150.0,1.5,2.0,false,NaN,3
46,100.0,30,150.0,1.5,1.5,false,NaN,3
47,100.0,20,50.0,1.5,1.0,true,95.07338479117215,5
46,100.0,30,150.0,2.0,1.5,false,NaN,3
47,100.0,20,50.0,1.0,1.0,false,NaN,3
46,100.0,30,150.0,2.0,2.0,false,NaN,3
46,100.0,30,150.0,1.0,2.0,false,NaN,3
47,100.0,20,50.0,2.0,1.0,false,NaN,4
47,100.0,20,50.0,1.5,1.5,true,92.58283037961654,5
47,100.0,20,50.0,1.0,1.5,false,NaN,4
47,100.0,20,50.0,1.5,2.0,true,70.57993417218901,5
47,100.0,25,50.0,1.5,1.0,true,49.8982314487916,5
47,100.0,20,50.0,1.0,2.0,false,NaN,4
47,100.0,20,50.0,2.0,1.5,false,NaN,4
47,100.0,25,50.0,1.0,1.0,false,NaN,4
47,100.0,25,50.0,2.0,1.0,false,NaN,4
47,100.0,20,50.0,2.0,2.0,false,NaN,4
47,100.0,25,50.0,1.5,1.5,false,NaN,4
47,100.0,25,50.0,1.5,2.0,false,NaN,4
47,100.0,25,50.0,2.0,1.5,false,NaN,4
47,100.0,30,50.0,1.0,1.0,false,NaN,4
47,100.0,30,50.0,1.0,1.5,true,53.363933259330324,5
47,100.0,25,50.0,2.0,2.0,false,NaN,4
47,100.0,30,50.0,1.5,1.5,true,47.24624483072334,5
47,100.0,25,50.0,1.0,2.0,false,NaN,4
47,100.0,30,50.0,1.5,1.0,false,NaN,4
47,100.0,25,50.0,1.0,1.5,false,NaN,4
47,100.0,30,50.0,2.0,1.5,false,NaN,4
47,100.0,30,50.0,1.0,2.0,false,NaN,4
47,100.0,30,50.0,2.0,1.0,false,NaN,4
47,100.0,20,100.0,1.0,1.0,true,98.91474195448957,5
47,100.0,30,50.0,2.0,2.0,false,NaN,3
47,100.0,30,50.0,1.5,2.0,false,NaN,4
47,100.0,20,100.0,1.5,1.0,false,NaN,4
47,100.0,20,100.0,2.0,1.0,true,92.23244201279985,5
47,100.0,20,100.0,1.0,1.5,false,NaN,4
47,100.0,20,100.0,1.5,1.5,false,NaN,4
47,100.0,20,100.0,2.0,1.5,false,NaN,4
47,100.0,20,100.0,1.5,2.0,false,NaN,4
47,100.0,25,100.0,1.0,1.0,true,56.064243770046794,5
47,100.0,25,100.0,2.0,1.0,true,54.27249408251783,5
47,100.0,25,100.0,1.5,1.0,true,54.27249408251783,5
47,100.0,20,100.0,2.0,2.0,false,NaN,4
47,100.0,25,100.0,1.0,1.5,true,56.064243770046794,5
47,100.0,20,100.0,1.0,2.0,false,NaN,4
47,100.0,25,100.0,1.5,1.5,true,54.27249408251783,5
47,100.0,25,100.0,2.0,1.5,false,NaN,4
47,100.0,30,100.0,1.5,1.0,true,58.713899588201436,5
47,100.0,25,100.0,1.0,2.0,false,NaN,4
47,100.0,30,100.0,1.0,1.5,true,68.12717967378686,5
47,100.0,25,100.0,1.5,2.0,false,NaN,4
47,100.0,25,100.0,2.0,2.0,false,NaN,4
47,100.0,30,100.0,1.0,1.0,false,NaN,4
47,100.0,30,100.0,1.5,1.5,true,69.14305909375288,5
47,100.0,30,100.0,2.0,1.5,true,91.95783683679863,5
47,100.0,30,100.0,1.0,2.0,true,69.14305909375288,5
47,100.0,30,100.0,2.0,1.0,false,NaN,3
47,100.0,30,100.0,1.5,2.0,false,NaN,3
47,100.0,20,150.0,1.0,1.0,false,NaN,4
47,100.0,30,100.0,2.0,2.0,true,90.85807860355922,5
47,100.0,20,150.0,1.5,1.5,true,97.66148155807147,5
47,100.0,20,150.0,1.0,1.5,false,NaN,4
47,100.0,25,150.0,2.0,1.0,true,64.79779192899704,5
47,100.0,20,150.0,1.5,1.0,false,NaN,4
47,100.0,20,150.0,2.0,1.5,true,97.66148155807147,5
47,100.0,20,150.0,2.0,1.0,false,NaN,4
47,100.0,25,150.0,1.0,1.0,true,94.46980816744684,5
47,100.0,20,150.0,1.5,2.0,true,97.66148155807147,5
47,100.0,25,150.0,1.5,1.0,true,64.79779192899704,5
47,100.0,25,150.0,1.0,1.5,true,64.79779192899704,5
47,100.0,25,150.0,1.5,1.5,true,64.79779192899704,5
47,100.0,20,150.0,1.0,2.0,true,97.66148155807147,5
47,100.0,20,150.0,2.0,2.0,true,97.66148155807147,5
47,100.0,25,150.0,2.0,1.5,true,64.79779192899704,5
47,100.0,25,150.0,1.0,2.0,true,64.01818563691555,5
47,100.0,25,150.0,2.0,2.0,true,64.01818563691555,5
47,100.0,25,150.0,1.5,2.0,true,64.01818563691555,5
47,100.0,30,150.0,1.0,1.5,true,52.781803478770755,5
47,100.0,30,150.0,1.5,1.5,true,52.781803478770755,5
47,100.0,30,150.0,1.5,1.0,true,67.77137803061366,5
47,100.0,30,150.0,1.0,1.0,true,63.19619173781183,5
47,100.0,30,150.0,2.0,1.5,true,52.781803478770755,5
47,100.0,30,150.0,2.0,1.0,true,67.77137803061366,5
47,100.0,30,150.0,1.0,2.0,true,79.92806117721828,5
47,100.0,30,150.0,2.0,2.0,true,79.92806117721828,5
47,100.0,30,150.0,1.5,2.0,true,79.92806117721828,5
48,100.0,20,50.0,2.0,1.0,true,71.34554589803523,5
48,100.0,20,50.0,1.0,1.5,true,90.1886890345138,5
48,100.0,20,50.0,2.0,1.5,false,NaN,3
48,100.0,20,50.0,1.5,1.5,false,NaN,0
48,100.0,20,50.0,1.0,1.0,true,96.1297009187027,5
48,100.0,25,50.0,1.5,1.0,true,79.25322904966986,5
48,100.0,20,50.0,1.5,2.0,false,NaN,0
48,100.0,20,50.0,1.5,1.0,true,91.46694012067861,5
48,100.0,20,50.0,1.0,2.0,false,NaN,1
48,100.0,20,50.0,2.0,2.0,false,NaN,0
48,100.0,25,50.0,2.0,1.0,false,NaN,1
48,100.0,25,50.0,1.0,1.5,false,NaN,3
48,100.0,25,50.0,1.0,1.0,false,NaN,1
48,100.0,25,50.0,1.5,1.5,false,NaN,1
48,100.0,25,50.0,1.0,2.0,true,96.24495104438209,5
48,100.0,25,50.0,2.0,1.5,false,NaN,2
48,100.0,25,50.0,1.5,2.0,false,NaN,3
48,100.0,20,100.0,1.0,1.0,true,49.74094663207454,5
48,100.0,25,50.0,2.0,2.0,false,NaN,3
48,100.0,30,50.0,1.5,1.0,false,NaN,0
48,100.0,30,50.0,2.0,1.0,false,NaN,3
48,100.0,30,50.0,1.5,1.5,true,95.00651926011372,5
48,100.0,30,50.0,1.0,1.0,false,NaN,4
48,100.0,30,50.0,1.0,2.0,true,92.55646770956201,5
48,100.0,20,100.0,2.0,1.0,true,49.74094663207454,5
48,100.0,20,100.0,1.5,1.0,true,49.74094663207454,5
48,100.0,30,50.0,1.0,1.5,false,NaN,0
48,100.0,30,50.0,2.0,1.5,false,NaN,3
48,100.0,30,50.0,1.5,2.0,false,NaN,2
48,100.0,20,100.0,1.0,1.5,true,49.74094663207454,5
48,100.0,30,50.0,2.0,2.0,false,NaN,4
48,100.0,20,100.0,1.5,1.5,true,49.74094663207454,5
48,100.0,20,100.0,2.0,1.5,true,49.74094663207454,5
48,100.0,25,100.0,1.5,1.0,true,40.20178333366795,5
48,100.0,25,100.0,2.0,1.0,true,40.20178333366795,5
48,100.0,25,100.0,1.0,1.5,true,40.20178333366795,5
48,100.0,25,100.0,1.0,1.0,true,40.20178333366795,5
48,100.0,20,100.0,1.5,2.0,true,55.01395197419737,5
48,100.0,20,100.0,2.0,2.0,true,55.01395197419737,5
48,100.0,20,100.0,1.0,2.0,true,55.01395197419737,5
48,100.0,25,100.0,1.5,1.5,true,40.20178333366795,5
48,100.0,25,100.0,2.0,1.5,true,40.20178333366795,5
48,100.0,25,100.0,1.0,2.0,true,40.20178333366795,5
48,100.0,25,100.0,1.5,2.0,true,40.20178333366795,5
48,100.0,25,100.0,2.0,2.0,true,40.20178333366795,5
48,100.0,20,150.0,1.0,1.0,true,30.38446038625613,5
48,100.0,20,150.0,2.0,1.0,true,30.38446038625613,5
48,100.0,20,150.0,1.5,1.0,true,30.38446038625613,5
48,100.0,30,100.0,1.0,1.0,true,66.65954221874252,5
48,100.0,30,100.0,1.0,2.0,true,61.39429928762867,5
48,100.0,30,100.0,1.0,1.5,true,69.96516112402466,5
48,100.0,30,100.0,1.5,1.5,true,70.25226502705722,5
48,100.0,30,100.0,1.5,2.0,true,70.95264566061014,5
48,100.0,20,150.0,1.0,1.5,true,38.37879105010664,5
48,100.0,20,150.0,1.5,1.5,true,38.37879105010664,5
48,100.0,20,150.0,2.0,1.5,true,38.37879105010664,5
48,100.0,20,150.0,1.0,2.0,true,41.56776726064852,5
48,100.0,30,100.0,2.0,1.5,true,77.01446535923974,5
48,100.0,30,100.0,2.0,2.0,true,70.95264566061014,5
48,100.0,30,100.0,2.0,1.0,false,NaN,4
48,100.0,30,100.0,1.5,1.0,false,NaN,4
48,100.0,20,150.0,2.0,2.0,true,41.56776726064852,5
48,100.0,20,150.0,1.5,2.0,true,41.56776726064852,5
48,100.0,25,150.0,2.0,1.0,true,44.03307457580786,5
48,100.0,30,150.0,1.5,1.0,true,24.14603448880302,5
48,100.0,25,150.0,1.0,1.0,true,66.68612245442323,5
48,100.0,30,150.0,2.0,1.0,true,24.14603448880302,5
48,100.0,25,150.0,1.5,1.0,true,64.58763411634754,5
48,100.0,30,150.0,1.0,1.5,true,24.14603448880302,5
48,100.0,25,150.0,1.5,1.5,true,59.62189542111226,5
48,100.0,25,150.0,1.0,1.5,true,59.62189542111226,5
48,100.0,30,150.0,1.5,1.5,true,24.14603448880302,5
48,100.0,30,150.0,2.0,1.5,true,24.14603448880302,5
48,100.0,30,150.0,1.0,1.0,true,36.88522125636212,5
48,100.0,25,150.0,2.0,1.5,true,59.62189542111226,5
48,100.0,30,150.0,1.0,2.0,true,23.483692222844837,5
48,100.0,30,150.0,1.5,2.0,true,23.483692222844837,5
48,100.0,30,150.0,2.0,2.0,true,23.483692222844837,5
48,100.0,25,150.0,1.5,2.0,true,59.62189542111226,5
48,100.0,25,150.0,1.0,2.0,true,59.62189542111226,5
48,100.0,25,150.0,2.0,2.0,true,59.62189542111226,5
49,100.0,20,50.0,1.0,1.0,false,NaN,3
49,100.0,20,50.0,1.5,1.0,false,NaN,4
49,100.0,20,50.0,2.0,1.0,false,NaN,3
49,100.0,20,50.0,2.0,1.5,false,NaN,4
49,100.0,20,50.0,2.0,2.0,false,NaN,4
49,100.0,25,50.0,1.0,1.0,false,NaN,4
49,100.0,20,50.0,1.0,1.5,false,NaN,4
49,100.0,25,50.0,1.5,1.0,false,NaN,4
49,100.0,25,50.0,2.0,1.0,true,94.71803447468895,5
49,100.0,20,50.0,1.5,1.5,true,99.26773366196528,5
49,100.0,20,50.0,1.0,2.0,false,NaN,4
49,100.0,20,50.0,1.5,2.0,false,NaN,4
49,100.0,30,50.0,2.0,1.0,true,39.63239325530085,5
49,100.0,25,50.0,1.5,1.5,false,NaN,4
49,100.0,25,50.0,1.0,1.5,false,NaN,4
49,100.0,25,50.0,2.0,1.5,false,NaN,4
49,100.0,25,50.0,1.5,2.0,false,NaN,4
49,100.0,25,50.0,2.0,2.0,false,NaN,4
49,100.0,25,50.0,1.0,2.0,false,NaN,4
49,100.0,30,50.0,1.5,1.0,false,NaN,4
49,100.0,30,50.0,1.0,1.0,false,NaN,4
49,100.0,30,50.0,1.0,2.0,true,63.076025819472086,5
49,100.0,30,50.0,1.0,1.5,false,NaN,4
49,100.0,30,50.0,1.5,1.5,false,NaN,4
49,100.0,30,50.0,2.0,2.0,true,67.29253559891234,5
49,100.0,30,50.0,1.5,2.0,true,63.51661688574276,5
49,100.0,30,50.0,2.0,1.5,false,NaN,4
49,100.0,20,100.0,1.5,1.0,true,76.54502364328262,5
49,100.0,25,100.0,1.0,1.0,true,41.86350135551157,5
49,100.0,25,100.0,1.5,1.0,true,41.86350135551157,5
49,100.0,25,100.0,2.0,1.0,true,41.86350135551157,5
49,100.0,20,100.0,1.0,1.0,true,93.74665135696952,5
49,100.0,20,100.0,1.5,1.5,true,91.32901286468076,5
49,100.0,20,100.0,2.0,1.5,true,75.72350824638585,5
49,100.0,20,100.0,2.0,1.0,false,NaN,4
49,100.0,20,100.0,1.0,2.0,true,89.39447097746616,5
49,100.0,20,100.0,1.0,1.5,false,NaN,4
49,100.0,20,100.0,1.5,2.0,true,89.39447097746616,5
49,100.0,20,100.0,2.0,2.0,true,89.39447097746616,5
49,100.0,25,100.0,1.0,1.5,true,85.23482155789219,5
49,100.0,25,100.0,1.0,2.0,true,69.5582846343174,5
49,100.0,30,100.0,1.5,1.0,true,75.45609708184821,5
49,100.0,25,100.0,2.0,2.0,true,69.5582846343174,5
49,100.0,25,100.0,1.5,1.5,true,85.23482155789219,5
49,100.0,25,100.0,1.5,2.0,true,69.5582846343174,5
49,100.0,25,100.0,2.0,1.5,true,85.23482155789219,5
49,100.0,30,100.0,1.0,1.5,true,82.91778465174852,5
49,100.0,20,150.0,1.0,1.0,true,34.14185396478837,5
49,100.0,30,100.0,2.0,1.0,true,75.45609708184821,5
49,100.0,30,100.0,1.0,1.0,true,81.97292878740423,5
49,100.0,30,100.0,1.0,2.0,true,82.91778465174852,5
49,100.0,20,150.0,2.0,1.0,true,34.14185396478837,5
49,100.0,20,150.0,1.5,1.0,true,34.14185396478837,5
49,100.0,30,100.0,1.5,1.5,false,NaN,4
49,100.0,30,100.0,2.0,1.5,false,NaN,4
49,100.0,20,150.0,1.0,1.5,true,45.66909620685086,5
49,100.0,20,150.0,1.5,1.5,true,45.66909620685086,5
49,100.0,20,150.0,1.0,2.0,true,45.66909620685086,5
49,100.0,20,150.0,2.0,1.5,true,45.66909620685086,5
49,100.0,20,150.0,1.5,2.0,true,45.66909620685086,5
49,100.0,20,150.0,2.0,2.0,true,45.66909620685086,5
49,100.0,25,150.0,1.0,1.5,true,40.782438667633805,5
49,100.0,30,100.0,1.5,2.0,false,NaN,4
49,100.0,30,100.0,2.0,2.0,false,NaN,4
49,100.0,25,150.0,2.0,1.0,false,NaN,4
49,100.0,25,150.0,1.5,1.0,false,NaN,4
49,100.0,25,150.0,1.5,1.5,false,NaN,4
49,100.0,25,150.0,1.0,1.0,true,88.08500902124861,5
49,100.0,25,150.0,1.5,2.0,true,90.79806651775837,5
49,100.0,25,150.0,1.0,2.0,true,78.79202110651158,5
49,100.0,25,150.0,2.0,1.5,true,98.94335072237307,5
49,100.0,30,150.0,1.0,1.5,true,82.02504087771538,5
49,100.0,25,150.0,2.0,2.0,true,98.94335072237307,5
49,100.0,30,150.0,1.5,1.0,false,NaN,4
49,100.0,30,150.0,2.0,1.0,false,NaN,4
49,100.0,30,150.0,1.0,1.0,false,NaN,4
49,100.0,30,150.0,1.5,1.5,true,88.48266491136089,5
49,100.0,30,150.0,2.0,1.5,true,88.48266491136089,5
50,100.0,20,50.0,2.0,1.0,true,52.65473657872485,5
49,100.0,30,150.0,1.5,2.0,true,85.64150716182671,5
49,100.0,30,150.0,2.0,2.0,true,85.64150716182671,5
49,100.0,30,150.0,1.0,2.0,true,87.15630797809006,5
50,100.0,20,50.0,1.5,1.0,false,NaN,3
50,100.0,20,50.0,1.0,1.0,true,82.09908773404901,5
50,100.0,20,50.0,1.5,1.5,true,91.65534239325912,5
50,100.0,20,50.0,2.0,1.5,false,NaN,4
50,100.0,20,50.0,1.0,1.5,false,NaN,4
50,100.0,20,50.0,1.0,2.0,false,NaN,4
50,100.0,20,50.0,1.5,2.0,false,NaN,4
50,100.0,25,50.0,2.0,1.5,true,62.76308237472961,5
50,100.0,25,50.0,1.0,1.0,true,77.80892096307501,5
50,100.0,20,50.0,2.0,2.0,true,86.76396062443912,5
50,100.0,25,50.0,2.0,1.0,true,69.58318176249344,5
50,100.0,25,50.0,1.0,1.5,false,NaN,4
50,100.0,25,50.0,2.0,2.0,true,65.07251628968503,5
50,100.0,25,50.0,1.5,1.5,false,NaN,4
50,100.0,25,50.0,1.0,2.0,true,81.89205575685442,5
50,100.0,30,50.0,1.0,1.0,true,73.54808458398115,5
50,100.0,25,50.0,1.5,1.0,false,NaN,4
50,100.0,20,100.0,1.0,1.0,true,41.22506652945585,5
50,100.0,20,100.0,1.5,1.0,true,41.22506652945585,5
50,100.0,30,50.0,1.5,1.0,true,98.31982934394317,5
50,100.0,20,100.0,2.0,1.0,true,36.79545979558946,5
50,100.0,30,50.0,2.0,1.0,false,NaN,2
50,100.0,30,50.0,1.0,1.5,true,93.97687054184762,5
50,100.0,25,50.0,1.5,2.0,false,NaN,4
50,100.0,30,50.0,1.5,1.5,false,NaN,2
50,100.0,30,50.0,1.0,2.0,true,76.74557474803129,5
50,100.0,20,100.0,1.5,1.5,true,41.22506652945585,5
50,100.0,20,100.0,1.0,2.0,true,41.483276133039666,5
50,100.0,30,50.0,2.0,2.0,true,85.46953893279753,5
50,100.0,20,100.0,2.0,1.5,true,41.22506652945585,5
50,100.0,20,100.0,1.5,2.0,true,41.22506652945585,5
50,100.0,20,100.0,2.0,2.0,true,41.22506652945585,5
50,100.0,30,50.0,2.0,1.5,false,NaN,4
50,100.0,20,100.0,1.0,1.5,false,NaN,4
50,100.0,30,50.0,1.5,2.0,false,NaN,4
50,100.0,25,100.0,2.0,1.0,true,49.63850678960181,5
50,100.0,25,100.0,1.5,1.0,true,49.63850678960181,5
50,100.0,30,100.0,1.0,1.0,true,40.26725119116891,5
50,100.0,30,100.0,1.5,1.0,true,40.26725119116891,5
50,100.0,25,100.0,2.0,1.5,true,62.309271733198315,5
50,100.0,25,100.0,1.0,1.5,true,68.90428966705105,5
50,100.0,30,100.0,2.0,1.0,true,40.26725119116891,5
50,100.0,25,100.0,1.0,1.0,true,98.02772535576096,5
50,100.0,30,100.0,1.0,1.5,true,44.79954517873958,5
50,100.0,25,100.0,1.5,1.5,true,73.46437647171072,5
50,100.0,25,100.0,1.0,2.0,false,NaN,4
50,100.0,25,100.0,2.0,2.0,false,NaN,4
50,100.0,25,100.0,1.5,2.0,false,NaN,4
50,100.0,30,100.0,1.5,1.5,true,61.703278248223754,5
50,100.0,30,100.0,1.5,2.0,true,69.96364556541263,5
50,100.0,30,100.0,2.0,1.5,true,61.703278248223754,5
50,100.0,30,100.0,1.0,2.0,true,77.93316945476971,5
50,100.0,30,100.0,2.0,2.0,false,NaN,4
50,100.0,20,150.0,1.5,1.0,false,NaN,4
50,100.0,20,150.0,1.5,1.5,false,NaN,4
50,100.0,20,150.0,1.0,1.0,false,NaN,2
50,100.0,20,150.0,1.0,1.5,false,NaN,4
50,100.0,20,150.0,1.0,2.0,false,NaN,4
50,100.0,20,150.0,2.0,1.0,false,NaN,4
50,100.0,20,150.0,1.5,2.0,false,NaN,4
50,100.0,25,150.0,1.5,1.0,true,85.4243519902261,5
50,100.0,20,150.0,2.0,2.0,false,NaN,4
50,100.0,20,150.0,2.0,1.5,false,NaN,4
50,100.0,25,150.0,2.0,1.0,true,88.96862377282054,5
50,100.0,25,150.0,1.0,1.5,false,NaN,4
50,100.0,25,150.0,1.0,1.0,false,NaN,2
50,100.0,30,150.0,2.0,1.0,true,69.85579503753257,5
50,100.0,25,150.0,2.0,1.5,true,90.71230144766776,5
50,100.0,30,150.0,1.0,1.0,true,70.27383089424163,5
50,100.0,25,150.0,1.5,1.5,true,90.71230144766776,5
50,100.0,25,150.0,1.0,2.0,false,NaN,4
50,100.0,30,150.0,1.5,1.5,true,70.27383089424163,5
50,100.0,30,150.0,1.5,1.0,true,70.27383089424163,5
50,100.0,30,150.0,1.0,1.5,true,70.27383089424163,5
50,100.0,25,150.0,2.0,2.0,false,NaN,4
50,100.0,30,150.0,1.5,2.0,true,70.27383089424163,5
50,100.0,30,150.0,2.0,2.0,true,69.85579503753257,5
50,100.0,25,150.0,1.5,2.0,false,NaN,4
50,100.0,30,150.0,2.0,1.5,true,69.85579503753257,5
50,100.0,30,150.0,1.0,2.0,true,91.34697167668043,5
40,125.0,20,50.0,2.0,1.0,false,NaN,3
40,125.0,20,50.0,1.5,1.0,false,NaN,3
40,125.0,20,50.0,1.5,2.0,false,NaN,3
40,125.0,20,50.0,1.0,1.0,false,NaN,3
40,125.0,20,50.0,1.5,1.5,false,NaN,2
40,125.0,20,50.0,2.0,1.5,false,NaN,3
40,125.0,20,50.0,1.0,1.5,false,NaN,3
40,125.0,20,50.0,2.0,2.0,false,NaN,3
40,125.0,20,50.0,1.0,2.0,false,NaN,3
40,125.0,25,50.0,1.0,1.0,false,NaN,3
40,125.0,25,50.0,1.5,1.0,false,NaN,3
40,125.0,25,50.0,2.0,1.5,false,NaN,3
40,125.0,25,50.0,1.0,2.0,false,NaN,4
40,125.0,25,50.0,1.5,2.0,false,NaN,3
40,125.0,30,50.0,1.0,1.0,false,NaN,2
40,125.0,25,50.0,2.0,1.0,false,NaN,3
40,125.0,30,50.0,1.5,1.0,false,NaN,3
40,125.0,25,50.0,1.0,1.5,false,NaN,2
40,125.0,25,50.0,2.0,2.0,false,NaN,3
40,125.0,30,50.0,2.0,1.0,false,NaN,4
40,125.0,30,50.0,1.0,1.5,false,NaN,3
40,125.0,25,50.0,1.5,1.5,false,NaN,3
40,125.0,30,50.0,2.0,1.5,false,NaN,3
40,125.0,30,50.0,1.5,1.5,false,NaN,3
40,125.0,30,50.0,2.0,2.0,false,NaN,3
40,125.0,30,50.0,1.5,2.0,false,NaN,3
40,125.0,20,100.0,1.0,1.0,false,NaN,4
40,125.0,30,50.0,1.0,2.0,false,NaN,3
40,125.0,20,100.0,1.5,1.0,false,NaN,4
40,125.0,20,100.0,1.0,1.5,false,NaN,3
40,125.0,20,100.0,2.0,1.5,false,NaN,4
40,125.0,20,100.0,1.0,2.0,false,NaN,4
40,125.0,20,100.0,1.5,1.5,false,NaN,4
40,125.0,20,100.0,2.0,1.0,false,NaN,4
40,125.0,20,100.0,1.5,2.0,false,NaN,4
40,125.0,25,100.0,1.0,1.0,false,NaN,3
40,125.0,20,100.0,2.0,2.0,false,NaN,4
40,125.0,25,100.0,2.0,1.0,false,NaN,4
40,125.0,25,100.0,1.0,1.5,false,NaN,4
40,125.0,25,100.0,1.5,1.0,false,NaN,3
40,125.0,25,100.0,1.0,2.0,false,NaN,4
40,125.0,25,100.0,1.5,1.5,false,NaN,4
40,125.0,25,100.0,1.5,2.0,false,NaN,4
40,125.0,25,100.0,2.0,1.5,false,NaN,4
40,125.0,25,100.0,2.0,2.0,false,NaN,4
40,125.0,30,100.0,1.0,1.0,false,NaN,4
40,125.0,30,100.0,1.0,1.5,false,NaN,4
40,125.0,30,100.0,1.5,1.5,false,NaN,3
40,125.0,30,100.0,2.0,1.0,false,NaN,3
40,125.0,30,100.0,1.0,2.0,false,NaN,4
40,125.0,30,100.0,1.5,2.0,false,NaN,4
40,125.0,30,100.0,1.5,1.0,false,NaN,4
40,125.0,20,150.0,1.0,1.0,false,NaN,4
40,125.0,20,150.0,2.0,1.0,false,NaN,4
40,125.0,20,150.0,1.5,1.0,false,NaN,4
40,125.0,30,100.0,2.0,1.5,false,NaN,4
40,125.0,30,100.0,2.0,2.0,false,NaN,4
40,125.0,20,150.0,1.5,1.5,false,NaN,4
40,125.0,20,150.0,2.0,1.5,false,NaN,4
40,125.0,20,150.0,1.0,1.5,false,NaN,4
40,125.0,20,150.0,1.0,2.0,false,NaN,4
40,125.0,25,150.0,1.5,1.0,false,NaN,4
40,125.0,25,150.0,1.0,1.0,false,NaN,4
40,125.0,20,150.0,1.5,2.0,false,NaN,4
40,125.0,25,150.0,1.0,1.5,false,NaN,4
40,125.0,25,150.0,2.0,1.5,false,NaN,4
40,125.0,25,150.0,1.5,1.5,false,NaN,4
40,125.0,20,150.0,2.0,2.0,false,NaN,4
40,125.0,25,150.0,2.0,1.0,false,NaN,4
40,125.0,25,150.0,2.0,2.0,false,NaN,4
40,125.0,25,150.0,1.0,2.0,false,NaN,4
40,125.0,25,150.0,1.5,2.0,false,NaN,4
40,125.0,30,150.0,1.0,1.0,false,NaN,4
40,125.0,30,150.0,1.0,1.5,false,NaN,4
40,125.0,30,150.0,1.5,1.5,false,NaN,4
40,125.0,30,150.0,2.0,1.0,false,NaN,4
40,125.0,30,150.0,1.5,1.0,false,NaN,4
40,125.0,30,150.0,1.0,2.0,false,NaN,4
40,125.0,30,150.0,2.0,2.0,false,NaN,4
40,125.0,30,150.0,1.5,2.0,false,NaN,4
40,125.0,30,150.0,2.0,1.5,false,NaN,4
41,125.0,20,50.0,1.0,1.0,false,NaN,2
41,125.0,20,50.0,1.0,2.0,true,86.87044047941612,5
41,125.0,20,50.0,1.5,1.0,false,NaN,3
41,125.0,20,50.0,2.0,1.0,false,NaN,2
41,125.0,20,50.0,1.5,2.0,false,NaN,4
41,125.0,20,50.0,2.0,1.5,true,95.27278547939055,5
41,125.0,25,50.0,1.0,1.0,false,NaN,1
41,125.0,25,50.0,1.0,1.5,false,NaN,1
41,125.0,25,50.0,2.0,1.0,false,NaN,3
41,125.0,20,50.0,1.5,1.5,false,NaN,2
41,125.0,20,50.0,2.0,2.0,false,NaN,4
41,125.0,25,50.0,1.5,1.0,false,NaN,1
41,125.0,20,50.0,1.0,1.5,false,NaN,3
41,125.0,25,50.0,1.5,1.5,false,NaN,3
41,125.0,25,50.0,1.0,2.0,false,NaN,3
41,125.0,30,50.0,1.0,1.0,false,NaN,2
41,125.0,25,50.0,2.0,2.0,false,NaN,1
41,125.0,30,50.0,2.0,1.0,false,NaN,1
41,125.0,30,50.0,1.0,1.5,false,NaN,1
41,125.0,30,50.0,1.5,1.0,false,NaN,3
41,125.0,25,50.0,2.0,1.5,false,NaN,3
41,125.0,30,50.0,1.0,2.0,false,NaN,3
41,125.0,30,50.0,1.5,1.5,false,NaN,2
41,125.0,25,50.0,1.5,2.0,false,NaN,3
41,125.0,30,50.0,2.0,1.5,false,NaN,3
41,125.0,20,100.0,1.0,1.5,true,47.27051209680548,5
41,125.0,20,100.0,1.5,1.5,true,43.2552743666121,5
41,125.0,20,100.0,2.0,1.0,true,44.24107781076712,5
41,125.0,20,100.0,1.0,1.0,false,NaN,4
41,125.0,20,100.0,2.0,1.5,true,43.2552743666121,5
41,125.0,20,100.0,1.0,2.0,true,43.2552743666121,5
41,125.0,20,100.0,2.0,2.0,true,43.2552743666121,5
41,125.0,30,50.0,2.0,2.0,false,NaN,2
41,125.0,30,50.0,1.5,2.0,false,NaN,4
41,125.0,20,100.0,1.5,1.0,false,NaN,4
41,125.0,20,100.0,1.5,2.0,true,43.2552743666121,5
41,125.0,30,100.0,1.0,1.0,true,41.78605425257143,5
41,125.0,25,100.0,1.0,1.0,false,NaN,3
41,125.0,30,100.0,2.0,1.0,true,41.83313914723009,5
41,125.0,30,100.0,1.0,1.5,true,41.83313914723009,5
41,125.0,30,100.0,1.5,1.0,true,41.83313914723009,5
41,125.0,25,100.0,1.5,1.5,false,NaN,3
41,125.0,30,100.0,1.5,1.5,true,41.83313914723009,5
41,125.0,25,100.0,2.0,1.5,false,NaN,3
41,125.0,25,100.0,1.0,1.5,false,NaN,3
41,125.0,30,100.0,2.0,1.5,true,41.83313914723009,5
41,125.0,25,100.0,2.0,1.0,false,NaN,3
41,125.0,25,100.0,1.0,2.0,false,NaN,3
41,125.0,25,100.0,1.5,2.0,false,NaN,3
41,125.0,25,100.0,1.5,1.0,false,NaN,3
41,125.0,30,100.0,1.0,2.0,true,41.83313914723009,5
41,125.0,30,100.0,1.5,2.0,true,41.83313914723009,5
41,125.0,25,100.0,2.0,2.0,false,NaN,3
41,125.0,30,100.0,2.0,2.0,true,41.83313914723009,5
41,125.0,25,150.0,1.5,1.5,true,45.36949207491854,5
41,125.0,25,150.0,1.5,1.0,true,45.36949207491854,5
41,125.0,25,150.0,1.0,1.5,true,45.36949207491854,5
41,125.0,25,150.0,1.0,1.0,true,45.36949207491854,5
41,125.0,25,150.0,2.0,1.0,true,45.36949207491854,5
41,125.0,20,150.0,1.5,1.5,true,73.18518422757658,5
41,125.0,20,150.0,1.5,1.0,false,NaN,4
41,125.0,25,150.0,2.0,1.5,true,45.36949207491854,5
41,125.0,20,150.0,1.0,1.5,false,NaN,4
41,125.0,25,150.0,1.0,2.0,true,45.36949207491854,5
41,125.0,20,150.0,2.0,1.5,false,NaN,4
41,125.0,20,150.0,1.0,1.0,false,NaN,4
41,125.0,20,150.0,2.0,1.0,false,NaN,4
41,125.0,20,150.0,2.0,2.0,false,NaN,4
41,125.0,25,150.0,2.0,2.0,true,45.36949207491854,5
41,125.0,25,150.0,1.5,2.0,true,45.36949207491854,5
41,125.0,30,150.0,1.5,1.0,true,43.93160877288353,5
41,125.0,20,150.0,1.5,2.0,false,NaN,4
41,125.0,20,150.0,1.0,2.0,false,NaN,4
41,125.0,30,150.0,1.0,1.0,true,43.93160877288353,5
41,125.0,30,150.0,2.0,1.0,true,43.93160877288353,5
41,125.0,30,150.0,1.0,1.5,true,43.93160877288353,5
41,125.0,30,150.0,1.5,1.5,true,43.93160877288353,5
41,125.0,30,150.0,2.0,1.5,true,43.93160877288353,5
41,125.0,30,150.0,1.0,2.0,true,43.93160877288353,5
41,125.0,30,150.0,1.5,2.0,true,43.93160877288353,5
41,125.0,30,150.0,2.0,2.0,true,43.93160877288353,5
42,125.0,25,50.0,1.5,1.0,true,65.13733324253394,5
42,125.0,25,50.0,2.0,1.0,true,68.88831460812169,5
42,125.0,20,50.0,1.0,1.0,false,NaN,2
42,125.0,20,50.0,2.0,1.0,false,NaN,2
42,125.0,20,50.0,1.5,1.5,false,NaN,4
42,125.0,20,50.0,1.5,2.0,false,NaN,3
42,125.0,20,50.0,1.5,1.0,true,89.83130164222084,5
42,125.0,20,50.0,1.0,1.5,false,NaN,3
42,125.0,20,50.0,2.0,2.0,false,NaN,3
42,125.0,25,50.0,1.0,1.0,false,NaN,3
42,125.0,20,50.0,1.0,2.0,false,NaN,3
42,125.0,20,50.0,2.0,1.5,false,NaN,1
42,125.0,25,50.0,1.0,1.5,false,NaN,3
42,125.0,25,50.0,1.5,1.5,false,NaN,4
42,125.0,25,50.0,1.5,2.0,false,NaN,4
42,125.0,25,50.0,2.0,1.5,false,NaN,3
42,125.0,30,50.0,1.5,1.0,false,NaN,3
42,125.0,25,50.0,1.0,2.0,false,NaN,3
42,125.0,30,50.0,1.5,1.5,false,NaN,3
42,125.0,30,50.0,1.0,1.0,false,NaN,2
42,125.0,25,50.0,2.0,2.0,false,NaN,3
42,125.0,30,50.0,1.0,1.5,false,NaN,4
42,125.0,30,50.0,2.0,1.5,false,NaN,3
42,125.0,30,50.0,1.0,2.0,false,NaN,4
42,125.0,30,50.0,2.0,1.0,false,NaN,4
42,125.0,30,50.0,1.5,2.0,false,NaN,4
42,125.0,20,100.0,2.0,2.0,true,38.471956528027675,5
42,125.0,20,100.0,1.5,2.0,true,47.16492213960009,5
42,125.0,20,100.0,1.0,1.0,true,71.4598492226416,5
42,125.0,25,100.0,1.0,1.0,true,54.645193054123794,5
42,125.0,20,100.0,2.0,1.0,false,NaN,4
42,125.0,20,100.0,1.0,2.0,true,72.99431839355387,5
42,125.0,20,100.0,1.5,1.0,false,NaN,3
42,125.0,30,50.0,2.0,2.0,false,NaN,4
42,125.0,20,100.0,1.0,1.5,false,NaN,3
42,125.0,20,100.0,2.0,1.5,false,NaN,4
42,125.0,25,100.0,1.5,1.5,true,50.50086226535976,5
42,125.0,20,100.0,1.5,1.5,false,NaN,3
42,125.0,25,100.0,2.0,1.5,true,50.50086226535976,5
42,125.0,30,100.0,1.0,1.0,true,60.93664167563361,5
42,125.0,25,100.0,2.0,2.0,true,52.25404338330857,5
42,125.0,30,100.0,1.0,1.5,true,42.673751190941026,5
42,125.0,25,100.0,1.0,1.5,true,66.91513685950237,5
42,125.0,30,100.0,2.0,1.5,true,41.51241979388647,5
42,125.0,30,100.0,1.5,1.5,true,52.043013581268724,5
42,125.0,25,100.0,1.5,2.0,false,NaN,4
42,125.0,30,100.0,1.0,2.0,true,54.96543730575201,5
42,125.0,30,100.0,1.5,2.0,true,57.012973286514125,5
42,125.0,25,100.0,1.5,1.0,false,NaN,3
42,125.0,30,100.0,1.5,1.0,false,NaN,3
42,125.0,20,150.0,1.5,1.0,true,44.17258027813863,5
42,125.0,30,100.0,2.0,1.0,true,68.08006449213858,5
42,125.0,25,100.0,2.0,1.0,false,NaN,3
42,125.0,20,150.0,1.0,1.5,true,52.08161897367169,5
42,125.0,30,100.0,2.0,2.0,true,70.29587753366101,5
42,125.0,20,150.0,2.0,1.0,true,44.17258027813863,5
42,125.0,20,150.0,1.5,1.5,true,44.17258027813863,5
42,125.0,20,150.0,1.0,2.0,true,44.17258027813863,5
42,125.0,20,150.0,2.0,1.5,true,44.17258027813863,5
42,125.0,20,150.0,1.5,2.0,true,44.17258027813863,5
42,125.0,25,100.0,1.0,2.0,false,NaN,4
42,125.0,20,150.0,2.0,2.0,true,44.17258027813863,5
42,125.0,20,150.0,1.0,1.0,false,NaN,4
42,125.0,25,150.0,1.5,1.0,true,60.75529601215595,5
42,125.0,25,150.0,1.0,1.0,true,60.75529601215595,5
42,125.0,25,150.0,1.5,1.5,true,52.76822167228491,5
42,125.0,25,150.0,2.0,1.5,true,52.76822167228491,5
42,125.0,25,150.0,1.0,1.5,true,52.76822167228491,5
42,125.0,25,150.0,2.0,1.0,true,60.75529601215595,5
42,125.0,25,150.0,1.5,2.0,true,60.424604558840066,5
42,125.0,30,150.0,1.0,1.5,true,39.57666364832023,5
42,125.0,25,150.0,2.0,2.0,true,60.424604558840066,5
42,125.0,30,150.0,1.5,1.5,true,39.57666364832023,5
42,125.0,25,150.0,1.0,2.0,true,60.424604558840066,5
42,125.0,30,150.0,1.0,1.0,true,63.53629988890624,5
42,125.0,30,150.0,2.0,1.5,true,39.57666364832023,5
42,125.0,30,150.0,1.0,2.0,true,39.57666364832023,5
42,125.0,30,150.0,1.5,2.0,true,39.57666364832023,5
42,125.0,30,150.0,2.0,1.0,true,64.03518826338531,5
42,125.0,30,150.0,2.0,2.0,true,39.57666364832023,5
42,125.0,30,150.0,1.5,1.0,false,NaN,4
43,125.0,20,50.0,2.0,1.0,false,NaN,4
43,125.0,20,50.0,2.0,1.5,false,NaN,3
43,125.0,20,50.0,1.5,2.0,false,NaN,3
43,125.0,20,50.0,1.5,1.5,false,NaN,3
43,125.0,25,50.0,1.0,1.0,false,NaN,3
43,125.0,20,50.0,2.0,2.0,false,NaN,3
43,125.0,20,50.0,1.0,1.5,false,NaN,3
43,125.0,25,50.0,1.5,1.0,false,NaN,4
43,125.0,20,50.0,1.5,1.0,false,NaN,3
43,125.0,20,50.0,1.0,1.0,false,NaN,3
43,125.0,20,50.0,1.0,2.0,false,NaN,3
43,125.0,25,50.0,1.0,1.5,false,NaN,3
43,125.0,25,50.0,2.0,1.0,false,NaN,3
43,125.0,25,50.0,1.5,1.5,false,NaN,3
43,125.0,25,50.0,1.0,2.0,false,NaN,3
43,125.0,25,50.0,1.5,2.0,false,NaN,4
43,125.0,30,50.0,1.5,1.0,false,NaN,3
43,125.0,30,50.0,1.0,1.0,false,NaN,3
43,125.0,25,50.0,2.0,1.5,false,NaN,3
43,125.0,25,50.0,2.0,2.0,false,NaN,3
43,125.0,30,50.0,1.0,1.5,false,NaN,3
43,125.0,30,50.0,1.5,2.0,false,NaN,3
43,125.0,30,50.0,2.0,1.0,false,NaN,3
43,125.0,30,50.0,1.0,2.0,false,NaN,3
43,125.0,30,50.0,2.0,1.5,false,NaN,4
43,125.0,30,50.0,1.5,1.5,false,NaN,4
43,125.0,20,100.0,1.0,1.0,false,NaN,4
43,125.0,20,100.0,2.0,1.0,false,NaN,4
43,125.0,20,100.0,1.5,1.0,false,NaN,4
43,125.0,30,50.0,2.0,2.0,false,NaN,3
43,125.0,20,100.0,1.0,1.5,false,NaN,4
43,125.0,20,100.0,1.5,1.5,false,NaN,4
43,125.0,20,100.0,2.0,1.5,false,NaN,4
43,125.0,20,100.0,1.0,2.0,false,NaN,4
43,125.0,20,100.0,1.5,2.0,false,NaN,3
43,125.0,20,100.0,2.0,2.0,false,NaN,3
43,125.0,25,100.0,1.0,1.0,false,NaN,3
43,125.0,25,100.0,1.5,1.5,false,NaN,4
43,125.0,25,100.0,1.5,1.0,false,NaN,3
43,125.0,25,100.0,1.0,2.0,false,NaN,4
43,125.0,30,100.0,1.5,1.0,false,NaN,4
43,125.0,25,100.0,2.0,1.5,false,NaN,4
43,125.0,25,100.0,2.0,1.0,false,NaN,3
43,125.0,25,100.0,1.0,1.5,false,NaN,3
43,125.0,30,100.0,1.0,1.0,false,NaN,4
43,125.0,30,100.0,2.0,1.0,false,NaN,4
43,125.0,25,100.0,2.0,2.0,false,NaN,4
43,125.0,25,100.0,1.5,2.0,false,NaN,4
43,125.0,30,100.0,1.0,1.5,false,NaN,4
43,125.0,30,100.0,1.5,1.5,false,NaN,4
43,125.0,30,100.0,2.0,1.5,false,NaN,4
43,125.0,30,100.0,1.0,2.0,false,NaN,4
43,125.0,30,100.0,1.5,2.0,false,NaN,4
43,125.0,30,100.0,2.0,2.0,false,NaN,4
43,125.0,20,150.0,1.5,1.0,false,NaN,4
43,125.0,20,150.0,1.5,1.5,false,NaN,4
43,125.0,20,150.0,1.0,2.0,false,NaN,4
43,125.0,20,150.0,1.0,1.0,false,NaN,4
43,125.0,25,150.0,1.0,1.0,false,NaN,4
43,125.0,20,150.0,1.0,1.5,false,NaN,4
43,125.0,20,150.0,2.0,1.0,false,NaN,4
43,125.0,20,150.0,1.5,2.0,false,NaN,4
43,125.0,20,150.0,2.0,1.5,false,NaN,4
43,125.0,20,150.0,2.0,2.0,false,NaN,4
43,125.0,25,150.0,2.0,1.0,false,NaN,3
43,125.0,25,150.0,2.0,1.5,false,NaN,3
43,125.0,25,150.0,1.5,1.5,false,NaN,3
43,125.0,25,150.0,1.5,1.0,false,NaN,3
43,125.0,25,150.0,1.0,2.0,false,NaN,3
43,125.0,25,150.0,1.0,1.5,false,NaN,3
43,125.0,25,150.0,1.5,2.0,false,NaN,3
43,125.0,30,150.0,1.0,1.0,false,NaN,4
43,125.0,25,150.0,2.0,2.0,false,NaN,3
43,125.0,30,150.0,2.0,1.0,false,NaN,4
43,125.0,30,150.0,1.5,1.5,false,NaN,3
43,125.0,30,150.0,1.5,1.0,false,NaN,3
43,125.0,30,150.0,1.0,1.5,false,NaN,3
43,125.0,30,150.0,2.0,1.5,false,NaN,4
43,125.0,30,150.0,2.0,2.0,false,NaN,4
43,125.0,30,150.0,1.5,2.0,false,NaN,4
44,125.0,20,50.0,1.5,1.0,false,NaN,4
44,125.0,20,50.0,1.0,1.0,false,NaN,4
43,125.0,30,150.0,1.0,2.0,false,NaN,4
44,125.0,20,50.0,1.0,1.5,false,NaN,4
44,125.0,20,50.0,1.5,1.5,true,96.82306871650766,5
44,125.0,20,50.0,2.0,1.0,false,NaN,4
44,125.0,20,50.0,2.0,2.0,true,64.54177728701437,5
44,125.0,25,50.0,2.0,1.0,true,50.441291128828105,5
44,125.0,25,50.0,1.0,2.0,true,42.834135785051295,5
44,125.0,25,50.0,1.0,1.0,true,96.81604071612786,5
44,125.0,20,50.0,1.0,2.0,false,NaN,3
44,125.0,20,50.0,2.0,1.5,false,NaN,4
44,125.0,20,50.0,1.5,2.0,true,99.0503999188853,5
44,125.0,25,50.0,1.5,1.0,false,NaN,4
44,125.0,25,50.0,1.0,1.5,false,NaN,3
44,125.0,25,50.0,1.5,2.0,true,76.85403254298811,5
44,125.0,25,50.0,1.5,1.5,false,NaN,4
44,125.0,30,50.0,1.5,2.0,true,36.76818412681545,5
44,125.0,20,100.0,1.0,1.0,true,26.4350692762968,5
44,125.0,20,100.0,2.0,1.0,true,26.4350692762968,5
44,125.0,20,100.0,1.5,1.0,true,26.4350692762968,5
44,125.0,25,50.0,2.0,1.5,true,96.02263043826355,5
44,125.0,25,50.0,2.0,2.0,false,NaN,4
44,125.0,30,50.0,1.5,1.5,true,67.95321219452944,5
44,125.0,20,100.0,1.0,1.5,true,21.218012415426983,5
44,125.0,20,100.0,2.0,1.5,true,21.218012415426983,5
44,125.0,30,50.0,1.5,1.0,false,NaN,4
44,125.0,20,100.0,1.5,1.5,true,21.218012415426983,5
44,125.0,30,50.0,2.0,1.0,false,NaN,4
44,125.0,20,100.0,1.0,2.0,true,21.218012415426983,5
44,125.0,30,50.0,1.0,1.0,true,96.7462586026592,5
44,125.0,20,100.0,2.0,2.0,true,21.218012415426983,5
44,125.0,20,100.0,1.5,2.0,true,21.218012415426983,5
44,125.0,30,50.0,2.0,1.5,false,NaN,4
44,125.0,25,100.0,2.0,1.0,true,36.44752833893863,5
44,125.0,30,50.0,1.0,1.5,false,NaN,3
44,125.0,25,100.0,1.0,1.0,true,36.44752833893863,5
44,125.0,25,100.0,1.5,1.0,true,36.44752833893863,5
44,125.0,25,100.0,2.0,1.5,true,38.53503759662878,5
44,125.0,25,100.0,1.0,1.5,true,38.53503759662878,5
44,125.0,25,100.0,1.5,1.5,true,38.53503759662878,5
44,125.0,30,50.0,1.0,2.0,false,NaN,4
44,125.0,25,100.0,1.0,2.0,true,47.57315105196407,5
44,125.0,30,100.0,1.0,1.0,true,31.847548174621394,5
44,125.0,25,100.0,2.0,2.0,true,42.28253757756531,5
44,125.0,30,100.0,1.5,1.0,true,31.847548174621394,5
44,125.0,25,100.0,1.5,2.0,true,42.28253757756531,5
44,125.0,30,50.0,2.0,2.0,false,NaN,4
44,125.0,30,100.0,1.0,1.5,true,29.781801490094196,5
44,125.0,30,100.0,1.5,1.5,true,32.48012940057992,5
44,125.0,30,100.0,2.0,1.0,true,39.43210886507851,5
44,125.0,30,100.0,2.0,1.5,true,32.48012940057992,5
44,125.0,30,100.0,1.0,2.0,true,36.38485966323368,5
44,125.0,30,100.0,1.5,2.0,true,36.38485966323368,5
44,125.0,30,100.0,2.0,2.0,true,36.38485966323368,5
44,125.0,25,150.0,1.0,1.0,true,17.700056747464696,5
44,125.0,20,150.0,1.5,1.0,true,43.84229054109598,5
44,125.0,20,150.0,1.0,1.0,true,44.36676237463829,5
44,125.0,20,150.0,1.0,1.5,true,43.84229054109598,5
44,125.0,25,150.0,1.5,1.0,true,17.700056747464696,5
44,125.0,25,150.0,1.0,1.5,true,17.1214574564121,5
44,125.0,25,150.0,2.0,1.0,true,17.700056747464696,5
44,125.0,25,150.0,1.5,1.5,true,17.1214574564121,5
44,125.0,20,150.0,1.5,1.5,true,43.84229054109598,5
44,125.0,20,150.0,2.0,1.0,true,43.84229054109598,5
44,125.0,25,150.0,2.0,1.5,true,17.1214574564121,5
44,125.0,25,150.0,1.0,2.0,true,16.970347544183348,5
44,125.0,20,150.0,2.0,1.5,true,43.84229054109598,5
44,125.0,25,150.0,2.0,2.0,true,16.970347544183348,5
44,125.0,20,150.0,1.0,2.0,true,41.83734914034537,5
44,125.0,25,150.0,1.5,2.0,true,16.970347544183348,5
44,125.0,20,150.0,1.5,2.0,true,41.83734914034537,5
44,125.0,20,150.0,2.0,2.0,true,41.83734914034537,5
44,125.0,30,150.0,2.0,1.0,true,22.807413203062506,5
44,125.0,30,150.0,1.5,1.0,true,22.807413203062506,5
44,125.0,30,150.0,1.0,1.0,true,22.807413203062506,5
44,125.0,30,150.0,1.0,1.5,true,27.93269885612489,5
44,125.0,30,150.0,1.5,1.5,true,27.93269885612489,5
44,125.0,30,150.0,2.0,1.5,true,27.93269885612489,5
44,125.0,30,150.0,1.0,2.0,true,41.79917947163048,5
44,125.0,30,150.0,1.5,2.0,true,41.315125305403186,5
44,125.0,30,150.0,2.0,2.0,true,41.315125305403186,5
45,125.0,20,50.0,1.0,1.0,false,NaN,0
45,125.0,20,50.0,2.0,1.5,false,NaN,0
45,125.0,20,50.0,2.0,2.0,false,NaN,0
45,125.0,20,50.0,1.0,1.5,false,NaN,0
45,125.0,20,50.0,2.0,1.0,false,NaN,0
45,125.0,25,50.0,2.0,1.0,false,NaN,1
45,125.0,25,50.0,1.0,1.5,false,NaN,0
45,125.0,20,50.0,1.5,2.0,false,NaN,0
45,125.0,20,50.0,1.5,1.0,false,NaN,0
45,125.0,20,50.0,1.5,1.5,false,NaN,0
45,125.0,20,50.0,1.0,2.0,false,NaN,1
45,125.0,25,50.0,1.5,1.5,false,NaN,0
45,125.0,25,50.0,1.5,1.0,false,NaN,0
45,125.0,25,50.0,1.0,1.0,false,NaN,0
45,125.0,25,50.0,2.0,1.5,false,NaN,2
45,125.0,25,50.0,1.0,2.0,false,NaN,1
45,125.0,25,50.0,1.5,2.0,false,NaN,0
45,125.0,30,50.0,1.5,1.0,false,NaN,0
45,125.0,30,50.0,1.0,1.0,false,NaN,0
45,125.0,30,50.0,2.0,1.0,false,NaN,3
45,125.0,25,50.0,2.0,2.0,false,NaN,1
45,125.0,30,50.0,1.0,1.5,false,NaN,1
45,125.0,30,50.0,1.5,1.5,false,NaN,4
45,125.0,30,50.0,1.5,2.0,false,NaN,0
45,125.0,20,100.0,1.5,1.0,false,NaN,3
45,125.0,30,50.0,1.0,2.0,false,NaN,0
45,125.0,30,50.0,2.0,2.0,false,NaN,0
45,125.0,30,50.0,2.0,1.5,false,NaN,2
45,125.0,20,100.0,2.0,1.0,false,NaN,4
45,125.0,20,100.0,1.0,1.5,false,NaN,3
45,125.0,20,100.0,1.0,1.0,false,NaN,2
45,125.0,20,100.0,1.5,1.5,false,NaN,4
45,125.0,20,100.0,2.0,1.5,false,NaN,1
45,125.0,20,100.0,1.5,2.0,false,NaN,4
45,125.0,20,100.0,1.0,2.0,false,NaN,3
45,125.0,20,100.0,2.0,2.0,false,NaN,2
45,125.0,25,100.0,1.5,1.0,false,NaN,4
45,125.0,25,100.0,1.0,1.0,false,NaN,4
45,125.0,25,100.0,2.0,1.0,false,NaN,4
45,125.0,25,100.0,1.0,2.0,false,NaN,4
45,125.0,25,100.0,1.5,2.0,false,NaN,4
45,125.0,25,100.0,1.5,1.5,false,NaN,4
45,125.0,25,100.0,1.0,1.5,false,NaN,4
45,125.0,30,100.0,1.5,1.0,false,NaN,3
45,125.0,30,100.0,1.0,1.0,false,NaN,4
45,125.0,30,100.0,1.0,1.5,false,NaN,3
45,125.0,30,100.0,2.0,1.0,false,NaN,4
45,125.0,25,100.0,2.0,1.5,false,NaN,4
45,125.0,25,100.0,2.0,2.0,false,NaN,4
45,125.0,30,100.0,1.5,1.5,false,NaN,4
45,125.0,30,100.0,2.0,1.5,false,NaN,4
45,125.0,30,100.0,1.5,2.0,false,NaN,4
45,125.0,30,100.0,1.0,2.0,false,NaN,4
45,125.0,30,100.0,2.0,2.0,false,NaN,3
45,125.0,20,150.0,1.0,1.0,false,NaN,4
45,125.0,20,150.0,1.0,1.5,false,NaN,4
45,125.0,20,150.0,1.5,1.0,false,NaN,4
45,125.0,20,150.0,1.5,1.5,false,NaN,4
45,125.0,20,150.0,1.0,2.0,false,NaN,4
45,125.0,20,150.0,2.0,1.5,false,NaN,4
45,125.0,25,150.0,1.0,1.0,false,NaN,4
45,125.0,20,150.0,2.0,1.0,false,NaN,4
45,125.0,25,150.0,2.0,1.0,false,NaN,4
45,125.0,20,150.0,1.5,2.0,false,NaN,4
45,125.0,20,150.0,2.0,2.0,false,NaN,4
45,125.0,25,150.0,1.5,1.0,false,NaN,4
45,125.0,25,150.0,2.0,1.5,false,NaN,4
45,125.0,25,150.0,1.5,1.5,false,NaN,4
45,125.0,30,150.0,1.5,1.0,false,NaN,4
45,125.0,25,150.0,2.0,2.0,false,NaN,4
45,125.0,25,150.0,1.0,1.5,false,NaN,4
45,125.0,25,150.0,1.0,2.0,false,NaN,4
45,125.0,25,150.0,1.5,2.0,false,NaN,4
45,125.0,30,150.0,1.0,1.0,false,NaN,4
45,125.0,30,150.0,2.0,1.0,false,NaN,4
46,125.0,20,50.0,2.0,1.0,true,38.26890857779585,5
46,125.0,20,50.0,1.5,1.0,true,53.29927075927377,5
45,125.0,30,150.0,1.0,1.5,false,NaN,4
45,125.0,30,150.0,1.5,1.5,false,NaN,4
45,125.0,30,150.0,2.0,1.5,false,NaN,4
45,125.0,30,150.0,1.0,2.0,false,NaN,4
45,125.0,30,150.0,2.0,2.0,false,NaN,4
46,125.0,20,50.0,1.0,1.0,false,NaN,4
45,125.0,30,150.0,1.5,2.0,false,NaN,4
46,125.0,20,50.0,1.0,1.5,false,NaN,3
46,125.0,20,50.0,1.5,1.5,true,90.57116080438662,5
46,125.0,20,50.0,2.0,1.5,true,91.15928251653756,5
46,125.0,25,50.0,1.0,1.0,false,NaN,4
46,125.0,20,50.0,2.0,2.0,false,NaN,3
46,125.0,20,50.0,1.0,2.0,false,NaN,4
46,125.0,20,50.0,1.5,2.0,false,NaN,1
46,125.0,25,50.0,2.0,1.0,false,NaN,3
46,125.0,25,50.0,2.0,1.5,false,NaN,4
46,125.0,25,50.0,1.5,1.0,false,NaN,3
46,125.0,25,50.0,1.0,2.0,false,NaN,3
46,125.0,25,50.0,1.0,1.5,false,NaN,2
46,125.0,25,50.0,1.5,1.5,false,NaN,3
46,125.0,20,100.0,1.5,1.0,true,26.795245935139693,5
46,125.0,20,100.0,2.0,1.0,true,26.795245935139693,5
46,125.0,20,100.0,1.0,1.0,true,46.46278814418322,5
46,125.0,25,50.0,1.5,2.0,false,NaN,4
46,125.0,30,50.0,1.0,1.5,false,NaN,4
46,125.0,30,50.0,2.0,1.0,false,NaN,3
46,125.0,30,50.0,1.0,1.0,false,NaN,4
46,125.0,25,50.0,2.0,2.0,false,NaN,2
46,125.0,30,50.0,1.0,2.0,false,NaN,3
46,125.0,30,50.0,1.5,1.0,false,NaN,1
46,125.0,30,50.0,1.5,1.5,false,NaN,3
46,125.0,30,50.0,1.5,2.0,false,NaN,4
46,125.0,30,50.0,2.0,1.5,false,NaN,4
46,125.0,30,50.0,2.0,2.0,false,NaN,4
46,125.0,25,100.0,1.0,1.0,true,39.460780077056086,5
46,125.0,20,100.0,1.5,2.0,true,56.39620143952953,5
46,125.0,20,100.0,2.0,2.0,true,56.39620143952953,5
46,125.0,25,100.0,2.0,1.5,true,31.97647617861401,5
46,125.0,25,100.0,1.0,1.5,true,39.460780077056086,5
46,125.0,25,100.0,1.0,2.0,true,31.97647617861401,5
46,125.0,25,100.0,1.5,1.5,true,39.460780077056086,5
46,125.0,25,100.0,1.5,2.0,true,31.97647617861401,5
46,125.0,20,100.0,1.5,1.5,false,NaN,4
46,125.0,20,100.0,1.0,1.5,false,NaN,4
46,125.0,30,100.0,1.0,1.0,true,34.64111689358957,5
46,125.0,20,100.0,2.0,1.5,false,NaN,4
46,125.0,20,100.0,1.0,2.0,false,NaN,4
46,125.0,30,100.0,1.5,1.0,true,42.768264648879864,5
46,125.0,30,100.0,2.0,1.0,true,42.768264648879864,5
46,125.0,25,100.0,1.5,1.0,false,NaN,3
46,125.0,30,100.0,2.0,2.0,true,29.841077944678172,5
46,125.0,25,100.0,2.0,1.0,false,NaN,3
46,125.0,20,150.0,1.0,1.0,true,36.207168750899484,5
46,125.0,30,100.0,1.0,1.5,true,54.28191778035204,5
46,125.0,20,150.0,1.0,1.5,true,36.207168750899484,5
46,125.0,30,100.0,1.5,1.5,true,54.28191778035204,5
46,125.0,20,150.0,1.5,1.0,true,49.94807954651216,5
46,125.0,30,100.0,1.0,2.0,true,54.12162614039633,5
46,125.0,30,100.0,1.5,2.0,true,54.12162614039633,5
46,125.0,30,100.0,2.0,1.5,true,58.002571833005646,5
46,125.0,20,150.0,2.0,1.0,true,49.94807954651216,5
46,125.0,20,150.0,1.5,1.5,true,52.9758588254794,5
46,125.0,25,100.0,2.0,2.0,true,99.96995350379632,5
46,125.0,20,150.0,2.0,1.5,true,52.9758588254794,5
46,125.0,25,150.0,1.5,1.0,true,56.354318244041515,5
46,125.0,20,150.0,2.0,2.0,true,72.69706451323131,5
46,125.0,20,150.0,1.0,2.0,true,72.69706451323131,5
46,125.0,25,150.0,1.0,1.5,true,47.87926266888945,5
46,125.0,25,150.0,1.5,1.5,true,51.32130817574441,5
46,125.0,20,150.0,1.5,2.0,true,72.69706451323131,5
46,125.0,25,150.0,1.0,2.0,true,47.87926266888945,5
46,125.0,30,150.0,1.0,1.0,true,37.72990855868579,5
46,125.0,30,150.0,1.5,1.0,true,43.59632399196158,5
46,125.0,30,150.0,1.0,1.5,true,30.306988078077307,5
46,125.0,30,150.0,1.5,1.5,true,30.306988078077307,5
46,125.0,25,150.0,2.0,1.0,true,80.00586222437913,5
46,125.0,30,150.0,2.0,1.5,true,30.306988078077307,5
46,125.0,25,150.0,2.0,1.5,true,76.01081219787825,5
46,125.0,30,150.0,1.5,2.0,true,28.63589244447928,5
46,125.0,30,150.0,1.0,2.0,true,28.63589244447928,5
46,125.0,30,150.0,2.0,1.0,true,43.59632399196158,5
46,125.0,25,150.0,2.0,2.0,true,76.03658845940261,5
46,125.0,30,150.0,2.0,2.0,true,28.63589244447928,5
46,125.0,25,150.0,1.5,2.0,true,76.03658845940261,5
46,125.0,25,150.0,1.0,1.0,false,NaN,4
47,125.0,20,50.0,2.0,1.5,true,24.224937665090177,5
47,125.0,25,50.0,1.5,1.0,true,23.988990863655722,5
47,125.0,25,50.0,1.0,1.5,true,23.8312132431165,5
47,125.0,20,50.0,1.0,1.5,true,64.66026390131022,5
47,125.0,20,50.0,1.5,2.0,false,NaN,4
47,125.0,20,50.0,2.0,1.0,false,NaN,4
47,125.0,20,50.0,1.0,1.0,false,NaN,4
47,125.0,25,50.0,1.0,1.0,false,NaN,4
47,125.0,20,50.0,1.0,2.0,false,NaN,4
47,125.0,20,50.0,1.5,1.0,false,NaN,4
47,125.0,20,50.0,1.5,1.5,false,NaN,4
47,125.0,20,50.0,2.0,2.0,false,NaN,4
47,125.0,25,50.0,2.0,1.5,false,NaN,4
47,125.0,25,50.0,1.5,2.0,true,69.43363015661943,5
47,125.0,25,50.0,2.0,1.0,false,NaN,4
47,125.0,25,50.0,1.0,2.0,false,NaN,4
47,125.0,25,50.0,1.5,1.5,false,NaN,4
47,125.0,20,100.0,2.0,1.0,true,38.94433086703348,5
47,125.0,20,100.0,1.5,1.0,true,38.94433086703348,5
47,125.0,20,100.0,1.0,1.0,true,38.94433086703348,5
47,125.0,25,50.0,2.0,2.0,false,NaN,4
47,125.0,30,50.0,1.5,1.0,true,97.92442873759823,5
47,125.0,30,50.0,1.0,1.0,false,NaN,4
47,125.0,30,50.0,1.0,1.5,false,NaN,4
47,125.0,30,50.0,2.0,1.0,false,NaN,4
47,125.0,30,50.0,1.5,1.5,false,NaN,4
47,125.0,30,50.0,2.0,2.0,false,NaN,4
47,125.0,30,50.0,1.5,2.0,false,NaN,4
47,125.0,30,50.0,1.0,2.0,false,NaN,4
47,125.0,30,50.0,2.0,1.5,false,NaN,3
47,125.0,25,100.0,1.5,1.0,true,64.72405792808544,5
47,125.0,20,100.0,1.5,1.5,false,NaN,4
47,125.0,20,100.0,1.0,1.5,false,NaN,4
47,125.0,25,100.0,1.0,1.0,true,77.8056512565801,5
47,125.0,20,100.0,2.0,1.5,false,NaN,4
47,125.0,25,100.0,2.0,1.0,true,65.38121557918817,5
47,125.0,20,100.0,1.0,2.0,false,NaN,4
47,125.0,20,100.0,2.0,2.0,false,NaN,4
47,125.0,25,100.0,1.5,2.0,true,65.51149220031853,5
47,125.0,20,100.0,1.5,2.0,false,NaN,4
47,125.0,25,100.0,1.5,1.5,false,NaN,4
47,125.0,30,100.0,2.0,1.0,true,56.34661379432446,5
47,125.0,30,100.0,1.0,1.0,true,59.99848760379392,5
47,125.0,25,100.0,1.0,1.5,true,88.96397217912505,5
47,125.0,25,100.0,1.0,2.0,true,88.96397217912505,5
47,125.0,25,100.0,2.0,1.5,false,NaN,4
47,125.0,30,100.0,1.5,1.0,true,71.11711349130566,5
47,125.0,20,150.0,1.0,1.0,true,40.56056727273153,5
47,125.0,25,100.0,2.0,2.0,false,NaN,4
47,125.0,20,150.0,1.5,1.0,true,56.25236331579564,5
47,125.0,20,150.0,2.0,1.0,true,65.02669982285764,5
47,125.0,30,100.0,1.0,1.5,true,86.66785478867932,5
47,125.0,30,100.0,1.0,2.0,false,NaN,4
47,125.0,30,100.0,2.0,1.5,true,87.88817501829129,5
47,125.0,20,150.0,1.0,1.5,true,65.02669982285764,5
47,125.0,20,150.0,2.0,1.5,true,65.02669982285764,5
47,125.0,20,150.0,1.5,1.5,true,65.02669982285764,5
47,125.0,30,100.0,1.5,1.5,false,NaN,4
47,125.0,30,100.0,2.0,2.0,false,NaN,4
47,125.0,30,100.0,1.5,2.0,false,NaN,4
47,125.0,20,150.0,1.5,2.0,true,65.02669982285764,5
47,125.0,20,150.0,1.0,2.0,true,65.02669982285764,5
47,125.0,20,150.0,2.0,2.0,true,65.02669982285764,5
47,125.0,25,150.0,1.0,1.5,true,39.952296784846425,5
47,125.0,25,150.0,2.0,1.5,true,39.952296784846425,5
47,125.0,25,150.0,1.5,1.5,true,39.952296784846425,5
47,125.0,25,150.0,1.0,2.0,true,39.952296784846425,5
47,125.0,25,150.0,1.5,2.0,true,39.952296784846425,5
47,125.0,25,150.0,2.0,2.0,true,39.952296784846425,5
47,125.0,25,150.0,1.0,1.0,false,NaN,4
47,125.0,25,150.0,1.5,1.0,false,NaN,2
47,125.0,25,150.0,2.0,1.0,true,87.4517283205987,5
47,125.0,30,150.0,2.0,1.0,true,88.94255176696797,5
47,125.0,30,150.0,1.5,1.5,true,88.90480064468703,5
47,125.0,30,150.0,2.0,1.5,true,88.94255176696797,5
48,125.0,20,50.0,2.0,1.0,true,43.174488129065004,5
48,125.0,20,50.0,1.0,1.0,true,55.90004958177899,5
47,125.0,30,150.0,1.0,1.0,false,NaN,4
47,125.0,30,150.0,1.5,1.0,true,92.25717185923007,5
47,125.0,30,150.0,1.5,2.0,true,88.90480064468703,5
47,125.0,30,150.0,1.0,1.5,false,NaN,4
47,125.0,30,150.0,2.0,2.0,true,89.58022810235435,5
47,125.0,30,150.0,1.0,2.0,false,NaN,4
48,125.0,20,50.0,1.0,2.0,true,47.579098230474884,5
48,125.0,20,50.0,1.5,1.0,true,96.01261884808096,5
48,125.0,20,50.0,1.0,1.5,false,NaN,3
48,125.0,20,50.0,2.0,1.5,true,78.46026720556411,5
48,125.0,20,50.0,1.5,1.5,false,NaN,2
48,125.0,20,50.0,2.0,2.0,false,NaN,3
48,125.0,20,50.0,1.5,2.0,false,NaN,0
48,125.0,25,50.0,1.0,1.0,true,89.49621660946161,5
48,125.0,25,50.0,1.5,1.0,false,NaN,3
48,125.0,25,50.0,2.0,1.0,false,NaN,3
48,125.0,25,50.0,1.5,2.0,true,90.64737563087196,5
48,125.0,30,50.0,1.0,1.0,true,81.37710436482196,5
48,125.0,25,50.0,1.0,1.5,false,NaN,1
48,125.0,25,50.0,1.5,1.5,false,NaN,2
48,125.0,25,50.0,2.0,1.5,false,NaN,4
48,125.0,25,50.0,1.0,2.0,true,95.09943829157503,5
48,125.0,30,50.0,1.0,1.5,true,59.85328311128213,5
48,125.0,30,50.0,1.5,1.0,false,NaN,0
48,125.0,20,100.0,1.0,1.0,true,32.81291141029588,5
48,125.0,30,50.0,2.0,1.5,true,52.78474750255814,5
48,125.0,20,100.0,1.5,1.0,true,32.81291141029588,5
48,125.0,25,50.0,2.0,2.0,false,NaN,1
48,125.0,20,100.0,2.0,1.0,true,32.81291141029588,5
48,125.0,30,50.0,2.0,1.0,false,NaN,1
48,125.0,20,100.0,1.0,1.5,true,43.49979218523816,5
48,125.0,20,100.0,1.0,2.0,true,43.49979218523816,5
48,125.0,30,50.0,1.5,1.5,false,NaN,3
48,125.0,20,100.0,2.0,1.5,true,46.678783869810495,5
48,125.0,20,100.0,1.5,2.0,true,43.49979218523816,5
48,125.0,20,100.0,1.5,1.5,true,43.49979218523816,5
48,125.0,30,50.0,1.0,2.0,true,89.0608447567032,5
48,125.0,20,100.0,2.0,2.0,true,43.49979218523816,5
48,125.0,30,50.0,2.0,2.0,false,NaN,0
48,125.0,30,50.0,1.5,2.0,false,NaN,2
48,125.0,30,100.0,1.0,1.0,true,32.09821926978743,5
48,125.0,25,100.0,2.0,2.0,true,51.39909650398472,5
48,125.0,30,100.0,1.5,1.0,true,32.09821926978743,5
48,125.0,25,100.0,2.0,1.0,true,62.8410021951306,5
48,125.0,25,100.0,2.0,1.5,true,51.39909650398472,5
48,125.0,25,100.0,1.0,1.0,true,68.54066147934545,5
48,125.0,30,100.0,2.0,1.0,true,32.09821926978743,5
48,125.0,30,100.0,1.0,1.5,true,32.96045581362994,5
48,125.0,25,100.0,1.0,1.5,true,60.337195574586254,5
48,125.0,25,100.0,1.5,2.0,true,75.17076825685348,5
48,125.0,25,100.0,1.5,1.0,true,91.93665582708634,5
48,125.0,30,100.0,1.0,2.0,true,39.30410937621549,5
48,125.0,25,100.0,1.0,2.0,true,93.7893614377157,5
48,125.0,20,150.0,2.0,1.5,true,31.49210044298296,5
48,125.0,20,150.0,1.0,1.0,true,54.39066233372953,5
48,125.0,25,100.0,1.5,1.5,true,91.81483293045319,5
48,125.0,30,100.0,1.5,1.5,true,55.25682492171891,5
48,125.0,30,100.0,2.0,1.5,true,59.8613103320312,5
48,125.0,20,150.0,1.5,1.0,true,54.39066233372953,5
48,125.0,25,150.0,1.0,1.0,true,11.631382100619827,5
48,125.0,25,150.0,1.5,1.0,true,11.631382100619827,5
48,125.0,20,150.0,1.0,1.5,true,52.793628519976735,5
48,125.0,25,150.0,2.0,1.0,true,11.631382100619827,5
48,125.0,20,150.0,1.5,2.0,true,31.939471265149905,5
48,125.0,25,150.0,1.5,1.5,true,11.631382100619827,5
48,125.0,20,150.0,2.0,1.0,true,54.39066233372953,5
48,125.0,20,150.0,1.5,1.5,true,50.66481022470617,5
48,125.0,25,150.0,1.0,2.0,true,11.631382100619827,5
48,125.0,25,150.0,1.0,1.5,true,11.631382100619827,5
48,125.0,25,150.0,2.0,1.5,true,11.631382100619827,5
48,125.0,30,100.0,2.0,2.0,true,65.31240935044474,5
48,125.0,25,150.0,1.5,2.0,true,11.631382100619827,5
48,125.0,20,150.0,1.0,2.0,true,31.939471265149905,5
48,125.0,30,150.0,1.0,1.0,true,11.631382100619827,5
48,125.0,25,150.0,2.0,2.0,true,11.631382100619827,5
48,125.0,20,150.0,2.0,2.0,true,31.939471265149905,5
48,125.0,30,100.0,1.5,2.0,true,78.42077575838871,5
48,125.0,30,150.0,1.5,1.0,true,11.631382100619827,5
48,125.0,30,150.0,2.0,1.0,true,11.631382100619827,5
48,125.0,30,150.0,1.0,1.5,true,11.631382100619827,5
48,125.0,30,150.0,1.5,2.0,true,11.631382100619827,5
48,125.0,30,150.0,2.0,1.5,true,11.631382100619827,5
48,125.0,30,150.0,2.0,2.0,true,11.631382100619827,5
48,125.0,30,150.0,1.5,1.5,true,11.631382100619827,5
48,125.0,30,150.0,1.0,2.0,true,11.631382100619827,5
49,125.0,25,50.0,1.0,1.5,true,39.42218126827683,5
49,125.0,25,50.0,1.0,1.0,true,37.85315879100331,5
49,125.0,20,50.0,1.5,1.5,true,66.88390062973549,5
49,125.0,20,50.0,1.5,1.0,true,68.64576050759896,5
49,125.0,25,50.0,1.5,1.5,true,58.33533780792606,5
49,125.0,20,50.0,2.0,2.0,true,71.11425408096787,5
49,125.0,25,50.0,1.0,2.0,true,31.82382016915734,5
49,125.0,25,50.0,2.0,1.5,true,32.91203756481092,5
49,125.0,20,50.0,1.0,1.0,false,NaN,4
49,125.0,20,50.0,1.0,2.0,false,NaN,4
49,125.0,20,50.0,1.0,1.5,false,NaN,4
49,125.0,25,50.0,1.5,1.0,false,NaN,4
49,125.0,25,50.0,1.5,2.0,true,37.97437613414622,5
49,125.0,30,50.0,1.0,1.0,true,28.140660006469787,5
49,125.0,25,50.0,2.0,1.0,false,NaN,4
49,125.0,20,50.0,2.0,1.5,false,NaN,4
49,125.0,20,50.0,1.5,2.0,false,NaN,4
49,125.0,20,50.0,2.0,1.0,false,NaN,4
49,125.0,30,50.0,1.5,1.0,true,34.32710703017073,5
49,125.0,30,50.0,1.5,1.5,true,34.69791431256222,5
49,125.0,30,50.0,2.0,1.0,true,32.91203756481092,5
49,125.0,25,50.0,2.0,2.0,true,57.67828411125609,5
49,125.0,30,50.0,2.0,2.0,true,33.365952061068235,5
49,125.0,30,50.0,1.5,2.0,true,33.365952061068235,5
49,125.0,30,50.0,1.0,1.5,true,41.353854911403076,5
49,125.0,30,50.0,1.0,2.0,true,41.47472826930245,5
49,125.0,30,50.0,2.0,1.5,true,48.46630437709392,5
49,125.0,25,100.0,1.5,1.5,true,45.85181391419861,5
49,125.0,25,100.0,1.0,1.0,true,54.792171914955944,5
49,125.0,25,100.0,1.0,1.5,true,56.279498394853405,5
49,125.0,20,100.0,1.5,1.5,true,72.49450547136102,5
49,125.0,20,100.0,2.0,1.5,true,77.20054599062986,5
49,125.0,20,100.0,2.0,1.0,true,76.06850864341989,5
49,125.0,25,100.0,1.5,1.0,true,81.34115168142445,5
49,125.0,20,100.0,1.0,2.0,false,NaN,4
49,125.0,20,100.0,1.0,1.0,true,95.23405426582804,5
49,125.0,20,100.0,1.5,2.0,true,74.66732036639033,5
49,125.0,25,100.0,2.0,1.0,true,73.81686945359232,5
49,125.0,20,100.0,2.0,2.0,true,77.20054599062986,5
49,125.0,20,100.0,1.0,1.5,false,NaN,4
49,125.0,25,100.0,2.0,1.5,true,47.35930698896633,5
49,125.0,25,100.0,1.5,2.0,true,45.85181391419861,5
49,125.0,20,100.0,1.5,1.0,false,NaN,4
49,125.0,30,100.0,1.0,1.0,true,36.010552003097764,5
49,125.0,25,100.0,1.0,2.0,true,56.279498394853405,5
49,125.0,30,100.0,2.0,1.0,true,36.010552003097764,5
49,125.0,30,100.0,1.5,1.0,true,36.010552003097764,5
49,125.0,25,100.0,2.0,2.0,true,47.35930698896633,5
49,125.0,20,150.0,1.0,1.0,true,28.917417852645567,5
49,125.0,20,150.0,1.5,1.0,true,28.917417852645567,5
49,125.0,20,150.0,1.5,1.5,true,28.917417852645567,5
49,125.0,20,150.0,2.0,1.5,true,28.917417852645567,5
49,125.0,20,150.0,1.0,1.5,true,28.917417852645567,5
49,125.0,20,150.0,2.0,1.0,true,28.917417852645567,5
49,125.0,30,100.0,2.0,1.5,true,54.19389880061968,5
49,125.0,30,100.0,1.0,2.0,true,54.19389880061968,5
49,125.0,30,100.0,1.5,1.5,true,54.19389880061968,5
49,125.0,30,100.0,1.5,2.0,true,54.19389880061968,5
49,125.0,20,150.0,1.0,2.0,true,28.917417852645567,5
49,125.0,20,150.0,2.0,2.0,true,28.917417852645567,5
49,125.0,30,100.0,2.0,2.0,true,54.19389880061968,5
49,125.0,20,150.0,1.5,2.0,true,28.917417852645567,5
49,125.0,30,100.0,1.0,1.5,true,84.31240876091461,5
49,125.0,25,150.0,1.0,1.0,true,46.16746951506801,5
49,125.0,25,150.0,1.5,1.0,true,46.16746951506801,5
49,125.0,25,150.0,1.0,1.5,true,46.16746951506801,5
49,125.0,25,150.0,2.0,1.0,true,51.35446175933869,5
49,125.0,25,150.0,2.0,1.5,true,51.35446175933869,5
49,125.0,25,150.0,1.5,1.5,true,51.35446175933869,5
49,125.0,30,150.0,1.5,1.5,true,59.94450793569451,5
49,125.0,30,150.0,1.5,1.0,true,70.90617224195624,5
49,125.0,30,150.0,1.0,1.5,true,59.94450793569451,5
49,125.0,25,150.0,1.5,2.0,true,77.8705135040904,5
49,125.0,25,150.0,1.0,2.0,true,88.19449022426795,5
49,125.0,30,150.0,2.0,1.5,true,59.94450793569451,5
49,125.0,30,150.0,2.0,1.0,true,70.90617224195624,5
49,125.0,25,150.0,2.0,2.0,false,NaN,4
49,125.0,30,150.0,1.0,2.0,true,91.14921524542717,5
49,125.0,30,150.0,2.0,2.0,true,92.89570838212994,5
49,125.0,30,150.0,1.5,2.0,true,94.94065626064568,5
49,125.0,30,150.0,1.0,1.0,false,NaN,4
50,125.0,20,50.0,1.5,1.0,true,88.58235244527386,5
50,125.0,20,50.0,1.0,1.0,false,NaN,4
50,125.0,20,50.0,2.0,1.0,false,NaN,4
50,125.0,20,50.0,1.0,1.5,false,NaN,4
50,125.0,20,50.0,2.0,2.0,true,62.06468902447969,5
50,125.0,20,50.0,1.5,2.0,true,93.74621428841482,5
50,125.0,20,50.0,1.0,2.0,false,NaN,4
50,125.0,20,50.0,2.0,1.5,false,NaN,4
50,125.0,25,50.0,1.0,1.0,true,97.82011456570395,5
50,125.0,20,50.0,1.5,1.5,false,NaN,4
50,125.0,25,50.0,1.5,1.0,false,NaN,4
50,125.0,25,50.0,2.0,1.0,false,NaN,4
50,125.0,25,50.0,1.0,1.5,false,NaN,4
50,125.0,25,50.0,1.5,2.0,true,95.90242837436116,5
50,125.0,25,50.0,1.5,1.5,false,NaN,4
50,125.0,25,50.0,1.0,2.0,false,NaN,4
50,125.0,30,50.0,1.5,1.0,false,NaN,4
50,125.0,25,50.0,2.0,2.0,false,NaN,4
50,125.0,25,50.0,2.0,1.5,false,NaN,4
50,125.0,20,100.0,1.0,1.0,true,35.21373925929642,5
50,125.0,20,100.0,1.0,1.5,true,29.84198264127291,5
50,125.0,20,100.0,1.5,1.5,true,29.84198264127291,5
50,125.0,20,100.0,2.0,1.0,true,35.21373925929642,5
50,125.0,30,50.0,1.0,1.0,true,98.43283797200394,5
50,125.0,30,50.0,2.0,2.0,true,57.808666846048695,5
50,125.0,30,50.0,2.0,1.0,false,NaN,4
50,125.0,20,100.0,1.5,1.0,true,35.21373925929642,5
50,125.0,30,50.0,1.5,2.0,false,NaN,4
50,125.0,30,50.0,1.5,1.5,false,NaN,4
50,125.0,30,50.0,1.0,2.0,false,NaN,4
50,125.0,20,100.0,2.0,1.5,true,29.84198264127291,5
50,125.0,20,100.0,1.5,2.0,true,35.34259644728889,5
50,125.0,30,50.0,1.0,1.5,true,98.5145669344009,5
50,125.0,20,100.0,2.0,2.0,true,35.34259644728889,5
50,125.0,20,100.0,1.0,2.0,true,47.96939527364729,5
50,125.0,25,100.0,1.0,1.5,true,36.04696570933258,5
50,125.0,25,100.0,2.0,1.5,true,36.015878289028,5
50,125.0,30,50.0,2.0,1.5,true,98.49476619645182,5
50,125.0,25,100.0,1.5,1.5,true,36.015878289028,5
50,125.0,25,100.0,1.5,2.0,true,39.67313492126518,5
50,125.0,25,100.0,1.0,1.0,true,51.750221163536665,5
50,125.0,25,100.0,1.0,2.0,true,39.67313492126518,5
50,125.0,25,100.0,2.0,1.0,true,51.750221163536665,5
50,125.0,30,100.0,1.0,1.5,true,25.250522766001392,5
50,125.0,25,100.0,2.0,2.0,true,39.67313492126518,5
50,125.0,25,100.0,1.5,1.0,true,51.750221163536665,5
50,125.0,30,100.0,1.0,1.0,true,46.761360995995034,5
50,125.0,30,100.0,2.0,1.0,true,45.55644686233741,5
50,125.0,30,100.0,1.5,1.0,true,48.00555110431384,5
50,125.0,30,100.0,2.0,1.5,true,49.5044295448836,5
50,125.0,30,100.0,1.0,2.0,true,44.59752398553465,5
50,125.0,30,100.0,1.5,1.5,true,50.36283001005709,5
50,125.0,30,100.0,1.5,2.0,true,45.17473046205366,5
50,125.0,20,150.0,1.0,1.5,true,47.93250111305525,5
50,125.0,20,150.0,1.0,1.0,true,47.93250111305525,5
50,125.0,20,150.0,1.5,1.0,true,47.93250111305525,5
50,125.0,30,100.0,2.0,2.0,true,66.70221147185175,5
50,125.0,20,150.0,1.0,2.0,true,58.73187992272178,5
50,125.0,20,150.0,2.0,1.0,true,58.73187992272178,5
50,125.0,20,150.0,1.5,2.0,true,58.73187992272178,5
50,125.0,20,150.0,1.5,1.5,true,58.73187992272178,5
50,125.0,20,150.0,2.0,1.5,true,58.73187992272178,5
50,125.0,20,150.0,2.0,2.0,true,58.73187992272178,5
50,125.0,25,150.0,1.5,2.0,true,44.03164921319712,5
50,125.0,25,150.0,1.5,1.0,true,53.94135519769305,5
50,125.0,25,150.0,2.0,1.0,true,53.08212387042286,5
50,125.0,25,150.0,1.5,1.5,true,63.47197433835686,5
50,125.0,25,150.0,1.0,2.0,true,44.03164921319712,5
50,125.0,25,150.0,2.0,1.5,true,53.08212387042286,5
50,125.0,25,150.0,2.0,2.0,true,44.03164921319712,5
50,125.0,25,150.0,1.0,1.0,true,82.45593265419579,5
50,125.0,25,150.0,1.0,1.5,true,69.73536333492555,5
50,125.0,30,150.0,1.5,1.0,true,69.50585809602956,5
50,125.0,30,150.0,2.0,1.0,true,54.943417299223256,5
50,125.0,30,150.0,1.5,1.5,true,54.6561833762876,5
50,125.0,30,150.0,2.0,2.0,true,54.6561833762876,5
50,125.0,30,150.0,1.5,2.0,true,54.6561833762876,5
50,125.0,30,150.0,1.0,1.5,true,64.0410130473421,5
50,125.0,30,150.0,1.0,1.0,true,85.68414321206808,5
50,125.0,30,150.0,2.0,1.5,true,69.50585809602956,5
50,125.0,30,150.0,1.0,2.0,true,64.0410130473421,5
40,150.0,20,50.0,2.0,1.0,false,NaN,3
40,150.0,20,50.0,1.0,1.5,false,NaN,3
40,150.0,20,50.0,1.5,1.0,false,NaN,3
40,150.0,20,50.0,1.0,1.0,false,NaN,3
40,150.0,20,50.0,2.0,1.5,false,NaN,4
40,150.0,20,50.0,2.0,2.0,false,NaN,3
40,150.0,25,50.0,1.0,1.5,false,NaN,3
40,150.0,25,50.0,1.0,1.0,false,NaN,3
40,150.0,20,50.0,1.0,2.0,false,NaN,3
40,150.0,20,50.0,1.5,1.5,false,NaN,3
40,150.0,20,50.0,1.5,2.0,false,NaN,3
40,150.0,25,50.0,2.0,1.0,false,NaN,4
40,150.0,25,50.0,1.5,1.0,false,NaN,3
40,150.0,25,50.0,1.5,1.5,false,NaN,3
40,150.0,25,50.0,2.0,1.5,false,NaN,3
40,150.0,25,50.0,1.0,2.0,false,NaN,3
40,150.0,30,50.0,1.0,1.0,false,NaN,3
40,150.0,30,50.0,1.5,1.0,false,NaN,4
40,150.0,25,50.0,2.0,2.0,false,NaN,4
40,150.0,25,50.0,1.5,2.0,false,NaN,3
40,150.0,30,50.0,2.0,1.0,false,NaN,3
40,150.0,30,50.0,1.0,1.5,false,NaN,4
40,150.0,20,100.0,1.5,1.0,false,NaN,3
40,150.0,20,100.0,2.0,1.0,false,NaN,4
40,150.0,30,50.0,1.5,2.0,false,NaN,3
40,150.0,30,50.0,1.0,2.0,false,NaN,3
40,150.0,30,50.0,1.5,1.5,false,NaN,4
40,150.0,30,50.0,2.0,1.5,false,NaN,3
40,150.0,20,100.0,1.0,1.5,false,NaN,4
40,150.0,30,50.0,2.0,2.0,false,NaN,3
40,150.0,20,100.0,1.0,1.0,false,NaN,3
40,150.0,20,100.0,1.5,1.5,false,NaN,4
40,150.0,20,100.0,1.5,2.0,false,NaN,4
40,150.0,20,100.0,1.0,2.0,false,NaN,4
40,150.0,20,100.0,2.0,1.5,false,NaN,3
40,150.0,25,100.0,1.0,1.0,false,NaN,4
40,150.0,20,100.0,2.0,2.0,false,NaN,3
40,150.0,25,100.0,1.5,1.0,false,NaN,4
40,150.0,25,100.0,2.0,1.0,false,NaN,4
40,150.0,25,100.0,1.0,2.0,false,NaN,4
40,150.0,25,100.0,1.0,1.5,false,NaN,4
40,150.0,25,100.0,2.0,1.5,false,NaN,4
40,150.0,30,100.0,1.5,1.0,false,NaN,4
40,150.0,25,100.0,1.5,1.5,false,NaN,4
40,150.0,30,100.0,1.0,1.0,false,NaN,4
40,150.0,25,100.0,1.5,2.0,false,NaN,4
40,150.0,30,100.0,2.0,1.0,false,NaN,4
40,150.0,25,100.0,2.0,2.0,false,NaN,4
40,150.0,30,100.0,1.0,1.5,false,NaN,3
40,150.0,30,100.0,1.5,1.5,false,NaN,4
40,150.0,30,100.0,1.0,2.0,false,NaN,4
40,150.0,30,100.0,2.0,1.5,false,NaN,4
40,150.0,30,100.0,2.0,2.0,false,NaN,3
40,150.0,20,150.0,2.0,1.0,false,NaN,4
40,150.0,30,100.0,1.5,2.0,false,NaN,4
40,150.0,20,150.0,1.5,1.5,false,NaN,4
40,150.0,20,150.0,1.0,1.0,false,NaN,4
40,150.0,20,150.0,1.0,1.5,false,NaN,4
40,150.0,20,150.0,1.5,1.0,false,NaN,4
40,150.0,25,150.0,1.0,1.0,false,NaN,4
40,150.0,25,150.0,1.5,1.0,false,NaN,4
40,150.0,20,150.0,1.0,2.0,false,NaN,4
40,150.0,20,150.0,2.0,2.0,false,NaN,4
40,150.0,25,150.0,1.0,1.5,false,NaN,4
40,150.0,20,150.0,2.0,1.5,false,NaN,4
40,150.0,20,150.0,1.5,2.0,false,NaN,4
40,150.0,25,150.0,1.0,2.0,false,NaN,4
40,150.0,25,150.0,1.5,1.5,false,NaN,4
40,150.0,25,150.0,2.0,1.0,false,NaN,4
40,150.0,25,150.0,2.0,1.5,false,NaN,4
40,150.0,30,150.0,1.5,1.0,false,NaN,4
40,150.0,30,150.0,2.0,1.0,false,NaN,4
40,150.0,30,150.0,2.0,1.5,false,NaN,4
40,150.0,25,150.0,2.0,2.0,false,NaN,4
40,150.0,25,150.0,1.5,2.0,false,NaN,4
40,150.0,30,150.0,1.0,1.5,false,NaN,4
40,150.0,30,150.0,2.0,2.0,false,NaN,4
41,150.0,20,50.0,1.0,1.0,false,NaN,3
40,150.0,30,150.0,1.5,1.5,false,NaN,4
40,150.0,30,150.0,1.0,1.0,false,NaN,4
41,150.0,20,50.0,1.5,1.0,false,NaN,3
41,150.0,20,50.0,1.0,1.5,false,NaN,4
41,150.0,20,50.0,2.0,1.0,false,NaN,4
40,150.0,30,150.0,1.0,2.0,false,NaN,4
41,150.0,20,50.0,1.5,1.5,false,NaN,4
41,150.0,20,50.0,2.0,1.5,false,NaN,4
40,150.0,30,150.0,1.5,2.0,false,NaN,4
41,150.0,25,50.0,1.5,1.0,true,89.93652780567902,5
41,150.0,20,50.0,1.0,2.0,false,NaN,4
41,150.0,25,50.0,2.0,1.0,true,83.88759305966109,5
41,150.0,25,50.0,1.0,1.0,false,NaN,3
41,150.0,20,50.0,1.5,2.0,false,NaN,4
41,150.0,20,50.0,2.0,2.0,false,NaN,4
41,150.0,25,50.0,2.0,1.5,false,NaN,3
41,150.0,25,50.0,1.5,1.5,false,NaN,3
41,150.0,30,50.0,2.0,1.5,true,62.74484356534621,5
41,150.0,25,50.0,1.0,1.5,false,NaN,3
41,150.0,25,50.0,2.0,2.0,false,NaN,3
41,150.0,30,50.0,1.0,1.0,false,NaN,3
41,150.0,25,50.0,1.0,2.0,false,NaN,3
41,150.0,30,50.0,2.0,1.0,false,NaN,4
41,150.0,25,50.0,1.5,2.0,false,NaN,3
41,150.0,30,50.0,1.5,1.0,false,NaN,3
41,150.0,20,100.0,1.0,1.5,true,51.01414448721734,5
41,150.0,30,50.0,1.5,1.5,false,NaN,3
41,150.0,20,100.0,1.5,1.5,true,47.02309816434869,5
41,150.0,20,100.0,1.5,1.0,true,53.676800837166326,5
41,150.0,20,100.0,2.0,1.0,true,43.80436627465784,5
41,150.0,30,50.0,1.0,2.0,false,NaN,4
41,150.0,20,100.0,1.0,1.0,true,53.676800837166326,5
41,150.0,20,100.0,2.0,1.5,true,45.19985210449623,5
41,150.0,30,50.0,1.0,1.5,false,NaN,3
41,150.0,30,50.0,1.5,2.0,false,NaN,4
41,150.0,20,100.0,1.0,2.0,true,52.684963245131826,5
41,150.0,30,50.0,2.0,2.0,false,NaN,3
41,150.0,20,100.0,1.5,2.0,true,47.02309816434869,5
41,150.0,25,100.0,1.0,1.0,true,44.399135415364576,5
41,150.0,20,100.0,2.0,2.0,true,47.02309816434869,5
41,150.0,25,100.0,2.0,1.0,true,45.340605315882826,5
41,150.0,25,100.0,1.0,1.5,true,50.71856590713377,5
41,150.0,25,100.0,1.5,1.0,true,45.340605315882826,5
41,150.0,25,100.0,1.5,1.5,true,50.71856590713377,5
41,150.0,25,100.0,2.0,1.5,true,50.71856590713377,5
41,150.0,30,100.0,1.5,1.0,true,44.26203683939559,5
41,150.0,25,100.0,1.0,2.0,true,56.157248371935914,5
41,150.0,30,100.0,1.0,1.0,true,44.26203683939559,5
41,150.0,25,100.0,1.5,2.0,true,54.489673443507996,5
41,150.0,30,100.0,2.0,1.0,true,44.26203683939559,5
41,150.0,25,100.0,2.0,2.0,true,54.489673443507996,5
41,150.0,30,100.0,1.5,1.5,true,47.211430973817556,5
41,150.0,30,100.0,1.0,2.0,true,47.427585626584886,5
41,150.0,30,100.0,1.5,2.0,true,47.211430973817556,5
41,150.0,30,100.0,1.0,1.5,true,47.427585626584886,5
41,150.0,30,100.0,2.0,2.0,true,47.211430973817556,5
41,150.0,30,100.0,2.0,1.5,true,47.211430973817556,5
41,150.0,20,150.0,1.0,2.0,true,50.04512091690471,5
41,150.0,20,150.0,1.0,1.5,true,54.34834608839821,5
41,150.0,20,150.0,1.5,1.5,true,54.34834608839821,5
41,150.0,20,150.0,2.0,1.5,true,54.34834608839821,5
41,150.0,20,150.0,2.0,2.0,true,50.04512091690471,5
41,150.0,20,150.0,1.5,2.0,true,50.04512091690471,5
41,150.0,20,150.0,2.0,1.0,true,83.21769640306503,5
41,150.0,25,150.0,1.0,1.0,true,60.63842172841449,5
41,150.0,25,150.0,1.5,1.0,true,61.43752044387514,5
41,150.0,20,150.0,1.0,1.0,true,77.06915907142934,5
41,150.0,25,150.0,2.0,1.0,true,61.43752044387514,5
41,150.0,25,150.0,1.0,1.5,true,62.19478257467876,5
41,150.0,25,150.0,1.5,1.5,true,57.169513221822434,5
41,150.0,20,150.0,1.5,1.0,true,83.21769640306503,5
41,150.0,25,150.0,2.0,1.5,true,57.169513221822434,5
41,150.0,25,150.0,1.0,2.0,true,57.55419089171717,5
41,150.0,25,150.0,1.5,2.0,true,57.55419089171717,5
41,150.0,25,150.0,2.0,2.0,true,57.55419089171717,5
41,150.0,30,150.0,1.5,1.5,true,44.03482009203592,5
41,150.0,30,150.0,1.0,1.5,true,44.03482009203592,5
42,150.0,20,50.0,1.5,1.0,true,25.862642804671037,5
42,150.0,20,50.0,1.0,1.0,true,26.897968800949002,5
41,150.0,30,150.0,2.0,1.5,true,44.03482009203592,5
41,150.0,30,150.0,1.0,1.0,true,78.28404813908885,5
42,150.0,20,50.0,2.0,1.0,true,24.311002372125163,5
41,150.0,30,150.0,1.0,2.0,true,44.03482009203592,5
41,150.0,30,150.0,1.5,2.0,true,44.03482009203592,5
41,150.0,30,150.0,2.0,2.0,true,44.03482009203592,5
41,150.0,30,150.0,2.0,1.0,true,92.45182543187272,5
42,150.0,25,50.0,1.5,1.0,true,46.76201613014216,5
41,150.0,30,150.0,1.5,1.0,true,90.20806637416175,5
42,150.0,20,50.0,2.0,2.0,true,41.940668747333454,5
42,150.0,20,50.0,1.0,2.0,false,NaN,3
42,150.0,20,50.0,2.0,1.5,false,NaN,3
42,150.0,20,50.0,1.5,2.0,false,NaN,4
42,150.0,20,50.0,1.5,1.5,false,NaN,4
42,150.0,20,50.0,1.0,1.5,false,NaN,2
42,150.0,25,50.0,1.0,1.0,true,81.80412796488892,5
42,150.0,25,50.0,2.0,1.0,false,NaN,4
42,150.0,25,50.0,1.5,1.5,false,NaN,4
42,150.0,25,50.0,1.0,2.0,false,NaN,4
42,150.0,25,50.0,1.0,1.5,false,NaN,4
42,150.0,25,50.0,1.5,2.0,false,NaN,4
42,150.0,25,50.0,2.0,1.5,false,NaN,4
42,150.0,30,50.0,1.5,1.0,false,NaN,4
42,150.0,25,50.0,2.0,2.0,false,NaN,4
42,150.0,30,50.0,2.0,1.0,false,NaN,3
42,150.0,30,50.0,1.0,1.0,false,NaN,4
42,150.0,20,100.0,1.0,1.0,true,59.186577916609444,5
42,150.0,30,50.0,1.0,1.5,false,NaN,4
42,150.0,30,50.0,1.5,1.5,true,91.55870303264363,5
42,150.0,20,100.0,2.0,1.0,true,67.63712108847288,5
42,150.0,30,50.0,2.0,1.5,false,NaN,4
42,150.0,20,100.0,1.5,1.5,true,56.490236807261994,5
42,150.0,20,100.0,1.5,1.0,true,73.50828407590632,5
42,150.0,30,50.0,1.5,2.0,false,NaN,3
42,150.0,25,100.0,1.0,1.0,true,46.884508173191335,5
42,150.0,20,100.0,1.0,1.5,true,63.63157793519747,5
42,150.0,30,50.0,2.0,2.0,false,NaN,4
42,150.0,20,100.0,2.0,2.0,true,57.65396347836292,5
42,150.0,20,100.0,1.0,2.0,true,64.80066275931328,5
42,150.0,30,50.0,1.0,2.0,false,NaN,3
42,150.0,20,100.0,2.0,1.5,true,57.65396347836292,5
42,150.0,20,100.0,1.5,2.0,true,56.490236807261994,5
42,150.0,25,100.0,1.5,1.0,true,62.73837507984538,5
42,150.0,25,100.0,1.5,1.5,true,54.71754149671846,5
42,150.0,25,100.0,1.0,1.5,true,57.743537344868955,5
42,150.0,30,100.0,2.0,1.0,true,46.07530043396681,5
42,150.0,25,100.0,1.0,2.0,true,50.77759061356185,5
42,150.0,25,100.0,1.5,2.0,true,61.480018108127815,5
42,150.0,30,100.0,1.0,1.0,true,52.70368237928255,5
42,150.0,25,100.0,2.0,1.5,true,60.03853717995598,5
42,150.0,25,100.0,2.0,1.0,false,NaN,3
42,150.0,30,100.0,1.5,1.5,true,49.6508431575536,5
42,150.0,30,100.0,2.0,1.5,true,48.83818468156284,5
42,150.0,20,150.0,1.0,1.0,true,42.839807627972014,5
42,150.0,30,100.0,1.5,2.0,true,56.93704766321223,5
42,150.0,30,100.0,1.5,1.0,true,94.9326867902915,5
42,150.0,30,100.0,1.0,1.5,true,73.74881578266574,5
42,150.0,30,100.0,1.0,2.0,true,61.64524069893836,5
42,150.0,20,150.0,2.0,1.0,true,42.839807627972014,5
42,150.0,20,150.0,1.5,1.0,true,42.839807627972014,5
42,150.0,25,100.0,2.0,2.0,true,89.36177923851294,5
42,150.0,20,150.0,1.0,1.5,true,42.839807627972014,5
42,150.0,30,100.0,2.0,2.0,true,58.86947107928198,5
42,150.0,20,150.0,2.0,1.5,true,42.839807627972014,5
42,150.0,20,150.0,1.5,1.5,true,42.839807627972014,5
42,150.0,20,150.0,1.0,2.0,true,42.839807627972014,5
42,150.0,20,150.0,2.0,2.0,true,42.839807627972014,5
42,150.0,25,150.0,1.0,1.0,true,46.752601498738805,5
42,150.0,20,150.0,1.5,2.0,true,42.839807627972014,5
42,150.0,25,150.0,1.5,1.0,true,44.07820288580867,5
42,150.0,25,150.0,1.5,1.5,true,48.99266194697665,5
42,150.0,25,150.0,2.0,1.5,true,48.99266194697665,5
42,150.0,25,150.0,1.0,1.5,true,61.337627612178665,5
42,150.0,30,150.0,1.0,1.0,true,56.80365066180182,5
42,150.0,25,150.0,2.0,1.0,true,55.097627054617114,5
42,150.0,25,150.0,1.5,2.0,true,61.90453700656219,5
42,150.0,25,150.0,1.0,2.0,true,61.90453700656219,5
42,150.0,25,150.0,2.0,2.0,true,61.90453700656219,5
42,150.0,30,150.0,1.5,2.0,true,38.53097297074516,5
42,150.0,30,150.0,1.0,2.0,true,38.53097297074516,5
42,150.0,30,150.0,1.5,1.0,true,56.80365066180182,5
42,150.0,30,150.0,2.0,2.0,true,38.53097297074516,5
42,150.0,30,150.0,1.0,1.5,true,72.16378616033083,5
42,150.0,30,150.0,1.5,1.5,true,68.42462342899455,5
42,150.0,30,150.0,2.0,1.5,true,61.45159627152087,5
42,150.0,30,150.0,2.0,1.0,true,79.8243438231617,5
43,150.0,20,50.0,1.5,1.0,false,NaN,3
43,150.0,20,50.0,1.0,1.0,false,NaN,3
43,150.0,20,50.0,1.0,2.0,false,NaN,3
43,150.0,20,50.0,2.0,1.5,false,NaN,3
43,150.0,20,50.0,1.5,2.0,false,NaN,3
43,150.0,20,50.0,1.0,1.5,false,NaN,3
43,150.0,20,50.0,2.0,1.0,false,NaN,4
43,150.0,25,50.0,2.0,1.0,false,NaN,3
43,150.0,25,50.0,1.5,1.0,false,NaN,4
43,150.0,20,50.0,1.5,1.5,false,NaN,3
43,150.0,20,50.0,2.0,2.0,false,NaN,3
43,150.0,25,50.0,1.0,1.0,false,NaN,3
43,150.0,25,50.0,1.0,1.5,false,NaN,3
43,150.0,25,50.0,1.5,1.5,false,NaN,3
43,150.0,25,50.0,2.0,1.5,false,NaN,4
43,150.0,25,50.0,1.5,2.0,false,NaN,4
43,150.0,30,50.0,1.0,1.0,false,NaN,3
43,150.0,30,50.0,1.0,1.5,false,NaN,3
43,150.0,30,50.0,1.5,1.5,false,NaN,4
43,150.0,25,50.0,1.0,2.0,false,NaN,3
43,150.0,30,50.0,1.5,1.0,false,NaN,3
43,150.0,25,50.0,2.0,2.0,false,NaN,3
43,150.0,30,50.0,2.0,1.0,false,NaN,3
43,150.0,30,50.0,1.5,2.0,false,NaN,3
43,150.0,30,50.0,2.0,1.5,false,NaN,3
43,150.0,30,50.0,1.0,2.0,false,NaN,3
43,150.0,20,100.0,1.5,1.0,false,NaN,4
43,150.0,30,50.0,2.0,2.0,false,NaN,3
43,150.0,20,100.0,1.0,1.5,false,NaN,4
43,150.0,20,100.0,1.0,1.0,false,NaN,4
43,150.0,20,100.0,2.0,1.0,false,NaN,4
43,150.0,20,100.0,1.5,1.5,false,NaN,4
43,150.0,20,100.0,2.0,1.5,false,NaN,4
43,150.0,20,100.0,1.0,2.0,false,NaN,4
43,150.0,20,100.0,2.0,2.0,false,NaN,4
43,150.0,20,100.0,1.5,2.0,false,NaN,4
43,150.0,25,100.0,1.5,1.5,false,NaN,4
43,150.0,25,100.0,1.0,1.0,false,NaN,4
43,150.0,25,100.0,1.5,1.0,false,NaN,4
43,150.0,25,100.0,1.0,2.0,false,NaN,3
43,150.0,25,100.0,2.0,1.0,false,NaN,4
43,150.0,25,100.0,2.0,2.0,false,NaN,4
43,150.0,25,100.0,1.0,1.5,false,NaN,3
43,150.0,30,100.0,1.0,1.0,false,NaN,4
43,150.0,30,100.0,1.5,1.0,false,NaN,4
43,150.0,25,100.0,2.0,1.5,false,NaN,4
43,150.0,25,100.0,1.5,2.0,false,NaN,4
43,150.0,30,100.0,2.0,1.0,false,NaN,4
43,150.0,30,100.0,1.5,1.5,false,NaN,3
43,150.0,30,100.0,1.0,1.5,false,NaN,4
43,150.0,30,100.0,2.0,1.5,false,NaN,4
43,150.0,30,100.0,2.0,2.0,false,NaN,4
43,150.0,30,100.0,1.5,2.0,false,NaN,3
43,150.0,20,150.0,1.0,1.5,false,NaN,4
43,150.0,20,150.0,1.5,1.0,false,NaN,4
43,150.0,20,150.0,1.5,1.5,false,NaN,4
43,150.0,30,100.0,1.0,2.0,false,NaN,4
43,150.0,20,150.0,2.0,1.0,false,NaN,4
43,150.0,20,150.0,1.0,1.0,false,NaN,4
43,150.0,20,150.0,2.0,1.5,false,NaN,4
43,150.0,20,150.0,1.0,2.0,false,NaN,4
43,150.0,20,150.0,1.5,2.0,false,NaN,4
43,150.0,25,150.0,1.5,1.0,false,NaN,4
43,150.0,25,150.0,2.0,1.0,false,NaN,4
43,150.0,20,150.0,2.0,2.0,false,NaN,4
43,150.0,25,150.0,1.5,1.5,false,NaN,4
43,150.0,25,150.0,1.0,2.0,false,NaN,4
43,150.0,25,150.0,2.0,1.5,false,NaN,4
43,150.0,25,150.0,1.0,1.0,false,NaN,4
43,150.0,25,150.0,1.0,1.5,false,NaN,4
44,150.0,20,50.0,1.0,1.0,true,37.30850117753741,5
43,150.0,25,150.0,1.5,2.0,false,NaN,4
43,150.0,30,150.0,1.5,1.5,false,NaN,4
43,150.0,25,150.0,2.0,2.0,false,NaN,4
43,150.0,30,150.0,2.0,1.5,false,NaN,4
43,150.0,30,150.0,1.5,1.0,false,NaN,4
43,150.0,30,150.0,1.0,1.0,false,NaN,3
44,150.0,20,50.0,1.5,1.0,true,72.73852281086859,5
43,150.0,30,150.0,1.5,2.0,false,NaN,4
43,150.0,30,150.0,2.0,1.0,false,NaN,4
43,150.0,30,150.0,1.0,1.5,false,NaN,4
43,150.0,30,150.0,1.0,2.0,false,NaN,3
43,150.0,30,150.0,2.0,2.0,false,NaN,4
44,150.0,20,50.0,1.5,2.0,true,34.80342925598383,5
44,150.0,20,50.0,1.0,1.5,false,NaN,3
44,150.0,20,50.0,2.0,1.0,false,NaN,4
44,150.0,25,50.0,1.0,2.0,true,49.581223326960995,5
44,150.0,20,50.0,1.0,2.0,true,56.775352042189404,5
44,150.0,25,50.0,1.0,1.0,true,56.88304820879193,5
44,150.0,20,50.0,2.0,1.5,false,NaN,4
44,150.0,30,50.0,1.0,1.0,true,40.88560367766528,5
44,150.0,25,50.0,2.0,1.0,false,NaN,4
44,150.0,20,50.0,1.5,1.5,false,NaN,4
44,150.0,25,50.0,1.5,1.0,false,NaN,4
44,150.0,25,50.0,1.5,1.5,false,NaN,4
44,150.0,20,50.0,2.0,2.0,true,90.05698575570817,5
44,150.0,25,50.0,1.0,1.5,true,97.25320635044238,5
44,150.0,25,50.0,2.0,1.5,false,NaN,4
44,150.0,25,50.0,1.5,2.0,true,98.51784326249091,5
44,150.0,25,50.0,2.0,2.0,true,93.61553530876334,5
44,150.0,30,50.0,1.5,1.5,true,56.51510989596692,5
44,150.0,30,50.0,2.0,1.0,true,59.88584701830174,5
44,150.0,30,50.0,1.5,1.0,true,91.38986802970085,5
44,150.0,20,100.0,1.0,1.0,true,27.470990787938582,5
44,150.0,20,100.0,1.0,1.5,true,27.470990787938582,5
44,150.0,30,50.0,1.0,1.5,true,53.46179001541689,5
44,150.0,20,100.0,1.5,1.0,true,27.470990787938582,5
44,150.0,20,100.0,1.5,1.5,true,27.470990787938582,5
44,150.0,20,100.0,2.0,1.0,true,27.470990787938582,5
44,150.0,20,100.0,2.0,1.5,true,33.9310134536755,5
44,150.0,20,100.0,1.0,2.0,true,27.470990787938582,5
44,150.0,20,100.0,2.0,2.0,true,33.9310134536755,5
44,150.0,30,50.0,2.0,1.5,true,82.11529447392356,5
44,150.0,20,100.0,1.5,2.0,true,33.9310134536755,5
44,150.0,25,100.0,1.0,1.0,true,38.59095741270283,5
44,150.0,30,50.0,1.0,2.0,false,NaN,4
44,150.0,30,100.0,1.0,1.0,true,25.922958747014214,5
44,150.0,25,100.0,1.5,1.5,true,57.96123830410969,5
44,150.0,25,100.0,1.0,2.0,true,43.14017444141457,5
44,150.0,30,50.0,2.0,2.0,false,NaN,4
44,150.0,30,100.0,2.0,1.0,true,27.490245640171143,5
44,150.0,25,100.0,2.0,1.0,true,59.571433825530626,5
44,150.0,25,100.0,1.0,1.5,true,51.6819347106172,5
44,150.0,30,100.0,1.0,1.5,true,36.339369628016804,5
44,150.0,25,100.0,2.0,2.0,true,50.77357050253959,5
44,150.0,30,50.0,1.5,2.0,false,NaN,4
44,150.0,25,100.0,1.5,2.0,true,67.21356546677413,5
44,150.0,25,100.0,1.5,1.0,true,72.75849548501381,5
44,150.0,20,150.0,1.5,1.0,true,13.726759116354161,5
44,150.0,30,100.0,1.0,2.0,true,28.664389701314494,5
44,150.0,20,150.0,1.0,1.0,true,13.726759116354161,5
44,150.0,20,150.0,1.0,1.5,true,13.726759116354161,5
44,150.0,20,150.0,2.0,1.0,true,13.726759116354161,5
44,150.0,30,100.0,1.5,1.5,true,31.892983120007628,5
44,150.0,20,150.0,1.5,1.5,true,13.726759116354161,5
44,150.0,20,150.0,2.0,1.5,true,13.726759116354161,5
44,150.0,30,100.0,1.5,1.0,true,53.599916990968445,5
44,150.0,30,100.0,2.0,1.5,true,40.10919962945846,5
44,150.0,20,150.0,1.0,2.0,true,13.726759116354161,5
44,150.0,25,150.0,1.0,1.0,true,13.143294291723894,5
44,150.0,20,150.0,2.0,2.0,true,13.726759116354161,5
44,150.0,20,150.0,1.5,2.0,true,13.726759116354161,5
44,150.0,25,150.0,2.0,1.0,true,13.143294291723894,5
44,150.0,25,150.0,1.5,1.0,true,13.143294291723894,5
44,150.0,25,150.0,1.0,1.5,true,13.143294291723894,5
44,150.0,25,150.0,1.5,1.5,true,13.143294291723894,5
44,150.0,25,150.0,2.0,1.5,true,13.143294291723894,5
44,150.0,30,100.0,1.5,2.0,true,37.17253841009656,5
44,150.0,25,150.0,1.0,2.0,true,13.143294291723894,5
44,150.0,25,150.0,1.5,2.0,true,13.143294291723894,5
44,150.0,25,150.0,2.0,2.0,true,13.143294291723894,5
44,150.0,30,150.0,1.0,1.5,true,16.360671669459098,5
44,150.0,30,150.0,1.5,1.5,true,16.360671669459098,5
44,150.0,25,100.0,2.0,1.5,false,NaN,4
44,150.0,30,150.0,2.0,1.5,true,16.360671669459098,5
44,150.0,30,150.0,1.5,2.0,true,16.360671669459098,5
44,150.0,30,150.0,1.5,1.0,true,27.27508089486897,5
44,150.0,30,150.0,1.0,2.0,true,16.360671669459098,5
44,150.0,30,150.0,2.0,2.0,true,16.360671669459098,5
44,150.0,30,150.0,1.0,1.0,true,27.27508089486897,5
44,150.0,30,150.0,2.0,1.0,true,27.27508089486897,5
44,150.0,30,100.0,2.0,2.0,false,NaN,4
45,150.0,20,50.0,1.5,1.0,false,NaN,0
45,150.0,20,50.0,1.0,1.5,false,NaN,0
45,150.0,20,50.0,1.5,1.5,false,NaN,0
45,150.0,20,50.0,1.5,2.0,false,NaN,1
45,150.0,20,50.0,2.0,2.0,false,NaN,4
45,150.0,20,50.0,2.0,1.0,false,NaN,2
45,150.0,25,50.0,1.5,1.0,false,NaN,0
45,150.0,20,50.0,1.0,2.0,false,NaN,1
45,150.0,20,50.0,1.0,1.0,false,NaN,0
45,150.0,20,50.0,2.0,1.5,false,NaN,3
45,150.0,25,50.0,1.0,1.5,false,NaN,0
45,150.0,25,50.0,1.0,1.0,false,NaN,0
45,150.0,25,50.0,2.0,1.0,false,NaN,0
45,150.0,25,50.0,1.5,1.5,false,NaN,3
45,150.0,25,50.0,2.0,1.5,false,NaN,2
45,150.0,25,50.0,1.0,2.0,false,NaN,0
45,150.0,25,50.0,1.5,2.0,false,NaN,0
45,150.0,30,50.0,1.0,1.0,false,NaN,0
45,150.0,25,50.0,2.0,2.0,false,NaN,2
45,150.0,30,50.0,1.5,1.0,false,NaN,0
45,150.0,30,50.0,2.0,1.0,false,NaN,3
45,150.0,30,50.0,1.0,1.5,false,NaN,2
45,150.0,30,50.0,1.5,1.5,false,NaN,4
45,150.0,20,100.0,2.0,1.0,false,NaN,4
45,150.0,20,100.0,1.5,1.0,false,NaN,0
45,150.0,30,50.0,2.0,1.5,false,NaN,3
45,150.0,20,100.0,1.5,1.5,false,NaN,0
45,150.0,20,100.0,1.0,1.5,false,NaN,1
45,150.0,30,50.0,1.0,2.0,false,NaN,0
45,150.0,20,100.0,2.0,1.5,false,NaN,4
45,150.0,30,50.0,1.5,2.0,false,NaN,4
45,150.0,20,100.0,1.0,1.0,false,NaN,4
45,150.0,30,50.0,2.0,2.0,false,NaN,1
45,150.0,20,100.0,1.0,2.0,false,NaN,2
45,150.0,20,100.0,1.5,2.0,false,NaN,4
45,150.0,25,100.0,2.0,1.0,false,NaN,4
45,150.0,20,100.0,2.0,2.0,false,NaN,3
45,150.0,25,100.0,1.5,1.0,false,NaN,4
45,150.0,25,100.0,1.5,1.5,false,NaN,4
45,150.0,25,100.0,2.0,1.5,false,NaN,4
45,150.0,25,100.0,1.5,2.0,false,NaN,3
45,150.0,25,100.0,1.0,1.5,false,NaN,4
45,150.0,25,100.0,1.0,1.0,false,NaN,4
45,150.0,25,100.0,1.0,2.0,false,NaN,4
45,150.0,30,100.0,1.0,1.0,false,NaN,4
45,150.0,25,100.0,2.0,2.0,false,NaN,3
45,150.0,30,100.0,1.5,1.0,false,NaN,4
45,150.0,30,100.0,1.5,1.5,false,NaN,3
45,150.0,30,100.0,1.0,2.0,false,NaN,3
45,150.0,30,100.0,2.0,2.0,false,NaN,0
45,150.0,30,100.0,1.5,2.0,false,NaN,4
45,150.0,30,100.0,2.0,1.0,false,NaN,1
45,150.0,30,100.0,1.0,1.5,false,NaN,4
45,150.0,30,100.0,2.0,1.5,false,NaN,3
45,150.0,20,150.0,1.0,1.0,false,NaN,4
45,150.0,20,150.0,1.5,1.0,false,NaN,4
45,150.0,20,150.0,2.0,1.0,false,NaN,2
45,150.0,20,150.0,1.0,1.5,false,NaN,4
45,150.0,20,150.0,1.5,1.5,false,NaN,4
45,150.0,20,150.0,1.5,2.0,false,NaN,4
45,150.0,20,150.0,2.0,2.0,false,NaN,4
45,150.0,20,150.0,2.0,1.5,false,NaN,4
45,150.0,25,150.0,1.0,1.0,false,NaN,4
45,150.0,25,150.0,1.5,1.0,false,NaN,4
45,150.0,25,150.0,2.0,1.0,false,NaN,4
45,150.0,25,150.0,2.0,1.5,false,NaN,4
45,150.0,20,150.0,1.0,2.0,false,NaN,4
45,150.0,25,150.0,1.0,1.5,false,NaN,4
45,150.0,25,150.0,1.5,1.5,false,NaN,4
46,150.0,20,50.0,1.0,1.0,true,41.841646676976524,5
45,150.0,30,150.0,2.0,1.0,false,NaN,4
45,150.0,30,150.0,1.5,1.0,false,NaN,4
45,150.0,25,150.0,2.0,2.0,false,NaN,4
45,150.0,25,150.0,1.5,2.0,false,NaN,4
45,150.0,25,150.0,1.0,2.0,false,NaN,4
45,150.0,30,150.0,1.0,1.0,false,NaN,4
45,150.0,30,150.0,2.0,1.5,false,NaN,4
45,150.0,30,150.0,1.5,1.5,false,NaN,4
45,150.0,30,150.0,1.5,2.0,false,NaN,4
46,150.0,20,50.0,2.0,1.0,true,39.08245326290729,5
46,150.0,20,50.0,2.0,1.5,true,35.27443591362566,5
46,150.0,20,50.0,1.5,1.0,true,81.97092856406282,5
45,150.0,30,150.0,1.0,1.5,false,NaN,4
45,150.0,30,150.0,1.0,2.0,false,NaN,4
46,150.0,25,50.0,2.0,1.0,true,28.43643329742874,5
46,150.0,25,50.0,1.5,1.0,true,45.91286350308683,5
45,150.0,30,150.0,2.0,2.0,false,NaN,4
46,150.0,30,50.0,1.0,1.0,true,27.495656728166622,5
46,150.0,25,50.0,1.0,2.0,true,29.70933142088449,5
46,150.0,20,50.0,1.0,1.5,false,NaN,3
46,150.0,25,50.0,1.0,1.5,true,47.808337493599616,5
46,150.0,25,50.0,1.5,1.5,true,41.636470893002596,5
46,150.0,25,50.0,2.0,1.5,true,50.5610939183851,5
46,150.0,20,50.0,1.5,1.5,false,NaN,4
46,150.0,25,50.0,1.0,1.0,true,90.53386808391627,5
46,150.0,25,50.0,1.5,2.0,true,44.688542241926136,5
46,150.0,30,50.0,2.0,2.0,true,22.440016723967062,5
46,150.0,20,50.0,2.0,2.0,false,NaN,4
46,150.0,30,50.0,1.5,1.5,true,31.135918637454246,5
46,150.0,30,50.0,1.5,2.0,true,22.440016723967062,5
46,150.0,20,50.0,1.5,2.0,false,NaN,4
46,150.0,30,50.0,1.5,1.0,true,41.35700299044364,5
46,150.0,20,50.0,1.0,2.0,false,NaN,4
46,150.0,30,50.0,1.0,2.0,true,31.931569724732253,5
46,150.0,30,50.0,2.0,1.5,true,41.47457225919495,5
46,150.0,20,100.0,1.0,1.0,true,47.856170217998056,5
46,150.0,20,100.0,1.0,1.5,true,28.719682372590345,5
46,150.0,20,100.0,1.0,2.0,true,28.719682372590345,5
46,150.0,25,50.0,2.0,2.0,false,NaN,4
46,150.0,20,100.0,2.0,2.0,true,34.027845584500874,5
46,150.0,20,100.0,1.5,1.0,true,54.272389480660614,5
46,150.0,20,100.0,1.5,2.0,true,34.027845584500874,5
46,150.0,20,100.0,2.0,1.0,true,57.42201926241594,5
46,150.0,25,100.0,1.5,1.0,true,41.51043348618796,5
46,150.0,30,50.0,2.0,1.0,false,NaN,3
46,150.0,20,100.0,2.0,1.5,true,56.1689266625524,5
46,150.0,20,100.0,1.5,1.5,true,72.32343517399275,5
46,150.0,30,50.0,1.0,1.5,false,NaN,4
46,150.0,25,100.0,1.0,2.0,true,39.647191463935044,5
46,150.0,25,100.0,2.0,2.0,true,39.47129510262778,5
46,150.0,25,100.0,1.5,2.0,true,43.423889545097204,5
46,150.0,25,100.0,2.0,1.0,true,77.16492858473627,5
46,150.0,30,100.0,1.5,1.0,true,38.5819749942712,5
46,150.0,30,100.0,2.0,1.0,true,47.36704487269565,5
46,150.0,25,100.0,1.0,1.5,true,74.28702571256855,5
46,150.0,25,100.0,2.0,1.5,true,73.92916922388525,5
46,150.0,30,100.0,1.5,1.5,true,55.15954218679885,5
46,150.0,25,100.0,1.0,1.0,true,98.91972872221284,5
46,150.0,30,100.0,1.0,1.5,true,57.45583966776588,5
46,150.0,25,100.0,1.5,1.5,false,NaN,3
46,150.0,30,100.0,1.0,1.0,false,NaN,4
46,150.0,30,100.0,1.5,2.0,true,52.07027290091458,5
46,150.0,30,100.0,2.0,2.0,true,52.07027290091458,5
46,150.0,30,100.0,1.0,2.0,true,76.43901293446936,5
46,150.0,20,150.0,1.0,1.0,true,81.73065533504456,5
46,150.0,20,150.0,2.0,1.0,true,81.63900311381599,5
46,150.0,20,150.0,1.5,1.0,true,81.73065533504456,5
46,150.0,30,100.0,2.0,1.5,false,NaN,4
46,150.0,20,150.0,1.5,1.5,false,NaN,3
46,150.0,20,150.0,2.0,1.5,false,NaN,3
46,150.0,25,150.0,1.0,1.0,true,72.38230953492729,5
46,150.0,20,150.0,1.0,1.5,false,NaN,3
46,150.0,25,150.0,2.0,1.0,true,78.34538786129384,5
46,150.0,20,150.0,1.0,2.0,false,NaN,3
46,150.0,20,150.0,1.5,2.0,false,NaN,3
46,150.0,25,150.0,1.5,1.5,true,85.93236468333066,5
46,150.0,25,150.0,2.0,1.5,true,85.93236468333066,5
46,150.0,25,150.0,1.5,1.0,true,83.58170738900432,5
46,150.0,20,150.0,2.0,2.0,false,NaN,3
46,150.0,25,150.0,1.0,1.5,true,85.65220071729648,5
46,150.0,30,150.0,1.0,1.0,true,76.78029426672866,5
46,150.0,25,150.0,2.0,2.0,true,85.93236468333066,5
47,150.0,20,50.0,1.0,1.0,true,13.946115536838334,5
46,150.0,30,150.0,1.5,1.0,true,76.78029426672866,5
46,150.0,25,150.0,1.0,2.0,true,85.49849933525769,5
47,150.0,20,50.0,1.0,1.5,true,13.946115536838334,5
46,150.0,25,150.0,1.5,2.0,true,85.93236468333066,5
47,150.0,20,50.0,1.5,1.5,true,13.946115536838334,5
47,150.0,20,50.0,1.0,2.0,true,13.946115536838334,5
47,150.0,20,50.0,2.0,1.5,true,13.946115536838334,5
46,150.0,30,150.0,2.0,1.0,true,76.78029426672866,5
47,150.0,20,50.0,1.5,2.0,true,13.946115536838334,5
47,150.0,20,50.0,2.0,2.0,true,13.946115536838334,5
47,150.0,20,50.0,2.0,1.0,true,34.33733958439892,5
47,150.0,25,50.0,1.0,2.0,true,13.946115536838334,5
47,150.0,25,50.0,2.0,1.5,true,14.230587011767321,5
46,150.0,30,150.0,1.5,2.0,true,74.57740245726394,5
46,150.0,30,150.0,1.0,2.0,true,74.57740245726394,5
46,150.0,30,150.0,1.0,1.5,true,76.6688900255216,5
46,150.0,30,150.0,2.0,1.5,true,76.6688900255216,5
47,150.0,25,50.0,1.5,2.0,true,13.946115536838334,5
46,150.0,30,150.0,1.5,1.5,true,76.6688900255216,5
47,150.0,30,50.0,1.0,1.0,true,13.946115536838334,5
47,150.0,25,50.0,1.0,1.5,true,26.095117004716602,5
47,150.0,25,50.0,2.0,2.0,true,13.946115536838334,5
47,150.0,30,50.0,1.5,1.0,true,13.946115536838334,5
46,150.0,30,150.0,2.0,2.0,true,74.57740245726394,5
47,150.0,30,50.0,1.5,1.5,true,13.946115536838334,5
47,150.0,30,50.0,1.0,2.0,true,13.946115536838334,5
47,150.0,25,50.0,1.5,1.0,true,50.903588351385004,5
47,150.0,30,50.0,1.0,1.5,true,13.946115536838334,5
47,150.0,30,50.0,2.0,1.5,true,13.946115536838334,5
47,150.0,30,50.0,2.0,2.0,true,13.946115536838334,5
47,150.0,25,50.0,1.0,1.0,true,52.53635665606108,5
47,150.0,30,50.0,1.5,2.0,true,13.946115536838334,5
47,150.0,25,50.0,1.5,1.5,true,56.785870299140484,5
47,150.0,20,100.0,1.0,1.0,true,30.352908081769204,5
47,150.0,20,100.0,1.0,1.5,true,27.28066094174199,5
47,150.0,20,100.0,1.5,1.0,true,37.692584020167935,5
47,150.0,20,50.0,1.5,1.0,false,NaN,4
47,150.0,20,100.0,2.0,1.5,true,42.081928836713985,5
47,150.0,25,50.0,2.0,1.0,false,NaN,4
47,150.0,20,100.0,1.5,2.0,true,55.321295896441775,5
47,150.0,25,100.0,1.0,1.5,true,56.97273324999881,5
47,150.0,20,100.0,2.0,1.0,false,NaN,4
47,150.0,20,100.0,1.5,1.5,false,NaN,4
47,150.0,30,50.0,2.0,1.0,false,NaN,4
47,150.0,25,100.0,1.5,1.0,false,NaN,4
47,150.0,25,100.0,2.0,1.5,true,49.009563118721005,5
47,150.0,20,100.0,2.0,2.0,true,87.72489158205114,5
47,150.0,25,100.0,2.0,1.0,false,NaN,4
47,150.0,30,100.0,1.0,1.0,true,34.26321570863489,5
47,150.0,30,100.0,1.5,1.0,true,33.1508899621178,5
47,150.0,25,100.0,1.0,2.0,true,63.066235258272236,5
47,150.0,20,100.0,1.0,2.0,false,NaN,4
47,150.0,25,100.0,1.0,1.0,false,NaN,4
47,150.0,30,100.0,1.5,1.5,true,31.541206050234063,5
47,150.0,30,100.0,2.0,1.5,true,31.540217813786345,5
47,150.0,25,100.0,1.5,2.0,true,63.669910099034425,5
47,150.0,25,100.0,2.0,2.0,true,70.91008790336983,5
47,150.0,25,100.0,1.5,1.5,false,NaN,4
47,150.0,30,100.0,2.0,2.0,true,50.18840453485948,5
47,150.0,30,100.0,1.5,2.0,true,78.73718145020939,5
47,150.0,25,150.0,1.0,1.0,true,25.319332380254924,5
47,150.0,20,150.0,1.0,1.0,true,75.04525041490535,5
47,150.0,30,100.0,2.0,1.0,false,NaN,4
47,150.0,20,150.0,1.5,1.5,true,62.947301549662335,5
47,150.0,25,150.0,1.5,1.0,true,25.319332380254924,5
47,150.0,20,150.0,2.0,1.5,true,62.947301549662335,5
47,150.0,30,100.0,1.0,1.5,false,NaN,4
47,150.0,25,150.0,1.5,1.5,true,25.319332380254924,5
47,150.0,25,150.0,2.0,1.0,true,25.319332380254924,5
47,150.0,30,100.0,1.0,2.0,true,77.54606297320676,5
47,150.0,25,150.0,1.0,1.5,true,25.319332380254924,5
47,150.0,25,150.0,2.0,1.5,true,25.319332380254924,5
47,150.0,20,150.0,1.0,2.0,true,65.78957929027403,5
47,150.0,20,150.0,2.0,1.0,true,72.00084285193988,5
47,150.0,25,150.0,1.0,2.0,true,25.319332380254924,5
47,150.0,20,150.0,2.0,2.0,true,68.0703383022038,5
47,150.0,20,150.0,1.5,1.0,false,NaN,3
47,150.0,25,150.0,2.0,2.0,true,25.319332380254924,5
47,150.0,20,150.0,1.0,1.5,false,NaN,4
47,150.0,25,150.0,1.5,2.0,true,25.319332380254924,5
47,150.0,30,150.0,1.5,1.0,true,60.48463119003425,5
47,150.0,30,150.0,1.0,1.0,true,60.48463119003425,5
47,150.0,30,150.0,1.0,1.5,true,60.12028226403455,5
47,150.0,30,150.0,1.5,1.5,true,60.48463119003425,5
47,150.0,20,150.0,1.5,2.0,false,NaN,4
47,150.0,30,150.0,1.5,2.0,true,60.48463119003425,5
47,150.0,30,150.0,2.0,1.0,true,60.48463119003425,5
48,150.0,20,50.0,1.0,1.0,true,48.40937392019274,5
47,150.0,30,150.0,2.0,1.5,true,60.48463119003425,5
48,150.0,20,50.0,1.5,1.5,true,29.181783091227686,5
47,150.0,30,150.0,1.0,2.0,true,60.48463119003425,5
48,150.0,20,50.0,2.0,1.5,true,45.67530318044789,5
48,150.0,20,50.0,1.0,2.0,true,41.672736403444475,5
48,150.0,20,50.0,1.5,1.0,true,58.88135795182366,5
48,150.0,25,50.0,1.0,1.0,true,27.859449035660585,5
48,150.0,20,50.0,1.5,2.0,true,40.15824126897779,5
47,150.0,30,150.0,2.0,2.0,true,60.48463119003425,5
48,150.0,20,50.0,2.0,1.0,true,73.29513418985907,5
48,150.0,25,50.0,2.0,1.0,true,38.76944332562764,5
48,150.0,25,50.0,1.5,1.0,true,40.59770840252055,5
48,150.0,30,50.0,1.5,1.0,true,30.325743189161773,5
48,150.0,30,50.0,1.0,1.0,true,44.940231073456175,5
48,150.0,25,50.0,1.0,2.0,true,59.23072716693582,5
48,150.0,25,50.0,1.5,2.0,true,55.778765002255405,5
48,150.0,20,50.0,1.0,1.5,true,81.82801909665572,5
48,150.0,25,50.0,2.0,1.5,true,59.992301805479066,5
48,150.0,30,50.0,1.5,1.5,true,35.247119378883575,5
48,150.0,30,50.0,2.0,1.5,true,35.429127438663905,5
48,150.0,25,50.0,1.5,1.5,false,NaN,3
48,150.0,20,100.0,1.0,1.0,true,29.529715838601795,5
48,150.0,20,100.0,1.5,1.0,true,19.64858152228123,5
48,150.0,30,50.0,2.0,1.0,true,46.54441277621375,5
48,150.0,25,50.0,2.0,2.0,true,68.69287666128871,5
48,150.0,20,100.0,2.0,1.0,true,19.64858152228123,5
48,150.0,30,50.0,1.0,2.0,true,55.363427421623044,5
48,150.0,20,50.0,2.0,2.0,true,86.97626035141124,5
48,150.0,20,100.0,1.0,1.5,true,19.64858152228123,5
48,150.0,30,50.0,1.0,1.5,true,59.75738110068207,5
48,150.0,20,100.0,2.0,1.5,true,19.64858152228123,5
48,150.0,30,50.0,1.5,2.0,true,54.28360197383948,5
48,150.0,25,50.0,1.0,1.5,false,NaN,2
48,150.0,20,100.0,1.5,1.5,true,19.64858152228123,5
48,150.0,25,100.0,1.0,1.0,true,22.05398185957315,5
48,150.0,20,100.0,1.0,2.0,true,33.76461466551892,5
48,150.0,25,100.0,1.0,1.5,true,22.062632050307393,5
48,150.0,20,100.0,2.0,2.0,true,30.83762064838523,5
48,150.0,25,100.0,2.0,1.0,true,33.8666960159871,5
48,150.0,25,100.0,1.5,1.5,true,28.386587786309764,5
48,150.0,25,100.0,1.5,1.0,true,35.67624872822281,5
48,150.0,20,100.0,1.5,2.0,true,34.67307974429844,5
48,150.0,25,100.0,2.0,1.5,true,28.386587786309764,5
48,150.0,30,50.0,2.0,2.0,true,77.18865386826344,5
48,150.0,25,100.0,2.0,2.0,true,28.386587786309764,5
48,150.0,25,100.0,1.0,2.0,true,40.61040868002427,5
48,150.0,20,150.0,1.0,1.0,true,11.91083775891804,5
48,150.0,30,100.0,2.0,1.5,true,25.84429897391709,5
48,150.0,20,150.0,1.5,1.0,true,11.91083775891804,5
48,150.0,30,100.0,1.5,1.5,true,31.06765384305721,5
48,150.0,30,100.0,1.0,1.0,true,31.185629814545255,5
48,150.0,20,150.0,1.0,1.5,true,11.91083775891804,5
48,150.0,30,100.0,1.0,1.5,true,31.06765384305721,5
48,150.0,30,100.0,2.0,2.0,true,25.84429897391709,5
48,150.0,20,150.0,2.0,1.0,true,11.91083775891804,5
48,150.0,25,100.0,1.5,2.0,true,55.24873814134068,5
48,150.0,30,100.0,2.0,1.0,true,39.392290820110716,5
48,150.0,20,150.0,2.0,1.5,true,11.91083775891804,5
48,150.0,30,100.0,1.5,1.0,true,38.523698031923516,5
48,150.0,20,150.0,1.5,1.5,true,11.91083775891804,5
48,150.0,20,150.0,1.0,2.0,true,11.91083775891804,5
48,150.0,20,150.0,1.5,2.0,true,11.91083775891804,5
48,150.0,30,100.0,1.0,2.0,true,31.06765384305721,5
48,150.0,30,100.0,1.5,2.0,true,31.027089247153736,5
48,150.0,25,150.0,1.5,1.0,true,11.91083775891804,5
48,150.0,25,150.0,2.0,1.0,true,11.91083775891804,5
48,150.0,25,150.0,1.0,1.0,true,11.91083775891804,5
48,150.0,20,150.0,2.0,2.0,true,11.91083775891804,5
48,150.0,25,150.0,1.0,1.5,true,11.91083775891804,5
48,150.0,25,150.0,1.5,1.5,true,11.91083775891804,5
48,150.0,25,150.0,2.0,1.5,true,11.91083775891804,5
48,150.0,25,150.0,1.0,2.0,true,11.91083775891804,5
48,150.0,30,150.0,1.5,1.0,true,11.785127179316342,5
48,150.0,25,150.0,2.0,2.0,true,11.91083775891804,5
48,150.0,30,150.0,1.0,1.0,true,11.785127179316342,5
48,150.0,30,150.0,1.0,1.5,true,11.785127179316342,5
48,150.0,25,150.0,1.5,2.0,true,11.91083775891804,5
48,150.0,30,150.0,1.5,1.5,true,11.785127179316342,5
48,150.0,30,150.0,2.0,1.0,true,11.785127179316342,5
48,150.0,30,150.0,1.0,2.0,true,11.785127179316342,5
48,150.0,30,150.0,2.0,1.5,true,11.785127179316342,5
48,150.0,30,150.0,1.5,2.0,true,11.785127179316342,5
48,150.0,30,150.0,2.0,2.0,true,11.785127179316342,5
49,150.0,25,50.0,2.0,1.0,true,25.096603802016244,5
49,150.0,25,50.0,1.0,1.5,true,47.362546528483676,5
49,150.0,20,50.0,1.0,1.5,true,57.56641117861472,5
49,150.0,20,50.0,2.0,1.0,false,NaN,4
49,150.0,20,50.0,1.0,1.0,false,NaN,4
49,150.0,20,50.0,1.5,1.0,false,NaN,4
49,150.0,20,50.0,2.0,1.5,false,NaN,4
49,150.0,25,50.0,1.0,1.0,true,81.2466933148159,5
49,150.0,25,50.0,1.5,1.0,false,NaN,4
49,150.0,25,50.0,2.0,2.0,true,25.162842814792885,5
49,150.0,25,50.0,1.0,2.0,true,27.92467176070717,5
49,150.0,25,50.0,1.5,1.5,false,NaN,4
49,150.0,20,50.0,1.5,2.0,false,NaN,4
49,150.0,20,50.0,1.5,1.5,false,NaN,4
49,150.0,25,50.0,1.5,2.0,true,24.960931111242164,5
49,150.0,20,50.0,1.0,2.0,false,NaN,4
49,150.0,30,50.0,1.5,1.0,true,39.748160552472946,5
49,150.0,20,50.0,2.0,2.0,false,NaN,4
49,150.0,20,100.0,1.0,1.0,true,23.193636075080263,5
49,150.0,20,100.0,2.0,1.0,true,23.193636075080263,5
49,150.0,30,50.0,1.0,1.0,true,64.92732114320846,5
49,150.0,20,100.0,1.5,1.0,true,23.193636075080263,5
49,150.0,20,100.0,1.0,1.5,true,23.193636075080263,5
49,150.0,20,100.0,1.5,1.5,true,23.193636075080263,5
49,150.0,20,100.0,1.5,2.0,true,23.193636075080263,5
49,150.0,20,100.0,1.0,2.0,true,23.193636075080263,5
49,150.0,20,100.0,2.0,1.5,true,23.193636075080263,5
49,150.0,20,100.0,2.0,2.0,true,23.193636075080263,5
49,150.0,25,100.0,1.0,1.0,true,22.852610370964758,5
49,150.0,25,50.0,2.0,1.5,false,NaN,4
49,150.0,30,50.0,1.5,1.5,false,NaN,4
49,150.0,30,50.0,2.0,1.0,false,NaN,4
49,150.0,25,100.0,1.5,1.0,true,22.852610370964758,5
49,150.0,25,100.0,2.0,1.0,true,22.852610370964758,5
49,150.0,25,100.0,1.0,1.5,true,22.852610370964758,5
49,150.0,25,100.0,1.0,2.0,true,22.852610370964758,5
49,150.0,25,100.0,1.5,1.5,true,22.852610370964758,5
49,150.0,25,100.0,2.0,1.5,true,22.852610370964758,5
49,150.0,30,100.0,1.0,1.0,true,23.193636075080263,5
49,150.0,25,100.0,1.5,2.0,true,22.852610370964758,5
49,150.0,25,100.0,2.0,2.0,true,22.852610370964758,5
49,150.0,30,50.0,1.0,1.5,false,NaN,4
49,150.0,30,100.0,1.5,1.0,true,23.193636075080263,5
49,150.0,30,100.0,2.0,1.0,true,23.193636075080263,5
49,150.0,30,50.0,2.0,1.5,false,NaN,4
49,150.0,30,100.0,1.5,1.5,true,23.193636075080263,5
49,150.0,30,50.0,1.0,2.0,false,NaN,4
49,150.0,30,50.0,2.0,2.0,false,NaN,4
49,150.0,30,100.0,1.5,2.0,true,23.07975554321222,5
49,150.0,30,100.0,2.0,1.5,true,23.193636075080263,5
49,150.0,30,100.0,1.0,1.5,true,23.193636075080263,5
49,150.0,20,150.0,1.0,1.0,true,28.052724183909554,5
49,150.0,30,100.0,1.0,2.0,true,23.07975554321222,5
49,150.0,30,50.0,1.5,2.0,false,NaN,4
49,150.0,20,150.0,1.0,1.5,true,28.052724183909554,5
49,150.0,30,100.0,2.0,2.0,true,23.07975554321222,5
49,150.0,20,150.0,1.5,1.0,true,28.052724183909554,5
49,150.0,20,150.0,1.5,1.5,true,28.052724183909554,5
49,150.0,20,150.0,2.0,1.0,true,28.052724183909554,5
49,150.0,20,150.0,2.0,1.5,true,28.052724183909554,5
49,150.0,20,150.0,2.0,2.0,true,28.052724183909554,5
49,150.0,25,150.0,1.5,1.0,true,22.108834122357045,5
49,150.0,20,150.0,1.0,2.0,true,28.052724183909554,5
49,150.0,25,150.0,2.0,1.5,true,22.108834122357045,5
49,150.0,25,150.0,2.0,1.0,true,22.108834122357045,5
49,150.0,25,150.0,1.0,1.0,true,22.108834122357045,5
49,150.0,25,150.0,1.0,1.5,true,22.108834122357045,5
49,150.0,25,150.0,1.5,1.5,true,22.108834122357045,5
49,150.0,20,150.0,1.5,2.0,true,28.052724183909554,5
49,150.0,25,150.0,2.0,2.0,true,22.108834122357045,5
49,150.0,25,150.0,1.0,2.0,true,22.108834122357045,5
49,150.0,25,150.0,1.5,2.0,true,22.108834122357045,5
50,150.0,20,50.0,2.0,1.0,true,20.911559373592198,5
50,150.0,20,50.0,1.5,1.0,true,20.573051960224692,5
50,150.0,20,50.0,1.0,1.0,true,20.911559373592198,5
49,150.0,30,150.0,1.5,1.0,true,57.10899798138552,5
49,150.0,30,150.0,2.0,1.0,true,57.10899798138552,5
49,150.0,30,150.0,1.0,1.0,true,57.10899798138552,5
50,150.0,20,50.0,1.5,1.5,true,28.27073786444848,5
49,150.0,30,150.0,1.0,2.0,true,55.4787307973438,5
50,150.0,20,50.0,2.0,1.5,true,38.66078031442484,5
49,150.0,30,150.0,2.0,2.0,true,55.4787307973438,5
49,150.0,30,150.0,1.0,1.5,true,55.4787307973438,5
49,150.0,30,150.0,1.5,2.0,true,55.4787307973438,5
50,150.0,25,50.0,1.5,1.0,true,21.25683280717653,5
50,150.0,25,50.0,1.0,1.5,true,19.42181283869428,5
50,150.0,20,50.0,2.0,2.0,true,38.36159857162658,5
50,150.0,25,50.0,1.5,1.5,true,20.56820348888626,5
50,150.0,25,50.0,2.0,1.5,true,20.56820348888626,5
50,150.0,20,50.0,1.5,2.0,true,51.33106802296307,5
50,150.0,25,50.0,2.0,1.0,true,28.07999072649379,5
49,150.0,30,150.0,2.0,1.5,false,NaN,4
50,150.0,20,50.0,1.0,2.0,true,62.989204562457715,5
50,150.0,25,50.0,1.5,2.0,true,35.77047382002612,5
50,150.0,20,50.0,1.0,1.5,true,80.05892396615583,5
50,150.0,25,50.0,1.0,1.0,true,61.285788135624905,5
49,150.0,30,150.0,1.5,1.5,false,NaN,4
50,150.0,30,50.0,2.0,1.0,true,39.95797924775103,5
50,150.0,30,50.0,1.0,1.0,true,58.90536526228715,5
50,150.0,30,50.0,2.0,1.5,true,41.28751377753064,5
50,150.0,30,50.0,1.0,2.0,true,74.32306271719827,5
50,150.0,30,50.0,1.5,1.5,true,63.723543165830336,5
50,150.0,30,50.0,1.5,1.0,false,NaN,4
50,150.0,20,100.0,1.5,1.0,true,68.5388409745124,5
50,150.0,20,100.0,2.0,1.0,true,56.43556731402761,5
50,150.0,20,100.0,1.5,1.5,true,75.48122132424703,5
50,150.0,30,50.0,2.0,2.0,true,66.80312649405847,5
50,150.0,25,50.0,2.0,2.0,false,NaN,4
50,150.0,25,50.0,1.0,2.0,false,NaN,4
50,150.0,20,100.0,1.0,1.5,false,NaN,2
50,150.0,30,50.0,1.0,1.5,true,97.78361795384603,5
50,150.0,25,100.0,1.0,1.0,true,43.70737322567947,5
50,150.0,30,50.0,1.5,2.0,true,96.58075185157905,5
50,150.0,20,100.0,1.0,2.0,true,60.94386812152081,5
50,150.0,20,100.0,1.0,1.0,true,83.60261996269804,5
50,150.0,20,100.0,2.0,2.0,true,64.7287440552404,5
50,150.0,20,100.0,1.5,2.0,true,59.77278176845627,5
50,150.0,25,100.0,1.0,1.5,true,37.48998501534024,5
50,150.0,25,100.0,1.0,2.0,true,36.29604176962119,5
50,150.0,30,100.0,1.5,1.0,true,40.633358126250016,5
50,150.0,25,100.0,1.5,1.5,true,55.60971158829593,5
50,150.0,30,100.0,1.0,1.0,true,39.56088377061651,5
50,150.0,25,100.0,1.5,1.0,true,65.69686189378699,5
50,150.0,20,100.0,2.0,1.5,false,NaN,4
50,150.0,30,100.0,1.0,1.5,true,45.60462090556625,5
50,150.0,25,100.0,2.0,1.5,true,64.40439049124733,5
50,150.0,30,100.0,1.5,1.5,true,40.49033418007947,5
50,150.0,25,100.0,2.0,1.0,false,NaN,1
50,150.0,25,100.0,2.0,2.0,true,82.42368386452996,5
50,150.0,30,100.0,2.0,1.0,true,59.918217551391784,5
50,150.0,25,100.0,1.5,2.0,true,85.81072822249372,5
50,150.0,30,100.0,1.0,2.0,true,50.1171799828415,5
50,150.0,30,100.0,1.5,2.0,true,42.62043570871762,5
50,150.0,30,100.0,2.0,2.0,true,48.18565648546233,5
50,150.0,20,150.0,2.0,1.0,true,42.06800822972581,5
50,150.0,30,100.0,2.0,1.5,true,63.842273356911704,5
50,150.0,20,150.0,1.0,2.0,true,42.06800822972581,5
50,150.0,20,150.0,1.5,2.0,true,42.06800822972581,5
50,150.0,20,150.0,1.5,1.5,true,42.06800822972581,5
50,150.0,20,150.0,2.0,2.0,true,42.06800822972581,5
50,150.0,20,150.0,1.0,1.5,true,63.08752822352484,5
50,150.0,20,150.0,1.0,1.0,true,61.92404620630745,5
50,150.0,20,150.0,2.0,1.5,true,42.06800822972581,5
50,150.0,20,150.0,1.5,1.0,true,67.6687197618463,5
50,150.0,25,150.0,1.5,1.0,true,62.90875676014971,5
50,150.0,25,150.0,2.0,1.0,true,62.90875676014971,5
50,150.0,25,150.0,1.0,2.0,true,62.26180096401025,5
50,150.0,25,150.0,1.5,2.0,true,62.87003753454966,5
50,150.0,25,150.0,2.0,1.5,true,62.87003753454966,5
50,150.0,25,150.0,1.5,1.5,true,72.30262684282562,5
50,150.0,25,150.0,2.0,2.0,true,60.09501733959632,5
50,150.0,30,150.0,1.5,1.0,true,74.11447626531483,5
50,150.0,25,150.0,1.0,1.0,false,NaN,4
50,150.0,30,150.0,1.0,1.5,true,57.39103045807848,5
50,150.0,30,150.0,2.0,1.0,true,57.39103045807848,5
50,150.0,30,150.0,1.5,1.5,true,57.39103045807848,5
50,150.0,30,150.0,2.0,1.5,true,64.0465401472306,5
50,150.0,25,150.0,1.0,1.5,true,92.34209592598816,5
50,150.0,30,150.0,1.0,2.0,true,70.8859426206703,5
50,150.0,30,150.0,1.0,1.0,true,71.125881784276,5
50,150.0,30,150.0,2.0,2.0,true,53.15627026146691,5
50,150.0,30,150.0,1.5,2.0,true,70.8859426206703,5
