seed,sensorRange,acoCandidateCount,acoStepLength,acoAlpha,acoBeta,victimIdx,uavIdx,foundTime,x,y
40,100.0,20,50.0,2.0,1.0,2,0,6.582104923942083,357.3820174025494,170.075846905503
40,100.0,20,50.0,1.0,2.0,2,0,6.582104923942083,357.3820174025494,170.075846905503
40,100.0,20,50.0,2.0,1.5,2,0,6.582104923942083,357.3820174025494,170.075846905503
40,100.0,20,50.0,2.0,1.0,0,0,6.806848608086251,463.7091657830143,173.94983411973146
40,100.0,20,50.0,2.0,1.5,0,0,6.806848608086251,463.7091657830143,173.94983411973146
40,100.0,20,50.0,1.0,2.0,0,0,6.806848608086251,463.7091657830143,173.94983411973146
40,100.0,20,50.0,1.0,1.0,2,0,6.582104923942083,357.3820174025494,170.075846905503
40,100.0,20,50.0,1.0,1.0,0,0,6.806848608086251,463.7091657830143,173.94983411973146
40,100.0,20,50.0,1.5,1.5,2,0,6.582104923942083,357.3820174025494,170.075846905503
40,100.0,20,50.0,1.5,1.5,0,0,6.806848608086251,463.7091657830143,173.94983411973146
40,100.0,20,50.0,1.5,1.0,2,0,6.582104923942083,357.3820174025494,170.075846905503
40,100.0,20,50.0,1.5,1.0,0,0,6.806848608086251,463.7091657830143,173.94983411973146
40,100.0,25,50.0,1.5,1.0,2,0,6.582104923942083,357.3820174025494,170.075846905503
40,100.0,25,50.0,1.5,1.0,0,0,6.806848608086251,463.7091657830143,173.94983411973146
40,100.0,25,50.0,2.0,1.0,2,0,6.582104923942083,357.3820174025494,170.075846905503
40,100.0,20,50.0,2.0,2.0,2,0,6.582104923942083,357.3820174025494,170.075846905503
40,100.0,25,50.0,2.0,1.0,0,0,6.806848608086251,463.7091657830143,173.94983411973146
40,100.0,20,50.0,2.0,2.0,0,0,6.806848608086251,463.7091657830143,173.94983411973146
40,100.0,20,50.0,1.0,1.5,2,0,6.582104923942083,357.3820174025494,170.075846905503
40,100.0,20,50.0,1.5,2.0,2,0,6.582104923942083,357.3820174025494,170.075846905503
40,100.0,25,50.0,1.0,1.0,2,0,6.582104923942083,357.3820174025494,170.075846905503
40,100.0,20,50.0,2.0,1.0,1,0,17.034799888158023,507.078922744844,189.28912608156344
40,100.0,25,50.0,1.0,1.0,0,0,6.806848608086251,463.7091657830143,173.94983411973146
40,100.0,20,50.0,1.0,1.5,0,0,6.806848608086251,463.7091657830143,173.94983411973146
40,100.0,20,50.0,1.5,2.0,0,0,6.806848608086251,463.7091657830143,173.94983411973146
40,100.0,20,50.0,1.0,1.0,1,0,19.406355091748402,507.078922744844,189.28912608156344
40,100.0,25,50.0,1.0,1.5,2,0,6.582104923942083,357.3820174025494,170.075846905503
40,100.0,20,50.0,1.5,1.0,1,0,17.034799888158023,507.078922744844,189.28912608156344
40,100.0,25,50.0,1.5,1.5,2,0,6.582104923942083,357.3820174025494,170.075846905503
40,100.0,25,50.0,1.5,1.5,0,0,6.806848608086251,463.7091657830143,173.94983411973146
40,100.0,25,50.0,1.0,1.5,0,0,6.806848608086251,463.7091657830143,173.94983411973146
40,100.0,25,50.0,1.5,1.0,1,0,19.001876150243415,507.078922744844,189.28912608156344
40,100.0,25,50.0,1.0,1.0,1,0,19.001876150243415,507.078922744844,189.28912608156344
40,100.0,20,50.0,1.0,1.5,3,0,22.936675839944154,498.79533806064467,183.5757899808681
40,100.0,20,50.0,2.0,1.0,4,1,64.025559408622,459.33607136727795,411.8215105565725
40,100.0,25,50.0,2.0,1.0,1,0,19.001876150243415,507.078922744844,189.28912608156344
40,100.0,20,50.0,1.5,2.0,3,0,31.71741296984997,498.79533806064467,183.5757899808681
40,100.0,20,50.0,2.0,1.5,3,0,71.94259500426963,498.79533806064467,183.5757899808681
40,100.0,20,50.0,1.5,1.5,1,1,85.13722387759124,507.078922744844,189.28912608156344
40,100.0,20,50.0,1.0,1.0,4,0,82.80499816322691,459.33607136727795,411.8215105565725
40,100.0,25,50.0,2.0,1.5,2,0,6.582104923942083,357.3820174025494,170.075846905503
40,100.0,25,50.0,2.0,1.5,0,0,6.806848608086251,463.7091657830143,173.94983411973146
40,100.0,25,50.0,1.0,2.0,2,0,6.582104923942083,357.3820174025494,170.075846905503
40,100.0,25,50.0,1.0,2.0,0,0,6.806848608086251,463.7091657830143,173.94983411973146
40,100.0,25,50.0,1.5,2.0,2,0,6.582104923942083,357.3820174025494,170.075846905503
40,100.0,25,50.0,1.5,2.0,0,0,6.806848608086251,463.7091657830143,173.94983411973146
40,100.0,25,50.0,2.0,2.0,2,0,6.582104923942083,357.3820174025494,170.075846905503
40,100.0,25,50.0,2.0,2.0,0,0,6.806848608086251,463.7091657830143,173.94983411973146
40,100.0,30,50.0,1.0,1.0,2,0,6.582104923942083,357.3820174025494,170.075846905503
40,100.0,30,50.0,1.5,1.0,2,0,6.582104923942083,357.3820174025494,170.075846905503
40,100.0,30,50.0,1.0,1.0,0,0,6.806848608086251,463.7091657830143,173.94983411973146
40,100.0,30,50.0,1.5,1.0,0,0,6.806848608086251,463.7091657830143,173.94983411973146
40,100.0,25,50.0,2.0,1.5,3,0,35.58145180166142,498.79533806064467,183.5757899808681
40,100.0,25,50.0,1.0,1.5,1,0,59.950758581470254,507.078922744844,189.28912608156344
40,100.0,30,50.0,1.5,1.0,3,0,17.39653929221047,498.79533806064467,183.5757899808681
40,100.0,25,50.0,1.0,2.0,3,0,77.56133965312317,498.79533806064467,183.5757899808681
40,100.0,25,50.0,2.0,2.0,4,0,76.4282056231625,459.33607136727795,411.8215105565725
40,100.0,25,50.0,1.5,1.0,4,0,84.65983992188124,459.33607136727795,411.8215105565725
40,100.0,30,50.0,2.0,1.0,2,0,6.582104923942083,357.3820174025494,170.075846905503
40,100.0,30,50.0,2.0,1.0,0,0,6.806848608086251,463.7091657830143,173.94983411973146
40,100.0,30,50.0,1.0,1.5,2,0,6.582104923942083,357.3820174025494,170.075846905503
40,100.0,30,50.0,1.0,1.5,0,0,6.806848608086251,463.7091657830143,173.94983411973146
40,100.0,30,50.0,1.5,1.5,2,0,6.582104923942083,357.3820174025494,170.075846905503
40,100.0,30,50.0,1.5,1.5,0,0,6.806848608086251,463.7091657830143,173.94983411973146
40,100.0,30,50.0,2.0,1.5,2,0,6.582104923942083,357.3820174025494,170.075846905503
40,100.0,25,50.0,1.5,1.5,4,0,91.17396769047164,459.33607136727795,411.8215105565725
40,100.0,30,50.0,2.0,1.5,0,0,6.806848608086251,463.7091657830143,173.94983411973146
40,100.0,30,50.0,1.0,2.0,2,0,6.582104923942083,357.3820174025494,170.075846905503
40,100.0,30,50.0,1.0,2.0,0,0,6.806848608086251,463.7091657830143,173.94983411973146
40,100.0,30,50.0,2.0,1.0,1,0,17.034799888158023,507.078922744844,189.28912608156344
40,100.0,30,50.0,2.0,2.0,2,0,6.582104923942083,357.3820174025494,170.075846905503
40,100.0,30,50.0,2.0,2.0,0,0,6.806848608086251,463.7091657830143,173.94983411973146
40,100.0,30,50.0,1.0,1.5,1,0,19.001876150243415,507.078922744844,189.28912608156344
40,100.0,30,50.0,1.5,2.0,2,0,6.582104923942083,357.3820174025494,170.075846905503
40,100.0,30,50.0,1.5,2.0,0,0,6.806848608086251,463.7091657830143,173.94983411973146
40,100.0,20,100.0,1.0,1.0,2,0,4.667740890007865,357.3820174025494,170.075846905503
40,100.0,20,100.0,1.5,1.0,2,0,4.667740890007865,357.3820174025494,170.075846905503
40,100.0,20,100.0,2.0,1.0,2,0,4.667740890007865,357.3820174025494,170.075846905503
40,100.0,30,50.0,1.0,2.0,1,0,19.001876150243415,507.078922744844,189.28912608156344
40,100.0,30,50.0,2.0,1.5,3,0,21.76872267348169,498.79533806064467,183.5757899808681
40,100.0,20,100.0,1.0,1.5,2,0,4.667740890007865,357.3820174025494,170.075846905503
40,100.0,20,100.0,1.5,1.5,2,0,4.667740890007865,357.3820174025494,170.075846905503
40,100.0,20,100.0,2.0,1.5,2,0,4.667740890007865,357.3820174025494,170.075846905503
40,100.0,20,100.0,1.0,2.0,2,0,4.667740890007865,357.3820174025494,170.075846905503
40,100.0,20,100.0,1.0,1.0,0,0,35.72327001902836,463.7091657830143,173.94983411973146
40,100.0,20,100.0,1.0,2.0,0,0,10.000768554341645,463.7091657830143,173.94983411973146
40,100.0,20,100.0,1.0,1.5,0,0,35.72327001902836,463.7091657830143,173.94983411973146
40,100.0,20,100.0,1.5,1.0,0,0,35.72327001902836,463.7091657830143,173.94983411973146
40,100.0,20,100.0,2.0,1.0,1,0,42.087598343653084,507.078922744844,189.28912608156344
40,100.0,30,50.0,1.0,1.5,4,0,74.35121720076691,459.33607136727795,411.8215105565725
40,100.0,20,100.0,2.0,1.0,0,0,49.01297526661656,463.7091657830143,173.94983411973146
40,100.0,20,100.0,1.0,1.5,3,0,52.381719001277,498.79533806064467,183.5757899808681
40,100.0,20,100.0,2.0,1.5,0,0,36.80198070695213,463.7091657830143,173.94983411973146
40,100.0,20,100.0,1.0,1.0,1,0,60.64876983080476,507.078922744844,189.28912608156344
40,100.0,20,100.0,1.5,2.0,2,0,4.667740890007865,357.3820174025494,170.075846905503
40,100.0,20,100.0,1.5,1.5,1,0,42.087598343653084,507.078922744844,189.28912608156344
40,100.0,30,50.0,1.0,2.0,4,0,80.77553351666026,459.33607136727795,411.8215105565725
40,100.0,20,100.0,1.0,2.0,3,0,34.669247025942894,498.79533806064467,183.5757899808681
40,100.0,20,100.0,1.5,2.0,0,0,10.000768554341645,463.7091657830143,173.94983411973146
40,100.0,30,50.0,1.5,2.0,3,0,66.40363215030406,498.79533806064467,183.5757899808681
40,100.0,20,100.0,2.0,1.5,1,0,52.94468047730108,507.078922744844,189.28912608156344
40,100.0,20,100.0,2.0,2.0,2,0,4.667740890007865,357.3820174025494,170.075846905503
40,100.0,20,100.0,1.5,1.0,1,0,60.64876983080476,507.078922744844,189.28912608156344
40,100.0,20,100.0,2.0,2.0,0,0,10.000768554341645,463.7091657830143,173.94983411973146
40,100.0,20,100.0,1.5,1.5,0,0,51.113068765064746,463.7091657830143,173.94983411973146
40,100.0,25,100.0,1.0,1.0,2,0,4.667740890007865,357.3820174025494,170.075846905503
40,100.0,20,100.0,2.0,1.0,4,0,80.85841772488405,459.33607136727795,411.8215105565725
40,100.0,25,100.0,1.5,1.0,2,0,4.667740890007865,357.3820174025494,170.075846905503
40,100.0,25,100.0,2.0,1.0,2,0,4.667740890007865,357.3820174025494,170.075846905503
40,100.0,20,100.0,1.5,2.0,3,0,34.669247025942894,498.79533806064467,183.5757899808681
40,100.0,25,100.0,1.0,1.5,2,0,4.667740890007865,357.3820174025494,170.075846905503
40,100.0,20,100.0,1.0,1.0,4,1,95.34547024175355,459.33607136727795,411.8215105565725
40,100.0,20,100.0,2.0,2.0,3,0,34.669247025942894,498.79533806064467,183.5757899808681
40,100.0,25,100.0,1.5,1.5,2,0,4.667740890007865,357.3820174025494,170.075846905503
40,100.0,20,100.0,1.0,2.0,4,0,67.9750636012101,459.33607136727795,411.8215105565725
40,100.0,25,100.0,2.0,1.5,2,0,4.667740890007865,357.3820174025494,170.075846905503
40,100.0,25,100.0,1.0,2.0,2,0,4.667740890007865,357.3820174025494,170.075846905503
40,100.0,20,100.0,1.5,1.0,4,1,89.76357825290577,459.33607136727795,411.8215105565725
40,100.0,25,100.0,1.5,1.0,4,0,46.71416280889589,459.33607136727795,411.8215105565725
40,100.0,25,100.0,2.0,1.0,4,0,46.71416280889589,459.33607136727795,411.8215105565725
40,100.0,25,100.0,1.5,2.0,2,0,4.667740890007865,357.3820174025494,170.075846905503
40,100.0,25,100.0,1.0,1.5,4,0,46.71416280889589,459.33607136727795,411.8215105565725
40,100.0,25,100.0,2.0,2.0,2,0,4.667740890007865,357.3820174025494,170.075846905503
40,100.0,25,100.0,1.0,1.0,1,1,60.229965591032744,507.078922744844,189.28912608156344
40,100.0,30,100.0,1.5,1.0,2,0,4.667740890007865,357.3820174025494,170.075846905503
40,100.0,30,100.0,1.0,1.0,2,0,4.667740890007865,357.3820174025494,170.075846905503
40,100.0,25,100.0,1.5,1.5,4,0,46.71416280889589,459.33607136727795,411.8215105565725
40,100.0,25,100.0,2.0,1.5,4,0,46.71416280889589,459.33607136727795,411.8215105565725
40,100.0,30,100.0,2.0,1.0,2,0,4.667740890007865,357.3820174025494,170.075846905503
40,100.0,25,100.0,1.0,1.0,0,1,79.20891057063065,463.7091657830143,173.94983411973146
40,100.0,30,100.0,1.0,1.5,2,0,4.667740890007865,357.3820174025494,170.075846905503
40,100.0,25,100.0,1.5,1.0,1,1,88.98232668464676,507.078922744844,189.28912608156344
40,100.0,25,100.0,1.0,1.0,4,1,83.72440417646611,459.33607136727795,411.8215105565725
40,100.0,25,100.0,1.0,2.0,4,0,46.71416280889589,459.33607136727795,411.8215105565725
40,100.0,30,100.0,1.5,1.5,2,0,4.667740890007865,357.3820174025494,170.075846905503
40,100.0,25,100.0,1.5,1.0,0,1,95.44989372997185,463.7091657830143,173.94983411973146
40,100.0,30,100.0,1.0,1.0,0,0,30.96724475595979,463.7091657830143,173.94983411973146
40,100.0,30,100.0,2.0,1.5,2,0,4.667740890007865,357.3820174025494,170.075846905503
40,100.0,25,100.0,2.0,1.0,1,1,90.36345719096387,507.078922744844,189.28912608156344
40,100.0,25,100.0,2.0,2.0,4,0,46.71416280889589,459.33607136727795,411.8215105565725
40,100.0,30,100.0,1.0,2.0,2,0,4.667740890007865,357.3820174025494,170.075846905503
40,100.0,30,100.0,1.0,1.0,1,0,36.836205661244506,507.078922744844,189.28912608156344
40,100.0,30,100.0,2.0,1.0,0,0,36.19637520111471,463.7091657830143,173.94983411973146
40,100.0,25,100.0,1.5,2.0,4,0,46.71416280889589,459.33607136727795,411.8215105565725
40,100.0,30,100.0,1.5,1.5,0,0,36.19637520111471,463.7091657830143,173.94983411973146
40,100.0,30,100.0,1.0,1.5,0,0,36.19637520111471,463.7091657830143,173.94983411973146
40,100.0,30,100.0,1.5,1.0,1,1,59.85360658360058,507.078922744844,189.28912608156344
40,100.0,30,100.0,1.5,2.0,2,0,4.667740890007865,357.3820174025494,170.075846905503
40,100.0,30,100.0,1.5,1.5,3,0,41.924985771571976,498.79533806064467,183.5757899808681
40,100.0,30,100.0,2.0,2.0,2,0,4.667740890007865,357.3820174025494,170.075846905503
40,100.0,30,100.0,1.0,1.5,3,0,41.924985771571976,498.79533806064467,183.5757899808681
40,100.0,30,100.0,1.5,1.5,4,0,45.954390354125636,459.33607136727795,411.8215105565725
40,100.0,30,100.0,1.0,1.5,4,0,45.954390354125636,459.33607136727795,411.8215105565725
40,100.0,30,100.0,2.0,1.5,0,0,36.19637520111471,463.7091657830143,173.94983411973146
40,100.0,30,100.0,2.0,1.0,1,0,57.652906173926745,507.078922744844,189.28912608156344
40,100.0,20,150.0,1.0,1.0,2,0,4.667740890007865,357.3820174025494,170.075846905503
40,100.0,30,100.0,2.0,1.5,3,0,41.924985771571976,498.79533806064467,183.5757899808681
40,100.0,30,100.0,2.0,1.5,4,0,45.954390354125636,459.33607136727795,411.8215105565725
40,100.0,20,150.0,1.5,1.0,2,0,4.667740890007865,357.3820174025494,170.075846905503
40,100.0,30,100.0,1.0,1.0,4,0,68.10090754773768,459.33607136727795,411.8215105565725
40,100.0,30,100.0,1.5,1.0,0,1,78.79836992317775,463.7091657830143,173.94983411973146
40,100.0,20,150.0,1.0,1.0,0,0,17.526212467670124,463.7091657830143,173.94983411973146
40,100.0,20,150.0,2.0,1.0,2,0,4.667740890007865,357.3820174025494,170.075846905503
40,100.0,20,150.0,1.5,1.0,0,0,17.526212467670124,463.7091657830143,173.94983411973146
40,100.0,20,150.0,1.0,1.0,1,0,25.47424231807804,507.078922744844,189.28912608156344
40,100.0,20,150.0,1.5,1.0,1,0,25.47424231807804,507.078922744844,189.28912608156344
40,100.0,30,100.0,1.5,1.0,4,1,94.27911030938323,459.33607136727795,411.8215105565725
40,100.0,20,150.0,2.0,1.0,0,0,17.526212467670124,463.7091657830143,173.94983411973146
40,100.0,20,150.0,2.0,1.0,1,0,25.47424231807804,507.078922744844,189.28912608156344
40,100.0,20,150.0,1.0,1.5,2,0,4.667740890007865,357.3820174025494,170.075846905503
40,100.0,20,150.0,1.5,1.5,2,0,4.667740890007865,357.3820174025494,170.075846905503
40,100.0,20,150.0,2.0,1.5,2,0,4.667740890007865,357.3820174025494,170.075846905503
40,100.0,20,150.0,1.0,2.0,2,0,4.667740890007865,357.3820174025494,170.075846905503
40,100.0,20,150.0,1.5,2.0,2,0,4.667740890007865,357.3820174025494,170.075846905503
40,100.0,30,100.0,1.0,2.0,0,0,89.17312110412942,463.7091657830143,173.94983411973146
40,100.0,20,150.0,1.0,1.5,0,0,17.526212467670124,463.7091657830143,173.94983411973146
40,100.0,30,100.0,1.0,2.0,3,0,91.35295371783897,498.79533806064467,183.5757899808681
40,100.0,20,150.0,1.0,1.0,4,0,51.445029212164606,459.33607136727795,411.8215105565725
40,100.0,20,150.0,2.0,2.0,2,0,4.667740890007865,357.3820174025494,170.075846905503
40,100.0,20,150.0,2.0,1.5,0,0,17.526212467670124,463.7091657830143,173.94983411973146
40,100.0,20,150.0,1.5,1.5,0,0,17.526212467670124,463.7091657830143,173.94983411973146
40,100.0,20,150.0,1.0,2.0,0,0,17.526212467670124,463.7091657830143,173.94983411973146
40,100.0,20,150.0,1.0,1.5,1,0,25.47424231807804,507.078922744844,189.28912608156344
40,100.0,20,150.0,1.5,2.0,0,0,17.526212467670124,463.7091657830143,173.94983411973146
40,100.0,30,100.0,2.0,2.0,4,1,76.10124986302607,459.33607136727795,411.8215105565725
40,100.0,20,150.0,1.5,1.0,4,0,51.445029212164606,459.33607136727795,411.8215105565725
40,100.0,20,150.0,2.0,1.0,4,0,51.445029212164606,459.33607136727795,411.8215105565725
40,100.0,20,150.0,2.0,1.5,1,0,25.47424231807804,507.078922744844,189.28912608156344
40,100.0,25,150.0,1.0,1.0,2,0,4.667740890007865,357.3820174025494,170.075846905503
40,100.0,25,150.0,1.5,1.0,2,0,4.667740890007865,357.3820174025494,170.075846905503
40,100.0,20,150.0,1.5,1.5,1,0,25.47424231807804,507.078922744844,189.28912608156344
40,100.0,20,150.0,1.5,2.0,1,0,25.47424231807804,507.078922744844,189.28912608156344
40,100.0,30,100.0,1.5,2.0,3,1,80.07066660778405,498.79533806064467,183.5757899808681
40,100.0,25,150.0,2.0,1.0,2,0,4.667740890007865,357.3820174025494,170.075846905503
40,100.0,20,150.0,2.0,2.0,0,0,17.526212467670124,463.7091657830143,173.94983411973146
40,100.0,20,150.0,1.0,2.0,1,0,25.47424231807804,507.078922744844,189.28912608156344
40,100.0,25,150.0,1.0,1.0,0,0,17.314692819627204,463.7091657830143,173.94983411973146
40,100.0,30,100.0,1.5,2.0,0,0,88.61988335571941,463.7091657830143,173.94983411973146
40,100.0,20,150.0,2.0,2.0,1,0,25.47424231807804,507.078922744844,189.28912608156344
40,100.0,25,150.0,1.5,1.0,0,0,17.314692819627204,463.7091657830143,173.94983411973146
40,100.0,25,150.0,2.0,1.0,0,0,17.314692819627204,463.7091657830143,173.94983411973146
40,100.0,30,100.0,1.5,2.0,4,1,98.65608356603083,459.33607136727795,411.8215105565725
40,100.0,25,150.0,1.0,1.5,2,0,4.667740890007865,357.3820174025494,170.075846905503
40,100.0,25,150.0,1.5,1.5,2,0,4.667740890007865,357.3820174025494,170.075846905503
40,100.0,20,150.0,2.0,1.5,4,0,69.1423742214142,459.33607136727795,411.8215105565725
40,100.0,25,150.0,1.0,1.0,3,0,51.00977761017127,498.79533806064467,183.5757899808681
40,100.0,20,150.0,1.0,1.5,4,0,69.14424511010198,459.33607136727795,411.8215105565725
40,100.0,25,150.0,1.5,1.0,3,0,51.00977761017127,498.79533806064467,183.5757899808681
40,100.0,20,150.0,1.5,1.5,4,0,68.99075883324862,459.33607136727795,411.8215105565725
40,100.0,25,150.0,1.0,1.0,4,1,63.73910100817715,459.33607136727795,411.8215105565725
40,100.0,25,150.0,1.0,1.5,0,0,17.314692819627204,463.7091657830143,173.94983411973146
40,100.0,25,150.0,1.5,1.0,4,1,63.73910100817715,459.33607136727795,411.8215105565725
40,100.0,25,150.0,1.5,1.5,0,0,17.314692819627204,463.7091657830143,173.94983411973146
40,100.0,25,150.0,2.0,1.5,2,0,4.667740890007865,357.3820174025494,170.075846905503
40,100.0,25,150.0,1.0,1.5,1,0,25.066216110863408,507.078922744844,189.28912608156344
40,100.0,25,150.0,1.5,1.5,1,0,25.066216110863408,507.078922744844,189.28912608156344
40,100.0,25,150.0,1.0,2.0,2,0,4.667740890007865,357.3820174025494,170.075846905503
40,100.0,30,150.0,1.0,1.0,2,0,4.667740890007865,357.3820174025494,170.075846905503
40,100.0,25,150.0,1.5,2.0,2,0,4.667740890007865,357.3820174025494,170.075846905503
40,100.0,25,150.0,2.0,2.0,2,0,4.667740890007865,357.3820174025494,170.075846905503
40,100.0,25,150.0,2.0,1.0,3,0,51.00977761017127,498.79533806064467,183.5757899808681
40,100.0,25,150.0,2.0,1.5,0,0,17.314692819627204,463.7091657830143,173.94983411973146
40,100.0,25,150.0,1.0,2.0,0,0,17.314692819627204,463.7091657830143,173.94983411973146
40,100.0,30,150.0,1.5,1.0,2,0,4.667740890007865,357.3820174025494,170.075846905503
40,100.0,30,150.0,1.0,1.0,0,0,17.526212467670124,463.7091657830143,173.94983411973146
40,100.0,25,150.0,1.5,2.0,0,0,17.314692819627204,463.7091657830143,173.94983411973146
40,100.0,25,150.0,2.0,1.5,1,0,25.066216110863408,507.078922744844,189.28912608156344
40,100.0,30,150.0,1.0,1.0,3,0,18.84599907982763,498.79533806064467,183.5757899808681
40,100.0,25,150.0,1.5,1.5,4,0,45.92888526036808,459.33607136727795,411.8215105565725
40,100.0,25,150.0,2.0,2.0,0,0,17.314692819627204,463.7091657830143,173.94983411973146
40,100.0,25,150.0,1.0,1.5,4,0,45.92888526036808,459.33607136727795,411.8215105565725
40,100.0,25,150.0,1.0,2.0,1,0,25.066216110863408,507.078922744844,189.28912608156344
40,100.0,30,150.0,2.0,1.0,2,0,4.667740890007865,357.3820174025494,170.075846905503
40,100.0,30,150.0,1.0,1.5,2,0,4.667740890007865,357.3820174025494,170.075846905503
40,100.0,25,150.0,1.5,2.0,1,0,25.066216110863408,507.078922744844,189.28912608156344
40,100.0,25,150.0,2.0,2.0,1,0,25.066216110863408,507.078922744844,189.28912608156344
40,100.0,30,150.0,1.5,1.5,2,0,4.667740890007865,357.3820174025494,170.075846905503
40,100.0,30,150.0,1.5,1.0,0,0,17.526212467670124,463.7091657830143,173.94983411973146
40,100.0,30,150.0,1.5,1.0,3,0,18.84599907982763,498.79533806064467,183.5757899808681
40,100.0,30,150.0,2.0,1.0,0,0,17.526212467670124,463.7091657830143,173.94983411973146
40,100.0,30,150.0,2.0,1.0,3,0,18.84599907982763,498.79533806064467,183.5757899808681
40,100.0,25,150.0,2.0,1.0,4,1,63.73910100817715,459.33607136727795,411.8215105565725
40,100.0,30,150.0,1.0,1.5,0,0,17.526212467670124,463.7091657830143,173.94983411973146
40,100.0,25,150.0,2.0,1.5,4,0,45.92888526036808,459.33607136727795,411.8215105565725
40,100.0,30,150.0,1.5,1.5,0,0,17.526212467670124,463.7091657830143,173.94983411973146
40,100.0,30,150.0,1.0,1.5,1,0,18.84599907982763,507.078922744844,189.28912608156344
40,100.0,30,150.0,1.5,1.5,1,0,18.84599907982763,507.078922744844,189.28912608156344
40,100.0,25,150.0,1.0,2.0,4,0,75.29004707778594,459.33607136727795,411.8215105565725
40,100.0,25,150.0,1.5,2.0,4,0,75.46649978218296,459.33607136727795,411.8215105565725
40,100.0,30,150.0,1.5,1.0,4,0,66.50188111794614,459.33607136727795,411.8215105565725
40,100.0,20,150.0,1.0,2.0,4,1,95.14839206683048,459.33607136727795,411.8215105565725
40,100.0,25,150.0,2.0,2.0,4,0,75.46649978218296,459.33607136727795,411.8215105565725
40,100.0,30,150.0,2.0,1.0,4,0,66.50188111794614,459.33607136727795,411.8215105565725
40,100.0,30,150.0,2.0,1.5,2,0,4.667740890007865,357.3820174025494,170.075846905503
40,100.0,30,150.0,1.0,2.0,2,0,4.667740890007865,357.3820174025494,170.075846905503
40,100.0,30,150.0,1.5,2.0,2,0,4.667740890007865,357.3820174025494,170.075846905503
40,100.0,30,150.0,2.0,2.0,2,0,4.667740890007865,357.3820174025494,170.075846905503
40,100.0,30,150.0,1.0,2.0,0,0,17.526212467670124,463.7091657830143,173.94983411973146
40,100.0,30,150.0,2.0,1.5,0,0,17.526212467670124,463.7091657830143,173.94983411973146
40,100.0,30,150.0,1.5,1.5,4,0,71.74971809385153,459.33607136727795,411.8215105565725
40,100.0,30,150.0,2.0,1.5,1,0,18.84599907982763,507.078922744844,189.28912608156344
40,100.0,30,150.0,1.0,2.0,1,0,18.84599907982763,507.078922744844,189.28912608156344
40,100.0,30,150.0,1.5,2.0,0,0,17.526212467670124,463.7091657830143,173.94983411973146
40,100.0,30,150.0,1.0,1.5,4,0,71.74971809385153,459.33607136727795,411.8215105565725
40,100.0,30,150.0,2.0,2.0,0,0,17.526212467670124,463.7091657830143,173.94983411973146
40,100.0,30,150.0,1.5,2.0,1,0,18.84599907982763,507.078922744844,189.28912608156344
40,100.0,30,150.0,2.0,2.0,1,0,18.84599907982763,507.078922744844,189.28912608156344
41,100.0,20,50.0,1.0,1.5,2,0,22.19777237801728,203.03436347978428,155.4830260820167
41,100.0,20,50.0,1.5,1.5,2,0,22.19777237801728,203.03436347978428,155.4830260820167
41,100.0,20,50.0,1.0,2.0,2,0,24.332058145992555,203.03436347978428,155.4830260820167
41,100.0,20,50.0,1.5,2.0,2,0,24.332058145992555,203.03436347978428,155.4830260820167
41,100.0,20,50.0,1.5,1.0,1,0,41.77766700604751,128.09185532690785,360.07796807860166
40,100.0,30,150.0,1.0,2.0,4,0,71.74971809385153,459.33607136727795,411.8215105565725
40,100.0,30,150.0,2.0,1.5,4,0,71.74971809385153,459.33607136727795,411.8215105565725
41,100.0,20,50.0,2.0,1.5,2,0,24.332058145992555,203.03436347978428,155.4830260820167
41,100.0,20,50.0,2.0,2.0,2,0,34.49431785036915,203.03436347978428,155.4830260820167
41,100.0,20,50.0,1.0,1.0,0,1,84.63665548075157,771.2855690062817,390.54541544306136
41,100.0,20,50.0,1.5,1.5,0,0,73.21583280703133,771.2855690062817,390.54541544306136
41,100.0,20,50.0,2.0,1.0,0,1,86.5822081486125,771.2855690062817,390.54541544306136
41,100.0,20,50.0,1.5,1.5,3,0,81.38972559886628,782.7905121440356,448.8951647729029
41,100.0,20,50.0,2.0,1.0,3,0,97.30885113621808,782.7905121440356,448.8951647729029
41,100.0,20,50.0,1.5,1.0,0,1,99.18225554291075,771.2855690062817,390.54541544306136
41,100.0,20,50.0,1.5,2.0,4,0,96.17585594173728,688.6002716449726,456.5169056717902
40,100.0,30,150.0,1.5,2.0,4,0,71.74971809385153,459.33607136727795,411.8215105565725
41,100.0,20,50.0,1.5,2.0,0,0,99.81125943063232,771.2855690062817,390.54541544306136
40,100.0,30,150.0,2.0,2.0,4,0,71.74971809385153,459.33607136727795,411.8215105565725
41,100.0,25,50.0,1.5,1.0,0,1,71.2171154379665,771.2855690062817,390.54541544306136
41,100.0,25,50.0,2.0,1.5,2,0,41.833352384863566,203.03436347978428,155.4830260820167
41,100.0,20,50.0,2.0,2.0,0,1,98.21895991673749,771.2855690062817,390.54541544306136
41,100.0,25,50.0,1.5,1.5,2,0,49.927960167608816,203.03436347978428,155.4830260820167
41,100.0,25,50.0,1.5,1.0,3,1,82.42114276482125,782.7905121440356,448.8951647729029
41,100.0,20,50.0,2.0,1.5,1,0,72.00781339050931,128.09185532690785,360.07796807860166
41,100.0,25,50.0,1.0,1.0,0,0,91.34329202009866,771.2855690062817,390.54541544306136
41,100.0,25,50.0,2.0,1.0,0,0,97.28833441192654,771.2855690062817,390.54541544306136
41,100.0,25,50.0,2.0,2.0,1,0,59.126428841104314,128.09185532690785,360.07796807860166
41,100.0,25,50.0,1.0,1.0,3,0,92.75036265741186,782.7905121440356,448.8951647729029
41,100.0,25,50.0,2.0,1.0,3,0,99.19169631368231,782.7905121440356,448.8951647729029
41,100.0,25,50.0,1.0,1.5,0,1,97.99402396914348,771.2855690062817,390.54541544306136
41,100.0,25,50.0,1.0,2.0,0,1,95.31374109985416,771.2855690062817,390.54541544306136
41,100.0,30,50.0,1.0,1.0,4,0,79.46022007568943,688.6002716449726,456.5169056717902
41,100.0,25,50.0,1.0,2.0,4,1,98.34465175000578,688.6002716449726,456.5169056717902
41,100.0,25,50.0,2.0,2.0,4,1,94.89238398538987,688.6002716449726,456.5169056717902
41,100.0,30,50.0,1.0,1.0,3,0,92.97158328528792,782.7905121440356,448.8951647729029
41,100.0,20,100.0,1.5,1.0,1,0,16.876466813499164,128.09185532690785,360.07796807860166
41,100.0,20,100.0,2.0,1.0,1,0,16.876466813499164,128.09185532690785,360.07796807860166
41,100.0,20,100.0,1.5,1.0,0,1,25.13150811731474,771.2855690062817,390.54541544306136
41,100.0,20,100.0,2.0,1.0,0,1,25.13150811731474,771.2855690062817,390.54541544306136
41,100.0,20,100.0,1.5,1.0,3,1,26.947692835811292,782.7905121440356,448.8951647729029
41,100.0,30,50.0,2.0,1.0,1,0,59.97345437327019,128.09185532690785,360.07796807860166
41,100.0,20,100.0,2.0,1.0,3,1,26.947692835811292,782.7905121440356,448.8951647729029
41,100.0,20,100.0,1.0,1.5,1,0,16.876466813499164,128.09185532690785,360.07796807860166
41,100.0,20,100.0,2.0,1.0,2,0,29.88211878886613,203.03436347978428,155.4830260820167
41,100.0,20,100.0,1.5,1.5,1,0,16.876466813499164,128.09185532690785,360.07796807860166
41,100.0,30,50.0,1.5,2.0,2,0,39.47484426172817,203.03436347978428,155.4830260820167
41,100.0,20,100.0,1.0,1.0,1,0,16.876466813499164,128.09185532690785,360.07796807860166
41,100.0,20,100.0,1.0,1.5,0,1,25.13150811731474,771.2855690062817,390.54541544306136
41,100.0,20,100.0,1.5,1.5,0,1,25.13150811731474,771.2855690062817,390.54541544306136
41,100.0,20,100.0,1.0,1.5,3,1,26.947692835811292,782.7905121440356,448.8951647729029
41,100.0,20,100.0,1.5,1.5,3,1,26.947692835811292,782.7905121440356,448.8951647729029
41,100.0,20,100.0,1.5,1.5,2,0,29.88211878886613,203.03436347978428,155.4830260820167
41,100.0,20,100.0,1.0,1.0,0,1,25.13150811731474,771.2855690062817,390.54541544306136
41,100.0,20,100.0,2.0,1.5,1,0,16.876466813499164,128.09185532690785,360.07796807860166
41,100.0,20,100.0,1.0,1.0,3,1,26.947692835811292,782.7905121440356,448.8951647729029
41,100.0,30,50.0,1.0,2.0,2,0,38.75504265652645,203.03436347978428,155.4830260820167
41,100.0,30,50.0,2.0,1.0,0,1,86.31073956884802,771.2855690062817,390.54541544306136
41,100.0,20,100.0,2.0,1.5,0,1,25.13150811731474,771.2855690062817,390.54541544306136
41,100.0,20,100.0,2.0,1.5,3,1,26.947692835811292,782.7905121440356,448.8951647729029
41,100.0,20,100.0,2.0,1.0,4,1,60.66606560768372,688.6002716449726,456.5169056717902
41,100.0,20,100.0,2.0,1.5,2,0,29.88211878886613,203.03436347978428,155.4830260820167
41,100.0,30,50.0,1.0,1.5,4,0,92.35225282106688,688.6002716449726,456.5169056717902
41,100.0,30,50.0,2.0,2.0,2,0,58.205405488315506,203.03436347978428,155.4830260820167
41,100.0,30,50.0,1.0,1.5,3,0,97.13416921986874,782.7905121440356,448.8951647729029
41,100.0,20,100.0,1.0,1.5,2,0,57.92157707295833,203.03436347978428,155.4830260820167
41,100.0,20,100.0,1.0,2.0,1,0,16.876466813499164,128.09185532690785,360.07796807860166
41,100.0,30,50.0,1.5,1.0,4,0,98.23469835397327,688.6002716449726,456.5169056717902
41,100.0,20,100.0,1.5,1.0,4,1,77.5966310383328,688.6002716449726,456.5169056717902
41,100.0,20,100.0,1.0,1.5,4,1,68.06861275374561,688.6002716449726,456.5169056717902
41,100.0,20,100.0,1.5,1.5,4,1,61.246763049920375,688.6002716449726,456.5169056717902
41,100.0,30,50.0,2.0,1.5,4,0,90.64897022665254,688.6002716449726,456.5169056717902
41,100.0,20,100.0,1.5,2.0,1,0,16.876466813499164,128.09185532690785,360.07796807860166
41,100.0,30,50.0,2.0,1.5,0,0,93.42209442292906,771.2855690062817,390.54541544306136
41,100.0,30,50.0,2.0,1.5,3,0,93.67583145703209,782.7905121440356,448.8951647729029
41,100.0,20,100.0,1.0,2.0,0,1,25.13150811731474,771.2855690062817,390.54541544306136
41,100.0,20,100.0,1.0,2.0,3,1,26.947692835811292,782.7905121440356,448.8951647729029
41,100.0,20,100.0,2.0,2.0,1,0,16.876466813499164,128.09185532690785,360.07796807860166
41,100.0,20,100.0,1.0,2.0,2,0,29.88211878886613,203.03436347978428,155.4830260820167
41,100.0,20,100.0,1.5,2.0,0,1,25.13150811731474,771.2855690062817,390.54541544306136
41,100.0,25,100.0,2.0,1.0,1,0,16.876466813499164,128.09185532690785,360.07796807860166
41,100.0,20,100.0,1.5,2.0,3,1,26.947692835811292,782.7905121440356,448.8951647729029
41,100.0,20,100.0,1.5,2.0,2,0,29.88211878886613,203.03436347978428,155.4830260820167
41,100.0,20,100.0,2.0,2.0,0,1,25.13150811731474,771.2855690062817,390.54541544306136
41,100.0,20,100.0,2.0,2.0,3,1,26.947692835811292,782.7905121440356,448.8951647729029
41,100.0,25,100.0,1.0,1.0,1,0,16.876466813499164,128.09185532690785,360.07796807860166
41,100.0,25,100.0,1.0,1.5,1,0,16.876466813499164,128.09185532690785,360.07796807860166
41,100.0,20,100.0,2.0,1.5,4,1,61.246763049920375,688.6002716449726,456.5169056717902
41,100.0,25,100.0,1.5,1.0,1,0,16.876466813499164,128.09185532690785,360.07796807860166
41,100.0,20,100.0,2.0,2.0,2,0,29.88211878886613,203.03436347978428,155.4830260820167
41,100.0,25,100.0,2.0,1.0,0,1,25.13150811731474,771.2855690062817,390.54541544306136
41,100.0,30,50.0,1.5,1.5,4,0,94.62698242453327,688.6002716449726,456.5169056717902
41,100.0,25,100.0,2.0,1.0,3,1,26.947692835811292,782.7905121440356,448.8951647729029
41,100.0,20,100.0,1.0,2.0,4,1,46.74227683430648,688.6002716449726,456.5169056717902
41,100.0,25,100.0,1.5,1.0,0,1,25.13150811731474,771.2855690062817,390.54541544306136
41,100.0,25,100.0,1.0,1.0,0,1,25.13150811731474,771.2855690062817,390.54541544306136
41,100.0,20,100.0,1.0,1.0,4,1,77.5966310383328,688.6002716449726,456.5169056717902
41,100.0,25,100.0,1.0,1.5,0,1,25.13150811731474,771.2855690062817,390.54541544306136
41,100.0,30,50.0,1.5,1.5,0,0,99.60740515927245,771.2855690062817,390.54541544306136
41,100.0,25,100.0,1.0,1.0,3,1,26.947692835811292,782.7905121440356,448.8951647729029
41,100.0,25,100.0,1.5,1.5,1,0,16.876466813499164,128.09185532690785,360.07796807860166
41,100.0,25,100.0,1.0,1.5,3,1,26.947692835811292,782.7905121440356,448.8951647729029
41,100.0,25,100.0,1.5,1.0,3,1,26.947692835811292,782.7905121440356,448.8951647729029
41,100.0,25,100.0,2.0,1.5,1,0,16.876466813499164,128.09185532690785,360.07796807860166
41,100.0,20,100.0,1.5,2.0,4,1,46.74227683430648,688.6002716449726,456.5169056717902
41,100.0,20,100.0,2.0,2.0,4,1,46.74227683430648,688.6002716449726,456.5169056717902
41,100.0,25,100.0,1.0,2.0,1,0,16.876466813499164,128.09185532690785,360.07796807860166
41,100.0,25,100.0,1.5,1.5,0,1,25.13150811731474,771.2855690062817,390.54541544306136
41,100.0,25,100.0,2.0,1.0,2,0,45.859499556263806,203.03436347978428,155.4830260820167
41,100.0,25,100.0,1.5,1.5,3,1,26.947692835811292,782.7905121440356,448.8951647729029
41,100.0,25,100.0,1.5,2.0,1,0,16.876466813499164,128.09185532690785,360.07796807860166
41,100.0,25,100.0,2.0,2.0,1,0,16.876466813499164,128.09185532690785,360.07796807860166
41,100.0,25,100.0,2.0,1.5,0,1,25.13150811731474,771.2855690062817,390.54541544306136
41,100.0,25,100.0,2.0,1.0,4,1,47.73175720280938,688.6002716449726,456.5169056717902
41,100.0,25,100.0,2.0,1.5,3,1,26.947692835811292,782.7905121440356,448.8951647729029
41,100.0,30,100.0,1.0,1.0,1,0,16.876466813499164,128.09185532690785,360.07796807860166
41,100.0,25,100.0,1.0,2.0,0,1,25.13150811731474,771.2855690062817,390.54541544306136
41,100.0,25,100.0,1.0,1.0,2,0,45.859499556263806,203.03436347978428,155.4830260820167
41,100.0,25,100.0,1.0,1.5,2,0,45.859499556263806,203.03436347978428,155.4830260820167
41,100.0,25,100.0,1.5,2.0,0,1,25.13150811731474,771.2855690062817,390.54541544306136
41,100.0,25,100.0,2.0,2.0,0,1,25.13150811731474,771.2855690062817,390.54541544306136
41,100.0,25,100.0,1.0,2.0,3,1,26.947692835811292,782.7905121440356,448.8951647729029
41,100.0,25,100.0,1.0,1.5,4,1,47.73175720280938,688.6002716449726,456.5169056717902
41,100.0,25,100.0,1.5,2.0,3,1,26.947692835811292,782.7905121440356,448.8951647729029
41,100.0,25,100.0,1.0,1.0,4,1,47.73175720280938,688.6002716449726,456.5169056717902
41,100.0,25,100.0,2.0,2.0,3,1,26.947692835811292,782.7905121440356,448.8951647729029
41,100.0,25,100.0,1.5,1.0,2,0,45.859499556263806,203.03436347978428,155.4830260820167
41,100.0,30,100.0,1.5,1.0,1,0,16.876466813499164,128.09185532690785,360.07796807860166
41,100.0,30,100.0,1.0,1.0,0,1,25.13150811731474,771.2855690062817,390.54541544306136
41,100.0,30,100.0,2.0,1.0,1,0,16.876466813499164,128.09185532690785,360.07796807860166
41,100.0,25,100.0,1.5,1.0,4,1,47.73175720280938,688.6002716449726,456.5169056717902
41,100.0,30,100.0,1.0,1.0,3,1,28.247836543332404,782.7905121440356,448.8951647729029
41,100.0,30,100.0,1.0,1.5,1,0,16.876466813499164,128.09185532690785,360.07796807860166
41,100.0,30,100.0,1.5,1.5,1,0,16.876466813499164,128.09185532690785,360.07796807860166
41,100.0,25,100.0,2.0,1.5,2,0,45.859499556263806,203.03436347978428,155.4830260820167
41,100.0,30,100.0,1.5,1.0,0,1,25.13150811731474,771.2855690062817,390.54541544306136
41,100.0,25,100.0,2.0,1.5,4,1,47.73175720280938,688.6002716449726,456.5169056717902
41,100.0,25,100.0,1.5,1.5,2,0,45.859499556263806,203.03436347978428,155.4830260820167
41,100.0,30,100.0,2.0,1.5,1,0,16.876466813499164,128.09185532690785,360.07796807860166
41,100.0,30,100.0,2.0,1.0,0,1,25.13150811731474,771.2855690062817,390.54541544306136
41,100.0,25,100.0,1.5,1.5,4,1,47.73175720280938,688.6002716449726,456.5169056717902
41,100.0,30,100.0,1.5,1.5,0,1,25.13150811731474,771.2855690062817,390.54541544306136
41,100.0,25,100.0,2.0,2.0,2,0,45.859499556263806,203.03436347978428,155.4830260820167
41,100.0,30,100.0,1.5,1.0,3,1,28.247836543332404,782.7905121440356,448.8951647729029
41,100.0,30,100.0,1.0,1.5,0,1,25.13150811731474,771.2855690062817,390.54541544306136
41,100.0,25,100.0,2.0,2.0,4,1,47.73175720280938,688.6002716449726,456.5169056717902
41,100.0,20,150.0,1.0,1.0,2,0,8.017586524333423,203.03436347978428,155.4830260820167
41,100.0,30,100.0,1.0,2.0,1,0,16.876466813499164,128.09185532690785,360.07796807860166
41,100.0,30,100.0,1.5,2.0,1,0,16.876466813499164,128.09185532690785,360.07796807860166
41,100.0,30,100.0,2.0,1.5,0,1,25.13150811731474,771.2855690062817,390.54541544306136
41,100.0,25,100.0,1.0,2.0,2,0,45.859499556263806,203.03436347978428,155.4830260820167
41,100.0,25,100.0,1.5,2.0,2,0,45.859499556263806,203.03436347978428,155.4830260820167
41,100.0,25,100.0,1.0,2.0,4,1,47.73175720280938,688.6002716449726,456.5169056717902
41,100.0,20,150.0,2.0,1.0,2,0,8.017586524333423,203.03436347978428,155.4830260820167
41,100.0,30,100.0,2.0,2.0,1,0,16.876466813499164,128.09185532690785,360.07796807860166
41,100.0,20,150.0,1.5,1.0,2,0,8.017586524333423,203.03436347978428,155.4830260820167
41,100.0,25,100.0,1.5,2.0,4,1,47.73175720280938,688.6002716449726,456.5169056717902
41,100.0,30,100.0,1.0,2.0,0,1,25.13150811731474,771.2855690062817,390.54541544306136
41,100.0,30,100.0,1.0,1.0,4,1,52.15237162907784,688.6002716449726,456.5169056717902
41,100.0,30,100.0,1.5,2.0,0,1,25.13150811731474,771.2855690062817,390.54541544306136
41,100.0,20,150.0,1.0,1.5,2,0,8.017586524333423,203.03436347978428,155.4830260820167
41,100.0,30,100.0,1.0,1.0,2,0,56.14982969034939,203.03436347978428,155.4830260820167
41,100.0,30,100.0,2.0,2.0,0,1,25.13150811731474,771.2855690062817,390.54541544306136
41,100.0,30,100.0,1.0,1.5,3,1,45.289001942488014,782.7905121440356,448.8951647729029
41,100.0,20,150.0,1.5,1.5,2,0,8.017586524333423,203.03436347978428,155.4830260820167
41,100.0,30,100.0,1.5,1.5,2,0,55.678735507351554,203.03436347978428,155.4830260820167
41,100.0,30,100.0,1.5,1.0,4,1,52.15237162907784,688.6002716449726,456.5169056717902
41,100.0,30,100.0,2.0,1.0,3,1,45.39614584222566,782.7905121440356,448.8951647729029
41,100.0,30,100.0,2.0,1.0,2,0,46.993719838044115,203.03436347978428,155.4830260820167
41,100.0,30,100.0,1.5,1.0,2,0,55.87605408783583,203.03436347978428,155.4830260820167
41,100.0,20,150.0,2.0,1.5,2,0,8.017586524333423,203.03436347978428,155.4830260820167
41,100.0,30,100.0,1.0,1.5,2,0,54.64928417652332,203.03436347978428,155.4830260820167
41,100.0,30,100.0,1.5,1.5,4,1,66.59244646149206,688.6002716449726,456.5169056717902
41,100.0,20,150.0,1.0,2.0,2,0,8.017586524333423,203.03436347978428,155.4830260820167
41,100.0,30,100.0,2.0,1.5,2,0,55.678735507351554,203.03436347978428,155.4830260820167
41,100.0,30,100.0,1.0,1.5,4,1,61.25971596405235,688.6002716449726,456.5169056717902
41,100.0,30,100.0,1.0,2.0,2,0,54.75367404680249,203.03436347978428,155.4830260820167
41,100.0,20,150.0,1.5,2.0,2,0,8.017586524333423,203.03436347978428,155.4830260820167
41,100.0,30,100.0,2.0,1.0,4,1,64.18948022883542,688.6002716449726,456.5169056717902
41,100.0,30,100.0,2.0,1.5,4,1,66.59244646149206,688.6002716449726,456.5169056717902
41,100.0,30,100.0,1.5,2.0,2,0,54.75367404680249,203.03436347978428,155.4830260820167
41,100.0,30,100.0,2.0,2.0,2,0,54.75367404680249,203.03436347978428,155.4830260820167
41,100.0,30,100.0,1.5,1.5,3,1,86.75979384621208,782.7905121440356,448.8951647729029
41,100.0,30,100.0,2.0,2.0,4,1,65.40856355602459,688.6002716449726,456.5169056717902
41,100.0,30,100.0,1.0,2.0,4,1,66.19154932316073,688.6002716449726,456.5169056717902
41,100.0,20,150.0,2.0,2.0,2,0,8.017586524333423,203.03436347978428,155.4830260820167
41,100.0,25,150.0,1.0,1.0,2,0,8.017586524333423,203.03436347978428,155.4830260820167
41,100.0,30,100.0,1.5,2.0,4,1,66.19154932316073,688.6002716449726,456.5169056717902
41,100.0,30,100.0,2.0,1.5,3,1,86.75979384621208,782.7905121440356,448.8951647729029
41,100.0,30,100.0,2.0,2.0,3,1,72.43595955684945,782.7905121440356,448.8951647729029
41,100.0,20,150.0,2.0,1.0,0,1,71.19567042239257,771.2855690062817,390.54541544306136
41,100.0,20,150.0,1.0,1.0,4,1,85.13305701529212,688.6002716449726,456.5169056717902
41,100.0,25,150.0,1.5,1.0,2,0,8.017586524333423,203.03436347978428,155.4830260820167
41,100.0,20,150.0,1.0,1.0,3,1,88.15811727969039,782.7905121440356,448.8951647729029
41,100.0,20,150.0,1.5,1.0,0,1,71.19567042239257,771.2855690062817,390.54541544306136
41,100.0,25,150.0,2.0,1.0,2,0,8.017586524333423,203.03436347978428,155.4830260820167
41,100.0,20,150.0,1.0,1.0,0,1,89.71969523533315,771.2855690062817,390.54541544306136
41,100.0,20,150.0,1.0,1.0,1,0,91.39282658147395,128.09185532690785,360.07796807860166
41,100.0,25,150.0,1.0,1.5,2,0,8.017586524333423,203.03436347978428,155.4830260820167
41,100.0,20,150.0,1.0,1.5,4,1,85.13305701529212,688.6002716449726,456.5169056717902
41,100.0,20,150.0,1.0,1.5,3,1,88.15811727969039,782.7905121440356,448.8951647729029
41,100.0,20,150.0,2.0,1.5,0,1,71.19567042239257,771.2855690062817,390.54541544306136
41,100.0,20,150.0,1.0,1.5,0,1,89.71969523533315,771.2855690062817,390.54541544306136
41,100.0,20,150.0,1.0,1.5,1,0,91.39282658147395,128.09185532690785,360.07796807860166
41,100.0,25,150.0,1.0,1.0,1,0,51.948182955352145,128.09185532690785,360.07796807860166
41,100.0,20,150.0,1.5,1.5,0,1,71.19567042239257,771.2855690062817,390.54541544306136
41,100.0,25,150.0,1.5,1.5,2,0,8.017586524333423,203.03436347978428,155.4830260820167
41,100.0,25,150.0,2.0,1.5,2,0,8.017586524333423,203.03436347978428,155.4830260820167
41,100.0,25,150.0,1.0,2.0,2,0,8.017586524333423,203.03436347978428,155.4830260820167
41,100.0,20,150.0,1.5,2.0,0,1,71.19567042239257,771.2855690062817,390.54541544306136
41,100.0,25,150.0,2.0,2.0,2,0,8.017586524333423,203.03436347978428,155.4830260820167
41,100.0,20,150.0,1.0,2.0,4,1,85.13305701529212,688.6002716449726,456.5169056717902
41,100.0,25,150.0,1.5,2.0,2,0,8.017586524333423,203.03436347978428,155.4830260820167
41,100.0,25,150.0,1.5,1.0,1,0,48.75307698870839,128.09185532690785,360.07796807860166
41,100.0,20,150.0,1.0,2.0,3,1,88.15811727969039,782.7905121440356,448.8951647729029
41,100.0,20,150.0,1.0,2.0,0,1,89.71969523533315,771.2855690062817,390.54541544306136
41,100.0,20,150.0,1.0,2.0,1,0,91.39282658147395,128.09185532690785,360.07796807860166
41,100.0,20,150.0,2.0,1.5,3,1,93.91567900733564,782.7905121440356,448.8951647729029
41,100.0,25,150.0,2.0,1.0,1,0,48.75307698870839,128.09185532690785,360.07796807860166
41,100.0,25,150.0,1.0,1.0,0,1,73.41247159420223,771.2855690062817,390.54541544306136
41,100.0,20,150.0,1.5,1.5,3,1,93.91567900733564,782.7905121440356,448.8951647729029
41,100.0,25,150.0,1.0,1.5,1,0,51.948182955352145,128.09185532690785,360.07796807860166
41,100.0,25,150.0,1.0,1.0,3,1,76.7459477635217,782.7905121440356,448.8951647729029
41,100.0,30,150.0,1.0,1.0,2,0,8.017586524333423,203.03436347978428,155.4830260820167
41,100.0,20,150.0,2.0,2.0,0,1,67.73910191851984,771.2855690062817,390.54541544306136
41,100.0,20,150.0,2.0,2.0,3,1,70.07222242333982,782.7905121440356,448.8951647729029
41,100.0,25,150.0,1.5,1.0,0,1,68.82128783123477,771.2855690062817,390.54541544306136
41,100.0,20,150.0,1.5,2.0,3,1,95.20901377104278,782.7905121440356,448.8951647729029
41,100.0,20,150.0,2.0,2.0,4,1,71.91205757650859,688.6002716449726,456.5169056717902
41,100.0,30,150.0,1.5,1.0,2,0,8.017586524333423,203.03436347978428,155.4830260820167
41,100.0,30,150.0,2.0,1.0,2,0,8.017586524333423,203.03436347978428,155.4830260820167
41,100.0,25,150.0,1.5,1.0,4,1,76.37863831560465,688.6002716449726,456.5169056717902
41,100.0,25,150.0,1.0,1.0,4,1,90.74996813267528,688.6002716449726,456.5169056717902
41,100.0,25,150.0,1.0,1.5,0,1,73.74186488198025,771.2855690062817,390.54541544306136
41,100.0,25,150.0,1.0,1.5,3,1,77.0795896591723,782.7905121440356,448.8951647729029
41,100.0,30,150.0,1.5,1.5,2,0,8.017586524333423,203.03436347978428,155.4830260820167
41,100.0,30,150.0,1.0,1.5,2,0,8.017586524333423,203.03436347978428,155.4830260820167
41,100.0,25,150.0,2.0,1.5,0,1,69.17816690512016,771.2855690062817,390.54541544306136
41,100.0,25,150.0,1.5,1.5,0,1,69.17816690512016,771.2855690062817,390.54541544306136
41,100.0,25,150.0,2.0,1.5,4,1,72.66757904413535,688.6002716449726,456.5169056717902
41,100.0,25,150.0,1.5,1.5,4,1,72.66757904413535,688.6002716449726,456.5169056717902
41,100.0,25,150.0,1.5,1.5,3,1,73.66514210818843,782.7905121440356,448.8951647729029
41,100.0,25,150.0,1.5,1.0,3,1,96.12502110525101,782.7905121440356,448.8951647729029
41,100.0,25,150.0,2.0,1.5,3,1,73.66514210818843,782.7905121440356,448.8951647729029
41,100.0,25,150.0,1.0,1.5,4,1,90.94988288370557,688.6002716449726,456.5169056717902
41,100.0,25,150.0,1.0,2.0,0,1,70.8015285709212,771.2855690062817,390.54541544306136
41,100.0,30,150.0,2.0,1.5,2,0,8.017586524333423,203.03436347978428,155.4830260820167
41,100.0,25,150.0,2.0,2.0,0,1,69.17816690512016,771.2855690062817,390.54541544306136
41,100.0,30,150.0,1.0,2.0,2,0,8.017586524333423,203.03436347978428,155.4830260820167
41,100.0,25,150.0,2.0,2.0,4,1,72.66757904413535,688.6002716449726,456.5169056717902
41,100.0,25,150.0,2.0,2.0,3,1,73.66514210818843,782.7905121440356,448.8951647729029
41,100.0,25,150.0,1.0,2.0,3,1,85.84345977977405,782.7905121440356,448.8951647729029
41,100.0,25,150.0,2.0,1.5,1,0,90.10292768006825,128.09185532690785,360.07796807860166
41,100.0,25,150.0,1.0,2.0,1,0,89.06911097674234,128.09185532690785,360.07796807860166
41,100.0,30,150.0,2.0,2.0,2,0,8.017586524333423,203.03436347978428,155.4830260820167
41,100.0,30,150.0,1.5,2.0,2,0,8.017586524333423,203.03436347978428,155.4830260820167
41,100.0,25,150.0,1.5,1.5,1,0,90.10292768006825,128.09185532690785,360.07796807860166
41,100.0,30,150.0,1.0,1.0,0,1,70.92276945820583,771.2855690062817,390.54541544306136
41,100.0,25,150.0,1.5,2.0,0,1,69.17816690512016,771.2855690062817,390.54541544306136
41,100.0,30,150.0,1.0,1.0,3,1,74.37840143316231,782.7905121440356,448.8951647729029
41,100.0,25,150.0,2.0,2.0,1,0,90.10292768006825,128.09185532690785,360.07796807860166
41,100.0,25,150.0,1.5,2.0,4,1,72.66757904413535,688.6002716449726,456.5169056717902
42,100.0,20,50.0,1.5,1.0,4,0,11.352611897095839,400.8859527423264,235.34949005368534
42,100.0,20,50.0,1.0,1.0,4,0,11.352611897095839,400.8859527423264,235.34949005368534
41,100.0,25,150.0,1.5,2.0,3,1,73.66514210818843,782.7905121440356,448.8951647729029
42,100.0,20,50.0,2.0,1.0,4,0,11.352611897095839,400.8859527423264,235.34949005368534
42,100.0,20,50.0,1.0,1.5,4,0,11.352611897095839,400.8859527423264,235.34949005368534
41,100.0,30,150.0,1.5,1.0,0,1,70.92276945820583,771.2855690062817,390.54541544306136
41,100.0,30,150.0,1.5,1.5,0,1,70.92276945820583,771.2855690062817,390.54541544306136
41,100.0,30,150.0,1.0,1.5,0,1,70.92276945820583,771.2855690062817,390.54541544306136
41,100.0,30,150.0,1.5,1.0,3,1,74.37840143316231,782.7905121440356,448.8951647729029
41,100.0,30,150.0,1.5,1.5,3,1,74.37840143316231,782.7905121440356,448.8951647729029
41,100.0,30,150.0,1.0,1.5,3,1,74.37840143316231,782.7905121440356,448.8951647729029
41,100.0,25,150.0,1.5,2.0,1,0,90.10292768006825,128.09185532690785,360.07796807860166
41,100.0,30,150.0,2.0,1.0,0,1,70.92276945820583,771.2855690062817,390.54541544306136
41,100.0,30,150.0,2.0,1.0,3,1,74.37840143316231,782.7905121440356,448.8951647729029
42,100.0,20,50.0,2.0,1.5,4,0,11.352611897095839,400.8859527423264,235.34949005368534
42,100.0,20,50.0,1.5,1.5,4,0,11.352611897095839,400.8859527423264,235.34949005368534
41,100.0,30,150.0,2.0,1.5,0,1,70.92276945820583,771.2855690062817,390.54541544306136
41,100.0,30,150.0,1.5,1.5,4,0,93.27668105882067,688.6002716449726,456.5169056717902
41,100.0,30,150.0,2.0,1.5,3,1,74.37840143316231,782.7905121440356,448.8951647729029
41,100.0,30,150.0,1.0,2.0,0,1,70.92276945820583,771.2855690062817,390.54541544306136
41,100.0,30,150.0,1.5,1.0,4,1,99.55195325719095,688.6002716449726,456.5169056717902
42,100.0,20,50.0,1.0,1.5,2,0,45.76607703206194,379.3332067053114,284.2215042110388
41,100.0,30,150.0,1.0,2.0,3,1,74.37840143316231,782.7905121440356,448.8951647729029
42,100.0,20,50.0,2.0,1.0,0,0,50.369900533948076,593.8861596597515,355.74663700204866
42,100.0,20,50.0,1.0,2.0,4,0,11.352611897095839,400.8859527423264,235.34949005368534
41,100.0,30,150.0,1.5,2.0,0,1,70.92276945820583,771.2855690062817,390.54541544306136
42,100.0,20,50.0,1.5,2.0,4,0,11.352611897095839,400.8859527423264,235.34949005368534
42,100.0,20,50.0,2.0,2.0,4,0,11.352611897095839,400.8859527423264,235.34949005368534
41,100.0,30,150.0,1.5,2.0,3,1,74.37840143316231,782.7905121440356,448.8951647729029
41,100.0,30,150.0,2.0,1.5,4,0,93.27668105882067,688.6002716449726,456.5169056717902
41,100.0,30,150.0,2.0,1.0,4,0,93.45973039723428,688.6002716449726,456.5169056717902
41,100.0,30,150.0,2.0,2.0,0,1,70.92276945820583,771.2855690062817,390.54541544306136
41,100.0,30,150.0,1.0,2.0,4,0,93.27668105882067,688.6002716449726,456.5169056717902
41,100.0,30,150.0,2.0,2.0,3,1,74.37840143316231,782.7905121440356,448.8951647729029
42,100.0,25,50.0,1.0,1.0,4,0,8.370902943883149,400.8859527423264,235.34949005368534
42,100.0,20,50.0,1.0,2.0,2,0,37.51145676525973,379.3332067053114,284.2215042110388
42,100.0,20,50.0,1.0,1.0,2,0,88.37651885498141,379.3332067053114,284.2215042110388
42,100.0,20,50.0,1.5,1.0,1,0,91.15878664448552,588.181748884054,475.697077667746
42,100.0,25,50.0,2.0,1.0,4,0,8.370902943883149,400.8859527423264,235.34949005368534
42,100.0,20,50.0,1.5,1.0,3,0,92.14319159460007,603.1280032848717,431.27084149390015
42,100.0,25,50.0,1.5,1.0,4,0,8.370902943883149,400.8859527423264,235.34949005368534
41,100.0,30,150.0,1.5,2.0,4,0,93.27668105882067,688.6002716449726,456.5169056717902
42,100.0,20,50.0,2.0,2.0,2,0,33.44778750970968,379.3332067053114,284.2215042110388
42,100.0,20,50.0,2.0,1.5,2,0,64.83086480752289,379.3332067053114,284.2215042110388
42,100.0,20,50.0,1.0,1.5,0,0,91.92359041832474,593.8861596597515,355.74663700204866
42,100.0,20,50.0,1.0,1.0,0,0,99.3376267527375,593.8861596597515,355.74663700204866
41,100.0,30,150.0,2.0,2.0,4,0,93.27668105882067,688.6002716449726,456.5169056717902
42,100.0,25,50.0,1.0,1.5,4,0,8.370902943883149,400.8859527423264,235.34949005368534
42,100.0,25,50.0,2.0,1.5,4,0,8.370902943883149,400.8859527423264,235.34949005368534
42,100.0,25,50.0,1.5,1.5,4,0,8.370902943883149,400.8859527423264,235.34949005368534
42,100.0,25,50.0,2.0,1.0,2,0,30.76878770088754,379.3332067053114,284.2215042110388
42,100.0,25,50.0,1.0,2.0,4,0,8.370902943883149,400.8859527423264,235.34949005368534
42,100.0,20,50.0,2.0,1.5,0,0,85.5931123309414,593.8861596597515,355.74663700204866
42,100.0,20,50.0,2.0,1.5,3,0,87.44582064581637,603.1280032848717,431.27084149390015
42,100.0,25,50.0,2.0,2.0,4,0,8.370902943883149,400.8859527423264,235.34949005368534
42,100.0,25,50.0,1.0,1.5,2,0,25.786531003378148,379.3332067053114,284.2215042110388
42,100.0,25,50.0,1.5,2.0,4,0,8.370902943883149,400.8859527423264,235.34949005368534
42,100.0,25,50.0,2.0,1.5,2,0,24.668460079256924,379.3332067053114,284.2215042110388
42,100.0,25,50.0,1.0,2.0,2,0,18.03533173284986,379.3332067053114,284.2215042110388
42,100.0,25,50.0,1.5,1.5,2,0,25.10357123823673,379.3332067053114,284.2215042110388
42,100.0,25,50.0,2.0,1.0,0,1,49.10976519554149,593.8861596597515,355.74663700204866
42,100.0,25,50.0,2.0,2.0,2,0,18.08563207332333,379.3332067053114,284.2215042110388
42,100.0,30,50.0,1.0,1.0,4,0,8.370902943883149,400.8859527423264,235.34949005368534
42,100.0,25,50.0,1.5,2.0,2,0,18.08563207332333,379.3332067053114,284.2215042110388
42,100.0,25,50.0,1.0,1.0,2,0,73.5906811462385,379.3332067053114,284.2215042110388
42,100.0,20,50.0,2.0,2.0,3,0,93.02957052684185,603.1280032848717,431.27084149390015
42,100.0,20,50.0,2.0,2.0,0,0,93.53694185461244,593.8861596597515,355.74663700204866
42,100.0,20,50.0,2.0,2.0,1,0,93.85809477854514,588.181748884054,475.697077667746
42,100.0,30,50.0,1.5,1.0,4,0,8.370902943883149,400.8859527423264,235.34949005368534
42,100.0,25,50.0,1.0,1.5,0,1,58.289446693216824,593.8861596597515,355.74663700204866
42,100.0,25,50.0,1.0,1.0,0,0,84.91893877537242,593.8861596597515,355.74663700204866
42,100.0,25,50.0,2.0,1.0,3,0,77.9570849662328,603.1280032848717,431.27084149390015
42,100.0,30,50.0,2.0,1.0,4,0,8.370902943883149,400.8859527423264,235.34949005368534
42,100.0,25,50.0,1.0,1.0,3,0,88.13872752013765,603.1280032848717,431.27084149390015
42,100.0,20,50.0,1.5,1.5,0,0,94.71305951592501,593.8861596597515,355.74663700204866
42,100.0,25,50.0,1.5,1.5,0,1,58.706607507230586,593.8861596597515,355.74663700204866
42,100.0,30,50.0,1.5,1.0,2,0,21.74884563865088,379.3332067053114,284.2215042110388
42,100.0,30,50.0,1.0,1.5,4,0,8.370902943883149,400.8859527423264,235.34949005368534
42,100.0,30,50.0,2.0,1.5,4,0,8.370902943883149,400.8859527423264,235.34949005368534
42,100.0,30,50.0,1.5,1.5,4,0,8.370902943883149,400.8859527423264,235.34949005368534
42,100.0,30,50.0,1.0,2.0,4,0,8.370902943883149,400.8859527423264,235.34949005368534
42,100.0,30,50.0,2.0,1.5,2,0,17.58184936679463,379.3332067053114,284.2215042110388
42,100.0,25,50.0,2.0,2.0,0,0,84.00727451621057,593.8861596597515,355.74663700204866
42,100.0,30,50.0,1.5,2.0,4,0,8.370902943883149,400.8859527423264,235.34949005368534
42,100.0,25,50.0,1.5,1.0,3,0,77.04603840904522,603.1280032848717,431.27084149390015
42,100.0,30,50.0,2.0,2.0,4,0,8.370902943883149,400.8859527423264,235.34949005368534
42,100.0,25,50.0,1.5,1.0,1,0,77.39722348123357,588.181748884054,475.697077667746
42,100.0,30,50.0,1.0,2.0,2,0,21.614167376861346,379.3332067053114,284.2215042110388
42,100.0,30,50.0,1.0,1.0,2,0,80.05797051480799,379.3332067053114,284.2215042110388
42,100.0,30,50.0,2.0,1.0,2,1,64.69302607179723,379.3332067053114,284.2215042110388
42,100.0,30,50.0,1.5,2.0,2,0,21.614167376861346,379.3332067053114,284.2215042110388
42,100.0,30,50.0,2.0,2.0,2,0,20.91192304136585,379.3332067053114,284.2215042110388
42,100.0,30,50.0,1.0,1.0,0,0,90.89333416293944,593.8861596597515,355.74663700204866
42,100.0,30,50.0,2.0,1.0,0,1,76.6298626797256,593.8861596597515,355.74663700204866
42,100.0,20,100.0,1.0,1.0,2,0,17.206616867752246,379.3332067053114,284.2215042110388
42,100.0,20,100.0,1.0,1.0,4,0,17.262003165397502,400.8859527423264,235.34949005368534
42,100.0,20,100.0,2.0,1.0,2,0,17.206616867752246,379.3332067053114,284.2215042110388
42,100.0,20,100.0,2.0,1.0,4,0,17.262003165397502,400.8859527423264,235.34949005368534
42,100.0,20,100.0,1.5,1.0,2,0,17.206616867752246,379.3332067053114,284.2215042110388
42,100.0,30,50.0,1.5,1.0,0,0,84.56355029690847,593.8861596597515,355.74663700204866
42,100.0,20,100.0,1.5,1.0,4,0,17.262003165397502,400.8859527423264,235.34949005368534
42,100.0,30,50.0,1.5,1.5,2,0,40.56197275495234,379.3332067053114,284.2215042110388
42,100.0,25,50.0,1.5,2.0,0,0,82.42014222162386,593.8861596597515,355.74663700204866
42,100.0,20,100.0,1.5,1.0,3,1,34.19937247757901,603.1280032848717,431.27084149390015
42,100.0,20,100.0,1.0,1.5,2,0,17.206616867752246,379.3332067053114,284.2215042110388
42,100.0,20,100.0,2.0,1.0,3,1,34.19937247757901,603.1280032848717,431.27084149390015
42,100.0,20,100.0,1.5,1.0,0,1,36.18422064091961,593.8861596597515,355.74663700204866
42,100.0,20,100.0,1.5,1.0,1,1,37.104732803325234,588.181748884054,475.697077667746
42,100.0,20,100.0,1.0,1.0,0,1,35.065137111587326,593.8861596597515,355.74663700204866
42,100.0,20,100.0,2.0,1.0,0,1,36.18422064091961,593.8861596597515,355.74663700204866
42,100.0,30,50.0,2.0,2.0,0,1,51.81770596061958,593.8861596597515,355.74663700204866
42,100.0,20,100.0,2.0,1.0,1,1,37.104732803325234,588.181748884054,475.697077667746
42,100.0,20,100.0,1.5,1.5,2,0,17.206616867752246,379.3332067053114,284.2215042110388
42,100.0,20,100.0,2.0,1.5,2,0,17.206616867752246,379.3332067053114,284.2215042110388
42,100.0,20,100.0,1.0,2.0,2,0,17.206616867752246,379.3332067053114,284.2215042110388
42,100.0,20,100.0,1.0,1.0,3,1,51.342967008822235,603.1280032848717,431.27084149390015
42,100.0,20,100.0,1.5,2.0,2,0,17.206616867752246,379.3332067053114,284.2215042110388
42,100.0,20,100.0,2.0,2.0,2,0,17.206616867752246,379.3332067053114,284.2215042110388
42,100.0,20,100.0,1.0,1.5,4,0,40.44349617311873,400.8859527423264,235.34949005368534
42,100.0,20,100.0,1.0,1.0,1,0,58.41908508312183,588.181748884054,475.697077667746
42,100.0,30,50.0,1.5,2.0,0,0,83.32326438807875,593.8861596597515,355.74663700204866
42,100.0,30,50.0,2.0,1.5,0,0,97.24134900096453,593.8861596597515,355.74663700204866
42,100.0,30,50.0,1.5,2.0,3,0,86.03244178051503,603.1280032848717,431.27084149390015
42,100.0,30,50.0,1.0,2.0,0,0,88.27501244349446,593.8861596597515,355.74663700204866
42,100.0,30,50.0,1.0,2.0,1,0,88.54832344797741,588.181748884054,475.697077667746
42,100.0,30,50.0,1.0,2.0,3,0,89.06299754329696,603.1280032848717,431.27084149390015
42,100.0,20,100.0,1.0,1.5,3,1,53.89938460715969,603.1280032848717,431.27084149390015
42,100.0,25,100.0,1.0,1.0,4,0,18.26974455648054,400.8859527423264,235.34949005368534
42,100.0,20,100.0,1.0,2.0,4,0,40.57121975844932,400.8859527423264,235.34949005368534
42,100.0,30,50.0,2.0,2.0,3,0,89.84570028254488,603.1280032848717,431.27084149390015
42,100.0,20,100.0,1.5,2.0,4,0,40.57121975844932,400.8859527423264,235.34949005368534
42,100.0,20,100.0,2.0,1.5,4,0,40.57121975844932,400.8859527423264,235.34949005368534
42,100.0,20,100.0,1.0,1.5,1,1,59.67490367114878,588.181748884054,475.697077667746
42,100.0,20,100.0,2.0,2.0,4,0,40.57121975844932,400.8859527423264,235.34949005368534
42,100.0,25,100.0,2.0,1.0,4,0,18.26974455648054,400.8859527423264,235.34949005368534
42,100.0,20,100.0,1.0,1.5,0,1,62.93895287986326,593.8861596597515,355.74663700204866
42,100.0,20,100.0,1.5,1.5,4,0,40.57121975844932,400.8859527423264,235.34949005368534
42,100.0,25,100.0,1.5,1.0,4,0,18.26974455648054,400.8859527423264,235.34949005368534
42,100.0,25,100.0,1.0,1.0,0,0,25.39833068296175,593.8861596597515,355.74663700204866
42,100.0,25,100.0,2.0,1.0,0,0,25.39833068296175,593.8861596597515,355.74663700204866
42,100.0,25,100.0,1.0,1.5,4,0,18.26974455648054,400.8859527423264,235.34949005368534
42,100.0,25,100.0,1.0,1.0,3,0,31.06042424134204,603.1280032848717,431.27084149390015
42,100.0,25,100.0,2.0,1.0,3,0,31.06042424134204,603.1280032848717,431.27084149390015
42,100.0,25,100.0,1.5,1.5,4,0,18.26974455648054,400.8859527423264,235.34949005368534
42,100.0,25,100.0,2.0,1.0,1,0,31.40967220985583,588.181748884054,475.697077667746
42,100.0,25,100.0,1.5,1.0,0,0,25.39833068296175,593.8861596597515,355.74663700204866
42,100.0,25,100.0,1.0,1.0,1,0,31.622894400946223,588.181748884054,475.697077667746
42,100.0,25,100.0,1.0,1.5,0,0,25.39833068296175,593.8861596597515,355.74663700204866
42,100.0,25,100.0,1.5,1.0,3,0,31.06042424134204,603.1280032848717,431.27084149390015
42,100.0,25,100.0,1.5,1.0,1,0,31.40967220985583,588.181748884054,475.697077667746
42,100.0,25,100.0,1.5,1.5,0,0,25.39833068296175,593.8861596597515,355.74663700204866
42,100.0,25,100.0,2.0,1.5,4,0,18.26974455648054,400.8859527423264,235.34949005368534
42,100.0,25,100.0,1.0,1.5,3,0,31.06042424134204,603.1280032848717,431.27084149390015
42,100.0,25,100.0,1.0,2.0,4,0,18.26974455648054,400.8859527423264,235.34949005368534
42,100.0,25,100.0,1.0,1.5,1,0,31.40967220985583,588.181748884054,475.697077667746
42,100.0,25,100.0,1.5,2.0,4,0,18.26974455648054,400.8859527423264,235.34949005368534
42,100.0,25,100.0,1.5,1.5,3,0,31.06042424134204,603.1280032848717,431.27084149390015
42,100.0,25,100.0,1.5,1.5,1,0,31.40967220985583,588.181748884054,475.697077667746
42,100.0,25,100.0,2.0,2.0,4,0,18.26974455648054,400.8859527423264,235.34949005368534
42,100.0,25,100.0,1.5,2.0,0,0,24.479269780738,593.8861596597515,355.74663700204866
42,100.0,25,100.0,2.0,1.5,0,0,25.39833068296175,593.8861596597515,355.74663700204866
42,100.0,25,100.0,1.0,2.0,0,0,24.479269780738,593.8861596597515,355.74663700204866
42,100.0,25,100.0,2.0,1.5,3,0,31.06042424134204,603.1280032848717,431.27084149390015
42,100.0,25,100.0,2.0,1.5,1,0,31.40967220985583,588.181748884054,475.697077667746
42,100.0,25,100.0,1.0,1.0,2,0,47.770785940117726,379.3332067053114,284.2215042110388
42,100.0,25,100.0,2.0,2.0,0,0,24.479269780738,593.8861596597515,355.74663700204866
42,100.0,25,100.0,1.0,2.0,1,1,40.89143019875438,588.181748884054,475.697077667746
42,100.0,25,100.0,1.0,2.0,3,1,41.86596761044871,603.1280032848717,431.27084149390015
42,100.0,25,100.0,1.5,2.0,1,1,40.89143019875438,588.181748884054,475.697077667746
42,100.0,25,100.0,1.5,2.0,3,1,41.86596761044871,603.1280032848717,431.27084149390015
42,100.0,20,100.0,1.0,2.0,3,1,98.90541755409866,603.1280032848717,431.27084149390015
42,100.0,25,100.0,2.0,2.0,1,1,40.89143019875438,588.181748884054,475.697077667746
42,100.0,30,100.0,1.0,1.0,4,0,19.099342829386234,400.8859527423264,235.34949005368534
42,100.0,25,100.0,2.0,2.0,3,1,41.86596761044871,603.1280032848717,431.27084149390015
42,100.0,30,100.0,1.5,1.0,4,0,18.09753947003218,400.8859527423264,235.34949005368534
42,100.0,30,100.0,2.0,1.0,4,0,18.09753947003218,400.8859527423264,235.34949005368534
42,100.0,30,100.0,1.0,1.5,4,0,18.09753947003218,400.8859527423264,235.34949005368534
42,100.0,30,100.0,1.5,1.5,4,0,18.09753947003218,400.8859527423264,235.34949005368534
42,100.0,30,100.0,1.0,1.0,0,0,27.83570321071371,593.8861596597515,355.74663700204866
42,100.0,30,100.0,1.5,1.0,2,0,28.66440072583919,379.3332067053114,284.2215042110388
42,100.0,30,100.0,2.0,1.0,2,0,28.66440072583919,379.3332067053114,284.2215042110388
42,100.0,30,100.0,1.5,1.5,2,0,28.66440072583919,379.3332067053114,284.2215042110388
42,100.0,30,100.0,1.0,1.5,2,0,28.66440072583919,379.3332067053114,284.2215042110388
42,100.0,30,100.0,2.0,1.0,1,1,38.104400869329226,588.181748884054,475.697077667746
42,100.0,30,100.0,1.5,1.0,1,1,38.104400869329226,588.181748884054,475.697077667746
42,100.0,30,100.0,2.0,1.0,3,1,39.01814257130061,603.1280032848717,431.27084149390015
42,100.0,30,100.0,1.5,1.0,3,1,39.01814257130061,603.1280032848717,431.27084149390015
42,100.0,30,100.0,1.0,1.5,1,1,38.104400869329226,588.181748884054,475.697077667746
42,100.0,30,100.0,1.0,1.5,3,1,39.01814257130061,603.1280032848717,431.27084149390015
42,100.0,30,100.0,1.5,1.5,1,1,38.104400869329226,588.181748884054,475.697077667746
42,100.0,30,100.0,1.0,1.0,3,0,39.849875456424094,603.1280032848717,431.27084149390015
42,100.0,30,100.0,2.0,1.5,4,0,18.09753947003218,400.8859527423264,235.34949005368534
42,100.0,30,100.0,1.5,1.5,3,1,39.01814257130061,603.1280032848717,431.27084149390015
42,100.0,30,100.0,1.5,1.0,0,1,44.1559652012468,593.8861596597515,355.74663700204866
42,100.0,30,100.0,2.0,1.0,0,1,44.1559652012468,593.8861596597515,355.74663700204866
42,100.0,30,100.0,1.0,1.5,0,1,44.1559652012468,593.8861596597515,355.74663700204866
42,100.0,30,100.0,1.5,1.5,0,1,44.1559652012468,593.8861596597515,355.74663700204866
42,100.0,30,100.0,1.0,2.0,4,0,18.09753947003218,400.8859527423264,235.34949005368534
42,100.0,30,100.0,2.0,1.5,2,0,28.66440072583919,379.3332067053114,284.2215042110388
42,100.0,30,100.0,1.5,2.0,4,0,18.09753947003218,400.8859527423264,235.34949005368534
42,100.0,30,100.0,1.0,2.0,2,0,28.66440072583919,379.3332067053114,284.2215042110388
42,100.0,30,100.0,2.0,2.0,4,0,18.09753947003218,400.8859527423264,235.34949005368534
42,100.0,30,100.0,2.0,1.5,1,1,38.104400869329226,588.181748884054,475.697077667746
42,100.0,30,100.0,2.0,1.5,3,1,39.01814257130061,603.1280032848717,431.27084149390015
42,100.0,20,150.0,1.0,1.0,0,0,23.943918084649837,593.8861596597515,355.74663700204866
42,100.0,30,100.0,1.5,2.0,2,0,28.66440072583919,379.3332067053114,284.2215042110388
42,100.0,30,100.0,2.0,1.5,0,1,44.1559652012468,593.8861596597515,355.74663700204866
42,100.0,20,150.0,1.5,1.0,0,0,23.943918084649837,593.8861596597515,355.74663700204866
42,100.0,20,150.0,1.0,1.5,0,0,23.943918084649837,593.8861596597515,355.74663700204866
42,100.0,20,150.0,2.0,1.0,0,0,23.943918084649837,593.8861596597515,355.74663700204866
42,100.0,20,150.0,1.0,1.0,3,0,27.342150073840568,603.1280032848717,431.27084149390015
42,100.0,20,150.0,1.0,2.0,0,0,23.943918084649837,593.8861596597515,355.74663700204866
42,100.0,20,150.0,1.0,1.0,1,0,29.47873176005181,588.181748884054,475.697077667746
42,100.0,20,150.0,1.5,1.0,3,0,27.342150073840568,603.1280032848717,431.27084149390015
42,100.0,30,100.0,1.0,2.0,1,1,38.104400869329226,588.181748884054,475.697077667746
42,100.0,30,100.0,2.0,2.0,2,0,28.66440072583919,379.3332067053114,284.2215042110388
42,100.0,20,150.0,1.0,1.5,3,0,27.342150073840568,603.1280032848717,431.27084149390015
42,100.0,20,150.0,1.5,1.5,0,0,23.943918084649837,593.8861596597515,355.74663700204866
42,100.0,30,100.0,1.0,1.0,1,0,65.84270013322941,588.181748884054,475.697077667746
42,100.0,30,100.0,1.0,2.0,3,1,39.01814257130061,603.1280032848717,431.27084149390015
42,100.0,20,150.0,2.0,1.0,3,0,27.342150073840568,603.1280032848717,431.27084149390015
42,100.0,20,150.0,1.5,1.0,1,0,29.47873176005181,588.181748884054,475.697077667746
42,100.0,20,150.0,1.5,2.0,0,0,23.943918084649837,593.8861596597515,355.74663700204866
42,100.0,20,150.0,1.0,1.5,1,0,29.47873176005181,588.181748884054,475.697077667746
42,100.0,20,150.0,1.0,2.0,3,0,27.342150073840568,603.1280032848717,431.27084149390015
42,100.0,20,150.0,2.0,1.0,1,0,29.47873176005181,588.181748884054,475.697077667746
42,100.0,30,100.0,1.5,2.0,1,1,38.104400869329226,588.181748884054,475.697077667746
42,100.0,30,100.0,1.5,2.0,3,1,39.01814257130061,603.1280032848717,431.27084149390015
42,100.0,20,150.0,1.5,1.5,3,0,27.342150073840568,603.1280032848717,431.27084149390015
42,100.0,20,150.0,1.5,2.0,3,0,27.342150073840568,603.1280032848717,431.27084149390015
42,100.0,20,150.0,1.0,2.0,1,0,29.47873176005181,588.181748884054,475.697077667746
42,100.0,20,150.0,2.0,1.5,0,0,23.943918084649837,593.8861596597515,355.74663700204866
42,100.0,20,150.0,1.5,1.5,1,0,29.47873176005181,588.181748884054,475.697077667746
42,100.0,20,150.0,1.5,2.0,1,0,29.47873176005181,588.181748884054,475.697077667746
42,100.0,30,100.0,1.0,2.0,0,1,44.1559652012468,593.8861596597515,355.74663700204866
42,100.0,20,150.0,2.0,1.5,3,0,27.342150073840568,603.1280032848717,431.27084149390015
42,100.0,30,100.0,2.0,2.0,1,1,38.104400869329226,588.181748884054,475.697077667746
42,100.0,20,150.0,1.0,1.0,4,1,42.224117951728665,400.8859527423264,235.34949005368534
42,100.0,20,150.0,1.0,1.5,4,1,39.6116744757996,400.8859527423264,235.34949005368534
42,100.0,20,150.0,2.0,1.5,1,0,29.47873176005181,588.181748884054,475.697077667746
42,100.0,30,100.0,1.5,2.0,0,1,44.1559652012468,593.8861596597515,355.74663700204866
42,100.0,30,100.0,2.0,2.0,3,1,39.01814257130061,603.1280032848717,431.27084149390015
42,100.0,20,150.0,1.5,1.0,4,1,39.6116744757996,400.8859527423264,235.34949005368534
42,100.0,20,150.0,2.0,1.0,4,1,39.6116744757996,400.8859527423264,235.34949005368534
42,100.0,20,150.0,1.0,2.0,4,1,39.6116744757996,400.8859527423264,235.34949005368534
42,100.0,30,100.0,2.0,2.0,0,1,44.1559652012468,593.8861596597515,355.74663700204866
42,100.0,20,150.0,2.0,2.0,0,0,23.943918084649837,593.8861596597515,355.74663700204866
42,100.0,20,150.0,1.5,1.5,4,1,39.6116744757996,400.8859527423264,235.34949005368534
42,100.0,20,150.0,1.0,1.5,2,1,47.40114271657211,379.3332067053114,284.2215042110388
42,100.0,20,150.0,1.5,2.0,4,1,39.6116744757996,400.8859527423264,235.34949005368534
42,100.0,20,150.0,1.5,1.0,2,1,47.40114271657211,379.3332067053114,284.2215042110388
42,100.0,25,150.0,1.5,1.0,4,0,12.589557146382186,400.8859527423264,235.34949005368534
42,100.0,20,150.0,2.0,2.0,3,0,27.342150073840568,603.1280032848717,431.27084149390015
42,100.0,20,150.0,2.0,2.0,1,0,29.47873176005181,588.181748884054,475.697077667746
42,100.0,20,150.0,1.0,2.0,2,1,47.40114271657211,379.3332067053114,284.2215042110388
42,100.0,20,150.0,2.0,1.5,4,1,39.6116744757996,400.8859527423264,235.34949005368534
42,100.0,20,150.0,2.0,1.0,2,1,47.40114271657211,379.3332067053114,284.2215042110388
42,100.0,20,150.0,1.5,1.5,2,1,47.40114271657211,379.3332067053114,284.2215042110388
42,100.0,25,150.0,1.0,1.0,4,0,12.589557146382186,400.8859527423264,235.34949005368534
42,100.0,25,150.0,1.5,1.0,0,0,19.41386290916893,593.8861596597515,355.74663700204866
42,100.0,25,150.0,2.0,1.0,4,0,12.589557146382186,400.8859527423264,235.34949005368534
42,100.0,20,150.0,1.5,2.0,2,1,47.40114271657211,379.3332067053114,284.2215042110388
42,100.0,25,150.0,1.0,1.5,4,0,12.589557146382186,400.8859527423264,235.34949005368534
42,100.0,20,150.0,2.0,1.5,2,1,47.40114271657211,379.3332067053114,284.2215042110388
42,100.0,25,150.0,1.5,1.5,4,0,12.589557146382186,400.8859527423264,235.34949005368534
42,100.0,25,150.0,1.0,1.0,0,0,19.41386290916893,593.8861596597515,355.74663700204866
42,100.0,20,150.0,2.0,2.0,4,1,39.6116744757996,400.8859527423264,235.34949005368534
42,100.0,25,150.0,2.0,1.0,0,0,19.41386290916893,593.8861596597515,355.74663700204866
42,100.0,20,150.0,1.0,1.0,2,1,70.42533639282452,379.3332067053114,284.2215042110388
42,100.0,25,150.0,2.0,2.0,4,0,12.589557146382186,400.8859527423264,235.34949005368534
42,100.0,25,150.0,1.5,2.0,4,0,12.589557146382186,400.8859527423264,235.34949005368534
42,100.0,25,150.0,1.0,2.0,4,0,12.589557146382186,400.8859527423264,235.34949005368534
42,100.0,25,150.0,1.0,1.5,0,0,19.41386290916893,593.8861596597515,355.74663700204866
42,100.0,25,150.0,1.5,1.5,0,0,19.41386290916893,593.8861596597515,355.74663700204866
42,100.0,20,150.0,2.0,2.0,2,1,47.40114271657211,379.3332067053114,284.2215042110388
42,100.0,25,150.0,2.0,1.5,4,0,12.589557146382186,400.8859527423264,235.34949005368534
42,100.0,25,150.0,1.5,1.0,1,0,32.13067270152605,588.181748884054,475.697077667746
42,100.0,30,150.0,1.0,1.0,4,0,12.169092535728936,400.8859527423264,235.34949005368534
42,100.0,25,150.0,1.5,1.0,3,0,33.52829188597635,603.1280032848717,431.27084149390015
42,100.0,30,150.0,1.5,1.0,4,0,12.169092535728936,400.8859527423264,235.34949005368534
42,100.0,25,150.0,1.0,2.0,0,0,19.41386290916893,593.8861596597515,355.74663700204866
42,100.0,25,150.0,2.0,2.0,0,0,19.41386290916893,593.8861596597515,355.74663700204866
42,100.0,30,150.0,2.0,1.0,4,0,12.169092535728936,400.8859527423264,235.34949005368534
42,100.0,25,150.0,2.0,1.0,1,0,32.13067270152605,588.181748884054,475.697077667746
42,100.0,25,150.0,1.5,2.0,0,0,19.41386290916893,593.8861596597515,355.74663700204866
42,100.0,25,150.0,2.0,1.0,3,0,33.52829188597635,603.1280032848717,431.27084149390015
42,100.0,25,150.0,1.0,1.0,1,0,32.13067270152605,588.181748884054,475.697077667746
42,100.0,25,150.0,1.5,1.5,1,0,32.13067270152605,588.181748884054,475.697077667746
42,100.0,25,150.0,1.0,1.5,1,0,32.13067270152605,588.181748884054,475.697077667746
42,100.0,25,150.0,1.0,1.0,3,0,33.52829188597635,603.1280032848717,431.27084149390015
42,100.0,25,150.0,1.5,1.5,3,0,33.52829188597635,603.1280032848717,431.27084149390015
42,100.0,25,150.0,1.0,1.5,3,0,33.52829188597635,603.1280032848717,431.27084149390015
42,100.0,25,150.0,2.0,1.5,0,0,19.41386290916893,593.8861596597515,355.74663700204866
42,100.0,30,150.0,1.0,1.5,4,0,12.169092535728936,400.8859527423264,235.34949005368534
42,100.0,25,150.0,1.0,2.0,1,0,32.13067270152605,588.181748884054,475.697077667746
42,100.0,25,150.0,1.0,2.0,3,0,33.52829188597635,603.1280032848717,431.27084149390015
42,100.0,25,150.0,1.5,2.0,1,0,32.13067270152605,588.181748884054,475.697077667746
42,100.0,25,150.0,2.0,2.0,1,0,32.13067270152605,588.181748884054,475.697077667746
42,100.0,25,150.0,1.5,2.0,3,0,33.52829188597635,603.1280032848717,431.27084149390015
42,100.0,30,150.0,1.5,1.5,4,0,12.169092535728936,400.8859527423264,235.34949005368534
42,100.0,25,150.0,2.0,2.0,3,0,33.52829188597635,603.1280032848717,431.27084149390015
42,100.0,30,150.0,2.0,1.0,2,0,38.480786957057724,379.3332067053114,284.2215042110388
42,100.0,25,150.0,2.0,1.5,1,0,32.13067270152605,588.181748884054,475.697077667746
42,100.0,30,150.0,1.0,1.0,2,0,40.23532614218224,379.3332067053114,284.2215042110388
42,100.0,25,150.0,2.0,1.5,3,0,33.52829188597635,603.1280032848717,431.27084149390015
42,100.0,30,150.0,1.5,1.0,2,0,38.480786957057724,379.3332067053114,284.2215042110388
42,100.0,25,150.0,1.0,2.0,2,0,54.42846574876971,379.3332067053114,284.2215042110388
42,100.0,25,150.0,2.0,2.0,2,0,54.42846574876971,379.3332067053114,284.2215042110388
42,100.0,30,150.0,1.0,1.5,2,0,38.480786957057724,379.3332067053114,284.2215042110388
42,100.0,25,150.0,1.5,1.5,2,0,62.918876439748715,379.3332067053114,284.2215042110388
42,100.0,30,150.0,2.0,1.5,4,0,12.169092535728936,400.8859527423264,235.34949005368534
42,100.0,30,150.0,2.0,1.0,3,1,57.30338798469316,603.1280032848717,431.27084149390015
42,100.0,25,150.0,1.5,2.0,2,0,54.42846574876971,379.3332067053114,284.2215042110388
42,100.0,30,150.0,2.0,1.0,0,1,58.30594011362881,593.8861596597515,355.74663700204866
42,100.0,30,150.0,2.0,1.0,1,1,58.37008992528801,588.181748884054,475.697077667746
43,100.0,20,50.0,1.0,1.0,2,1,0.9839047084170335,819.8666605311931,180.2912745247739
42,100.0,30,150.0,1.0,2.0,4,0,12.169092535728936,400.8859527423264,235.34949005368534
42,100.0,30,150.0,1.0,1.0,1,1,63.64703143310185,588.181748884054,475.697077667746
43,100.0,20,50.0,1.0,1.0,1,1,7.0773351421564445,875.2029988316564,190.60977692679975
42,100.0,30,150.0,1.5,1.0,3,1,57.30338798469316,603.1280032848717,431.27084149390015
42,100.0,30,150.0,1.0,1.0,3,1,64.37589031735726,603.1280032848717,431.27084149390015
42,100.0,30,150.0,1.5,1.0,0,1,58.30594011362881,593.8861596597515,355.74663700204866
42,100.0,30,150.0,1.5,1.0,1,1,58.37008992528801,588.181748884054,475.697077667746
43,100.0,20,50.0,1.0,1.0,4,1,9.891816309798742,832.5996279945615,225.69767399024778
42,100.0,30,150.0,1.5,2.0,4,0,12.169092535728936,400.8859527423264,235.34949005368534
43,100.0,20,50.0,1.5,1.0,2,1,0.9839047084170335,819.8666605311931,180.2912745247739
42,100.0,30,150.0,1.0,1.0,0,1,67.23445306990695,593.8861596597515,355.74663700204866
43,100.0,20,50.0,2.0,1.0,2,1,0.9839047084170335,819.8666605311931,180.2912745247739
42,100.0,30,150.0,1.0,1.5,3,1,57.30338798469316,603.1280032848717,431.27084149390015
42,100.0,30,150.0,2.0,2.0,4,0,12.169092535728936,400.8859527423264,235.34949005368534
42,100.0,30,150.0,1.0,1.5,0,1,58.30594011362881,593.8861596597515,355.74663700204866
42,100.0,30,150.0,1.0,1.5,1,1,58.37008992528801,588.181748884054,475.697077667746
43,100.0,20,50.0,1.0,1.5,2,1,0.9839047084170335,819.8666605311931,180.2912745247739
43,100.0,20,50.0,2.0,1.0,1,1,7.0773351421564445,875.2029988316564,190.60977692679975
42,100.0,30,150.0,1.5,1.5,2,0,38.480786957057724,379.3332067053114,284.2215042110388
43,100.0,20,50.0,1.5,1.0,1,1,7.0773351421564445,875.2029988316564,190.60977692679975
43,100.0,20,50.0,1.5,1.5,2,1,0.9839047084170335,819.8666605311931,180.2912745247739
42,100.0,25,150.0,2.0,1.5,2,0,62.918876439748715,379.3332067053114,284.2215042110388
43,100.0,20,50.0,2.0,1.5,2,1,0.9839047084170335,819.8666605311931,180.2912745247739
43,100.0,20,50.0,1.0,1.5,1,1,7.0773351421564445,875.2029988316564,190.60977692679975
43,100.0,20,50.0,1.5,1.0,4,1,9.891816309798742,832.5996279945615,225.69767399024778
43,100.0,20,50.0,2.0,1.0,4,1,9.891816309798742,832.5996279945615,225.69767399024778
43,100.0,20,50.0,1.0,1.5,4,1,9.891816309798742,832.5996279945615,225.69767399024778
43,100.0,20,50.0,1.5,1.5,1,1,7.0773351421564445,875.2029988316564,190.60977692679975
42,100.0,30,150.0,2.0,1.5,2,0,38.480786957057724,379.3332067053114,284.2215042110388
43,100.0,20,50.0,1.0,2.0,2,1,0.9839047084170335,819.8666605311931,180.2912745247739
43,100.0,20,50.0,2.0,1.5,1,1,7.0773351421564445,875.2029988316564,190.60977692679975
43,100.0,20,50.0,1.5,1.5,4,1,9.891816309798742,832.5996279945615,225.69767399024778
43,100.0,20,50.0,1.5,2.0,2,1,0.9839047084170335,819.8666605311931,180.2912745247739
43,100.0,20,50.0,2.0,1.5,4,1,9.891816309798742,832.5996279945615,225.69767399024778
43,100.0,20,50.0,1.0,2.0,1,1,7.0773351421564445,875.2029988316564,190.60977692679975
42,100.0,30,150.0,1.0,2.0,2,0,38.480786957057724,379.3332067053114,284.2215042110388
43,100.0,20,50.0,1.0,2.0,3,1,9.891816309798742,827.6301294279203,237.93484674766788
43,100.0,20,50.0,1.5,2.0,1,1,7.0773351421564445,875.2029988316564,190.60977692679975
43,100.0,20,50.0,1.5,2.0,3,1,9.891816309798742,827.6301294279203,237.93484674766788
42,100.0,30,150.0,1.5,2.0,2,0,38.480786957057724,379.3332067053114,284.2215042110388
42,100.0,30,150.0,2.0,1.5,1,1,57.30338798469316,588.181748884054,475.697077667746
42,100.0,30,150.0,1.5,1.5,3,1,57.30338798469316,603.1280032848717,431.27084149390015
42,100.0,30,150.0,2.0,1.5,0,1,58.45808066246416,593.8861596597515,355.74663700204866
42,100.0,30,150.0,1.5,1.5,0,1,58.30594011362881,593.8861596597515,355.74663700204866
42,100.0,30,150.0,2.0,2.0,2,0,38.480786957057724,379.3332067053114,284.2215042110388
42,100.0,30,150.0,1.5,1.5,1,1,58.37008992528801,588.181748884054,475.697077667746
43,100.0,20,50.0,2.0,2.0,2,1,0.9839047084170335,819.8666605311931,180.2912745247739
42,100.0,30,150.0,1.0,2.0,3,1,57.30338798469316,603.1280032848717,431.27084149390015
42,100.0,30,150.0,1.0,2.0,0,1,58.30594011362881,593.8861596597515,355.74663700204866
42,100.0,30,150.0,1.0,2.0,1,1,58.37008992528801,588.181748884054,475.697077667746
43,100.0,25,50.0,1.0,1.0,2,1,0.9839047084170335,819.8666605311931,180.2912745247739
43,100.0,25,50.0,1.5,1.0,2,1,0.9839047084170335,819.8666605311931,180.2912745247739
43,100.0,20,50.0,2.0,2.0,1,1,7.0773351421564445,875.2029988316564,190.60977692679975
42,100.0,30,150.0,1.5,2.0,1,1,57.30338798469316,588.181748884054,475.697077667746
43,100.0,20,50.0,2.0,2.0,3,1,9.891816309798742,827.6301294279203,237.93484674766788
43,100.0,25,50.0,1.0,1.0,1,1,7.0773351421564445,875.2029988316564,190.60977692679975
42,100.0,30,150.0,2.0,2.0,1,1,57.30338798469316,588.181748884054,475.697077667746
42,100.0,30,150.0,1.5,2.0,0,1,58.45808066246416,593.8861596597515,355.74663700204866
42,100.0,30,150.0,2.0,2.0,0,1,58.45808066246416,593.8861596597515,355.74663700204866
43,100.0,25,50.0,1.0,1.0,3,1,10.363697187412578,827.6301294279203,237.93484674766788
43,100.0,25,50.0,1.5,1.0,1,1,7.0773351421564445,875.2029988316564,190.60977692679975
42,100.0,30,150.0,2.0,1.5,3,0,78.52090603364348,603.1280032848717,431.27084149390015
43,100.0,25,50.0,2.0,1.0,2,1,0.9839047084170335,819.8666605311931,180.2912745247739
43,100.0,25,50.0,1.5,1.0,3,1,10.363697187412578,827.6301294279203,237.93484674766788
43,100.0,25,50.0,2.0,1.0,1,1,7.0773351421564445,875.2029988316564,190.60977692679975
43,100.0,20,50.0,2.0,1.0,0,0,61.767327678476654,176.75205447072287,377.91046598232964
43,100.0,25,50.0,2.0,1.0,3,1,10.363697187412578,827.6301294279203,237.93484674766788
42,100.0,30,150.0,2.0,2.0,3,0,78.52090603364348,603.1280032848717,431.27084149390015
43,100.0,25,50.0,1.0,1.5,2,1,0.9839047084170335,819.8666605311931,180.2912745247739
43,100.0,25,50.0,1.5,1.5,2,1,0.9839047084170335,819.8666605311931,180.2912745247739
43,100.0,25,50.0,1.0,1.5,1,1,7.0773351421564445,875.2029988316564,190.60977692679975
42,100.0,30,150.0,1.5,2.0,3,0,78.52090603364348,603.1280032848717,431.27084149390015
43,100.0,25,50.0,1.0,1.5,3,1,10.363697187412578,827.6301294279203,237.93484674766788
43,100.0,25,50.0,1.5,1.5,1,1,7.0773351421564445,875.2029988316564,190.60977692679975
43,100.0,25,50.0,2.0,1.5,2,1,0.9839047084170335,819.8666605311931,180.2912745247739
43,100.0,25,50.0,1.5,1.5,3,1,10.363697187412578,827.6301294279203,237.93484674766788
43,100.0,25,50.0,1.0,2.0,2,1,0.9839047084170335,819.8666605311931,180.2912745247739
43,100.0,25,50.0,1.0,2.0,1,1,7.0773351421564445,875.2029988316564,190.60977692679975
43,100.0,25,50.0,1.5,2.0,2,1,0.9839047084170335,819.8666605311931,180.2912745247739
43,100.0,25,50.0,1.0,2.0,3,1,10.363697187412578,827.6301294279203,237.93484674766788
43,100.0,25,50.0,2.0,1.5,1,1,7.0773351421564445,875.2029988316564,190.60977692679975
43,100.0,25,50.0,1.5,2.0,1,1,7.0773351421564445,875.2029988316564,190.60977692679975
43,100.0,25,50.0,2.0,2.0,2,1,0.9839047084170335,819.8666605311931,180.2912745247739
43,100.0,25,50.0,1.5,2.0,3,1,10.363697187412578,827.6301294279203,237.93484674766788
43,100.0,25,50.0,2.0,2.0,1,1,7.0773351421564445,875.2029988316564,190.60977692679975
43,100.0,25,50.0,2.0,1.5,3,1,10.363697187412578,827.6301294279203,237.93484674766788
43,100.0,30,50.0,1.0,1.0,2,1,0.9839047084170335,819.8666605311931,180.2912745247739
43,100.0,25,50.0,2.0,2.0,3,1,10.363697187412578,827.6301294279203,237.93484674766788
43,100.0,30,50.0,1.0,1.0,1,1,5.862895869502118,875.2029988316564,190.60977692679975
43,100.0,30,50.0,1.0,1.0,4,1,9.233627752250007,832.5996279945615,225.69767399024778
43,100.0,30,50.0,1.5,1.0,2,1,0.9839047084170335,819.8666605311931,180.2912745247739
43,100.0,30,50.0,1.5,1.0,1,1,5.862895869502118,875.2029988316564,190.60977692679975
43,100.0,30,50.0,1.5,1.0,4,1,9.233627752250007,832.5996279945615,225.69767399024778
43,100.0,25,50.0,1.0,1.5,0,0,44.635183677663356,176.75205447072287,377.91046598232964
43,100.0,25,50.0,1.0,2.0,0,0,51.982205770654645,176.75205447072287,377.91046598232964
43,100.0,30,50.0,2.0,1.0,2,1,0.9839047084170335,819.8666605311931,180.2912745247739
43,100.0,30,50.0,2.0,1.0,1,1,5.862895869502118,875.2029988316564,190.60977692679975
43,100.0,30,50.0,2.0,1.0,4,1,9.233627752250007,832.5996279945615,225.69767399024778
43,100.0,25,50.0,2.0,1.5,0,0,49.05304306755503,176.75205447072287,377.91046598232964
43,100.0,30,50.0,1.0,1.5,2,1,0.9839047084170335,819.8666605311931,180.2912745247739
43,100.0,30,50.0,1.0,1.5,1,1,7.0773351421564445,875.2029988316564,190.60977692679975
43,100.0,30,50.0,1.5,1.5,2,1,0.9839047084170335,819.8666605311931,180.2912745247739
43,100.0,30,50.0,2.0,1.5,2,1,0.9839047084170335,819.8666605311931,180.2912745247739
43,100.0,30,50.0,1.5,1.5,1,1,7.0773351421564445,875.2029988316564,190.60977692679975
43,100.0,30,50.0,1.0,1.5,3,1,13.94116933297481,827.6301294279203,237.93484674766788
43,100.0,30,50.0,2.0,1.5,1,1,7.0773351421564445,875.2029988316564,190.60977692679975
43,100.0,30,50.0,1.0,2.0,2,1,0.9839047084170335,819.8666605311931,180.2912745247739
43,100.0,30,50.0,1.5,2.0,2,1,0.9839047084170335,819.8666605311931,180.2912745247739
43,100.0,25,50.0,1.5,1.0,0,0,73.27582679503251,176.75205447072287,377.91046598232964
43,100.0,30,50.0,1.5,1.5,3,1,13.94116933297481,827.6301294279203,237.93484674766788
43,100.0,30,50.0,1.0,2.0,1,1,7.0773351421564445,875.2029988316564,190.60977692679975
43,100.0,30,50.0,2.0,1.5,3,1,13.94116933297481,827.6301294279203,237.93484674766788
43,100.0,30,50.0,1.5,2.0,1,1,7.0773351421564445,875.2029988316564,190.60977692679975
43,100.0,30,50.0,1.0,2.0,4,1,13.474256386513845,832.5996279945615,225.69767399024778
43,100.0,30,50.0,1.5,2.0,4,1,13.474256386513845,832.5996279945615,225.69767399024778
43,100.0,30,50.0,2.0,2.0,2,1,0.9839047084170335,819.8666605311931,180.2912745247739
43,100.0,20,100.0,1.0,1.0,2,1,0.9839047084170335,819.8666605311931,180.2912745247739
43,100.0,20,100.0,1.5,1.0,2,1,0.9839047084170335,819.8666605311931,180.2912745247739
43,100.0,20,100.0,1.0,1.0,1,1,6.27502879598039,875.2029988316564,190.60977692679975
43,100.0,30,50.0,2.0,2.0,1,1,7.0773351421564445,875.2029988316564,190.60977692679975
43,100.0,20,100.0,2.0,1.0,2,1,0.9839047084170335,819.8666605311931,180.2912745247739
43,100.0,20,100.0,1.5,1.0,1,1,6.27502879598039,875.2029988316564,190.60977692679975
43,100.0,20,100.0,1.0,1.5,2,1,0.9839047084170335,819.8666605311931,180.2912745247739
43,100.0,30,50.0,2.0,2.0,4,1,13.474256386513845,832.5996279945615,225.69767399024778
43,100.0,20,100.0,2.0,1.0,1,1,6.27502879598039,875.2029988316564,190.60977692679975
43,100.0,20,100.0,1.0,1.5,1,1,6.27502879598039,875.2029988316564,190.60977692679975
43,100.0,20,100.0,1.5,1.5,2,1,0.9839047084170335,819.8666605311931,180.2912745247739
43,100.0,20,100.0,1.0,1.0,4,1,15.894619795170726,832.5996279945615,225.69767399024778
43,100.0,20,100.0,1.5,1.0,4,1,15.894619795170726,832.5996279945615,225.69767399024778
43,100.0,20,100.0,1.5,1.5,1,1,6.27502879598039,875.2029988316564,190.60977692679975
43,100.0,20,100.0,2.0,1.5,2,1,0.9839047084170335,819.8666605311931,180.2912745247739
43,100.0,20,100.0,2.0,1.0,4,1,15.894619795170726,832.5996279945615,225.69767399024778
43,100.0,20,100.0,1.0,1.5,4,1,16.73138896854775,832.5996279945615,225.69767399024778
43,100.0,20,100.0,1.0,2.0,2,1,0.9839047084170335,819.8666605311931,180.2912745247739
43,100.0,20,100.0,2.0,1.5,1,1,6.27502879598039,875.2029988316564,190.60977692679975
43,100.0,20,100.0,1.5,2.0,2,1,0.9839047084170335,819.8666605311931,180.2912745247739
43,100.0,20,100.0,1.0,2.0,1,1,6.27502879598039,875.2029988316564,190.60977692679975
43,100.0,20,100.0,1.5,1.5,4,1,16.73138896854775,832.5996279945615,225.69767399024778
43,100.0,20,100.0,1.5,2.0,1,1,6.27502879598039,875.2029988316564,190.60977692679975
43,100.0,20,100.0,2.0,1.5,4,1,16.73138896854775,832.5996279945615,225.69767399024778
43,100.0,20,100.0,1.5,2.0,4,1,16.73138896854775,832.5996279945615,225.69767399024778
43,100.0,20,100.0,1.0,2.0,4,1,16.73138896854775,832.5996279945615,225.69767399024778
43,100.0,30,50.0,1.5,2.0,0,0,75.96497579041643,176.75205447072287,377.91046598232964
43,100.0,20,100.0,2.0,2.0,2,1,0.9839047084170335,819.8666605311931,180.2912745247739
43,100.0,25,100.0,1.0,1.0,2,1,0.9839047084170335,819.8666605311931,180.2912745247739
43,100.0,20,100.0,1.5,2.0,0,0,43.99128416363681,176.75205447072287,377.91046598232964
43,100.0,20,100.0,2.0,2.0,1,1,6.27502879598039,875.2029988316564,190.60977692679975
43,100.0,25,100.0,1.0,1.0,3,1,6.27502879598039,827.6301294279203,237.93484674766788
43,100.0,20,100.0,1.0,2.0,0,0,43.99128416363681,176.75205447072287,377.91046598232964
43,100.0,25,100.0,2.0,1.0,2,1,0.9839047084170335,819.8666605311931,180.2912745247739
43,100.0,25,100.0,1.5,1.0,2,1,0.9839047084170335,819.8666605311931,180.2912745247739
43,100.0,20,100.0,2.0,2.0,4,1,16.73138896854775,832.5996279945615,225.69767399024778
43,100.0,25,100.0,2.0,1.0,3,1,6.27502879598039,827.6301294279203,237.93484674766788
43,100.0,25,100.0,1.5,1.0,3,1,6.27502879598039,827.6301294279203,237.93484674766788
43,100.0,25,100.0,1.0,1.5,2,1,0.9839047084170335,819.8666605311931,180.2912745247739
43,100.0,25,100.0,1.5,1.5,2,1,0.9839047084170335,819.8666605311931,180.2912745247739
43,100.0,25,100.0,1.0,1.5,3,1,6.27502879598039,827.6301294279203,237.93484674766788
43,100.0,25,100.0,2.0,1.5,2,1,0.9839047084170335,819.8666605311931,180.2912745247739
43,100.0,25,100.0,1.0,2.0,2,1,0.9839047084170335,819.8666605311931,180.2912745247739
43,100.0,25,100.0,1.5,1.5,3,1,6.27502879598039,827.6301294279203,237.93484674766788
43,100.0,25,100.0,2.0,1.5,3,1,6.27502879598039,827.6301294279203,237.93484674766788
43,100.0,25,100.0,1.0,2.0,3,1,6.27502879598039,827.6301294279203,237.93484674766788
43,100.0,20,100.0,2.0,2.0,0,0,43.99128416363681,176.75205447072287,377.91046598232964
43,100.0,25,100.0,1.0,1.0,1,1,44.202978199175234,875.2029988316564,190.60977692679975
43,100.0,25,100.0,1.5,2.0,2,1,0.9839047084170335,819.8666605311931,180.2912745247739
43,100.0,25,100.0,1.5,1.0,1,1,40.09595374849151,875.2029988316564,190.60977692679975
43,100.0,25,100.0,2.0,1.0,1,1,40.09595374849151,875.2029988316564,190.60977692679975
43,100.0,25,100.0,2.0,2.0,2,1,0.9839047084170335,819.8666605311931,180.2912745247739
43,100.0,25,100.0,1.5,2.0,3,1,6.27502879598039,827.6301294279203,237.93484674766788
43,100.0,25,100.0,2.0,2.0,3,1,6.27502879598039,827.6301294279203,237.93484674766788
43,100.0,30,100.0,1.0,1.0,2,1,0.9839047084170335,819.8666605311931,180.2912745247739
43,100.0,25,100.0,1.5,1.5,1,1,40.09595374849151,875.2029988316564,190.60977692679975
43,100.0,30,100.0,1.5,1.0,2,1,0.9839047084170335,819.8666605311931,180.2912745247739
43,100.0,25,100.0,1.0,1.5,1,1,44.202978199175234,875.2029988316564,190.60977692679975
43,100.0,30,100.0,2.0,1.0,2,1,0.9839047084170335,819.8666605311931,180.2912745247739
43,100.0,30,100.0,1.0,1.0,3,1,6.27502879598039,827.6301294279203,237.93484674766788
43,100.0,30,100.0,1.5,1.0,3,1,6.27502879598039,827.6301294279203,237.93484674766788
43,100.0,30,100.0,2.0,1.0,3,1,6.27502879598039,827.6301294279203,237.93484674766788
43,100.0,30,100.0,1.0,1.5,2,1,0.9839047084170335,819.8666605311931,180.2912745247739
43,100.0,25,100.0,1.0,1.0,0,0,78.3132072467405,176.75205447072287,377.91046598232964
43,100.0,25,100.0,2.0,1.5,1,1,40.09595374849151,875.2029988316564,190.60977692679975
43,100.0,30,100.0,1.0,1.5,3,1,6.27502879598039,827.6301294279203,237.93484674766788
43,100.0,25,100.0,1.0,2.0,1,1,45.23022865855901,875.2029988316564,190.60977692679975
43,100.0,30,100.0,1.5,1.5,2,1,0.9839047084170335,819.8666605311931,180.2912745247739
43,100.0,30,100.0,2.0,1.5,2,1,0.9839047084170335,819.8666605311931,180.2912745247739
43,100.0,30,100.0,1.0,1.0,0,0,43.57153430519574,176.75205447072287,377.91046598232964
43,100.0,30,100.0,2.0,1.5,3,1,6.27502879598039,827.6301294279203,237.93484674766788
43,100.0,30,100.0,1.5,1.5,3,1,6.27502879598039,827.6301294279203,237.93484674766788
43,100.0,30,100.0,1.0,2.0,2,1,0.9839047084170335,819.8666605311931,180.2912745247739
43,100.0,30,100.0,1.5,2.0,2,1,0.9839047084170335,819.8666605311931,180.2912745247739
43,100.0,30,100.0,1.0,1.0,1,1,50.25957253894403,875.2029988316564,190.60977692679975
43,100.0,30,100.0,1.0,2.0,3,1,6.27502879598039,827.6301294279203,237.93484674766788
43,100.0,25,100.0,1.5,2.0,1,1,62.243603323894554,875.2029988316564,190.60977692679975
43,100.0,30,100.0,1.5,2.0,3,1,6.27502879598039,827.6301294279203,237.93484674766788
43,100.0,25,100.0,2.0,2.0,1,1,59.33657773293498,875.2029988316564,190.60977692679975
43,100.0,30,100.0,2.0,2.0,2,1,0.9839047084170335,819.8666605311931,180.2912745247739
43,100.0,30,100.0,1.0,1.5,1,1,36.618651330269856,875.2029988316564,190.60977692679975
43,100.0,20,150.0,1.0,1.0,2,1,0.9839047084170335,819.8666605311931,180.2912745247739
43,100.0,30,100.0,2.0,1.5,1,1,36.19984447938773,875.2029988316564,190.60977692679975
43,100.0,30,100.0,1.5,1.5,1,1,36.618651330269856,875.2029988316564,190.60977692679975
43,100.0,20,150.0,1.0,1.0,3,1,8.840366520223979,827.6301294279203,237.93484674766788
43,100.0,30,100.0,2.0,2.0,3,1,6.27502879598039,827.6301294279203,237.93484674766788
43,100.0,20,150.0,1.5,1.0,2,1,0.9839047084170335,819.8666605311931,180.2912745247739
43,100.0,25,100.0,2.0,2.0,0,0,80.98075228801376,176.75205447072287,377.91046598232964
43,100.0,30,100.0,1.0,2.0,1,0,38.67501398766588,875.2029988316564,190.60977692679975
43,100.0,30,100.0,1.5,2.0,1,0,40.10639698220082,875.2029988316564,190.60977692679975
43,100.0,20,150.0,1.5,1.0,3,1,8.840366520223979,827.6301294279203,237.93484674766788
43,100.0,30,100.0,2.0,1.5,0,0,48.95003511613875,176.75205447072287,377.91046598232964
43,100.0,30,100.0,1.5,1.5,0,0,47.96130988108849,176.75205447072287,377.91046598232964
43,100.0,30,100.0,1.0,1.5,0,0,53.96354035281837,176.75205447072287,377.91046598232964
43,100.0,20,150.0,2.0,1.0,2,1,0.9839047084170335,819.8666605311931,180.2912745247739
43,100.0,20,150.0,2.0,1.0,3,1,8.840366520223979,827.6301294279203,237.93484674766788
43,100.0,20,150.0,1.0,1.5,2,1,0.9839047084170335,819.8666605311931,180.2912745247739
43,100.0,30,100.0,2.0,1.0,1,1,77.25745823473139,875.2029988316564,190.60977692679975
43,100.0,30,100.0,2.0,2.0,1,0,38.386928694843114,875.2029988316564,190.60977692679975
43,100.0,20,150.0,1.5,1.5,2,1,0.9839047084170335,819.8666605311931,180.2912745247739
43,100.0,20,150.0,2.0,1.5,2,1,0.9839047084170335,819.8666605311931,180.2912745247739
43,100.0,20,150.0,1.0,1.5,3,1,8.840366520223979,827.6301294279203,237.93484674766788
43,100.0,20,150.0,1.5,1.5,3,1,8.840366520223979,827.6301294279203,237.93484674766788
43,100.0,20,150.0,2.0,1.5,3,1,8.840366520223979,827.6301294279203,237.93484674766788
43,100.0,20,150.0,1.0,1.0,0,0,71.15394503921291,176.75205447072287,377.91046598232964
43,100.0,20,150.0,1.0,2.0,2,1,0.9839047084170335,819.8666605311931,180.2912745247739
43,100.0,20,150.0,1.5,2.0,2,1,0.9839047084170335,819.8666605311931,180.2912745247739
43,100.0,20,150.0,1.5,1.0,0,0,68.13244917368033,176.75205447072287,377.91046598232964
43,100.0,20,150.0,1.5,1.0,1,1,69.58619297321854,875.2029988316564,190.60977692679975
43,100.0,20,150.0,2.0,2.0,2,1,0.9839047084170335,819.8666605311931,180.2912745247739
43,100.0,20,150.0,1.0,2.0,3,1,8.840366520223979,827.6301294279203,237.93484674766788
43,100.0,25,150.0,1.0,1.0,2,1,0.9839047084170335,819.8666605311931,180.2912745247739
43,100.0,20,150.0,1.0,1.0,1,1,79.69133037919092,875.2029988316564,190.60977692679975
43,100.0,30,100.0,1.5,1.0,1,1,94.00925875843639,875.2029988316564,190.60977692679975
43,100.0,20,150.0,1.5,2.0,3,1,8.840366520223979,827.6301294279203,237.93484674766788
43,100.0,25,150.0,1.5,1.0,2,1,0.9839047084170335,819.8666605311931,180.2912745247739
43,100.0,20,150.0,2.0,2.0,3,1,8.840366520223979,827.6301294279203,237.93484674766788
43,100.0,25,150.0,1.5,1.0,3,1,8.840366520223979,827.6301294279203,237.93484674766788
43,100.0,25,150.0,1.0,1.0,3,1,8.840366520223979,827.6301294279203,237.93484674766788
43,100.0,25,150.0,2.0,1.0,2,1,0.9839047084170335,819.8666605311931,180.2912745247739
43,100.0,25,150.0,1.0,1.5,2,1,0.9839047084170335,819.8666605311931,180.2912745247739
43,100.0,20,150.0,2.0,1.0,1,1,66.12711165816307,875.2029988316564,190.60977692679975
43,100.0,25,150.0,2.0,1.0,3,1,8.840366520223979,827.6301294279203,237.93484674766788
43,100.0,25,150.0,1.5,1.5,2,1,0.9839047084170335,819.8666605311931,180.2912745247739
43,100.0,25,150.0,1.0,1.5,3,1,8.840366520223979,827.6301294279203,237.93484674766788
43,100.0,25,150.0,2.0,1.5,2,1,0.9839047084170335,819.8666605311931,180.2912745247739
43,100.0,25,150.0,1.5,1.5,3,1,8.840366520223979,827.6301294279203,237.93484674766788
43,100.0,25,150.0,2.0,1.5,3,1,8.840366520223979,827.6301294279203,237.93484674766788
43,100.0,25,150.0,1.0,2.0,2,1,0.9839047084170335,819.8666605311931,180.2912745247739
43,100.0,20,150.0,1.0,1.5,0,0,66.50302579652295,176.75205447072287,377.91046598232964
43,100.0,20,150.0,1.5,1.5,0,0,68.13244917368033,176.75205447072287,377.91046598232964
43,100.0,25,150.0,1.0,1.0,1,1,45.339159394613276,875.2029988316564,190.60977692679975
43,100.0,20,150.0,1.5,1.5,1,1,69.58619297321854,875.2029988316564,190.60977692679975
43,100.0,25,150.0,1.0,2.0,3,1,8.840366520223979,827.6301294279203,237.93484674766788
43,100.0,25,150.0,1.5,1.0,1,1,45.339159394613276,875.2029988316564,190.60977692679975
43,100.0,20,150.0,1.0,1.5,1,1,80.47559881263567,875.2029988316564,190.60977692679975
43,100.0,20,150.0,2.0,1.0,0,0,97.87330956657533,176.75205447072287,377.91046598232964
43,100.0,20,150.0,1.0,2.0,0,0,68.13244917368033,176.75205447072287,377.91046598232964
43,100.0,25,150.0,1.5,2.0,2,1,0.9839047084170335,819.8666605311931,180.2912745247739
43,100.0,20,150.0,1.0,2.0,1,1,69.58619297321854,875.2029988316564,190.60977692679975
43,100.0,20,150.0,2.0,1.5,1,1,76.08305186872758,875.2029988316564,190.60977692679975
43,100.0,25,150.0,1.5,1.5,1,1,45.339159394613276,875.2029988316564,190.60977692679975
43,100.0,25,150.0,2.0,1.0,1,1,45.339159394613276,875.2029988316564,190.60977692679975
43,100.0,25,150.0,1.0,1.5,1,1,45.339159394613276,875.2029988316564,190.60977692679975
43,100.0,20,150.0,2.0,1.5,0,0,78.04040981881697,176.75205447072287,377.91046598232964
43,100.0,25,150.0,2.0,1.5,1,1,45.339159394613276,875.2029988316564,190.60977692679975
43,100.0,25,150.0,1.5,2.0,3,1,8.840366520223979,827.6301294279203,237.93484674766788
43,100.0,25,150.0,2.0,2.0,2,1,0.9839047084170335,819.8666605311931,180.2912745247739
43,100.0,30,150.0,1.0,1.0,2,1,0.9839047084170335,819.8666605311931,180.2912745247739
43,100.0,20,150.0,1.5,2.0,0,0,78.15510235112939,176.75205447072287,377.91046598232964
43,100.0,25,150.0,2.0,2.0,3,1,8.840366520223979,827.6301294279203,237.93484674766788
43,100.0,20,150.0,2.0,2.0,1,1,71.0370510521274,875.2029988316564,190.60977692679975
43,100.0,30,150.0,1.0,1.0,3,1,8.840366520223979,827.6301294279203,237.93484674766788
43,100.0,25,150.0,1.0,2.0,1,1,45.339159394613276,875.2029988316564,190.60977692679975
43,100.0,20,150.0,1.5,2.0,1,1,85.56179746364342,875.2029988316564,190.60977692679975
43,100.0,30,150.0,1.5,1.0,2,1,0.9839047084170335,819.8666605311931,180.2912745247739
43,100.0,30,150.0,2.0,1.0,2,1,0.9839047084170335,819.8666605311931,180.2912745247739
43,100.0,20,150.0,2.0,2.0,0,0,79.17616034598221,176.75205447072287,377.91046598232964
43,100.0,30,150.0,1.0,1.5,2,1,0.9839047084170335,819.8666605311931,180.2912745247739
43,100.0,30,150.0,1.5,1.0,3,1,8.840366520223979,827.6301294279203,237.93484674766788
43,100.0,30,150.0,2.0,1.0,3,1,8.840366520223979,827.6301294279203,237.93484674766788
43,100.0,30,150.0,1.0,1.5,3,1,8.840366520223979,827.6301294279203,237.93484674766788
43,100.0,30,150.0,1.5,1.5,2,1,0.9839047084170335,819.8666605311931,180.2912745247739
43,100.0,30,150.0,2.0,1.5,2,1,0.9839047084170335,819.8666605311931,180.2912745247739
43,100.0,25,150.0,1.5,2.0,1,1,45.339159394613276,875.2029988316564,190.60977692679975
43,100.0,30,150.0,1.5,1.5,3,1,8.840366520223979,827.6301294279203,237.93484674766788
43,100.0,30,150.0,1.0,2.0,2,1,0.9839047084170335,819.8666605311931,180.2912745247739
43,100.0,30,150.0,2.0,1.5,3,1,8.840366520223979,827.6301294279203,237.93484674766788
43,100.0,30,150.0,2.0,2.0,2,1,0.9839047084170335,819.8666605311931,180.2912745247739
43,100.0,30,150.0,1.5,2.0,2,1,0.9839047084170335,819.8666605311931,180.2912745247739
43,100.0,25,150.0,2.0,2.0,1,1,45.339159394613276,875.2029988316564,190.60977692679975
43,100.0,30,150.0,1.0,2.0,3,1,8.840366520223979,827.6301294279203,237.93484674766788
43,100.0,30,150.0,1.5,2.0,3,1,8.840366520223979,827.6301294279203,237.93484674766788
43,100.0,30,150.0,2.0,2.0,3,1,8.840366520223979,827.6301294279203,237.93484674766788
44,100.0,20,50.0,1.0,1.0,0,1,0.9839047084170335,788.4493762348953,153.86806925688055
44,100.0,20,50.0,1.5,1.0,0,1,0.9839047084170335,788.4493762348953,153.86806925688055
44,100.0,20,50.0,1.0,1.0,1,1,4.453188026889722,752.3773847972193,122.02656721507343
44,100.0,20,50.0,1.5,1.0,1,1,4.453188026889722,752.3773847972193,122.02656721507343
44,100.0,20,50.0,2.0,1.0,0,1,0.9839047084170335,788.4493762348953,153.86806925688055
44,100.0,20,50.0,2.0,1.0,1,1,4.453188026889722,752.3773847972193,122.02656721507343
43,100.0,30,150.0,1.0,1.0,1,1,69.52498020471567,875.2029988316564,190.60977692679975
43,100.0,30,150.0,1.5,1.0,1,1,59.08263195406512,875.2029988316564,190.60977692679975
43,100.0,30,150.0,2.0,1.0,1,1,59.08263195406512,875.2029988316564,190.60977692679975
43,100.0,30,150.0,1.0,1.0,0,0,77.27700140399327,176.75205447072287,377.91046598232964
43,100.0,30,150.0,1.0,1.5,1,1,63.63963662712796,875.2029988316564,190.60977692679975
43,100.0,30,150.0,1.5,1.0,0,0,69.07852131634064,176.75205447072287,377.91046598232964
43,100.0,30,150.0,1.5,1.5,1,1,59.08263195406512,875.2029988316564,190.60977692679975
44,100.0,20,50.0,1.0,1.5,0,1,0.9839047084170335,788.4493762348953,153.86806925688055
44,100.0,20,50.0,1.0,1.0,2,1,25.526846229319645,745.0541440219217,209.8367668300027
43,100.0,30,150.0,2.0,1.0,0,0,69.07852131634064,176.75205447072287,377.91046598232964
44,100.0,20,50.0,1.5,1.0,2,1,23.786778686750477,745.0541440219217,209.8367668300027
44,100.0,20,50.0,2.0,1.0,2,1,28.180089834586582,745.0541440219217,209.8367668300027
43,100.0,30,150.0,2.0,1.5,1,1,59.08263195406512,875.2029988316564,190.60977692679975
44,100.0,20,50.0,1.0,1.5,1,1,4.453188026889722,752.3773847972193,122.02656721507343
43,100.0,30,150.0,1.0,2.0,1,1,60.73026051939294,875.2029988316564,190.60977692679975
44,100.0,20,50.0,1.5,1.5,0,1,0.9839047084170335,788.4493762348953,153.86806925688055
43,100.0,30,150.0,1.5,2.0,1,1,59.08263195406512,875.2029988316564,190.60977692679975
43,100.0,30,150.0,2.0,2.0,1,1,59.08263195406512,875.2029988316564,190.60977692679975
44,100.0,20,50.0,2.0,1.5,0,1,0.9839047084170335,788.4493762348953,153.86806925688055
44,100.0,20,50.0,1.5,1.0,4,1,36.34310215499304,734.6851396397549,309.8459047274205
44,100.0,20,50.0,1.5,1.5,1,1,4.453188026889722,752.3773847972193,122.02656721507343
43,100.0,30,150.0,1.5,1.5,0,0,80.16015246586643,176.75205447072287,377.91046598232964
44,100.0,20,50.0,2.0,1.0,4,1,49.32497344971929,734.6851396397549,309.8459047274205
44,100.0,20,50.0,2.0,1.5,1,1,4.453188026889722,752.3773847972193,122.02656721507343
43,100.0,30,150.0,1.5,2.0,0,0,68.81854539944501,176.75205447072287,377.91046598232964
43,100.0,30,150.0,2.0,1.5,0,0,80.16015246586643,176.75205447072287,377.91046598232964
43,100.0,30,150.0,2.0,2.0,0,0,68.81854539944501,176.75205447072287,377.91046598232964
44,100.0,20,50.0,1.0,2.0,0,1,0.9839047084170335,788.4493762348953,153.86806925688055
44,100.0,20,50.0,1.0,2.0,1,1,4.453188026889722,752.3773847972193,122.02656721507343
43,100.0,30,150.0,1.0,2.0,0,0,86.49702277967465,176.75205447072287,377.91046598232964
44,100.0,20,50.0,1.5,2.0,0,1,0.9839047084170335,788.4493762348953,153.86806925688055
44,100.0,20,50.0,2.0,2.0,0,1,0.9839047084170335,788.4493762348953,153.86806925688055
44,100.0,25,50.0,1.0,1.0,0,1,0.9839047084170335,788.4493762348953,153.86806925688055
44,100.0,20,50.0,2.0,2.0,1,1,4.453188026889722,752.3773847972193,122.02656721507343
44,100.0,25,50.0,1.0,1.0,1,1,4.453188026889722,752.3773847972193,122.02656721507343
44,100.0,20,50.0,1.5,2.0,1,1,4.453188026889722,752.3773847972193,122.02656721507343
44,100.0,25,50.0,1.5,1.0,0,1,0.9839047084170335,788.4493762348953,153.86806925688055
44,100.0,20,50.0,1.5,1.5,2,1,33.48587465674126,745.0541440219217,209.8367668300027
44,100.0,25,50.0,1.5,1.0,1,1,4.453188026889722,752.3773847972193,122.02656721507343
44,100.0,25,50.0,2.0,1.0,0,1,0.9839047084170335,788.4493762348953,153.86806925688055
44,100.0,25,50.0,1.0,1.5,0,1,0.9839047084170335,788.4493762348953,153.86806925688055
44,100.0,25,50.0,2.0,1.0,1,1,4.453188026889722,752.3773847972193,122.02656721507343
44,100.0,20,50.0,2.0,1.5,2,1,33.48587465674126,745.0541440219217,209.8367668300027
44,100.0,25,50.0,1.0,1.5,1,1,4.453188026889722,752.3773847972193,122.02656721507343
44,100.0,25,50.0,1.5,1.5,0,1,0.9839047084170335,788.4493762348953,153.86806925688055
44,100.0,20,50.0,1.0,2.0,2,1,36.0911387377461,745.0541440219217,209.8367668300027
44,100.0,25,50.0,1.5,1.5,1,1,4.453188026889722,752.3773847972193,122.02656721507343
44,100.0,20,50.0,2.0,1.0,3,0,88.25718094150473,686.8045684486611,388.6643174232488
44,100.0,25,50.0,2.0,1.5,0,1,0.9839047084170335,788.4493762348953,153.86806925688055
44,100.0,25,50.0,1.0,1.5,2,1,13.98394082590663,745.0541440219217,209.8367668300027
44,100.0,20,50.0,1.0,2.0,4,1,46.81713434541791,734.6851396397549,309.8459047274205
44,100.0,25,50.0,2.0,1.5,1,1,4.453188026889722,752.3773847972193,122.02656721507343
44,100.0,25,50.0,1.5,1.5,2,1,13.98394082590663,745.0541440219217,209.8367668300027
44,100.0,25,50.0,2.0,1.0,2,1,22.82628872776179,745.0541440219217,209.8367668300027
44,100.0,25,50.0,2.0,1.5,2,1,13.98394082590663,745.0541440219217,209.8367668300027
44,100.0,20,50.0,1.0,1.5,2,1,73.97310725311644,745.0541440219217,209.8367668300027
44,100.0,25,50.0,1.5,1.0,2,1,34.872466761854646,745.0541440219217,209.8367668300027
44,100.0,20,50.0,1.5,2.0,4,1,38.84902987428068,734.6851396397549,309.8459047274205
44,100.0,25,50.0,1.0,1.0,2,1,40.3356338224889,745.0541440219217,209.8367668300027
44,100.0,25,50.0,1.0,2.0,0,1,0.9839047084170335,788.4493762348953,153.86806925688055
44,100.0,25,50.0,1.5,2.0,0,1,0.9839047084170335,788.4493762348953,153.86806925688055
44,100.0,25,50.0,1.0,2.0,1,1,4.453188026889722,752.3773847972193,122.02656721507343
44,100.0,20,50.0,1.5,2.0,2,1,49.08725493025238,745.0541440219217,209.8367668300027
44,100.0,25,50.0,1.5,2.0,1,1,4.453188026889722,752.3773847972193,122.02656721507343
44,100.0,25,50.0,1.5,1.0,4,1,56.613997955612014,734.6851396397549,309.8459047274205
44,100.0,20,50.0,2.0,1.5,4,1,72.52899429418105,734.6851396397549,309.8459047274205
44,100.0,25,50.0,2.0,2.0,0,1,0.9839047084170335,788.4493762348953,153.86806925688055
44,100.0,20,50.0,1.5,1.5,4,1,93.80185607322643,734.6851396397549,309.8459047274205
44,100.0,25,50.0,1.0,1.0,4,1,52.23080350584018,734.6851396397549,309.8459047274205
44,100.0,25,50.0,2.0,2.0,1,1,4.453188026889722,752.3773847972193,122.02656721507343
44,100.0,25,50.0,1.5,2.0,2,1,13.98394082590663,745.0541440219217,209.8367668300027
44,100.0,30,50.0,1.0,1.0,0,1,0.9839047084170335,788.4493762348953,153.86806925688055
44,100.0,25,50.0,1.0,2.0,2,1,13.98394082590663,745.0541440219217,209.8367668300027
44,100.0,25,50.0,2.0,2.0,2,1,13.98394082590663,745.0541440219217,209.8367668300027
44,100.0,30,50.0,1.0,1.0,1,1,4.453188026889722,752.3773847972193,122.02656721507343
44,100.0,30,50.0,1.5,1.0,0,1,0.9839047084170335,788.4493762348953,153.86806925688055
44,100.0,20,50.0,2.0,2.0,3,1,84.34061136443313,686.8045684486611,388.6643174232488
44,100.0,30,50.0,1.5,1.0,1,1,4.453188026889722,752.3773847972193,122.02656721507343
44,100.0,30,50.0,1.0,1.0,2,1,13.943650638033471,745.0541440219217,209.8367668300027
44,100.0,25,50.0,1.5,1.5,4,1,74.69794828836298,734.6851396397549,309.8459047274205
44,100.0,30,50.0,1.5,1.0,2,1,13.943650638033471,745.0541440219217,209.8367668300027
44,100.0,30,50.0,2.0,1.0,0,1,0.9839047084170335,788.4493762348953,153.86806925688055
44,100.0,30,50.0,1.0,1.5,0,1,0.9839047084170335,788.4493762348953,153.86806925688055
44,100.0,30,50.0,2.0,1.0,1,1,4.453188026889722,752.3773847972193,122.02656721507343
44,100.0,30,50.0,1.5,1.5,0,1,0.9839047084170335,788.4493762348953,153.86806925688055
44,100.0,30,50.0,1.0,1.5,1,1,4.453188026889722,752.3773847972193,122.02656721507343
44,100.0,30,50.0,2.0,1.5,0,1,0.9839047084170335,788.4493762348953,153.86806925688055
44,100.0,30,50.0,1.5,1.5,1,1,4.453188026889722,752.3773847972193,122.02656721507343
44,100.0,30,50.0,1.0,2.0,0,1,0.9839047084170335,788.4493762348953,153.86806925688055
44,100.0,30,50.0,2.0,1.5,1,1,4.453188026889722,752.3773847972193,122.02656721507343
44,100.0,30,50.0,1.0,2.0,1,1,4.453188026889722,752.3773847972193,122.02656721507343
44,100.0,25,50.0,1.5,1.5,3,0,95.88558618511598,686.8045684486611,388.6643174232488
44,100.0,30,50.0,2.0,1.0,2,1,13.943650638033471,745.0541440219217,209.8367668300027
44,100.0,30,50.0,1.5,2.0,0,1,0.9839047084170335,788.4493762348953,153.86806925688055
44,100.0,30,50.0,1.5,1.5,2,1,13.943650638033471,745.0541440219217,209.8367668300027
44,100.0,30,50.0,2.0,2.0,0,1,0.9839047084170335,788.4493762348953,153.86806925688055
44,100.0,30,50.0,1.0,1.5,2,1,13.943650638033471,745.0541440219217,209.8367668300027
44,100.0,30,50.0,1.5,2.0,1,1,4.453188026889722,752.3773847972193,122.02656721507343
44,100.0,30,50.0,2.0,1.5,2,1,13.943650638033471,745.0541440219217,209.8367668300027
44,100.0,30,50.0,2.0,2.0,1,1,4.453188026889722,752.3773847972193,122.02656721507343
44,100.0,25,50.0,2.0,2.0,4,1,61.18431254025085,734.6851396397549,309.8459047274205
44,100.0,30,50.0,1.0,2.0,2,1,13.943650638033471,745.0541440219217,209.8367668300027
44,100.0,30,50.0,1.5,2.0,2,1,13.943650638033471,745.0541440219217,209.8367668300027
44,100.0,20,100.0,1.0,1.0,0,1,0.9839047084170335,788.4493762348953,153.86806925688055
44,100.0,30,50.0,2.0,2.0,2,1,13.943650638033471,745.0541440219217,209.8367668300027
44,100.0,30,50.0,1.5,1.0,4,1,49.73131339402734,734.6851396397549,309.8459047274205
44,100.0,20,100.0,1.0,1.0,1,1,4.453188026889722,752.3773847972193,122.02656721507343
44,100.0,20,100.0,1.5,1.0,0,1,0.9839047084170335,788.4493762348953,153.86806925688055
44,100.0,20,100.0,1.5,1.0,1,1,4.453188026889722,752.3773847972193,122.02656721507343
44,100.0,20,100.0,1.0,1.0,4,1,14.490693171578023,734.6851396397549,309.8459047274205
44,100.0,25,50.0,1.0,2.0,4,1,61.425156154800916,734.6851396397549,309.8459047274205
44,100.0,30,50.0,2.0,2.0,4,1,32.14224525223354,734.6851396397549,309.8459047274205
44,100.0,30,50.0,1.0,1.5,4,1,48.896145050356374,734.6851396397549,309.8459047274205
44,100.0,20,100.0,1.0,1.0,2,0,20.970603175036125,745.0541440219217,209.8367668300027
44,100.0,30,50.0,1.5,1.0,3,0,73.94301103332482,686.8045684486611,388.6643174232488
44,100.0,20,100.0,2.0,1.0,0,1,0.9839047084170335,788.4493762348953,153.86806925688055
44,100.0,20,100.0,2.0,1.0,1,1,4.453188026889722,752.3773847972193,122.02656721507343
44,100.0,20,100.0,1.0,1.5,0,1,0.9839047084170335,788.4493762348953,153.86806925688055
44,100.0,20,100.0,1.5,1.0,2,1,19.6714319375896,745.0541440219217,209.8367668300027
44,100.0,30,50.0,2.0,2.0,3,1,50.575151385021364,686.8045684486611,388.6643174232488
44,100.0,20,100.0,1.0,1.5,1,1,4.453188026889722,752.3773847972193,122.02656721507343
44,100.0,20,100.0,1.5,1.5,0,1,0.9839047084170335,788.4493762348953,153.86806925688055
44,100.0,30,50.0,1.0,1.0,4,1,96.60257282977147,734.6851396397549,309.8459047274205
44,100.0,30,50.0,2.0,1.5,4,0,65.54762200950233,734.6851396397549,309.8459047274205
44,100.0,20,100.0,1.5,1.5,1,1,4.453188026889722,752.3773847972193,122.02656721507343
44,100.0,30,50.0,2.0,1.5,3,0,66.2639452738516,686.8045684486611,388.6643174232488
44,100.0,20,100.0,2.0,1.5,0,1,0.9839047084170335,788.4493762348953,153.86806925688055
44,100.0,20,100.0,1.0,2.0,0,1,0.9839047084170335,788.4493762348953,153.86806925688055
44,100.0,20,100.0,2.0,1.5,1,1,4.453188026889722,752.3773847972193,122.02656721507343
44,100.0,30,50.0,2.0,1.0,4,1,66.24910990540515,734.6851396397549,309.8459047274205
44,100.0,20,100.0,1.0,1.0,3,1,40.15411055849793,686.8045684486611,388.6643174232488
44,100.0,20,100.0,1.0,2.0,1,1,4.453188026889722,752.3773847972193,122.02656721507343
44,100.0,20,100.0,1.5,2.0,0,1,0.9839047084170335,788.4493762348953,153.86806925688055
44,100.0,20,100.0,2.0,1.0,2,1,19.6714319375896,745.0541440219217,209.8367668300027
44,100.0,25,50.0,1.5,2.0,3,0,93.61315848278944,686.8045684486611,388.6643174232488
44,100.0,20,100.0,1.0,1.5,2,1,19.6714319375896,745.0541440219217,209.8367668300027
44,100.0,25,50.0,1.5,2.0,4,0,94.54517435794055,734.6851396397549,309.8459047274205
44,100.0,20,100.0,1.5,1.0,4,1,33.9820893674039,734.6851396397549,309.8459047274205
44,100.0,20,100.0,1.5,2.0,1,1,4.453188026889722,752.3773847972193,122.02656721507343
44,100.0,20,100.0,2.0,2.0,0,1,0.9839047084170335,788.4493762348953,153.86806925688055
44,100.0,20,100.0,1.0,1.5,4,1,25.11825367037408,734.6851396397549,309.8459047274205
44,100.0,20,100.0,1.5,1.5,2,1,19.6714319375896,745.0541440219217,209.8367668300027
44,100.0,20,100.0,2.0,2.0,1,1,4.453188026889722,752.3773847972193,122.02656721507343
44,100.0,20,100.0,1.0,1.5,3,1,28.68510968306706,686.8045684486611,388.6643174232488
44,100.0,25,100.0,1.0,1.0,0,1,0.9839047084170335,788.4493762348953,153.86806925688055
44,100.0,20,100.0,2.0,1.5,2,1,19.6714319375896,745.0541440219217,209.8367668300027
44,100.0,20,100.0,1.5,1.5,4,1,25.11825367037408,734.6851396397549,309.8459047274205
44,100.0,20,100.0,1.0,2.0,2,1,19.6714319375896,745.0541440219217,209.8367668300027
44,100.0,25,100.0,1.0,1.0,1,1,4.453188026889722,752.3773847972193,122.02656721507343
44,100.0,20,100.0,1.0,2.0,4,1,19.856595721726844,734.6851396397549,309.8459047274205
44,100.0,25,100.0,1.5,1.0,0,1,0.9839047084170335,788.4493762348953,153.86806925688055
44,100.0,20,100.0,2.0,1.0,4,1,33.9820893674039,734.6851396397549,309.8459047274205
44,100.0,20,100.0,1.5,1.5,3,1,28.68510968306706,686.8045684486611,388.6643174232488
44,100.0,20,100.0,2.0,1.5,4,1,25.11825367037408,734.6851396397549,309.8459047274205
44,100.0,25,100.0,2.0,1.0,0,1,0.9839047084170335,788.4493762348953,153.86806925688055
44,100.0,20,100.0,1.5,2.0,2,1,19.6714319375896,745.0541440219217,209.8367668300027
44,100.0,20,100.0,1.5,2.0,4,1,19.856595721726844,734.6851396397549,309.8459047274205
44,100.0,25,100.0,1.5,1.0,1,1,4.453188026889722,752.3773847972193,122.02656721507343
44,100.0,20,100.0,1.0,2.0,3,1,23.087250376743455,686.8045684486611,388.6643174232488
44,100.0,30,50.0,1.5,1.5,4,1,91.76171239203796,734.6851396397549,309.8459047274205
44,100.0,20,100.0,2.0,1.5,3,1,28.68510968306706,686.8045684486611,388.6643174232488
44,100.0,30,50.0,1.0,2.0,4,1,86.16567893419086,734.6851396397549,309.8459047274205
44,100.0,20,100.0,1.5,1.0,3,1,49.20914686398119,686.8045684486611,388.6643174232488
44,100.0,25,100.0,1.0,1.5,0,1,0.9839047084170335,788.4493762348953,153.86806925688055
44,100.0,30,50.0,1.5,2.0,4,1,84.82147999407466,734.6851396397549,309.8459047274205
44,100.0,25,100.0,1.5,1.5,0,1,0.9839047084170335,788.4493762348953,153.86806925688055
44,100.0,25,100.0,2.0,1.0,1,1,4.453188026889722,752.3773847972193,122.02656721507343
44,100.0,25,100.0,2.0,1.5,0,1,0.9839047084170335,788.4493762348953,153.86806925688055
44,100.0,20,100.0,1.5,2.0,3,1,23.087250376743455,686.8045684486611,388.6643174232488
44,100.0,25,100.0,1.0,2.0,0,1,0.9839047084170335,788.4493762348953,153.86806925688055
44,100.0,20,100.0,2.0,2.0,2,1,19.6714319375896,745.0541440219217,209.8367668300027
44,100.0,25,100.0,1.0,1.5,1,1,4.453188026889722,752.3773847972193,122.02656721507343
44,100.0,20,100.0,2.0,2.0,4,1,19.856595721726844,734.6851396397549,309.8459047274205
44,100.0,25,100.0,1.0,1.0,2,1,12.368039928449356,745.0541440219217,209.8367668300027
44,100.0,25,100.0,1.5,1.5,1,1,4.453188026889722,752.3773847972193,122.02656721507343
44,100.0,25,100.0,1.0,1.0,4,1,14.43908060508072,734.6851396397549,309.8459047274205
44,100.0,25,100.0,2.0,1.5,1,1,4.453188026889722,752.3773847972193,122.02656721507343
44,100.0,20,100.0,2.0,2.0,3,1,23.087250376743455,686.8045684486611,388.6643174232488
44,100.0,25,100.0,1.0,2.0,1,1,4.453188026889722,752.3773847972193,122.02656721507343
44,100.0,25,100.0,1.5,1.0,2,1,12.368039928449356,745.0541440219217,209.8367668300027
44,100.0,25,100.0,2.0,1.0,2,1,12.368039928449356,745.0541440219217,209.8367668300027
44,100.0,25,100.0,1.5,2.0,0,1,0.9839047084170335,788.4493762348953,153.86806925688055
44,100.0,25,100.0,1.5,1.0,4,1,14.43908060508072,734.6851396397549,309.8459047274205
44,100.0,25,100.0,2.0,1.0,4,1,14.43908060508072,734.6851396397549,309.8459047274205
44,100.0,25,100.0,2.0,2.0,0,1,0.9839047084170335,788.4493762348953,153.86806925688055
44,100.0,25,100.0,1.0,1.5,2,1,12.368039928449356,745.0541440219217,209.8367668300027
44,100.0,20,100.0,2.0,1.0,3,1,49.20914686398119,686.8045684486611,388.6643174232488
44,100.0,25,100.0,1.5,1.5,2,1,12.368039928449356,745.0541440219217,209.8367668300027
44,100.0,30,100.0,1.0,1.0,0,1,0.9839047084170335,788.4493762348953,153.86806925688055
44,100.0,30,100.0,1.5,1.0,0,1,0.9839047084170335,788.4493762348953,153.86806925688055
44,100.0,25,100.0,2.0,2.0,1,1,4.453188026889722,752.3773847972193,122.02656721507343
44,100.0,25,100.0,1.5,1.5,4,1,14.43908060508072,734.6851396397549,309.8459047274205
44,100.0,25,100.0,1.0,1.5,4,1,14.43908060508072,734.6851396397549,309.8459047274205
44,100.0,25,100.0,1.5,2.0,1,1,4.453188026889722,752.3773847972193,122.02656721507343
44,100.0,25,100.0,2.0,1.5,2,1,12.368039928449356,745.0541440219217,209.8367668300027
44,100.0,30,100.0,1.5,1.0,1,1,4.453188026889722,752.3773847972193,122.02656721507343
44,100.0,30,100.0,1.0,1.0,1,1,4.453188026889722,752.3773847972193,122.02656721507343
44,100.0,30,100.0,2.0,1.0,0,1,0.9839047084170335,788.4493762348953,153.86806925688055
44,100.0,25,100.0,1.0,1.0,3,1,22.2496507311654,686.8045684486611,388.6643174232488
44,100.0,30,100.0,1.5,1.5,0,1,0.9839047084170335,788.4493762348953,153.86806925688055
44,100.0,30,100.0,2.0,1.5,0,1,0.9839047084170335,788.4493762348953,153.86806925688055
44,100.0,25,100.0,2.0,1.5,4,1,14.43908060508072,734.6851396397549,309.8459047274205
44,100.0,30,100.0,1.0,1.5,0,1,0.9839047084170335,788.4493762348953,153.86806925688055
44,100.0,25,100.0,1.0,2.0,2,1,12.368039928449356,745.0541440219217,209.8367668300027
44,100.0,30,100.0,2.0,1.0,1,1,4.453188026889722,752.3773847972193,122.02656721507343
44,100.0,25,100.0,1.0,2.0,4,1,14.43908060508072,734.6851396397549,309.8459047274205
44,100.0,25,100.0,2.0,2.0,2,1,12.368039928449356,745.0541440219217,209.8367668300027
44,100.0,30,100.0,2.0,1.5,1,1,4.453188026889722,752.3773847972193,122.02656721507343
44,100.0,25,100.0,1.5,1.0,3,1,22.2496507311654,686.8045684486611,388.6643174232488
44,100.0,30,100.0,1.5,1.5,1,1,4.453188026889722,752.3773847972193,122.02656721507343
44,100.0,25,100.0,2.0,1.0,3,1,22.2496507311654,686.8045684486611,388.6643174232488
44,100.0,25,100.0,1.0,1.5,3,1,22.2496507311654,686.8045684486611,388.6643174232488
44,100.0,30,100.0,1.0,2.0,0,1,0.9839047084170335,788.4493762348953,153.86806925688055
44,100.0,25,100.0,1.5,1.5,3,1,22.2496507311654,686.8045684486611,388.6643174232488
44,100.0,30,100.0,1.5,2.0,0,1,0.9839047084170335,788.4493762348953,153.86806925688055
44,100.0,25,100.0,2.0,2.0,4,1,14.43908060508072,734.6851396397549,309.8459047274205
44,100.0,30,100.0,1.0,1.5,1,1,4.453188026889722,752.3773847972193,122.02656721507343
44,100.0,30,100.0,2.0,2.0,0,1,0.9839047084170335,788.4493762348953,153.86806925688055
44,100.0,20,150.0,1.0,1.0,0,1,0.9839047084170335,788.4493762348953,153.86806925688055
44,100.0,30,100.0,1.5,1.0,2,1,13.468075762670635,745.0541440219217,209.8367668300027
44,100.0,25,100.0,2.0,1.5,3,1,22.2496507311654,686.8045684486611,388.6643174232488
44,100.0,20,150.0,1.0,1.0,1,1,4.453188026889722,752.3773847972193,122.02656721507343
44,100.0,30,100.0,1.5,1.0,4,1,15.405887249030762,734.6851396397549,309.8459047274205
44,100.0,30,100.0,1.0,2.0,1,1,4.453188026889722,752.3773847972193,122.02656721507343
44,100.0,25,100.0,1.5,2.0,2,1,12.368039928449356,745.0541440219217,209.8367668300027
44,100.0,20,150.0,1.5,1.0,0,1,0.9839047084170335,788.4493762348953,153.86806925688055
44,100.0,30,100.0,2.0,1.0,2,1,13.468075762670635,745.0541440219217,209.8367668300027
44,100.0,25,100.0,1.0,2.0,3,1,22.2496507311654,686.8045684486611,388.6643174232488
44,100.0,25,100.0,1.5,2.0,4,1,14.43908060508072,734.6851396397549,309.8459047274205
44,100.0,30,100.0,1.5,2.0,1,1,4.453188026889722,752.3773847972193,122.02656721507343
44,100.0,25,100.0,2.0,2.0,3,1,22.2496507311654,686.8045684486611,388.6643174232488
44,100.0,20,150.0,2.0,1.0,0,1,0.9839047084170335,788.4493762348953,153.86806925688055
44,100.0,30,100.0,1.0,1.0,2,1,13.468075762670635,745.0541440219217,209.8367668300027
44,100.0,30,100.0,2.0,1.0,4,1,15.405887249030762,734.6851396397549,309.8459047274205
44,100.0,30,100.0,2.0,2.0,1,1,4.453188026889722,752.3773847972193,122.02656721507343
44,100.0,20,150.0,1.0,1.5,0,1,0.9839047084170335,788.4493762348953,153.86806925688055
44,100.0,30,100.0,2.0,1.5,2,1,13.468075762670635,745.0541440219217,209.8367668300027
44,100.0,20,150.0,1.5,1.0,1,1,4.453188026889722,752.3773847972193,122.02656721507343
44,100.0,30,100.0,1.0,1.0,4,1,15.405887249030762,734.6851396397549,309.8459047274205
44,100.0,30,100.0,2.0,1.5,4,1,15.405887249030762,734.6851396397549,309.8459047274205
44,100.0,30,100.0,1.0,1.5,2,1,13.468075762670635,745.0541440219217,209.8367668300027
44,100.0,30,100.0,1.5,1.0,3,1,22.218677764329804,686.8045684486611,388.6643174232488
44,100.0,30,100.0,1.5,1.5,2,1,13.468075762670635,745.0541440219217,209.8367668300027
44,100.0,20,150.0,1.0,1.5,1,1,4.453188026889722,752.3773847972193,122.02656721507343
44,100.0,30,100.0,2.0,1.0,3,1,22.218677764329804,686.8045684486611,388.6643174232488
44,100.0,20,150.0,2.0,1.0,1,1,4.453188026889722,752.3773847972193,122.02656721507343
44,100.0,20,150.0,1.5,1.5,0,1,0.9839047084170335,788.4493762348953,153.86806925688055
44,100.0,30,100.0,1.0,1.5,4,1,15.405887249030762,734.6851396397549,309.8459047274205
44,100.0,30,100.0,1.5,1.5,4,1,15.405887249030762,734.6851396397549,309.8459047274205
44,100.0,20,150.0,1.0,1.0,2,1,15.823318500398356,745.0541440219217,209.8367668300027
44,100.0,20,150.0,2.0,1.5,0,1,0.9839047084170335,788.4493762348953,153.86806925688055
44,100.0,30,100.0,1.0,2.0,2,1,13.468075762670635,745.0541440219217,209.8367668300027
44,100.0,25,100.0,1.5,2.0,3,1,22.2496507311654,686.8045684486611,388.6643174232488
44,100.0,30,100.0,1.0,1.0,3,1,22.218677764329804,686.8045684486611,388.6643174232488
44,100.0,20,150.0,1.0,2.0,0,1,0.9839047084170335,788.4493762348953,153.86806925688055
44,100.0,20,150.0,1.5,1.5,1,1,4.453188026889722,752.3773847972193,122.02656721507343
44,100.0,30,100.0,1.0,2.0,4,1,15.405887249030762,734.6851396397549,309.8459047274205
44,100.0,20,150.0,2.0,1.5,1,1,4.453188026889722,752.3773847972193,122.02656721507343
44,100.0,20,150.0,1.5,2.0,0,1,0.9839047084170335,788.4493762348953,153.86806925688055
44,100.0,30,100.0,2.0,2.0,2,1,13.468075762670635,745.0541440219217,209.8367668300027
44,100.0,30,100.0,2.0,1.5,3,1,22.218677764329804,686.8045684486611,388.6643174232488
44,100.0,20,150.0,1.0,2.0,1,1,4.453188026889722,752.3773847972193,122.02656721507343
44,100.0,30,100.0,1.5,2.0,2,1,13.468075762670635,745.0541440219217,209.8367668300027
44,100.0,20,150.0,1.0,1.0,4,1,20.731098243729733,734.6851396397549,309.8459047274205
44,100.0,30,100.0,2.0,2.0,4,1,15.405887249030762,734.6851396397549,309.8459047274205
44,100.0,20,150.0,1.5,1.0,2,1,15.823318500398356,745.0541440219217,209.8367668300027
44,100.0,20,150.0,2.0,2.0,0,1,0.9839047084170335,788.4493762348953,153.86806925688055
44,100.0,30,100.0,1.5,2.0,4,1,15.405887249030762,734.6851396397549,309.8459047274205
44,100.0,20,150.0,1.0,1.5,2,1,15.823318500398356,745.0541440219217,209.8367668300027
44,100.0,30,100.0,1.5,1.5,3,1,22.218677764329804,686.8045684486611,388.6643174232488
44,100.0,30,100.0,1.0,1.5,3,1,22.218677764329804,686.8045684486611,388.6643174232488
44,100.0,25,150.0,1.5,1.0,0,1,0.9839047084170335,788.4493762348953,153.86806925688055
44,100.0,25,150.0,1.0,1.0,0,1,0.9839047084170335,788.4493762348953,153.86806925688055
44,100.0,20,150.0,1.5,2.0,1,1,4.453188026889722,752.3773847972193,122.02656721507343
44,100.0,20,150.0,2.0,2.0,1,1,4.453188026889722,752.3773847972193,122.02656721507343
44,100.0,20,150.0,1.5,1.0,4,1,20.731098243729733,734.6851396397549,309.8459047274205
44,100.0,20,150.0,2.0,1.0,2,1,15.823318500398356,745.0541440219217,209.8367668300027
44,100.0,30,100.0,1.0,2.0,3,1,22.218677764329804,686.8045684486611,388.6643174232488
44,100.0,25,150.0,1.5,1.0,1,1,4.453188026889722,752.3773847972193,122.02656721507343
44,100.0,30,100.0,2.0,2.0,3,1,22.218677764329804,686.8045684486611,388.6643174232488
44,100.0,25,150.0,2.0,1.0,0,1,0.9839047084170335,788.4493762348953,153.86806925688055
44,100.0,20,150.0,1.0,1.5,4,1,20.731098243729733,734.6851396397549,309.8459047274205
44,100.0,30,100.0,1.5,2.0,3,1,22.218677764329804,686.8045684486611,388.6643174232488
44,100.0,25,150.0,1.0,1.0,1,1,4.453188026889722,752.3773847972193,122.02656721507343
44,100.0,25,150.0,1.0,1.5,0,1,0.9839047084170335,788.4493762348953,153.86806925688055
44,100.0,25,150.0,1.5,1.5,0,1,0.9839047084170335,788.4493762348953,153.86806925688055
44,100.0,20,150.0,1.5,1.5,2,1,15.823318500398356,745.0541440219217,209.8367668300027
44,100.0,25,150.0,2.0,1.0,1,1,4.453188026889722,752.3773847972193,122.02656721507343
44,100.0,20,150.0,1.0,2.0,2,1,15.823318500398356,745.0541440219217,209.8367668300027
44,100.0,20,150.0,2.0,1.5,2,1,15.823318500398356,745.0541440219217,209.8367668300027
44,100.0,25,150.0,1.0,1.5,1,1,4.453188026889722,752.3773847972193,122.02656721507343
44,100.0,20,150.0,2.0,1.0,4,1,20.731098243729733,734.6851396397549,309.8459047274205
44,100.0,20,150.0,1.0,1.0,3,1,31.878330889788547,686.8045684486611,388.6643174232488
44,100.0,25,150.0,1.5,1.5,1,1,4.453188026889722,752.3773847972193,122.02656721507343
44,100.0,25,150.0,2.0,1.5,0,1,0.9839047084170335,788.4493762348953,153.86806925688055
44,100.0,25,150.0,1.5,1.0,2,1,10.195483936426546,745.0541440219217,209.8367668300027
44,100.0,20,150.0,1.5,1.5,4,1,20.731098243729733,734.6851396397549,309.8459047274205
44,100.0,25,150.0,1.0,1.0,2,1,10.195483936426546,745.0541440219217,209.8367668300027
44,100.0,20,150.0,2.0,1.5,4,1,20.731098243729733,734.6851396397549,309.8459047274205
44,100.0,25,150.0,2.0,1.5,1,1,4.453188026889722,752.3773847972193,122.02656721507343
44,100.0,25,150.0,2.0,1.0,2,1,10.195483936426546,745.0541440219217,209.8367668300027
44,100.0,20,150.0,1.0,2.0,4,1,20.731098243729733,734.6851396397549,309.8459047274205
44,100.0,20,150.0,1.5,2.0,2,1,15.823318500398356,745.0541440219217,209.8367668300027
44,100.0,20,150.0,2.0,2.0,2,1,15.823318500398356,745.0541440219217,209.8367668300027
44,100.0,20,150.0,1.0,1.5,3,1,31.878330889788547,686.8045684486611,388.6643174232488
44,100.0,25,150.0,1.5,1.5,2,1,10.195483936426546,745.0541440219217,209.8367668300027
44,100.0,25,150.0,1.0,1.5,2,1,10.195483936426546,745.0541440219217,209.8367668300027
44,100.0,25,150.0,2.0,1.5,2,1,10.195483936426546,745.0541440219217,209.8367668300027
44,100.0,20,150.0,1.5,1.0,3,1,31.878330889788547,686.8045684486611,388.6643174232488
44,100.0,25,150.0,1.0,2.0,0,1,0.9839047084170335,788.4493762348953,153.86806925688055
44,100.0,25,150.0,1.0,1.0,4,1,17.906352141502715,734.6851396397549,309.8459047274205
44,100.0,25,150.0,1.5,2.0,0,1,0.9839047084170335,788.4493762348953,153.86806925688055
44,100.0,25,150.0,1.5,1.0,4,1,17.906352141502715,734.6851396397549,309.8459047274205
44,100.0,20,150.0,2.0,1.5,3,1,31.878330889788547,686.8045684486611,388.6643174232488
44,100.0,20,150.0,1.5,2.0,4,1,20.731098243729733,734.6851396397549,309.8459047274205
44,100.0,20,150.0,2.0,2.0,4,1,20.731098243729733,734.6851396397549,309.8459047274205
44,100.0,25,150.0,1.0,2.0,1,1,4.453188026889722,752.3773847972193,122.02656721507343
44,100.0,20,150.0,1.5,1.5,3,1,31.878330889788547,686.8045684486611,388.6643174232488
44,100.0,25,150.0,2.0,2.0,0,1,0.9839047084170335,788.4493762348953,153.86806925688055
44,100.0,20,150.0,2.0,1.0,3,1,31.878330889788547,686.8045684486611,388.6643174232488
44,100.0,25,150.0,1.5,2.0,1,1,4.453188026889722,752.3773847972193,122.02656721507343
44,100.0,30,150.0,1.0,1.0,0,1,0.9839047084170335,788.4493762348953,153.86806925688055
44,100.0,30,150.0,1.5,1.0,0,1,0.9839047084170335,788.4493762348953,153.86806925688055
44,100.0,25,150.0,1.5,1.5,4,1,17.906352141502715,734.6851396397549,309.8459047274205
44,100.0,25,150.0,2.0,1.0,4,1,17.906352141502715,734.6851396397549,309.8459047274205
44,100.0,25,150.0,2.0,2.0,1,1,4.453188026889722,752.3773847972193,122.02656721507343
44,100.0,25,150.0,1.0,1.5,4,1,17.906352141502715,734.6851396397549,309.8459047274205
44,100.0,25,150.0,2.0,1.5,4,1,17.906352141502715,734.6851396397549,309.8459047274205
44,100.0,30,150.0,1.0,1.0,1,1,4.453188026889722,752.3773847972193,122.02656721507343
44,100.0,25,150.0,1.0,2.0,2,1,10.195483936426546,745.0541440219217,209.8367668300027
44,100.0,30,150.0,1.5,1.0,1,1,4.453188026889722,752.3773847972193,122.02656721507343
44,100.0,20,150.0,1.0,2.0,3,1,31.878330889788547,686.8045684486611,388.6643174232488
44,100.0,25,150.0,1.5,2.0,2,1,10.195483936426546,745.0541440219217,209.8367668300027
44,100.0,25,150.0,2.0,2.0,2,1,10.195483936426546,745.0541440219217,209.8367668300027
44,100.0,30,150.0,2.0,1.0,0,1,0.9839047084170335,788.4493762348953,153.86806925688055
44,100.0,20,150.0,2.0,2.0,3,1,31.878330889788547,686.8045684486611,388.6643174232488
44,100.0,20,150.0,1.5,2.0,3,1,31.878330889788547,686.8045684486611,388.6643174232488
44,100.0,30,150.0,1.0,1.5,0,1,0.9839047084170335,788.4493762348953,153.86806925688055
44,100.0,30,150.0,1.5,1.5,0,1,0.9839047084170335,788.4493762348953,153.86806925688055
44,100.0,30,150.0,1.0,1.0,4,1,14.191240216688463,734.6851396397549,309.8459047274205
44,100.0,30,150.0,2.0,1.0,1,1,4.453188026889722,752.3773847972193,122.02656721507343
44,100.0,25,150.0,1.0,2.0,4,1,17.906352141502715,734.6851396397549,309.8459047274205
44,100.0,25,150.0,1.5,1.0,3,1,35.27327803847707,686.8045684486611,388.6643174232488
44,100.0,30,150.0,2.0,1.5,0,1,0.9839047084170335,788.4493762348953,153.86806925688055
44,100.0,30,150.0,1.0,1.5,1,1,4.453188026889722,752.3773847972193,122.02656721507343
44,100.0,30,150.0,1.5,1.5,1,1,4.453188026889722,752.3773847972193,122.02656721507343
44,100.0,25,150.0,1.5,2.0,4,1,17.906352141502715,734.6851396397549,309.8459047274205
44,100.0,25,150.0,1.0,1.0,3,1,35.27327803847707,686.8045684486611,388.6643174232488
44,100.0,30,150.0,2.0,1.5,1,1,4.453188026889722,752.3773847972193,122.02656721507343
44,100.0,30,150.0,1.0,2.0,0,1,0.9839047084170335,788.4493762348953,153.86806925688055
44,100.0,30,150.0,1.5,1.0,4,1,14.191240216688463,734.6851396397549,309.8459047274205
44,100.0,25,150.0,2.0,2.0,4,1,17.906352141502715,734.6851396397549,309.8459047274205
44,100.0,30,150.0,1.0,2.0,1,1,4.453188026889722,752.3773847972193,122.02656721507343
44,100.0,30,150.0,1.5,1.5,4,1,14.191240216688463,734.6851396397549,309.8459047274205
44,100.0,30,150.0,2.0,1.0,4,1,14.191240216688463,734.6851396397549,309.8459047274205
44,100.0,30,150.0,1.0,1.5,4,1,14.191240216688463,734.6851396397549,309.8459047274205
44,100.0,30,150.0,2.0,1.5,4,1,14.191240216688463,734.6851396397549,309.8459047274205
44,100.0,25,150.0,1.5,1.5,3,1,42.86345138078812,686.8045684486611,388.6643174232488
44,100.0,25,150.0,2.0,1.5,3,1,42.86345138078812,686.8045684486611,388.6643174232488
44,100.0,30,150.0,1.5,2.0,0,1,0.9839047084170335,788.4493762348953,153.86806925688055
44,100.0,30,150.0,2.0,2.0,0,1,0.9839047084170335,788.4493762348953,153.86806925688055
44,100.0,30,150.0,1.0,1.0,2,1,31.668094448901538,745.0541440219217,209.8367668300027
44,100.0,30,150.0,1.0,2.0,4,1,14.191240216688463,734.6851396397549,309.8459047274205
44,100.0,25,150.0,2.0,1.0,3,1,42.86345138078812,686.8045684486611,388.6643174232488
44,100.0,25,150.0,1.0,1.5,3,1,42.86345138078812,686.8045684486611,388.6643174232488
44,100.0,30,150.0,1.5,2.0,1,1,4.453188026889722,752.3773847972193,122.02656721507343
44,100.0,30,150.0,2.0,2.0,1,1,4.453188026889722,752.3773847972193,122.02656721507343
44,100.0,25,150.0,1.0,2.0,3,0,43.56382241562867,686.8045684486611,388.6643174232488
44,100.0,30,150.0,1.5,1.0,2,1,31.668094448901538,745.0541440219217,209.8367668300027
44,100.0,30,150.0,2.0,2.0,4,1,14.191240216688463,734.6851396397549,309.8459047274205
44,100.0,30,150.0,1.5,1.5,2,1,31.668094448901538,745.0541440219217,209.8367668300027
44,100.0,30,150.0,1.5,2.0,4,1,14.191240216688463,734.6851396397549,309.8459047274205
44,100.0,30,150.0,1.0,1.5,2,1,31.668094448901538,745.0541440219217,209.8367668300027
44,100.0,25,150.0,2.0,2.0,3,1,42.86345138078812,686.8045684486611,388.6643174232488
44,100.0,30,150.0,2.0,1.0,2,1,31.668094448901538,745.0541440219217,209.8367668300027
44,100.0,25,150.0,1.5,2.0,3,1,42.86345138078812,686.8045684486611,388.6643174232488
44,100.0,30,150.0,2.0,1.5,2,1,31.668094448901538,745.0541440219217,209.8367668300027
44,100.0,30,150.0,2.0,2.0,3,1,45.956452111472544,686.8045684486611,388.6643174232488
44,100.0,30,150.0,1.0,2.0,2,1,59.94246706457555,745.0541440219217,209.8367668300027
44,100.0,30,150.0,1.0,2.0,3,1,65.80993817599283,686.8045684486611,388.6643174232488
44,100.0,30,150.0,1.0,1.0,3,1,83.28851529875077,686.8045684486611,388.6643174232488
44,100.0,30,150.0,2.0,1.5,3,0,77.25869916060232,686.8045684486611,388.6643174232488
44,100.0,30,150.0,1.5,2.0,2,1,60.539010374802906,745.0541440219217,209.8367668300027
44,100.0,30,150.0,1.5,1.0,3,0,76.68856931259664,686.8045684486611,388.6643174232488
45,100.0,20,50.0,1.5,1.0,2,0,74.74955044106694,343.95004067289904,372.82388238836154
45,100.0,20,50.0,1.0,1.0,2,0,53.6421765354448,343.95004067289904,372.82388238836154
45,100.0,20,50.0,2.0,1.0,4,0,83.73114787160202,193.21787773488995,349.28331424337426
45,100.0,20,50.0,1.5,2.0,2,0,54.920367085933066,343.95004067289904,372.82388238836154
45,100.0,25,50.0,1.0,1.0,4,0,41.95655174402232,193.21787773488995,349.28331424337426
45,100.0,20,50.0,1.5,2.0,3,0,75.68111232155421,364.07676440146815,410.7050473391629
45,100.0,25,50.0,1.5,1.0,2,0,53.20827429915386,343.95004067289904,372.82388238836154
45,100.0,20,50.0,2.0,2.0,2,0,77.25378945310341,343.95004067289904,372.82388238836154
45,100.0,25,50.0,1.5,1.0,3,0,69.87715595090437,364.07676440146815,410.7050473391629
45,100.0,25,50.0,1.0,1.0,2,0,92.76505948582941,343.95004067289904,372.82388238836154
45,100.0,25,50.0,1.0,1.0,3,0,94.75827604566676,364.07676440146815,410.7050473391629
45,100.0,25,50.0,1.0,2.0,0,0,71.12690644267056,461.5319590599432,480.4590412867985
45,100.0,30,50.0,2.0,1.5,2,0,20.99967275778752,343.95004067289904,372.82388238836154
45,100.0,25,50.0,1.0,1.5,2,0,82.64639478555101,343.95004067289904,372.82388238836154
45,100.0,30,50.0,1.5,1.5,4,0,53.540149310274955,193.21787773488995,349.28331424337426
45,100.0,30,50.0,1.0,1.5,2,0,72.64265914455554,343.95004067289904,372.82388238836154
45,100.0,30,50.0,1.5,2.0,2,0,62.33745795679966,343.95004067289904,372.82388238836154
45,100.0,30,50.0,2.0,1.5,4,0,70.81267024753907,193.21787773488995,349.28331424337426
45,100.0,30,50.0,1.0,1.5,3,0,77.43452915589558,364.07676440146815,410.7050473391629
45,100.0,30,50.0,1.5,2.0,3,0,75.36873651759954,364.07676440146815,410.7050473391629
45,100.0,20,100.0,1.5,1.0,4,0,32.42848779448675,193.21787773488995,349.28331424337426
45,100.0,20,100.0,1.5,1.0,2,0,33.259189635736696,343.95004067289904,372.82388238836154
45,100.0,20,100.0,2.0,1.0,4,0,32.42848779448675,193.21787773488995,349.28331424337426
45,100.0,20,100.0,2.0,1.0,2,0,33.259189635736696,343.95004067289904,372.82388238836154
45,100.0,20,100.0,1.0,1.0,4,0,32.42848779448675,193.21787773488995,349.28331424337426
45,100.0,30,50.0,1.5,1.0,0,0,76.34629239158366,461.5319590599432,480.4590412867985
45,100.0,30,50.0,2.0,1.5,3,0,86.81465613428568,364.07676440146815,410.7050473391629
45,100.0,20,100.0,1.0,1.0,2,0,33.259189635736696,343.95004067289904,372.82388238836154
45,100.0,20,100.0,1.5,1.0,3,0,39.58134247436144,364.07676440146815,410.7050473391629
45,100.0,20,100.0,2.0,1.0,3,0,39.58134247436144,364.07676440146815,410.7050473391629
45,100.0,20,100.0,1.0,1.5,4,0,32.42848779448675,193.21787773488995,349.28331424337426
45,100.0,20,100.0,1.0,1.5,2,0,33.259189635736696,343.95004067289904,372.82388238836154
45,100.0,20,100.0,1.5,1.0,0,0,43.15718696183157,461.5319590599432,480.4590412867985
45,100.0,20,100.0,2.0,1.0,0,0,43.15718696183157,461.5319590599432,480.4590412867985
45,100.0,20,100.0,1.0,1.0,3,0,39.58134247436144,364.07676440146815,410.7050473391629
45,100.0,20,100.0,1.5,1.5,4,0,32.42848779448675,193.21787773488995,349.28331424337426
45,100.0,20,100.0,1.5,1.5,2,0,33.259189635736696,343.95004067289904,372.82388238836154
45,100.0,20,100.0,1.0,1.0,0,0,43.15718696183157,461.5319590599432,480.4590412867985
45,100.0,20,100.0,1.0,1.5,3,0,39.58134247436144,364.07676440146815,410.7050473391629
45,100.0,20,100.0,1.5,1.5,3,0,39.58134247436144,364.07676440146815,410.7050473391629
45,100.0,20,100.0,1.0,1.5,0,0,42.566794484434766,461.5319590599432,480.4590412867985
45,100.0,20,100.0,1.5,1.5,0,0,42.566794484434766,461.5319590599432,480.4590412867985
45,100.0,20,100.0,2.0,1.5,4,0,32.42848779448675,193.21787773488995,349.28331424337426
45,100.0,20,100.0,2.0,1.5,2,0,33.259189635736696,343.95004067289904,372.82388238836154
45,100.0,20,100.0,2.0,1.5,3,0,39.58134247436144,364.07676440146815,410.7050473391629
45,100.0,20,100.0,1.5,2.0,4,0,32.42848779448675,193.21787773488995,349.28331424337426
45,100.0,20,100.0,2.0,1.5,0,0,42.566794484434766,461.5319590599432,480.4590412867985
45,100.0,20,100.0,1.5,2.0,2,0,33.259189635736696,343.95004067289904,372.82388238836154
45,100.0,20,100.0,1.0,2.0,4,0,32.42848779448675,193.21787773488995,349.28331424337426
45,100.0,20,100.0,1.0,2.0,2,0,33.259189635736696,343.95004067289904,372.82388238836154
45,100.0,20,100.0,2.0,2.0,4,0,32.42848779448675,193.21787773488995,349.28331424337426
45,100.0,20,100.0,2.0,2.0,2,0,33.259189635736696,343.95004067289904,372.82388238836154
45,100.0,20,100.0,1.5,2.0,3,0,39.58134247436144,364.07676440146815,410.7050473391629
45,100.0,25,100.0,1.0,1.0,2,0,29.27001560032185,343.95004067289904,372.82388238836154
45,100.0,20,100.0,1.5,2.0,0,0,42.566794484434766,461.5319590599432,480.4590412867985
45,100.0,20,100.0,2.0,2.0,3,0,39.58134247436144,364.07676440146815,410.7050473391629
45,100.0,20,100.0,1.0,2.0,3,0,39.58134247436144,364.07676440146815,410.7050473391629
45,100.0,20,100.0,2.0,2.0,0,0,42.566794484434766,461.5319590599432,480.4590412867985
45,100.0,20,100.0,1.0,2.0,0,0,42.566794484434766,461.5319590599432,480.4590412867985
45,100.0,25,100.0,1.0,1.0,3,0,46.235741396145,364.07676440146815,410.7050473391629
45,100.0,25,100.0,1.0,1.0,4,0,52.928782350189174,193.21787773488995,349.28331424337426
45,100.0,25,100.0,1.0,1.5,2,0,29.27001560032185,343.95004067289904,372.82388238836154
45,100.0,25,100.0,1.5,1.5,3,0,30.249589466879325,364.07676440146815,410.7050473391629
45,100.0,25,100.0,1.5,1.5,0,0,31.45491165526956,461.5319590599432,480.4590412867985
45,100.0,25,100.0,1.5,1.0,3,0,30.249589466879325,364.07676440146815,410.7050473391629
45,100.0,25,100.0,2.0,1.0,3,0,30.249589466879325,364.07676440146815,410.7050473391629
45,100.0,25,100.0,1.5,1.0,0,0,31.45491165526956,461.5319590599432,480.4590412867985
45,100.0,25,100.0,2.0,1.0,0,0,31.45491165526956,461.5319590599432,480.4590412867985
45,100.0,25,100.0,1.0,1.5,3,0,46.235741396145,364.07676440146815,410.7050473391629
45,100.0,25,100.0,2.0,1.5,3,0,30.249589466879325,364.07676440146815,410.7050473391629
45,100.0,25,100.0,1.0,2.0,2,0,29.27001560032185,343.95004067289904,372.82388238836154
45,100.0,25,100.0,2.0,1.5,0,0,31.45491165526956,461.5319590599432,480.4590412867985
45,100.0,25,100.0,1.0,1.5,4,0,52.928782350189174,193.21787773488995,349.28331424337426
45,100.0,25,100.0,1.5,1.0,2,0,41.457730457490406,343.95004067289904,372.82388238836154
45,100.0,25,100.0,1.0,2.0,3,0,46.235741396145,364.07676440146815,410.7050473391629
45,100.0,25,100.0,1.0,1.5,0,1,63.133384332042596,461.5319590599432,480.4590412867985
45,100.0,25,100.0,2.0,1.0,2,0,41.457730457490406,343.95004067289904,372.82388238836154
45,100.0,25,100.0,1.5,1.5,2,0,50.56007404186357,343.95004067289904,372.82388238836154
45,100.0,30,100.0,1.0,1.0,2,0,28.92296196643678,343.95004067289904,372.82388238836154
45,100.0,25,100.0,2.0,1.5,2,0,50.56007404186357,343.95004067289904,372.82388238836154
45,100.0,25,100.0,1.0,1.0,0,0,90.05286577615006,461.5319590599432,480.4590412867985
45,100.0,25,100.0,1.0,2.0,4,0,50.422721357464916,193.21787773488995,349.28331424337426
45,100.0,30,100.0,1.0,1.0,4,0,31.618483277343067,193.21787773488995,349.28331424337426
45,100.0,25,100.0,1.5,2.0,3,0,30.249589466879325,364.07676440146815,410.7050473391629
45,100.0,25,100.0,2.0,2.0,3,0,30.249589466879325,364.07676440146815,410.7050473391629
45,100.0,25,100.0,1.5,2.0,0,0,31.45491165526956,461.5319590599432,480.4590412867985
45,100.0,25,100.0,2.0,2.0,0,0,31.45491165526956,461.5319590599432,480.4590412867985
45,100.0,25,100.0,1.5,1.0,4,0,51.48068868914722,193.21787773488995,349.28331424337426
45,100.0,25,100.0,2.0,1.0,4,0,51.48068868914722,193.21787773488995,349.28331424337426
45,100.0,30,100.0,1.5,1.0,2,0,27.21411136884454,343.95004067289904,372.82388238836154
45,100.0,30,100.0,1.5,1.0,3,0,33.87395938820551,364.07676440146815,410.7050473391629
45,100.0,25,100.0,1.5,2.0,2,0,50.56007404186357,343.95004067289904,372.82388238836154
45,100.0,30,100.0,2.0,1.0,2,0,28.92296196643678,343.95004067289904,372.82388238836154
45,100.0,25,100.0,2.0,1.5,4,0,76.65526814715794,193.21787773488995,349.28331424337426
45,100.0,25,100.0,2.0,2.0,2,0,50.56007404186357,343.95004067289904,372.82388238836154
45,100.0,30,100.0,1.0,1.0,3,1,55.749430478037034,364.07676440146815,410.7050473391629
45,100.0,30,100.0,1.5,1.0,1,0,39.31306804668035,461.24474712233257,477.36327074940897
45,100.0,30,100.0,1.0,1.0,0,1,56.68956408656465,461.5319590599432,480.4590412867985
45,100.0,30,100.0,1.0,1.5,2,0,27.21411136884454,343.95004067289904,372.82388238836154
45,100.0,30,100.0,1.0,1.5,3,0,33.87395938820551,364.07676440146815,410.7050473391629
45,100.0,30,100.0,1.5,1.5,2,0,28.92296196643678,343.95004067289904,372.82388238836154
45,100.0,25,100.0,1.5,1.5,4,0,78.95761988432199,193.21787773488995,349.28331424337426
45,100.0,30,100.0,1.0,1.5,1,0,39.31306804668035,461.24474712233257,477.36327074940897
45,100.0,25,100.0,1.0,2.0,1,0,95.89679285933141,461.24474712233257,477.36327074940897
45,100.0,30,100.0,2.0,1.0,3,0,50.451850104434236,364.07676440146815,410.7050473391629
45,100.0,25,100.0,1.5,2.0,4,0,78.05406377702242,193.21787773488995,349.28331424337426
45,100.0,25,100.0,2.0,2.0,4,0,71.79460007009281,193.21787773488995,349.28331424337426
45,100.0,30,100.0,1.5,1.5,3,0,50.451850104434236,364.07676440146815,410.7050473391629
45,100.0,30,100.0,2.0,1.0,1,0,58.82524342072637,461.24474712233257,477.36327074940897
45,100.0,30,100.0,1.5,1.5,1,0,58.61083127896232,461.24474712233257,477.36327074940897
45,100.0,30,100.0,2.0,1.5,2,0,28.92296196643678,343.95004067289904,372.82388238836154
45,100.0,30,100.0,1.5,2.0,2,0,28.92296196643678,343.95004067289904,372.82388238836154
45,100.0,30,100.0,2.0,2.0,2,0,28.92296196643678,343.95004067289904,372.82388238836154
45,100.0,30,100.0,2.0,1.5,3,0,50.451850104434236,364.07676440146815,410.7050473391629
45,100.0,20,150.0,1.0,1.0,2,0,26.82123542751031,343.95004067289904,372.82388238836154
45,100.0,30,100.0,2.0,1.5,1,0,58.61083127896232,461.24474712233257,477.36327074940897
45,100.0,20,150.0,1.5,1.0,2,0,26.82123542751031,343.95004067289904,372.82388238836154
45,100.0,20,150.0,1.0,1.0,3,0,27.72619416757412,364.07676440146815,410.7050473391629
45,100.0,20,150.0,2.0,1.0,2,0,26.82123542751031,343.95004067289904,372.82388238836154
45,100.0,30,100.0,1.5,2.0,3,0,50.451850104434236,364.07676440146815,410.7050473391629
45,100.0,30,100.0,1.0,2.0,2,0,28.92296196643678,343.95004067289904,372.82388238836154
45,100.0,20,150.0,1.0,1.0,1,0,32.947791018361514,461.24474712233257,477.36327074940897
45,100.0,30,100.0,2.0,2.0,3,0,50.451850104434236,364.07676440146815,410.7050473391629
45,100.0,30,100.0,1.5,2.0,1,0,58.61083127896232,461.24474712233257,477.36327074940897
45,100.0,30,100.0,2.0,2.0,1,0,58.61083127896232,461.24474712233257,477.36327074940897
45,100.0,20,150.0,2.0,1.5,2,0,26.82123542751031,343.95004067289904,372.82388238836154
45,100.0,20,150.0,2.0,1.5,3,0,27.72619416757412,364.07676440146815,410.7050473391629
45,100.0,20,150.0,2.0,1.5,0,0,36.52779523293635,461.5319590599432,480.4590412867985
45,100.0,20,150.0,1.5,2.0,2,0,26.82123542751031,343.95004067289904,372.82388238836154
45,100.0,20,150.0,1.5,2.0,3,0,27.72619416757412,364.07676440146815,410.7050473391629
45,100.0,20,150.0,1.0,1.0,4,0,53.82264722068452,193.21787773488995,349.28331424337426
45,100.0,20,150.0,1.5,1.5,2,0,26.82123542751031,343.95004067289904,372.82388238836154
45,100.0,20,150.0,1.5,1.5,3,0,27.72619416757412,364.07676440146815,410.7050473391629
45,100.0,20,150.0,2.0,2.0,2,0,26.82123542751031,343.95004067289904,372.82388238836154
45,100.0,20,150.0,1.0,2.0,2,0,26.82123542751031,343.95004067289904,372.82388238836154
45,100.0,20,150.0,2.0,2.0,3,0,27.72619416757412,364.07676440146815,410.7050473391629
45,100.0,20,150.0,1.0,1.5,2,0,26.82123542751031,343.95004067289904,372.82388238836154
45,100.0,20,150.0,1.0,1.5,3,0,27.72619416757412,364.07676440146815,410.7050473391629
45,100.0,20,150.0,1.0,2.0,3,0,27.72619416757412,364.07676440146815,410.7050473391629
45,100.0,20,150.0,2.0,1.5,4,0,49.27227565382067,193.21787773488995,349.28331424337426
45,100.0,20,150.0,1.5,2.0,0,0,36.52779523293635,461.5319590599432,480.4590412867985
45,100.0,20,150.0,1.5,1.0,3,0,68.17661732146904,364.07676440146815,410.7050473391629
45,100.0,20,150.0,1.0,2.0,1,0,32.947791018361514,461.24474712233257,477.36327074940897
45,100.0,20,150.0,2.0,2.0,0,0,36.52779523293635,461.5319590599432,480.4590412867985
45,100.0,20,150.0,1.0,1.5,1,0,32.947791018361514,461.24474712233257,477.36327074940897
45,100.0,20,150.0,1.5,1.0,0,0,72.90132096802348,461.5319590599432,480.4590412867985
45,100.0,30,100.0,1.0,2.0,3,0,50.451850104434236,364.07676440146815,410.7050473391629
45,100.0,20,150.0,1.5,1.5,0,0,36.52779523293635,461.5319590599432,480.4590412867985
45,100.0,20,150.0,2.0,1.0,3,0,68.17661732146904,364.07676440146815,410.7050473391629
45,100.0,20,150.0,2.0,1.0,0,0,72.90132096802348,461.5319590599432,480.4590412867985
45,100.0,25,150.0,1.0,1.0,2,0,54.80848751969847,343.95004067289904,372.82388238836154
45,100.0,25,150.0,1.0,1.0,3,0,55.370099490431194,364.07676440146815,410.7050473391629
45,100.0,20,150.0,1.0,2.0,4,0,53.82264722068452,193.21787773488995,349.28331424337426
45,100.0,25,150.0,1.0,1.0,4,0,61.827461768910034,193.21787773488995,349.28331424337426
45,100.0,20,150.0,1.5,1.5,4,0,49.27227565382067,193.21787773488995,349.28331424337426
45,100.0,30,100.0,1.0,2.0,0,0,66.50473467699604,461.5319590599432,480.4590412867985
45,100.0,20,150.0,1.0,1.5,4,0,53.82264722068452,193.21787773488995,349.28331424337426
45,100.0,30,100.0,1.0,2.0,4,0,76.11638812259874,193.21787773488995,349.28331424337426
45,100.0,25,150.0,1.5,1.0,2,0,54.80848751969847,343.95004067289904,372.82388238836154
45,100.0,25,150.0,2.0,1.0,2,0,54.80848751969847,343.95004067289904,372.82388238836154
45,100.0,25,150.0,1.5,1.0,3,0,55.370099490431194,364.07676440146815,410.7050473391629
45,100.0,25,150.0,2.0,1.0,3,0,55.370099490431194,364.07676440146815,410.7050473391629
45,100.0,25,150.0,1.0,1.5,2,0,54.80848751969847,343.95004067289904,372.82388238836154
45,100.0,25,150.0,1.0,1.5,3,0,55.370099490431194,364.07676440146815,410.7050473391629
45,100.0,25,150.0,1.0,1.5,4,0,61.827461768910034,193.21787773488995,349.28331424337426
45,100.0,25,150.0,1.5,1.5,2,0,54.80848751969847,343.95004067289904,372.82388238836154
45,100.0,25,150.0,1.5,1.5,3,0,55.370099490431194,364.07676440146815,410.7050473391629
45,100.0,25,150.0,1.5,1.0,4,0,72.7444557885525,193.21787773488995,349.28331424337426
45,100.0,25,150.0,1.5,1.0,1,1,73.13535356297285,461.24474712233257,477.36327074940897
45,100.0,25,150.0,2.0,1.0,4,0,72.7444557885525,193.21787773488995,349.28331424337426
45,100.0,25,150.0,2.0,1.5,2,0,54.80848751969847,343.95004067289904,372.82388238836154
45,100.0,25,150.0,2.0,1.0,0,1,72.95178270567827,461.5319590599432,480.4590412867985
45,100.0,25,150.0,2.0,1.5,3,0,55.370099490431194,364.07676440146815,410.7050473391629
45,100.0,25,150.0,1.5,1.5,4,0,72.7444557885525,193.21787773488995,349.28331424337426
45,100.0,25,150.0,1.5,2.0,2,0,54.80848751969847,343.95004067289904,372.82388238836154
45,100.0,25,150.0,1.5,1.5,1,1,73.13535356297285,461.24474712233257,477.36327074940897
45,100.0,25,150.0,1.5,2.0,3,0,55.370099490431194,364.07676440146815,410.7050473391629
45,100.0,25,150.0,1.0,2.0,2,0,54.80848751969847,343.95004067289904,372.82388238836154
45,100.0,25,150.0,1.0,2.0,3,0,55.370099490431194,364.07676440146815,410.7050473391629
45,100.0,25,150.0,2.0,1.5,4,0,72.7444557885525,193.21787773488995,349.28331424337426
45,100.0,25,150.0,2.0,1.5,0,1,72.95178270567827,461.5319590599432,480.4590412867985
45,100.0,30,150.0,1.0,1.0,0,1,48.45671819277412,461.5319590599432,480.4590412867985
45,100.0,25,150.0,1.0,2.0,4,0,61.827461768910034,193.21787773488995,349.28331424337426
45,100.0,30,150.0,1.0,1.0,3,1,51.80565698601469,364.07676440146815,410.7050473391629
45,100.0,25,150.0,2.0,2.0,2,0,54.80848751969847,343.95004067289904,372.82388238836154
45,100.0,25,150.0,2.0,2.0,3,0,55.370099490431194,364.07676440146815,410.7050473391629
45,100.0,25,150.0,1.5,2.0,4,0,72.7444557885525,193.21787773488995,349.28331424337426
45,100.0,25,150.0,1.5,2.0,1,1,73.13535356297285,461.24474712233257,477.36327074940897
45,100.0,30,150.0,1.5,1.0,0,1,48.45671819277412,461.5319590599432,480.4590412867985
45,100.0,25,150.0,1.0,1.5,1,1,95.78373704862588,461.24474712233257,477.36327074940897
45,100.0,30,150.0,1.5,1.0,3,1,51.80565698601469,364.07676440146815,410.7050473391629
45,100.0,30,150.0,1.0,1.0,4,0,60.86075099589984,193.21787773488995,349.28331424337426
45,100.0,25,150.0,2.0,2.0,4,0,72.7444557885525,193.21787773488995,349.28331424337426
45,100.0,25,150.0,2.0,2.0,0,1,72.95178270567827,461.5319590599432,480.4590412867985
46,100.0,20,50.0,1.0,1.0,0,1,7.714366756371931,678.2835324348376,147.7690664040261
45,100.0,30,150.0,1.5,1.0,4,0,60.86075099589984,193.21787773488995,349.28331424337426
46,100.0,20,50.0,1.5,1.0,0,1,7.714366756371931,678.2835324348376,147.7690664040261
45,100.0,30,150.0,2.0,1.0,0,1,48.45671819277412,461.5319590599432,480.4590412867985
45,100.0,30,150.0,2.0,1.0,3,1,51.80565698601469,364.07676440146815,410.7050473391629
46,100.0,20,50.0,1.5,1.0,3,1,17.88548331426662,642.2989802428633,197.77052436735875
46,100.0,20,50.0,2.0,1.0,0,1,7.714366756371931,678.2835324348376,147.7690664040261
46,100.0,20,50.0,1.0,1.0,3,1,28.35499452418373,642.2989802428633,197.77052436735875
46,100.0,20,50.0,1.0,1.0,1,0,30.29829484649556,158.98603715452512,242.9556153847198
45,100.0,30,150.0,1.0,1.5,3,1,51.745635244412625,364.07676440146815,410.7050473391629
46,100.0,20,50.0,1.0,1.5,0,1,7.714366756371931,678.2835324348376,147.7690664040261
46,100.0,20,50.0,2.0,1.0,3,1,22.984486486915248,642.2989802428633,197.77052436735875
45,100.0,30,150.0,1.5,1.5,0,1,48.45671819277412,461.5319590599432,480.4590412867985
46,100.0,20,50.0,1.5,1.5,0,1,7.714366756371931,678.2835324348376,147.7690664040261
45,100.0,30,150.0,2.0,1.5,0,1,48.45671819277412,461.5319590599432,480.4590412867985
46,100.0,20,50.0,2.0,1.5,0,1,7.714366756371931,678.2835324348376,147.7690664040261
45,100.0,30,150.0,2.0,1.0,4,0,68.29993087964449,193.21787773488995,349.28331424337426
45,100.0,30,150.0,1.0,1.5,2,1,59.65877534238538,343.95004067289904,372.82388238836154
45,100.0,30,150.0,1.5,1.5,3,1,51.80565698601469,364.07676440146815,410.7050473391629
45,100.0,30,150.0,2.0,1.5,3,1,51.80565698601469,364.07676440146815,410.7050473391629
45,100.0,30,150.0,1.5,1.0,2,0,93.05898432948106,343.95004067289904,372.82388238836154
45,100.0,30,150.0,1.0,2.0,3,1,51.745635244412625,364.07676440146815,410.7050473391629
45,100.0,30,150.0,1.5,2.0,0,1,48.45671819277412,461.5319590599432,480.4590412867985
46,100.0,20,50.0,2.0,1.0,1,0,35.839874580211465,158.98603715452512,242.9556153847198
45,100.0,30,150.0,2.0,2.0,0,1,48.45671819277412,461.5319590599432,480.4590412867985
45,100.0,30,150.0,1.5,2.0,3,1,51.80565698601469,364.07676440146815,410.7050473391629
46,100.0,20,50.0,1.0,1.0,4,0,57.7880903892833,265.0637616104509,347.72670708802843
45,100.0,30,150.0,1.0,1.5,1,1,68.57575301538766,461.24474712233257,477.36327074940897
45,100.0,30,150.0,2.0,2.0,3,1,51.80565698601469,364.07676440146815,410.7050473391629
45,100.0,30,150.0,1.5,1.5,2,1,61.071751110509084,343.95004067289904,372.82388238836154
45,100.0,30,150.0,1.0,2.0,2,1,59.65877534238538,343.95004067289904,372.82388238836154
45,100.0,30,150.0,2.0,1.5,2,1,61.071751110509084,343.95004067289904,372.82388238836154
45,100.0,30,150.0,2.0,1.0,2,0,82.68384238922329,343.95004067289904,372.82388238836154
46,100.0,20,50.0,1.0,2.0,0,1,7.714366756371931,678.2835324348376,147.7690664040261
45,100.0,30,150.0,2.0,2.0,2,1,61.071751110509084,343.95004067289904,372.82388238836154
45,100.0,30,150.0,1.5,2.0,2,1,61.071751110509084,343.95004067289904,372.82388238836154
45,100.0,30,150.0,1.0,2.0,0,1,69.88112504273694,461.5319590599432,480.4590412867985
46,100.0,20,50.0,1.0,1.5,1,0,43.795959279206535,158.98603715452512,242.9556153847198
46,100.0,20,50.0,1.5,1.5,3,1,36.28495804642577,642.2989802428633,197.77052436735875
46,100.0,20,50.0,2.0,1.0,2,0,59.640421832544455,327.8825195895662,312.99656063755816
46,100.0,20,50.0,2.0,1.5,3,1,35.80623847580012,642.2989802428633,197.77052436735875
45,100.0,30,150.0,1.5,1.5,4,0,76.42437962318876,193.21787773488995,349.28331424337426
46,100.0,20,50.0,1.0,1.0,2,0,83.22686705118952,327.8825195895662,312.99656063755816
46,100.0,20,50.0,2.0,1.0,4,0,68.06154891647613,265.0637616104509,347.72670708802843
45,100.0,30,150.0,2.0,2.0,4,0,76.42437962318876,193.21787773488995,349.28331424337426
45,100.0,30,150.0,1.5,2.0,4,0,76.42437962318876,193.21787773488995,349.28331424337426
45,100.0,30,150.0,2.0,1.5,4,0,76.42437962318876,193.21787773488995,349.28331424337426
46,100.0,20,50.0,2.0,2.0,0,1,7.714366756371931,678.2835324348376,147.7690664040261
46,100.0,20,50.0,1.5,2.0,0,1,7.714366756371931,678.2835324348376,147.7690664040261
46,100.0,25,50.0,1.0,1.0,0,1,9.953706408162825,678.2835324348376,147.7690664040261
46,100.0,25,50.0,1.0,1.0,2,0,12.388036570696366,327.8825195895662,312.99656063755816
46,100.0,20,50.0,1.0,1.5,2,0,75.38692953282855,327.8825195895662,312.99656063755816
46,100.0,25,50.0,1.0,1.0,3,1,29.980637052417762,642.2989802428633,197.77052436735875
46,100.0,20,50.0,2.0,2.0,3,1,30.62417738466148,642.2989802428633,197.77052436735875
46,100.0,25,50.0,1.5,1.0,0,1,9.953706408162825,678.2835324348376,147.7690664040261
46,100.0,20,50.0,1.5,2.0,2,0,35.104431014560426,327.8825195895662,312.99656063755816
46,100.0,25,50.0,1.5,1.0,2,0,12.388036570696366,327.8825195895662,312.99656063755816
46,100.0,25,50.0,1.0,1.5,3,1,11.154167927675699,642.2989802428633,197.77052436735875
46,100.0,20,50.0,1.0,2.0,2,0,58.06623627978048,327.8825195895662,312.99656063755816
46,100.0,25,50.0,1.0,1.5,0,1,12.35770021949931,678.2835324348376,147.7690664040261
46,100.0,25,50.0,2.0,1.0,3,1,11.154167927675699,642.2989802428633,197.77052436735875
46,100.0,25,50.0,1.0,1.5,2,0,12.38793544770917,327.8825195895662,312.99656063755816
46,100.0,25,50.0,1.5,1.5,3,1,11.154167927675699,642.2989802428633,197.77052436735875
46,100.0,25,50.0,1.5,1.5,0,1,12.35770021949931,678.2835324348376,147.7690664040261
46,100.0,25,50.0,1.5,1.5,2,0,12.38793544770917,327.8825195895662,312.99656063755816
46,100.0,25,50.0,2.0,1.0,0,1,12.35770021949931,678.2835324348376,147.7690664040261
46,100.0,25,50.0,2.0,1.0,2,0,12.38793544770917,327.8825195895662,312.99656063755816
46,100.0,25,50.0,2.0,1.5,3,1,11.154167927675699,642.2989802428633,197.77052436735875
46,100.0,25,50.0,2.0,1.5,0,1,12.35770021949931,678.2835324348376,147.7690664040261
46,100.0,25,50.0,2.0,1.5,2,0,12.38793544770917,327.8825195895662,312.99656063755816
46,100.0,25,50.0,1.5,1.0,3,1,23.05077273302067,642.2989802428633,197.77052436735875
46,100.0,25,50.0,1.0,2.0,3,1,11.154167927675699,642.2989802428633,197.77052436735875
46,100.0,25,50.0,1.0,2.0,0,1,12.35770021949931,678.2835324348376,147.7690664040261
46,100.0,25,50.0,1.0,2.0,2,0,12.38793544770917,327.8825195895662,312.99656063755816
46,100.0,25,50.0,1.5,1.0,4,0,33.73493904051542,265.0637616104509,347.72670708802843
46,100.0,20,50.0,2.0,2.0,2,0,55.220870240761165,327.8825195895662,312.99656063755816
46,100.0,25,50.0,1.0,1.5,4,0,30.46807412346387,265.0637616104509,347.72670708802843
46,100.0,25,50.0,2.0,2.0,3,1,11.154167927675699,642.2989802428633,197.77052436735875
46,100.0,25,50.0,1.5,2.0,3,1,11.154167927675699,642.2989802428633,197.77052436735875
46,100.0,25,50.0,2.0,2.0,0,1,12.35770021949931,678.2835324348376,147.7690664040261
46,100.0,25,50.0,2.0,2.0,2,0,12.38793544770917,327.8825195895662,312.99656063755816
46,100.0,25,50.0,1.5,2.0,0,1,12.35770021949931,678.2835324348376,147.7690664040261
46,100.0,25,50.0,1.5,2.0,2,0,12.38793544770917,327.8825195895662,312.99656063755816
46,100.0,30,50.0,1.0,1.0,0,1,7.714366756371931,678.2835324348376,147.7690664040261
46,100.0,25,50.0,2.0,1.5,4,0,34.08764421848127,265.0637616104509,347.72670708802843
46,100.0,30,50.0,1.0,1.0,3,1,13.329736429475583,642.2989802428633,197.77052436735875
46,100.0,30,50.0,1.0,1.0,2,0,14.23617362151531,327.8825195895662,312.99656063755816
46,100.0,25,50.0,1.0,1.0,4,0,83.11668679542933,265.0637616104509,347.72670708802843
46,100.0,20,50.0,1.5,2.0,3,1,83.78224598982973,642.2989802428633,197.77052436735875
46,100.0,30,50.0,2.0,1.0,0,1,7.714366756371931,678.2835324348376,147.7690664040261
46,100.0,20,50.0,1.5,2.0,1,0,85.50767139157388,158.98603715452512,242.9556153847198
46,100.0,30,50.0,1.5,1.0,0,1,7.714366756371931,678.2835324348376,147.7690664040261
46,100.0,30,50.0,2.0,1.0,3,1,13.329736429475583,642.2989802428633,197.77052436735875
46,100.0,30,50.0,2.0,1.0,2,0,14.23617362151531,327.8825195895662,312.99656063755816
46,100.0,30,50.0,1.5,1.0,3,1,13.329736429475583,642.2989802428633,197.77052436735875
46,100.0,25,50.0,2.0,1.0,1,0,48.0914635869568,158.98603715452512,242.9556153847198
46,100.0,30,50.0,1.5,1.0,2,0,14.23617362151531,327.8825195895662,312.99656063755816
46,100.0,25,50.0,2.0,1.0,4,0,50.40817329025776,265.0637616104509,347.72670708802843
46,100.0,30,50.0,1.0,1.5,0,1,7.714366756371931,678.2835324348376,147.7690664040261
46,100.0,30,50.0,1.0,2.0,0,1,7.714366756371931,678.2835324348376,147.7690664040261
46,100.0,30,50.0,2.0,1.5,0,1,7.714366756371931,678.2835324348376,147.7690664040261
46,100.0,30,50.0,1.5,1.5,0,1,7.714366756371931,678.2835324348376,147.7690664040261
46,100.0,30,50.0,1.0,2.0,2,0,16.741130857504405,327.8825195895662,312.99656063755816
46,100.0,30,50.0,1.5,1.5,2,0,14.707546337515698,327.8825195895662,312.99656063755816
46,100.0,30,50.0,2.0,1.5,2,0,14.299702081654594,327.8825195895662,312.99656063755816
46,100.0,25,50.0,2.0,2.0,1,0,73.51488947839465,158.98603715452512,242.9556153847198
46,100.0,30,50.0,2.0,1.0,4,0,44.02555733543563,265.0637616104509,347.72670708802843
46,100.0,30,50.0,1.0,2.0,1,0,23.484683093922637,158.98603715452512,242.9556153847198
46,100.0,30,50.0,1.0,1.5,2,0,14.707546337515698,327.8825195895662,312.99656063755816
46,100.0,30,50.0,1.5,2.0,0,1,7.714366756371931,678.2835324348376,147.7690664040261
46,100.0,30,50.0,1.0,2.0,3,1,38.203018477701974,642.2989802428633,197.77052436735875
46,100.0,30,50.0,1.5,2.0,2,0,14.707546337515698,327.8825195895662,312.99656063755816
46,100.0,30,50.0,2.0,2.0,0,1,7.714366756371931,678.2835324348376,147.7690664040261
46,100.0,30,50.0,2.0,2.0,2,0,14.707546337515698,327.8825195895662,312.99656063755816
46,100.0,30,50.0,1.5,1.5,1,0,46.910220844672466,158.98603715452512,242.9556153847198
46,100.0,20,100.0,1.0,1.0,2,0,20.95670215330921,327.8825195895662,312.99656063755816
46,100.0,30,50.0,1.0,2.0,4,0,62.16999610483848,265.0637616104509,347.72670708802843
46,100.0,20,100.0,1.5,1.0,2,0,20.95670215330921,327.8825195895662,312.99656063755816
46,100.0,30,50.0,2.0,1.5,4,0,51.334185266168994,265.0637616104509,347.72670708802843
46,100.0,20,100.0,1.0,1.0,0,1,26.310314456244537,678.2835324348376,147.7690664040261
46,100.0,20,100.0,2.0,1.0,2,0,20.95670215330921,327.8825195895662,312.99656063755816
46,100.0,20,100.0,1.0,1.0,4,0,27.42346132957847,265.0637616104509,347.72670708802843
46,100.0,20,100.0,1.0,1.0,3,1,28.149546817448112,642.2989802428633,197.77052436735875
46,100.0,30,50.0,1.0,1.5,3,1,36.15183054579236,642.2989802428633,197.77052436735875
46,100.0,20,100.0,1.5,1.0,0,1,26.310314456244537,678.2835324348376,147.7690664040261
46,100.0,20,100.0,1.5,1.0,4,0,27.42346132957847,265.0637616104509,347.72670708802843
46,100.0,20,100.0,2.0,1.0,0,1,26.310314456244537,678.2835324348376,147.7690664040261
46,100.0,20,100.0,1.5,1.0,3,1,28.149546817448112,642.2989802428633,197.77052436735875
46,100.0,20,100.0,2.0,1.0,4,0,27.42346132957847,265.0637616104509,347.72670708802843
46,100.0,20,100.0,2.0,1.0,3,1,28.149546817448112,642.2989802428633,197.77052436735875
46,100.0,30,50.0,2.0,1.5,1,0,63.105855771996715,158.98603715452512,242.9556153847198
46,100.0,20,100.0,1.0,1.5,2,0,20.95670215330921,327.8825195895662,312.99656063755816
46,100.0,20,100.0,1.0,1.5,0,1,26.310314456244537,678.2835324348376,147.7690664040261
46,100.0,20,100.0,1.5,1.5,2,0,20.95670215330921,327.8825195895662,312.99656063755816
46,100.0,20,100.0,1.0,1.5,4,0,27.42346132957847,265.0637616104509,347.72670708802843
46,100.0,20,100.0,1.0,1.5,3,1,28.149546817448112,642.2989802428633,197.77052436735875
46,100.0,20,100.0,1.0,1.0,1,0,46.393424854485104,158.98603715452512,242.9556153847198
46,100.0,30,50.0,1.5,1.5,3,1,86.08051731467836,642.2989802428633,197.77052436735875
46,100.0,20,100.0,1.5,1.5,0,1,26.310314456244537,678.2835324348376,147.7690664040261
46,100.0,20,100.0,1.5,1.5,4,0,27.42346132957847,265.0637616104509,347.72670708802843
46,100.0,20,100.0,1.5,1.5,3,1,28.149546817448112,642.2989802428633,197.77052436735875
46,100.0,20,100.0,1.0,1.5,1,0,35.34316557546164,158.98603715452512,242.9556153847198
46,100.0,20,100.0,2.0,1.0,1,0,46.393424854485104,158.98603715452512,242.9556153847198
46,100.0,20,100.0,1.5,1.0,1,0,46.393424854485104,158.98603715452512,242.9556153847198
46,100.0,30,50.0,1.5,2.0,1,0,74.31270467573674,158.98603715452512,242.9556153847198
46,100.0,20,100.0,1.5,1.5,1,0,35.34316557546164,158.98603715452512,242.9556153847198
46,100.0,20,100.0,2.0,1.5,2,0,20.95670215330921,327.8825195895662,312.99656063755816
46,100.0,20,100.0,2.0,1.5,0,1,26.310314456244537,678.2835324348376,147.7690664040261
46,100.0,20,100.0,2.0,1.5,4,0,27.42346132957847,265.0637616104509,347.72670708802843
46,100.0,20,100.0,2.0,1.5,3,1,28.149546817448112,642.2989802428633,197.77052436735875
46,100.0,20,100.0,1.0,2.0,2,0,20.95670215330921,327.8825195895662,312.99656063755816
46,100.0,20,100.0,2.0,2.0,2,0,20.95670215330921,327.8825195895662,312.99656063755816
46,100.0,20,100.0,1.0,2.0,0,1,26.310314456244537,678.2835324348376,147.7690664040261
46,100.0,20,100.0,2.0,1.5,1,0,35.34316557546164,158.98603715452512,242.9556153847198
46,100.0,20,100.0,1.0,2.0,4,0,27.42346132957847,265.0637616104509,347.72670708802843
46,100.0,20,100.0,1.0,2.0,3,1,28.149546817448112,642.2989802428633,197.77052436735875
46,100.0,25,100.0,1.0,1.0,0,1,26.570226724875006,678.2835324348376,147.7690664040261
46,100.0,20,100.0,1.5,2.0,2,0,20.95670215330921,327.8825195895662,312.99656063755816
46,100.0,25,100.0,1.0,1.0,3,1,28.112948502102014,642.2989802428633,197.77052436735875
46,100.0,20,100.0,2.0,2.0,0,1,26.310314456244537,678.2835324348376,147.7690664040261
46,100.0,20,100.0,2.0,2.0,4,0,27.42346132957847,265.0637616104509,347.72670708802843
46,100.0,25,100.0,1.0,1.5,0,1,26.570226724875006,678.2835324348376,147.7690664040261
46,100.0,25,100.0,1.5,1.5,0,1,26.570226724875006,678.2835324348376,147.7690664040261
46,100.0,20,100.0,2.0,2.0,3,1,28.149546817448112,642.2989802428633,197.77052436735875
46,100.0,25,100.0,1.0,1.5,3,1,28.112948502102014,642.2989802428633,197.77052436735875
46,100.0,30,50.0,1.0,1.5,1,0,84.2199220189071,158.98603715452512,242.9556153847198
46,100.0,20,100.0,1.0,2.0,1,0,35.34316557546164,158.98603715452512,242.9556153847198
46,100.0,20,100.0,1.5,2.0,0,1,26.310314456244537,678.2835324348376,147.7690664040261
46,100.0,25,100.0,1.5,1.5,3,1,28.112948502102014,642.2989802428633,197.77052436735875
46,100.0,25,100.0,2.0,1.0,0,1,26.570226724875006,678.2835324348376,147.7690664040261
46,100.0,20,100.0,1.5,2.0,4,0,27.42346132957847,265.0637616104509,347.72670708802843
46,100.0,20,100.0,1.5,2.0,3,1,28.149546817448112,642.2989802428633,197.77052436735875
46,100.0,25,100.0,2.0,1.0,3,1,28.112948502102014,642.2989802428633,197.77052436735875
46,100.0,25,100.0,1.5,1.0,0,1,26.570226724875006,678.2835324348376,147.7690664040261
46,100.0,20,100.0,2.0,2.0,1,0,35.34316557546164,158.98603715452512,242.9556153847198
46,100.0,25,100.0,1.5,1.0,3,1,28.112948502102014,642.2989802428633,197.77052436735875
46,100.0,25,100.0,2.0,1.5,0,1,26.570226724875006,678.2835324348376,147.7690664040261
46,100.0,20,100.0,1.5,2.0,1,0,35.34316557546164,158.98603715452512,242.9556153847198
46,100.0,25,100.0,2.0,1.5,3,1,28.112948502102014,642.2989802428633,197.77052436735875
46,100.0,30,100.0,1.0,1.0,2,0,15.624419636953817,327.8825195895662,312.99656063755816
46,100.0,25,100.0,1.0,2.0,0,1,26.570226724875006,678.2835324348376,147.7690664040261
46,100.0,30,100.0,1.0,1.0,4,0,19.440238961525356,265.0637616104509,347.72670708802843
46,100.0,25,100.0,1.0,2.0,3,1,28.112948502102014,642.2989802428633,197.77052436735875
46,100.0,30,100.0,2.0,1.0,2,0,15.624419636953817,327.8825195895662,312.99656063755816
46,100.0,30,100.0,1.5,1.0,2,0,15.624419636953817,327.8825195895662,312.99656063755816
46,100.0,25,100.0,1.5,2.0,0,1,26.570226724875006,678.2835324348376,147.7690664040261
46,100.0,25,100.0,2.0,2.0,0,1,26.570226724875006,678.2835324348376,147.7690664040261
46,100.0,25,100.0,2.0,2.0,3,1,28.112948502102014,642.2989802428633,197.77052436735875
46,100.0,30,100.0,1.0,1.0,1,0,26.73132317475829,158.98603715452512,242.9556153847198
46,100.0,30,100.0,1.5,1.0,4,0,19.06430834509796,265.0637616104509,347.72670708802843
46,100.0,30,100.0,2.0,1.0,4,0,19.06430834509796,265.0637616104509,347.72670708802843
46,100.0,25,100.0,1.5,2.0,3,1,28.112948502102014,642.2989802428633,197.77052436735875
46,100.0,30,100.0,1.0,1.5,2,0,15.624419636953817,327.8825195895662,312.99656063755816
46,100.0,30,100.0,1.0,1.5,4,0,19.06430834509796,265.0637616104509,347.72670708802843
46,100.0,30,100.0,1.5,1.5,2,0,15.624419636953817,327.8825195895662,312.99656063755816
46,100.0,30,100.0,1.5,1.0,1,0,26.038711490513343,158.98603715452512,242.9556153847198
46,100.0,30,100.0,2.0,1.0,1,0,26.038711490513343,158.98603715452512,242.9556153847198
46,100.0,30,100.0,1.5,1.5,4,0,19.06430834509796,265.0637616104509,347.72670708802843
46,100.0,30,100.0,1.0,1.5,1,0,26.038711490513343,158.98603715452512,242.9556153847198
46,100.0,30,100.0,1.5,1.5,1,0,26.038711490513343,158.98603715452512,242.9556153847198
46,100.0,25,100.0,1.0,2.0,2,0,53.864470872277174,327.8825195895662,312.99656063755816
46,100.0,25,100.0,1.0,2.0,1,0,57.241667705044385,158.98603715452512,242.9556153847198
46,100.0,25,100.0,1.5,1.0,4,0,70.43048718508962,265.0637616104509,347.72670708802843
46,100.0,25,100.0,1.5,1.0,2,0,75.83729683318914,327.8825195895662,312.99656063755816
46,100.0,25,100.0,1.0,1.5,2,0,95.15396277226561,327.8825195895662,312.99656063755816
46,100.0,25,100.0,1.0,2.0,4,0,79.98665103597727,265.0637616104509,347.72670708802843
46,100.0,30,100.0,2.0,1.5,2,0,15.624419636953817,327.8825195895662,312.99656063755816
46,100.0,30,100.0,1.0,1.0,3,0,77.03980418862486,642.2989802428633,197.77052436735875
46,100.0,30,100.0,2.0,1.5,4,0,19.06430834509796,265.0637616104509,347.72670708802843
46,100.0,30,100.0,1.0,2.0,2,0,15.624419636953817,327.8825195895662,312.99656063755816
46,100.0,30,100.0,1.5,2.0,2,0,15.624419636953817,327.8825195895662,312.99656063755816
46,100.0,20,150.0,1.0,1.0,2,0,9.933563649157879,327.8825195895662,312.99656063755816
46,100.0,30,100.0,1.0,2.0,4,0,19.06430834509796,265.0637616104509,347.72670708802843
46,100.0,30,100.0,2.0,1.5,1,0,26.038711490513343,158.98603715452512,242.9556153847198
46,100.0,30,100.0,1.5,2.0,4,0,19.06430834509796,265.0637616104509,347.72670708802843
46,100.0,20,150.0,1.5,1.0,2,0,9.933563649157879,327.8825195895662,312.99656063755816
46,100.0,20,150.0,1.0,1.0,4,0,12.456682556290376,265.0637616104509,347.72670708802843
46,100.0,30,100.0,2.0,2.0,2,0,15.624419636953817,327.8825195895662,312.99656063755816
46,100.0,20,150.0,1.5,1.0,4,0,12.456682556290376,265.0637616104509,347.72670708802843
46,100.0,30,100.0,2.0,2.0,4,0,19.06430834509796,265.0637616104509,347.72670708802843
46,100.0,30,100.0,1.0,2.0,1,0,26.038711490513343,158.98603715452512,242.9556153847198
46,100.0,30,100.0,1.5,2.0,1,0,26.038711490513343,158.98603715452512,242.9556153847198
46,100.0,20,150.0,1.5,1.0,1,0,19.97916904662175,158.98603715452512,242.9556153847198
46,100.0,20,150.0,1.0,1.0,1,0,19.97916904662175,158.98603715452512,242.9556153847198
46,100.0,20,150.0,2.0,1.0,2,0,9.933563649157879,327.8825195895662,312.99656063755816
46,100.0,20,150.0,2.0,1.0,4,0,12.456682556290376,265.0637616104509,347.72670708802843
46,100.0,30,100.0,2.0,2.0,1,0,26.038711490513343,158.98603715452512,242.9556153847198
46,100.0,20,150.0,1.0,1.5,2,0,9.933563649157879,327.8825195895662,312.99656063755816
46,100.0,20,150.0,2.0,1.0,1,0,19.97916904662175,158.98603715452512,242.9556153847198
46,100.0,20,150.0,1.5,1.5,2,0,9.933563649157879,327.8825195895662,312.99656063755816
46,100.0,20,150.0,1.0,1.5,4,0,12.456682556290376,265.0637616104509,347.72670708802843
46,100.0,30,100.0,1.0,1.5,3,1,81.2293359162027,642.2989802428633,197.77052436735875
46,100.0,20,150.0,1.5,1.5,4,0,12.456682556290376,265.0637616104509,347.72670708802843
46,100.0,30,100.0,1.5,1.0,3,1,99.15128745924324,642.2989802428633,197.77052436735875
46,100.0,20,150.0,2.0,1.5,2,0,9.933563649157879,327.8825195895662,312.99656063755816
46,100.0,20,150.0,1.0,1.5,1,0,19.97916904662175,158.98603715452512,242.9556153847198
46,100.0,20,150.0,2.0,1.5,4,0,12.456682556290376,265.0637616104509,347.72670708802843
46,100.0,30,100.0,1.5,1.5,3,1,82.62143160555148,642.2989802428633,197.77052436735875
46,100.0,20,150.0,1.0,2.0,2,0,9.933563649157879,327.8825195895662,312.99656063755816
46,100.0,20,150.0,1.5,1.5,1,0,19.97916904662175,158.98603715452512,242.9556153847198
46,100.0,20,150.0,1.5,2.0,2,0,9.933563649157879,327.8825195895662,312.99656063755816
46,100.0,20,150.0,1.0,2.0,4,0,12.456682556290376,265.0637616104509,347.72670708802843
46,100.0,20,150.0,2.0,1.5,1,0,19.97916904662175,158.98603715452512,242.9556153847198
46,100.0,20,150.0,1.5,2.0,4,0,12.456682556290376,265.0637616104509,347.72670708802843
46,100.0,30,100.0,1.5,1.5,0,1,85.05030720282387,678.2835324348376,147.7690664040261
46,100.0,20,150.0,1.0,2.0,1,0,19.97916904662175,158.98603715452512,242.9556153847198
46,100.0,20,150.0,1.5,2.0,1,0,19.97916904662175,158.98603715452512,242.9556153847198
46,100.0,30,100.0,2.0,1.5,3,1,82.62143160555148,642.2989802428633,197.77052436735875
46,100.0,20,150.0,2.0,2.0,2,0,9.933563649157879,327.8825195895662,312.99656063755816
46,100.0,30,100.0,1.5,2.0,3,1,79.75830498507695,642.2989802428633,197.77052436735875
46,100.0,30,100.0,2.0,1.5,0,1,86.1414963026227,678.2835324348376,147.7690664040261
46,100.0,30,100.0,1.0,2.0,3,1,79.75830498507695,642.2989802428633,197.77052436735875
46,100.0,20,150.0,2.0,2.0,4,0,12.456682556290376,265.0637616104509,347.72670708802843
46,100.0,30,100.0,2.0,2.0,3,1,74.27591095009575,642.2989802428633,197.77052436735875
46,100.0,25,150.0,1.0,1.0,2,0,9.933563649157879,327.8825195895662,312.99656063755816
46,100.0,20,150.0,2.0,2.0,1,0,19.97916904662175,158.98603715452512,242.9556153847198
46,100.0,25,150.0,1.5,1.0,2,0,9.933563649157879,327.8825195895662,312.99656063755816
46,100.0,30,100.0,1.0,2.0,0,1,91.45005595290083,678.2835324348376,147.7690664040261
46,100.0,30,100.0,1.5,2.0,0,1,91.45005595290083,678.2835324348376,147.7690664040261
46,100.0,25,150.0,1.0,1.0,4,0,14.448915067634166,265.0637616104509,347.72670708802843
46,100.0,25,150.0,1.5,1.0,4,0,14.448915067634166,265.0637616104509,347.72670708802843
46,100.0,30,100.0,2.0,2.0,0,1,84.38777614564059,678.2835324348376,147.7690664040261
46,100.0,25,150.0,1.0,1.0,1,0,18.686256809106123,158.98603715452512,242.9556153847198
46,100.0,25,150.0,1.5,1.0,1,0,18.686256809106123,158.98603715452512,242.9556153847198
46,100.0,25,150.0,1.0,1.5,2,0,9.933563649157879,327.8825195895662,312.99656063755816
46,100.0,25,150.0,2.0,1.0,2,0,9.933563649157879,327.8825195895662,312.99656063755816
46,100.0,25,150.0,1.0,1.5,4,0,14.448915067634166,265.0637616104509,347.72670708802843
46,100.0,25,150.0,2.0,1.0,4,0,14.448915067634166,265.0637616104509,347.72670708802843
46,100.0,20,150.0,1.5,1.0,0,1,96.40777957862625,678.2835324348376,147.7690664040261
46,100.0,20,150.0,1.0,1.0,0,1,94.92918082774774,678.2835324348376,147.7690664040261
46,100.0,25,150.0,1.5,1.5,2,0,9.933563649157879,327.8825195895662,312.99656063755816
46,100.0,25,150.0,2.0,1.0,1,0,18.686256809106123,158.98603715452512,242.9556153847198
46,100.0,25,150.0,1.0,1.5,1,0,18.686256809106123,158.98603715452512,242.9556153847198
46,100.0,20,150.0,1.0,1.0,3,1,97.28675083267738,642.2989802428633,197.77052436735875
46,100.0,20,150.0,2.0,1.0,0,1,96.40777957862625,678.2835324348376,147.7690664040261
46,100.0,25,150.0,1.5,1.5,4,0,14.448915067634166,265.0637616104509,347.72670708802843
46,100.0,25,150.0,1.5,1.5,1,0,18.686256809106123,158.98603715452512,242.9556153847198
46,100.0,25,150.0,2.0,1.5,2,0,9.933563649157879,327.8825195895662,312.99656063755816
46,100.0,25,150.0,1.0,2.0,2,0,9.933563649157879,327.8825195895662,312.99656063755816
46,100.0,25,150.0,1.0,2.0,4,0,14.448915067634166,265.0637616104509,347.72670708802843
46,100.0,25,150.0,2.0,1.5,4,0,14.448915067634166,265.0637616104509,347.72670708802843
46,100.0,25,150.0,1.5,2.0,2,0,9.933563649157879,327.8825195895662,312.99656063755816
46,100.0,25,150.0,2.0,1.5,1,0,18.686256809106123,158.98603715452512,242.9556153847198
46,100.0,25,150.0,1.0,2.0,1,0,18.686256809106123,158.98603715452512,242.9556153847198
46,100.0,25,150.0,1.5,2.0,4,0,14.448915067634166,265.0637616104509,347.72670708802843
46,100.0,25,150.0,1.5,2.0,1,0,18.686256809106123,158.98603715452512,242.9556153847198
46,100.0,20,150.0,2.0,1.5,0,1,91.43782058909633,678.2835324348376,147.7690664040261
46,100.0,20,150.0,1.0,1.5,0,1,96.40777957862625,678.2835324348376,147.7690664040261
46,100.0,20,150.0,2.0,1.5,3,1,99.12560353390518,642.2989802428633,197.77052436735875
46,100.0,20,150.0,1.0,2.0,0,1,96.40777957862625,678.2835324348376,147.7690664040261
46,100.0,25,150.0,2.0,2.0,2,0,9.933563649157879,327.8825195895662,312.99656063755816
46,100.0,20,150.0,1.5,2.0,0,1,91.43782058909633,678.2835324348376,147.7690664040261
46,100.0,30,150.0,1.0,1.0,2,0,11.736770071414433,327.8825195895662,312.99656063755816
46,100.0,25,150.0,2.0,2.0,4,0,14.448915067634166,265.0637616104509,347.72670708802843
46,100.0,25,150.0,1.5,1.0,0,1,82.83379134522097,678.2835324348376,147.7690664040261
46,100.0,25,150.0,1.5,1.0,3,1,85.28134404087562,642.2989802428633,197.77052436735875
46,100.0,30,150.0,1.5,1.0,2,0,11.736770071414433,327.8825195895662,312.99656063755816
46,100.0,25,150.0,2.0,2.0,1,0,18.686256809106123,158.98603715452512,242.9556153847198
46,100.0,20,150.0,1.5,1.5,0,1,96.40777957862625,678.2835324348376,147.7690664040261
46,100.0,20,150.0,1.5,2.0,3,1,99.12560353390518,642.2989802428633,197.77052436735875
46,100.0,30,150.0,1.0,1.0,4,0,25.714436323293928,265.0637616104509,347.72670708802843
46,100.0,25,150.0,1.0,1.0,0,1,84.17339444527562,678.2835324348376,147.7690664040261
46,100.0,20,150.0,2.0,2.0,0,1,91.43782058909633,678.2835324348376,147.7690664040261
46,100.0,30,150.0,1.0,1.5,2,0,11.736770071414433,327.8825195895662,312.99656063755816
46,100.0,25,150.0,1.0,1.0,3,1,87.46472809062591,642.2989802428633,197.77052436735875
46,100.0,30,150.0,2.0,1.0,2,0,11.736770071414433,327.8825195895662,312.99656063755816
46,100.0,30,150.0,1.5,1.5,2,0,11.736770071414433,327.8825195895662,312.99656063755816
46,100.0,20,150.0,2.0,2.0,3,1,99.12560353390518,642.2989802428633,197.77052436735875
46,100.0,30,150.0,1.5,1.0,4,0,25.714436323293928,265.0637616104509,347.72670708802843
46,100.0,25,150.0,1.5,1.5,0,1,82.99299946811429,678.2835324348376,147.7690664040261
46,100.0,25,150.0,2.0,1.0,0,1,82.83379134522097,678.2835324348376,147.7690664040261
46,100.0,25,150.0,2.0,1.0,3,1,85.28134404087562,642.2989802428633,197.77052436735875
46,100.0,25,150.0,1.0,1.5,0,1,82.99299946811429,678.2835324348376,147.7690664040261
46,100.0,30,150.0,2.0,1.5,2,0,11.736770071414433,327.8825195895662,312.99656063755816
46,100.0,25,150.0,2.0,1.5,0,1,82.64957633956459,678.2835324348376,147.7690664040261
46,100.0,30,150.0,1.0,2.0,2,0,11.736770071414433,327.8825195895662,312.99656063755816
46,100.0,30,150.0,1.0,1.5,4,0,25.714436323293928,265.0637616104509,347.72670708802843
46,100.0,25,150.0,2.0,1.5,3,1,85.09712903521924,642.2989802428633,197.77052436735875
46,100.0,25,150.0,1.0,2.0,0,1,82.99299946811429,678.2835324348376,147.7690664040261
46,100.0,30,150.0,2.0,1.0,4,0,25.714436323293928,265.0637616104509,347.72670708802843
46,100.0,30,150.0,1.5,1.5,4,0,25.714436323293928,265.0637616104509,347.72670708802843
46,100.0,30,150.0,1.5,2.0,2,0,11.736770071414433,327.8825195895662,312.99656063755816
47,100.0,20,50.0,1.0,1.0,0,0,0.9265614682704222,371.0612359812324,152.82820705172267
46,100.0,30,150.0,2.0,1.5,4,0,25.714436323293928,265.0637616104509,347.72670708802843
47,100.0,20,50.0,1.0,1.0,4,0,1.7573541736990275,360.91134198831946,177.83829369260422
46,100.0,30,150.0,2.0,2.0,2,0,11.736770071414433,327.8825195895662,312.99656063755816
47,100.0,20,50.0,1.5,1.0,0,0,0.9265614682704222,371.0612359812324,152.82820705172267
46,100.0,25,150.0,1.5,2.0,0,1,82.99299946811429,678.2835324348376,147.7690664040261
47,100.0,20,50.0,1.0,1.0,3,0,4.286567797358252,477.15933005907544,168.75644352843335
47,100.0,20,50.0,1.5,1.0,4,0,1.7573541736990275,360.91134198831946,177.83829369260422
47,100.0,20,50.0,1.5,1.0,3,0,4.286567797358252,477.15933005907544,168.75644352843335
46,100.0,30,150.0,1.0,2.0,4,0,25.714436323293928,265.0637616104509,347.72670708802843
47,100.0,20,50.0,2.0,1.0,0,0,0.9265614682704222,371.0612359812324,152.82820705172267
46,100.0,30,150.0,1.5,2.0,4,0,25.714436323293928,265.0637616104509,347.72670708802843
47,100.0,20,50.0,2.0,1.0,4,0,1.7573541736990275,360.91134198831946,177.83829369260422
47,100.0,20,50.0,2.0,1.0,3,0,4.286567797358252,477.15933005907544,168.75644352843335
46,100.0,30,150.0,1.0,1.0,1,0,62.92811112299928,158.98603715452512,242.9556153847198
46,100.0,30,150.0,2.0,2.0,4,0,25.714436323293928,265.0637616104509,347.72670708802843
47,100.0,20,50.0,1.0,1.5,0,0,0.9265614682704222,371.0612359812324,152.82820705172267
47,100.0,20,50.0,1.0,1.5,4,0,1.7573541736990275,360.91134198831946,177.83829369260422
46,100.0,25,150.0,2.0,2.0,0,1,82.64957633956459,678.2835324348376,147.7690664040261
46,100.0,25,150.0,2.0,2.0,3,1,85.09712903521924,642.2989802428633,197.77052436735875
47,100.0,20,50.0,1.0,1.5,3,0,4.286567797358252,477.15933005907544,168.75644352843335
47,100.0,20,50.0,1.5,1.5,0,0,0.9265614682704222,371.0612359812324,152.82820705172267
47,100.0,20,50.0,1.5,1.5,4,0,1.7573541736990275,360.91134198831946,177.83829369260422
46,100.0,30,150.0,1.5,1.0,1,0,66.63622557803097,158.98603715452512,242.9556153847198
47,100.0,20,50.0,1.5,1.0,2,0,28.53862164753965,248.20112029920148,183.31546112497563
47,100.0,20,50.0,1.5,1.5,3,0,4.286567797358252,477.15933005907544,168.75644352843335
46,100.0,30,150.0,2.0,1.0,1,0,66.63622557803097,158.98603715452512,242.9556153847198
47,100.0,20,50.0,1.0,1.5,1,0,14.940091564897525,508.09619272662525,320.04607686407394
46,100.0,30,150.0,1.0,1.5,1,0,66.63622557803097,158.98603715452512,242.9556153847198
46,100.0,30,150.0,1.5,1.5,1,0,66.63622557803097,158.98603715452512,242.9556153847198
46,100.0,30,150.0,1.0,1.0,3,1,95.86951796347353,642.2989802428633,197.77052436735875
46,100.0,30,150.0,1.5,2.0,1,0,63.88864560046403,158.98603715452512,242.9556153847198
47,100.0,20,50.0,2.0,1.5,0,0,0.9265614682704222,371.0612359812324,152.82820705172267
46,100.0,30,150.0,1.0,2.0,1,0,63.88864560046403,158.98603715452512,242.9556153847198
46,100.0,30,150.0,2.0,1.5,1,0,66.63622557803097,158.98603715452512,242.9556153847198
47,100.0,20,50.0,2.0,1.5,4,0,1.7573541736990275,360.91134198831946,177.83829369260422
47,100.0,20,50.0,1.5,1.5,2,0,31.472583824842587,248.20112029920148,183.31546112497563
47,100.0,20,50.0,2.0,1.0,1,0,48.525489237264274,508.09619272662525,320.04607686407394
47,100.0,20,50.0,2.0,1.5,3,0,4.286567797358252,477.15933005907544,168.75644352843335
46,100.0,30,150.0,2.0,2.0,1,0,63.88864560046403,158.98603715452512,242.9556153847198
47,100.0,20,50.0,1.0,2.0,0,0,0.9265614682704222,371.0612359812324,152.82820705172267
47,100.0,20,50.0,1.0,2.0,4,0,1.7573541736990275,360.91134198831946,177.83829369260422
47,100.0,20,50.0,1.0,2.0,3,0,4.286567797358252,477.15933005907544,168.75644352843335
47,100.0,20,50.0,1.5,2.0,0,0,0.9265614682704222,371.0612359812324,152.82820705172267
47,100.0,20,50.0,1.5,2.0,4,0,1.7573541736990275,360.91134198831946,177.83829369260422
47,100.0,20,50.0,1.5,2.0,3,0,4.286567797358252,477.15933005907544,168.75644352843335
47,100.0,20,50.0,1.0,2.0,1,0,14.940091564897525,508.09619272662525,320.04607686407394
47,100.0,20,50.0,1.5,2.0,1,0,14.940091564897525,508.09619272662525,320.04607686407394
47,100.0,25,50.0,1.0,1.0,0,0,0.9265614682704222,371.0612359812324,152.82820705172267
47,100.0,20,50.0,2.0,2.0,0,0,0.9265614682704222,371.0612359812324,152.82820705172267
47,100.0,25,50.0,1.0,1.0,4,0,1.7573541736990275,360.91134198831946,177.83829369260422
47,100.0,25,50.0,1.5,1.0,0,0,0.9265614682704222,371.0612359812324,152.82820705172267
47,100.0,20,50.0,2.0,2.0,4,0,1.7573541736990275,360.91134198831946,177.83829369260422
47,100.0,25,50.0,1.5,1.0,4,0,1.7573541736990275,360.91134198831946,177.83829369260422
47,100.0,20,50.0,2.0,2.0,3,0,4.286567797358252,477.15933005907544,168.75644352843335
47,100.0,25,50.0,1.0,1.0,3,0,4.286567797358252,477.15933005907544,168.75644352843335
47,100.0,25,50.0,1.5,1.0,3,0,4.286567797358252,477.15933005907544,168.75644352843335
47,100.0,20,50.0,1.5,1.0,1,0,95.07338479117215,508.09619272662525,320.04607686407394
47,100.0,25,50.0,2.0,1.0,0,0,0.9265614682704222,371.0612359812324,152.82820705172267
47,100.0,25,50.0,2.0,1.0,4,0,1.7573541736990275,360.91134198831946,177.83829369260422
47,100.0,25,50.0,1.0,1.0,1,0,14.940091564897525,508.09619272662525,320.04607686407394
47,100.0,20,50.0,2.0,2.0,1,0,14.940091564897525,508.09619272662525,320.04607686407394
47,100.0,25,50.0,2.0,1.0,3,0,4.286567797358252,477.15933005907544,168.75644352843335
47,100.0,25,50.0,1.0,1.5,0,0,0.9265614682704222,371.0612359812324,152.82820705172267
47,100.0,25,50.0,1.0,1.5,4,0,1.7573541736990275,360.91134198831946,177.83829369260422
47,100.0,25,50.0,1.5,1.5,0,0,0.9265614682704222,371.0612359812324,152.82820705172267
47,100.0,25,50.0,2.0,1.5,0,0,0.9265614682704222,371.0612359812324,152.82820705172267
47,100.0,25,50.0,1.5,1.0,1,0,14.940091564897525,508.09619272662525,320.04607686407394
47,100.0,25,50.0,1.5,1.5,4,0,1.7573541736990275,360.91134198831946,177.83829369260422
47,100.0,25,50.0,2.0,1.5,4,0,1.7573541736990275,360.91134198831946,177.83829369260422
47,100.0,25,50.0,1.0,2.0,0,0,0.9265614682704222,371.0612359812324,152.82820705172267
47,100.0,25,50.0,1.0,1.5,3,0,4.286567797358252,477.15933005907544,168.75644352843335
47,100.0,25,50.0,1.5,1.5,3,0,4.286567797358252,477.15933005907544,168.75644352843335
47,100.0,25,50.0,1.0,2.0,4,0,1.7573541736990275,360.91134198831946,177.83829369260422
47,100.0,25,50.0,2.0,1.5,3,0,4.286567797358252,477.15933005907544,168.75644352843335
47,100.0,25,50.0,1.0,2.0,3,0,4.286567797358252,477.15933005907544,168.75644352843335
47,100.0,25,50.0,1.5,2.0,0,0,0.9265614682704222,371.0612359812324,152.82820705172267
47,100.0,25,50.0,1.5,2.0,4,0,1.7573541736990275,360.91134198831946,177.83829369260422
47,100.0,25,50.0,1.5,2.0,3,0,4.286567797358252,477.15933005907544,168.75644352843335
47,100.0,25,50.0,2.0,1.0,1,0,17.439169901933173,508.09619272662525,320.04607686407394
47,100.0,25,50.0,1.5,1.5,1,0,14.940091564897525,508.09619272662525,320.04607686407394
47,100.0,25,50.0,1.0,1.5,1,0,14.940091564897525,508.09619272662525,320.04607686407394
47,100.0,25,50.0,1.0,2.0,1,0,14.940091564897525,508.09619272662525,320.04607686407394
47,100.0,25,50.0,2.0,1.5,1,0,17.439169901933173,508.09619272662525,320.04607686407394
47,100.0,20,50.0,1.5,1.5,1,0,92.58283037961654,508.09619272662525,320.04607686407394
47,100.0,25,50.0,2.0,2.0,0,0,0.9265614682704222,371.0612359812324,152.82820705172267
47,100.0,25,50.0,2.0,2.0,4,0,1.7573541736990275,360.91134198831946,177.83829369260422
47,100.0,25,50.0,1.5,2.0,1,0,14.940091564897525,508.09619272662525,320.04607686407394
47,100.0,30,50.0,1.0,1.0,0,0,0.9265614682704222,371.0612359812324,152.82820705172267
47,100.0,30,50.0,1.0,1.0,4,0,1.7573541736990275,360.91134198831946,177.83829369260422
47,100.0,20,50.0,2.0,1.5,1,0,59.81080544936495,508.09619272662525,320.04607686407394
47,100.0,25,50.0,2.0,2.0,3,0,4.286567797358252,477.15933005907544,168.75644352843335
47,100.0,30,50.0,1.0,1.0,3,0,4.286567797358252,477.15933005907544,168.75644352843335
47,100.0,20,50.0,1.5,2.0,2,0,70.57993417218901,248.20112029920148,183.31546112497563
47,100.0,30,50.0,1.5,1.0,0,0,0.9265614682704222,371.0612359812324,152.82820705172267
47,100.0,30,50.0,1.5,1.0,4,0,1.7573541736990275,360.91134198831946,177.83829369260422
47,100.0,25,50.0,2.0,2.0,1,0,14.940091564897525,508.09619272662525,320.04607686407394
47,100.0,30,50.0,1.0,1.0,1,0,14.940091564897525,508.09619272662525,320.04607686407394
47,100.0,30,50.0,1.5,1.0,3,0,4.286567797358252,477.15933005907544,168.75644352843335
47,100.0,25,50.0,1.5,1.0,2,0,49.8982314487916,248.20112029920148,183.31546112497563
47,100.0,30,50.0,2.0,1.0,0,0,0.9265614682704222,371.0612359812324,152.82820705172267
47,100.0,30,50.0,2.0,1.0,4,0,1.7573541736990275,360.91134198831946,177.83829369260422
47,100.0,30,50.0,2.0,1.0,3,0,4.286567797358252,477.15933005907544,168.75644352843335
47,100.0,30,50.0,1.5,1.0,1,0,19.9705440015041,508.09619272662525,320.04607686407394
47,100.0,30,50.0,2.0,1.0,1,0,14.940091564897525,508.09619272662525,320.04607686407394
47,100.0,30,50.0,1.0,1.5,0,0,0.9265614682704222,371.0612359812324,152.82820705172267
47,100.0,30,50.0,1.0,1.5,4,0,1.7573541736990275,360.91134198831946,177.83829369260422
47,100.0,30,50.0,1.0,1.5,3,0,4.286567797358252,477.15933005907544,168.75644352843335
47,100.0,30,50.0,1.5,1.5,0,0,0.9265614682704222,371.0612359812324,152.82820705172267
47,100.0,30,50.0,1.5,1.5,4,0,1.7573541736990275,360.91134198831946,177.83829369260422
47,100.0,30,50.0,2.0,1.5,0,0,0.9265614682704222,371.0612359812324,152.82820705172267
47,100.0,30,50.0,2.0,1.5,4,0,1.7573541736990275,360.91134198831946,177.83829369260422
47,100.0,30,50.0,2.0,1.5,3,0,4.286567797358252,477.15933005907544,168.75644352843335
47,100.0,30,50.0,1.5,1.5,3,0,4.286567797358252,477.15933005907544,168.75644352843335
47,100.0,30,50.0,1.0,1.5,1,0,14.940091564897525,508.09619272662525,320.04607686407394
47,100.0,30,50.0,1.0,2.0,0,0,0.9265614682704222,371.0612359812324,152.82820705172267
47,100.0,30,50.0,1.0,2.0,4,0,1.7573541736990275,360.91134198831946,177.83829369260422
47,100.0,30,50.0,1.0,2.0,3,0,4.286567797358252,477.15933005907544,168.75644352843335
47,100.0,30,50.0,1.5,2.0,0,0,0.9265614682704222,371.0612359812324,152.82820705172267
47,100.0,30,50.0,1.5,1.5,1,0,14.940091564897525,508.09619272662525,320.04607686407394
47,100.0,30,50.0,1.5,2.0,4,0,1.7573541736990275,360.91134198831946,177.83829369260422
47,100.0,30,50.0,1.5,2.0,3,0,4.286567797358252,477.15933005907544,168.75644352843335
47,100.0,30,50.0,2.0,2.0,0,0,0.9265614682704222,371.0612359812324,152.82820705172267
47,100.0,30,50.0,2.0,2.0,4,0,1.7573541736990275,360.91134198831946,177.83829369260422
47,100.0,30,50.0,1.0,2.0,1,0,14.940091564897525,508.09619272662525,320.04607686407394
47,100.0,30,50.0,2.0,2.0,3,0,4.286567797358252,477.15933005907544,168.75644352843335
47,100.0,20,100.0,1.0,1.0,0,0,0.9265614682704222,371.0612359812324,152.82820705172267
47,100.0,20,100.0,1.0,1.0,4,0,1.7573541736990275,360.91134198831946,177.83829369260422
47,100.0,20,100.0,1.5,1.0,0,0,0.9265614682704222,371.0612359812324,152.82820705172267
47,100.0,20,100.0,1.5,1.0,4,0,1.7573541736990275,360.91134198831946,177.83829369260422
47,100.0,30,50.0,1.5,2.0,1,0,14.940091564897525,508.09619272662525,320.04607686407394
47,100.0,30,50.0,2.0,1.5,1,0,32.26459182083376,508.09619272662525,320.04607686407394
47,100.0,20,100.0,2.0,1.0,0,0,0.9265614682704222,371.0612359812324,152.82820705172267
47,100.0,30,50.0,1.0,1.5,2,0,53.363933259330324,248.20112029920148,183.31546112497563
47,100.0,20,100.0,2.0,1.0,4,0,1.7573541736990275,360.91134198831946,177.83829369260422
47,100.0,20,100.0,1.0,1.5,0,0,0.9265614682704222,371.0612359812324,152.82820705172267
47,100.0,20,100.0,1.0,1.5,4,0,1.7573541736990275,360.91134198831946,177.83829369260422
47,100.0,20,100.0,1.5,1.5,0,0,0.9265614682704222,371.0612359812324,152.82820705172267
47,100.0,20,100.0,1.5,1.5,4,0,1.7573541736990275,360.91134198831946,177.83829369260422
47,100.0,30,50.0,1.5,1.5,2,0,47.24624483072334,248.20112029920148,183.31546112497563
47,100.0,20,100.0,1.0,1.0,3,0,27.025136221173234,477.15933005907544,168.75644352843335
47,100.0,20,100.0,2.0,1.5,0,0,0.9265614682704222,371.0612359812324,152.82820705172267
47,100.0,20,100.0,1.0,2.0,0,0,0.9265614682704222,371.0612359812324,152.82820705172267
47,100.0,20,100.0,2.0,1.5,4,0,1.7573541736990275,360.91134198831946,177.83829369260422
47,100.0,20,100.0,1.0,2.0,4,0,1.7573541736990275,360.91134198831946,177.83829369260422
47,100.0,20,100.0,1.5,2.0,0,0,0.9265614682704222,371.0612359812324,152.82820705172267
47,100.0,20,100.0,1.5,2.0,4,0,1.7573541736990275,360.91134198831946,177.83829369260422
47,100.0,20,100.0,2.0,2.0,0,0,0.9265614682704222,371.0612359812324,152.82820705172267
47,100.0,20,100.0,1.5,1.0,3,0,27.025136221173234,477.15933005907544,168.75644352843335
47,100.0,20,100.0,2.0,2.0,4,0,1.7573541736990275,360.91134198831946,177.83829369260422
47,100.0,20,100.0,1.0,1.5,2,0,17.743183550463794,248.20112029920148,183.31546112497563
47,100.0,20,100.0,1.5,1.5,2,0,17.743183550463794,248.20112029920148,183.31546112497563
47,100.0,20,100.0,1.5,2.0,2,0,17.743183550463794,248.20112029920148,183.31546112497563
47,100.0,20,100.0,2.0,1.0,3,0,27.025136221173234,477.15933005907544,168.75644352843335
47,100.0,20,100.0,2.0,1.5,2,0,17.743183550463794,248.20112029920148,183.31546112497563
47,100.0,20,100.0,1.0,1.0,2,0,52.04687447748934,248.20112029920148,183.31546112497563
47,100.0,20,100.0,2.0,2.0,2,0,17.743183550463794,248.20112029920148,183.31546112497563
47,100.0,20,100.0,1.0,2.0,2,0,17.743183550463794,248.20112029920148,183.31546112497563
47,100.0,20,100.0,1.5,1.0,2,0,52.04687447748934,248.20112029920148,183.31546112497563
47,100.0,20,100.0,2.0,1.0,2,0,52.04687447748934,248.20112029920148,183.31546112497563
47,100.0,25,100.0,1.0,1.0,0,0,0.9265614682704222,371.0612359812324,152.82820705172267
47,100.0,25,100.0,1.0,1.0,4,0,1.7573541736990275,360.91134198831946,177.83829369260422
47,100.0,25,100.0,1.0,1.0,1,0,5.997031184387282,508.09619272662525,320.04607686407394
47,100.0,20,100.0,1.0,1.5,1,1,58.27073732132046,508.09619272662525,320.04607686407394
47,100.0,25,100.0,1.5,1.0,0,0,0.9265614682704222,371.0612359812324,152.82820705172267
47,100.0,25,100.0,1.5,1.0,4,0,1.7573541736990275,360.91134198831946,177.83829369260422
47,100.0,25,100.0,2.0,1.0,0,0,0.9265614682704222,371.0612359812324,152.82820705172267
47,100.0,20,100.0,1.5,1.5,1,1,58.27073732132046,508.09619272662525,320.04607686407394
47,100.0,20,100.0,1.5,2.0,1,1,58.27073732132046,508.09619272662525,320.04607686407394
47,100.0,25,100.0,2.0,1.0,4,0,1.7573541736990275,360.91134198831946,177.83829369260422
47,100.0,25,100.0,1.5,1.0,1,0,5.997031184387282,508.09619272662525,320.04607686407394
47,100.0,25,100.0,2.0,1.0,1,0,5.997031184387282,508.09619272662525,320.04607686407394
47,100.0,20,100.0,2.0,1.5,1,1,58.27073732132046,508.09619272662525,320.04607686407394
47,100.0,20,100.0,1.0,1.0,1,0,98.91474195448957,508.09619272662525,320.04607686407394
47,100.0,25,100.0,1.0,1.5,0,0,0.9265614682704222,371.0612359812324,152.82820705172267
47,100.0,25,100.0,1.0,1.5,4,0,1.7573541736990275,360.91134198831946,177.83829369260422
47,100.0,25,100.0,1.5,1.5,0,0,0.9265614682704222,371.0612359812324,152.82820705172267
47,100.0,25,100.0,1.5,1.5,4,0,1.7573541736990275,360.91134198831946,177.83829369260422
47,100.0,25,100.0,1.0,1.5,1,0,5.997031184387282,508.09619272662525,320.04607686407394
47,100.0,20,100.0,2.0,2.0,1,1,58.27073732132046,508.09619272662525,320.04607686407394
47,100.0,25,100.0,2.0,1.5,0,0,0.9265614682704222,371.0612359812324,152.82820705172267
47,100.0,25,100.0,2.0,1.5,4,0,1.7573541736990275,360.91134198831946,177.83829369260422
47,100.0,25,100.0,1.5,1.5,1,0,5.997031184387282,508.09619272662525,320.04607686407394
47,100.0,20,100.0,1.0,2.0,1,1,58.27073732132046,508.09619272662525,320.04607686407394
47,100.0,25,100.0,2.0,1.5,1,0,5.997031184387282,508.09619272662525,320.04607686407394
47,100.0,25,100.0,1.0,2.0,0,0,0.9265614682704222,371.0612359812324,152.82820705172267
47,100.0,25,100.0,1.0,2.0,4,0,1.7573541736990275,360.91134198831946,177.83829369260422
47,100.0,25,100.0,1.0,1.0,3,0,35.90527997483626,477.15933005907544,168.75644352843335
47,100.0,20,100.0,2.0,1.0,1,0,92.23244201279985,508.09619272662525,320.04607686407394
47,100.0,25,100.0,1.5,2.0,0,0,0.9265614682704222,371.0612359812324,152.82820705172267
47,100.0,25,100.0,1.5,2.0,4,0,1.7573541736990275,360.91134198831946,177.83829369260422
47,100.0,25,100.0,1.0,2.0,1,0,5.997031184387282,508.09619272662525,320.04607686407394
47,100.0,25,100.0,1.5,2.0,1,0,5.997031184387282,508.09619272662525,320.04607686407394
47,100.0,25,100.0,1.5,1.0,3,0,35.90527997483626,477.15933005907544,168.75644352843335
47,100.0,25,100.0,2.0,1.0,3,0,35.90527997483626,477.15933005907544,168.75644352843335
47,100.0,25,100.0,2.0,2.0,0,0,0.9265614682704222,371.0612359812324,152.82820705172267
47,100.0,25,100.0,2.0,2.0,4,0,1.7573541736990275,360.91134198831946,177.83829369260422
47,100.0,30,100.0,1.0,1.0,0,0,0.9265614682704222,371.0612359812324,152.82820705172267
47,100.0,30,100.0,1.0,1.0,4,0,1.7573541736990275,360.91134198831946,177.83829369260422
47,100.0,25,100.0,2.0,2.0,1,0,5.997031184387282,508.09619272662525,320.04607686407394
47,100.0,25,100.0,2.0,1.5,3,0,36.87329322281996,477.15933005907544,168.75644352843335
47,100.0,25,100.0,1.0,1.5,3,0,35.90527997483626,477.15933005907544,168.75644352843335
47,100.0,30,100.0,1.5,1.0,0,0,0.9265614682704222,371.0612359812324,152.82820705172267
47,100.0,30,100.0,1.5,1.0,4,0,1.7573541736990275,360.91134198831946,177.83829369260422
47,100.0,30,100.0,2.0,1.0,0,0,0.9265614682704222,371.0612359812324,152.82820705172267
47,100.0,25,100.0,1.0,1.0,2,0,56.064243770046794,248.20112029920148,183.31546112497563
47,100.0,30,100.0,2.0,1.0,4,0,1.7573541736990275,360.91134198831946,177.83829369260422
47,100.0,30,100.0,1.0,1.5,0,0,0.9265614682704222,371.0612359812324,152.82820705172267
47,100.0,25,100.0,2.0,1.0,2,0,54.27249408251783,248.20112029920148,183.31546112497563
47,100.0,25,100.0,1.5,1.0,2,0,54.27249408251783,248.20112029920148,183.31546112497563
47,100.0,30,100.0,1.0,1.5,4,0,1.7573541736990275,360.91134198831946,177.83829369260422
47,100.0,25,100.0,1.5,1.5,3,0,35.90527997483626,477.15933005907544,168.75644352843335
47,100.0,25,100.0,1.0,2.0,3,0,36.87329322281996,477.15933005907544,168.75644352843335
47,100.0,30,100.0,2.0,1.5,0,0,0.9265614682704222,371.0612359812324,152.82820705172267
47,100.0,30,100.0,1.5,1.5,0,0,0.9265614682704222,371.0612359812324,152.82820705172267
47,100.0,30,100.0,2.0,1.5,4,0,1.7573541736990275,360.91134198831946,177.83829369260422
47,100.0,30,100.0,1.5,1.5,4,0,1.7573541736990275,360.91134198831946,177.83829369260422
47,100.0,30,100.0,1.0,1.0,2,0,22.049395421555765,248.20112029920148,183.31546112497563
47,100.0,30,100.0,1.0,2.0,0,0,0.9265614682704222,371.0612359812324,152.82820705172267
47,100.0,30,100.0,1.0,2.0,4,0,1.7573541736990275,360.91134198831946,177.83829369260422
47,100.0,25,100.0,1.5,2.0,3,0,36.87329322281996,477.15933005907544,168.75644352843335
47,100.0,30,100.0,1.0,1.5,2,0,16.93108875115178,248.20112029920148,183.31546112497563
47,100.0,25,100.0,1.0,1.5,2,0,56.064243770046794,248.20112029920148,183.31546112497563
47,100.0,30,100.0,2.0,1.5,2,0,16.93108875115178,248.20112029920148,183.31546112497563
47,100.0,30,100.0,1.5,1.0,2,0,22.049395421555765,248.20112029920148,183.31546112497563
47,100.0,30,100.0,1.5,2.0,0,0,0.9265614682704222,371.0612359812324,152.82820705172267
47,100.0,30,100.0,2.0,2.0,0,0,0.9265614682704222,371.0612359812324,152.82820705172267
47,100.0,30,100.0,1.5,2.0,4,0,1.7573541736990275,360.91134198831946,177.83829369260422
47,100.0,30,100.0,1.5,1.5,2,0,16.93108875115178,248.20112029920148,183.31546112497563
47,100.0,25,100.0,2.0,2.0,3,0,36.87329322281996,477.15933005907544,168.75644352843335
47,100.0,25,100.0,1.5,1.5,2,0,54.27249408251783,248.20112029920148,183.31546112497563
47,100.0,30,100.0,2.0,2.0,4,0,1.7573541736990275,360.91134198831946,177.83829369260422
47,100.0,20,150.0,1.0,1.0,0,0,0.9265614682704222,371.0612359812324,152.82820705172267
47,100.0,30,100.0,2.0,1.0,2,0,22.049395421555765,248.20112029920148,183.31546112497563
47,100.0,30,100.0,1.0,2.0,2,0,16.93108875115178,248.20112029920148,183.31546112497563
47,100.0,20,150.0,1.0,1.0,3,0,9.674013729845287,477.15933005907544,168.75644352843335
47,100.0,20,150.0,1.0,1.0,4,0,10.417930372546431,360.91134198831946,177.83829369260422
47,100.0,30,100.0,1.5,2.0,2,0,16.93108875115178,248.20112029920148,183.31546112497563
47,100.0,30,100.0,1.0,1.5,1,1,49.5364468460191,508.09619272662525,320.04607686407394
47,100.0,30,100.0,2.0,2.0,2,0,16.93108875115178,248.20112029920148,183.31546112497563
47,100.0,30,100.0,1.5,1.0,1,1,49.90675376509594,508.09619272662525,320.04607686407394
47,100.0,30,100.0,1.5,1.0,3,1,58.713899588201436,477.15933005907544,168.75644352843335
47,100.0,30,100.0,1.5,1.5,1,1,49.5364468460191,508.09619272662525,320.04607686407394
47,100.0,20,150.0,2.0,1.0,0,0,0.9265614682704222,371.0612359812324,152.82820705172267
47,100.0,20,150.0,1.5,1.0,0,0,0.9265614682704222,371.0612359812324,152.82820705172267
47,100.0,30,100.0,1.0,1.5,3,0,68.12717967378686,477.15933005907544,168.75644352843335
47,100.0,20,150.0,1.0,1.5,0,0,0.9265614682704222,371.0612359812324,152.82820705172267
47,100.0,30,100.0,2.0,1.5,3,0,62.35300021637983,477.15933005907544,168.75644352843335
47,100.0,20,150.0,1.5,1.5,0,0,0.9265614682704222,371.0612359812324,152.82820705172267
47,100.0,20,150.0,1.5,1.0,3,0,9.674013729845287,477.15933005907544,168.75644352843335
47,100.0,20,150.0,1.0,1.5,3,0,9.674013729845287,477.15933005907544,168.75644352843335
47,100.0,20,150.0,1.5,1.0,4,0,10.417930372546431,360.91134198831946,177.83829369260422
47,100.0,20,150.0,1.0,1.5,4,0,10.417930372546431,360.91134198831946,177.83829369260422
47,100.0,20,150.0,1.5,1.5,3,0,9.674013729845287,477.15933005907544,168.75644352843335
47,100.0,20,150.0,2.0,1.0,3,0,9.674013729845287,477.15933005907544,168.75644352843335
47,100.0,20,150.0,1.5,1.5,4,0,10.417930372546431,360.91134198831946,177.83829369260422
47,100.0,20,150.0,2.0,1.0,4,0,10.417930372546431,360.91134198831946,177.83829369260422
47,100.0,30,100.0,1.0,2.0,1,1,49.5364468460191,508.09619272662525,320.04607686407394
47,100.0,30,100.0,1.0,1.0,1,0,94.46982699854308,508.09619272662525,320.04607686407394
47,100.0,20,150.0,2.0,1.5,0,0,0.9265614682704222,371.0612359812324,152.82820705172267
47,100.0,30,100.0,1.5,1.5,3,0,69.14305909375288,477.15933005907544,168.75644352843335
47,100.0,20,150.0,1.5,2.0,0,0,0.9265614682704222,371.0612359812324,152.82820705172267
47,100.0,20,150.0,1.0,2.0,0,0,0.9265614682704222,371.0612359812324,152.82820705172267
47,100.0,20,150.0,2.0,2.0,0,0,0.9265614682704222,371.0612359812324,152.82820705172267
47,100.0,20,150.0,2.0,1.5,3,0,9.674013729845287,477.15933005907544,168.75644352843335
47,100.0,20,150.0,2.0,1.5,4,0,10.417930372546431,360.91134198831946,177.83829369260422
47,100.0,20,150.0,1.0,1.0,2,0,76.0916015095601,248.20112029920148,183.31546112497563
47,100.0,20,150.0,1.5,2.0,3,0,9.674013729845287,477.15933005907544,168.75644352843335
47,100.0,20,150.0,1.5,2.0,4,0,10.417930372546431,360.91134198831946,177.83829369260422
47,100.0,30,100.0,2.0,1.5,1,0,91.95783683679863,508.09619272662525,320.04607686407394
47,100.0,20,150.0,1.0,2.0,3,0,9.674013729845287,477.15933005907544,168.75644352843335
47,100.0,20,150.0,1.0,2.0,4,0,10.417930372546431,360.91134198831946,177.83829369260422
47,100.0,25,150.0,1.0,1.0,0,0,0.9265614682704222,371.0612359812324,152.82820705172267
47,100.0,20,150.0,2.0,2.0,3,0,9.674013729845287,477.15933005907544,168.75644352843335
47,100.0,20,150.0,2.0,2.0,4,0,10.417930372546431,360.91134198831946,177.83829369260422
47,100.0,30,100.0,1.0,2.0,3,0,69.14305909375288,477.15933005907544,168.75644352843335
47,100.0,25,150.0,1.5,1.0,0,0,0.9265614682704222,371.0612359812324,152.82820705172267
47,100.0,25,150.0,1.0,1.0,4,0,8.521026218186007,360.91134198831946,177.83829369260422
47,100.0,25,150.0,1.0,1.0,2,0,8.900388726342463,248.20112029920148,183.31546112497563
47,100.0,30,100.0,2.0,2.0,3,0,62.35300021637983,477.15933005907544,168.75644352843335
47,100.0,25,150.0,2.0,1.0,0,0,0.9265614682704222,371.0612359812324,152.82820705172267
47,100.0,25,150.0,2.0,1.0,4,0,8.521026218186007,360.91134198831946,177.83829369260422
47,100.0,25,150.0,2.0,1.0,2,0,8.900388726342463,248.20112029920148,183.31546112497563
47,100.0,25,150.0,1.5,1.0,4,0,8.521026218186007,360.91134198831946,177.83829369260422
47,100.0,25,150.0,1.5,1.0,2,0,8.900388726342463,248.20112029920148,183.31546112497563
47,100.0,20,150.0,1.5,1.5,2,0,56.08772624416006,248.20112029920148,183.31546112497563
47,100.0,25,150.0,1.0,1.5,0,0,0.9265614682704222,371.0612359812324,152.82820705172267
47,100.0,25,150.0,1.5,1.5,0,0,0.9265614682704222,371.0612359812324,152.82820705172267
47,100.0,25,150.0,1.0,1.5,4,0,8.521026218186007,360.91134198831946,177.83829369260422
47,100.0,25,150.0,1.0,1.5,2,0,8.900388726342463,248.20112029920148,183.31546112497563
47,100.0,25,150.0,1.5,1.5,4,0,8.521026218186007,360.91134198831946,177.83829369260422
47,100.0,25,150.0,1.5,1.5,2,0,8.900388726342463,248.20112029920148,183.31546112497563
47,100.0,20,150.0,1.0,1.5,2,0,65.1384099765927,248.20112029920148,183.31546112497563
47,100.0,20,150.0,2.0,1.5,2,0,56.08772624416006,248.20112029920148,183.31546112497563
47,100.0,20,150.0,1.0,2.0,2,0,56.08772624416006,248.20112029920148,183.31546112497563
47,100.0,20,150.0,1.5,2.0,2,0,56.08772624416006,248.20112029920148,183.31546112497563
47,100.0,30,100.0,2.0,2.0,1,0,90.85807860355922,508.09619272662525,320.04607686407394
47,100.0,20,150.0,2.0,1.0,2,0,76.0916015095601,248.20112029920148,183.31546112497563
47,100.0,25,150.0,2.0,1.5,0,0,0.9265614682704222,371.0612359812324,152.82820705172267
47,100.0,20,150.0,1.5,1.0,2,0,76.0916015095601,248.20112029920148,183.31546112497563
47,100.0,25,150.0,1.0,1.0,3,0,64.5616560157037,477.15933005907544,168.75644352843335
47,100.0,25,150.0,2.0,1.0,1,1,60.13294517922052,508.09619272662525,320.04607686407394
47,100.0,20,150.0,2.0,2.0,2,0,56.08772624416006,248.20112029920148,183.31546112497563
47,100.0,20,150.0,1.5,1.5,1,0,97.66148155807147,508.09619272662525,320.04607686407394
47,100.0,25,150.0,1.0,2.0,0,0,0.9265614682704222,371.0612359812324,152.82820705172267
47,100.0,25,150.0,2.0,1.5,4,0,8.521026218186007,360.91134198831946,177.83829369260422
47,100.0,25,150.0,2.0,1.5,2,0,8.900388726342463,248.20112029920148,183.31546112497563
47,100.0,25,150.0,2.0,1.0,3,0,64.79779192899704,477.15933005907544,168.75644352843335
47,100.0,25,150.0,1.5,2.0,0,0,0.9265614682704222,371.0612359812324,152.82820705172267
47,100.0,25,150.0,2.0,2.0,0,0,0.9265614682704222,371.0612359812324,152.82820705172267
47,100.0,25,150.0,1.0,2.0,4,0,8.521026218186007,360.91134198831946,177.83829369260422
47,100.0,25,150.0,1.0,2.0,2,0,8.900388726342463,248.20112029920148,183.31546112497563
47,100.0,25,150.0,1.5,2.0,4,0,8.521026218186007,360.91134198831946,177.83829369260422
47,100.0,25,150.0,1.5,2.0,2,0,8.900388726342463,248.20112029920148,183.31546112497563
47,100.0,25,150.0,2.0,2.0,4,0,8.521026218186007,360.91134198831946,177.83829369260422
47,100.0,25,150.0,2.0,2.0,2,0,8.900388726342463,248.20112029920148,183.31546112497563
47,100.0,20,150.0,2.0,1.5,1,0,97.66148155807147,508.09619272662525,320.04607686407394
47,100.0,30,150.0,1.5,1.0,0,0,0.9265614682704222,371.0612359812324,152.82820705172267
47,100.0,30,150.0,1.0,1.0,0,0,0.9265614682704222,371.0612359812324,152.82820705172267
47,100.0,30,150.0,2.0,1.0,0,0,0.9265614682704222,371.0612359812324,152.82820705172267
47,100.0,25,150.0,1.5,1.0,1,1,60.13294517922052,508.09619272662525,320.04607686407394
47,100.0,25,150.0,1.0,1.5,1,1,60.13294517922052,508.09619272662525,320.04607686407394
47,100.0,25,150.0,1.0,1.0,1,0,94.46980816744684,508.09619272662525,320.04607686407394
47,100.0,25,150.0,1.5,1.5,1,1,60.13294517922052,508.09619272662525,320.04607686407394
47,100.0,20,150.0,1.5,2.0,1,0,97.66148155807147,508.09619272662525,320.04607686407394
47,100.0,30,150.0,1.0,1.5,0,0,0.9265614682704222,371.0612359812324,152.82820705172267
47,100.0,25,150.0,1.5,1.0,3,0,64.79779192899704,477.15933005907544,168.75644352843335
47,100.0,30,150.0,1.5,1.5,0,0,0.9265614682704222,371.0612359812324,152.82820705172267
47,100.0,30,150.0,1.0,1.0,4,0,8.521026218186007,360.91134198831946,177.83829369260422
47,100.0,30,150.0,1.5,1.0,4,0,8.521026218186007,360.91134198831946,177.83829369260422
47,100.0,30,150.0,1.0,1.0,2,0,8.900388726342463,248.20112029920148,183.31546112497563
47,100.0,30,150.0,1.5,1.0,2,0,8.900388726342463,248.20112029920148,183.31546112497563
47,100.0,25,150.0,1.0,1.5,3,0,64.79779192899704,477.15933005907544,168.75644352843335
47,100.0,30,150.0,2.0,1.0,4,0,8.521026218186007,360.91134198831946,177.83829369260422
47,100.0,30,150.0,2.0,1.5,0,0,0.9265614682704222,371.0612359812324,152.82820705172267
47,100.0,30,150.0,2.0,1.0,2,0,8.900388726342463,248.20112029920148,183.31546112497563
47,100.0,25,150.0,1.5,1.5,3,0,64.79779192899704,477.15933005907544,168.75644352843335
47,100.0,20,150.0,1.0,2.0,1,0,97.66148155807147,508.09619272662525,320.04607686407394
47,100.0,30,150.0,1.0,2.0,0,0,0.9265614682704222,371.0612359812324,152.82820705172267
47,100.0,30,150.0,1.5,2.0,0,0,0.9265614682704222,371.0612359812324,152.82820705172267
47,100.0,30,150.0,2.0,2.0,0,0,0.9265614682704222,371.0612359812324,152.82820705172267
47,100.0,30,150.0,1.0,1.5,4,0,8.521026218186007,360.91134198831946,177.83829369260422
47,100.0,30,150.0,1.0,1.5,2,0,8.900388726342463,248.20112029920148,183.31546112497563
47,100.0,30,150.0,1.5,1.5,4,0,8.521026218186007,360.91134198831946,177.83829369260422
47,100.0,30,150.0,1.5,1.5,2,0,8.900388726342463,248.20112029920148,183.31546112497563
47,100.0,30,150.0,1.0,2.0,4,0,8.521026218186007,360.91134198831946,177.83829369260422
47,100.0,30,150.0,1.0,2.0,2,0,8.900388726342463,248.20112029920148,183.31546112497563
47,100.0,30,150.0,2.0,2.0,4,0,8.521026218186007,360.91134198831946,177.83829369260422
47,100.0,30,150.0,2.0,2.0,2,0,8.900388726342463,248.20112029920148,183.31546112497563
47,100.0,30,150.0,2.0,1.5,4,0,8.521026218186007,360.91134198831946,177.83829369260422
47,100.0,30,150.0,2.0,1.5,2,0,8.900388726342463,248.20112029920148,183.31546112497563
47,100.0,30,150.0,1.5,2.0,4,0,8.521026218186007,360.91134198831946,177.83829369260422
47,100.0,30,150.0,1.5,2.0,2,0,8.900388726342463,248.20112029920148,183.31546112497563
47,100.0,20,150.0,2.0,2.0,1,0,97.66148155807147,508.09619272662525,320.04607686407394
47,100.0,30,150.0,1.0,1.5,1,0,38.78372409161424,508.09619272662525,320.04607686407394
47,100.0,25,150.0,2.0,1.5,1,1,60.13294517922052,508.09619272662525,320.04607686407394
47,100.0,30,150.0,1.0,2.0,3,0,36.3741534669715,477.15933005907544,168.75644352843335
47,100.0,25,150.0,1.0,2.0,3,0,60.50725142737635,477.15933005907544,168.75644352843335
47,100.0,25,150.0,2.0,2.0,3,0,60.50725142737635,477.15933005907544,168.75644352843335
47,100.0,25,150.0,2.0,1.5,3,0,64.79779192899704,477.15933005907544,168.75644352843335
47,100.0,30,150.0,2.0,2.0,3,0,36.3741534669715,477.15933005907544,168.75644352843335
47,100.0,25,150.0,1.0,2.0,1,1,64.01818563691555,508.09619272662525,320.04607686407394
47,100.0,25,150.0,1.5,2.0,3,0,60.50725142737635,477.15933005907544,168.75644352843335
47,100.0,25,150.0,2.0,2.0,1,1,64.01818563691555,508.09619272662525,320.04607686407394
47,100.0,30,150.0,1.5,1.5,1,0,38.78372409161424,508.09619272662525,320.04607686407394
47,100.0,30,150.0,1.5,2.0,3,0,36.3741534669715,477.15933005907544,168.75644352843335
47,100.0,25,150.0,1.5,2.0,1,1,64.01818563691555,508.09619272662525,320.04607686407394
47,100.0,30,150.0,2.0,1.5,1,0,38.78372409161424,508.09619272662525,320.04607686407394
47,100.0,30,150.0,1.5,1.0,3,0,57.78307579227761,477.15933005907544,168.75644352843335
47,100.0,30,150.0,1.0,1.5,3,0,52.781803478770755,477.15933005907544,168.75644352843335
47,100.0,30,150.0,1.0,1.0,3,0,57.78307579227761,477.15933005907544,168.75644352843335
47,100.0,30,150.0,2.0,1.0,3,0,57.78307579227761,477.15933005907544,168.75644352843335
48,100.0,20,50.0,1.0,1.0,0,1,26.48610408623409,618.457843509995,210.25148704041658
47,100.0,30,150.0,1.5,1.5,3,0,52.781803478770755,477.15933005907544,168.75644352843335
47,100.0,30,150.0,1.5,1.0,1,0,67.77137803061366,508.09619272662525,320.04607686407394
47,100.0,30,150.0,1.0,1.0,1,0,63.19619173781183,508.09619272662525,320.04607686407394
48,100.0,20,50.0,1.0,1.0,2,0,32.430610843805354,528.5102202196316,230.93993764700497
47,100.0,30,150.0,2.0,1.5,3,0,52.781803478770755,477.15933005907544,168.75644352843335
47,100.0,30,150.0,2.0,1.0,1,0,67.77137803061366,508.09619272662525,320.04607686407394
48,100.0,20,50.0,1.0,1.0,1,0,36.919469826890435,518.1255589810148,278.63545787015914
48,100.0,20,50.0,1.0,1.0,4,0,38.01546065442099,583.5392240691343,199.17625985026734
47,100.0,30,150.0,1.0,2.0,1,0,79.92806117721828,508.09619272662525,320.04607686407394
48,100.0,20,50.0,1.0,1.5,1,0,44.171731145959306,518.1255589810148,278.63545787015914
48,100.0,20,50.0,2.0,1.0,1,0,40.841381100370434,518.1255589810148,278.63545787015914
47,100.0,30,150.0,2.0,2.0,1,0,79.92806117721828,508.09619272662525,320.04607686407394
48,100.0,20,50.0,1.0,1.5,2,0,47.926060071152044,528.5102202196316,230.93993764700497
47,100.0,30,150.0,1.5,2.0,1,0,79.92806117721828,508.09619272662525,320.04607686407394
48,100.0,20,50.0,2.0,1.0,2,0,48.97719726918079,528.5102202196316,230.93993764700497
48,100.0,20,50.0,1.0,2.0,0,1,38.94318690978095,618.457843509995,210.25148704041658
48,100.0,20,50.0,2.0,1.0,4,0,57.60610501197422,583.5392240691343,199.17625985026734
48,100.0,20,50.0,1.5,1.0,3,1,55.352848036220685,588.7156284192499,259.79624804328637
48,100.0,25,50.0,1.5,1.0,1,0,38.56949488519945,518.1255589810148,278.63545787015914
48,100.0,20,50.0,2.0,1.5,0,1,62.974425076946964,618.457843509995,210.25148704041658
48,100.0,20,50.0,2.0,1.5,4,1,65.900772053489,583.5392240691343,199.17625985026734
48,100.0,20,50.0,2.0,1.0,0,1,70.76324442443389,618.457843509995,210.25148704041658
48,100.0,20,50.0,2.0,1.0,3,0,71.34554589803523,588.7156284192499,259.79624804328637
48,100.0,25,50.0,2.0,1.0,1,0,44.32661738861503,518.1255589810148,278.63545787015914
48,100.0,20,50.0,1.0,1.5,4,0,87.98080517608315,583.5392240691343,199.17625985026734
48,100.0,20,50.0,1.5,1.0,0,1,63.008412820115225,618.457843509995,210.25148704041658
48,100.0,20,50.0,1.0,1.5,0,0,89.46313217536972,618.457843509995,210.25148704041658
48,100.0,20,50.0,1.0,1.5,3,0,90.1886890345138,588.7156284192499,259.79624804328637
48,100.0,25,50.0,1.5,1.0,2,0,54.22694848764844,528.5102202196316,230.93993764700497
48,100.0,25,50.0,1.5,1.0,3,1,58.13855406646355,588.7156284192499,259.79624804328637
48,100.0,25,50.0,1.0,1.5,1,0,51.53563849129039,518.1255589810148,278.63545787015914
48,100.0,25,50.0,1.5,1.0,0,1,67.06644951936484,618.457843509995,210.25148704041658
48,100.0,20,50.0,1.5,1.0,4,1,81.372112471475,583.5392240691343,199.17625985026734
48,100.0,20,50.0,2.0,1.5,1,0,98.9223638128307,518.1255589810148,278.63545787015914
48,100.0,20,50.0,1.0,1.0,3,0,96.1297009187027,588.7156284192499,259.79624804328637
48,100.0,25,50.0,1.5,1.0,4,1,79.25322904966986,583.5392240691343,199.17625985026734
48,100.0,25,50.0,1.5,1.5,1,0,67.02246468916007,518.1255589810148,278.63545787015914
48,100.0,20,50.0,1.5,1.0,1,1,91.24423940051327,518.1255589810148,278.63545787015914
48,100.0,20,50.0,1.5,1.0,2,1,91.46694012067861,528.5102202196316,230.93993764700497
48,100.0,25,50.0,1.0,2.0,2,0,41.27311908938274,528.5102202196316,230.93993764700497
48,100.0,25,50.0,1.0,1.5,2,0,80.13596904263916,528.5102202196316,230.93993764700497
48,100.0,25,50.0,1.0,2.0,0,1,47.9139578482124,618.457843509995,210.25148704041658
48,100.0,25,50.0,1.0,1.5,0,1,84.85639323214262,618.457843509995,210.25148704041658
48,100.0,25,50.0,1.0,1.0,0,1,88.98605356356364,618.457843509995,210.25148704041658
48,100.0,25,50.0,2.0,1.5,0,1,68.05958397482529,618.457843509995,210.25148704041658
48,100.0,25,50.0,1.0,2.0,4,1,64.7906519366314,583.5392240691343,199.17625985026734
48,100.0,25,50.0,1.0,2.0,3,1,68.4217014490392,588.7156284192499,259.79624804328637
48,100.0,30,50.0,1.0,2.0,2,0,32.52099158580834,528.5102202196316,230.93993764700497
48,100.0,30,50.0,1.0,2.0,1,0,36.40030286502726,518.1255589810148,278.63545787015914
48,100.0,20,100.0,1.0,1.0,2,0,16.353999234047784,528.5102202196316,230.93993764700497
48,100.0,20,100.0,1.0,1.0,1,0,17.685034914739,518.1255589810148,278.63545787015914
48,100.0,25,50.0,2.0,2.0,0,1,64.72429034517852,618.457843509995,210.25148704041658
48,100.0,30,50.0,1.0,1.0,0,1,55.36361354377391,618.457843509995,210.25148704041658
48,100.0,25,50.0,1.0,2.0,1,0,96.24495104438209,518.1255589810148,278.63545787015914
48,100.0,30,50.0,1.0,2.0,4,0,47.55079065287085,583.5392240691343,199.17625985026734
48,100.0,25,50.0,2.0,1.5,4,1,99.99192086998039,583.5392240691343,199.17625985026734
48,100.0,30,50.0,1.5,2.0,0,1,34.57829123430153,618.457843509995,210.25148704041658
48,100.0,30,50.0,1.5,1.5,0,1,59.751481475706115,618.457843509995,210.25148704041658
48,100.0,30,50.0,2.0,1.5,0,1,54.09380482591428,618.457843509995,210.25148704041658
48,100.0,25,50.0,2.0,2.0,3,1,78.62057219351902,588.7156284192499,259.79624804328637
48,100.0,20,100.0,1.5,1.0,2,0,16.353999234047784,528.5102202196316,230.93993764700497
48,100.0,25,50.0,1.5,2.0,1,0,90.06764004467111,518.1255589810148,278.63545787015914
48,100.0,20,100.0,1.5,1.0,1,0,17.685034914739,518.1255589810148,278.63545787015914
48,100.0,25,50.0,1.5,2.0,2,0,90.28326624218727,528.5102202196316,230.93993764700497
48,100.0,20,100.0,2.0,1.0,2,0,16.353999234047784,528.5102202196316,230.93993764700497
48,100.0,30,50.0,2.0,1.0,0,1,78.14826189014781,618.457843509995,210.25148704041658
48,100.0,30,50.0,2.0,1.0,3,1,78.35124702951079,588.7156284192499,259.79624804328637
48,100.0,20,100.0,2.0,1.0,1,0,17.685034914739,518.1255589810148,278.63545787015914
48,100.0,25,50.0,1.5,2.0,3,0,93.50194446548652,588.7156284192499,259.79624804328637
48,100.0,30,50.0,1.0,2.0,0,1,68.47288953430252,618.457843509995,210.25148704041658
48,100.0,20,100.0,1.0,1.0,3,0,47.42421436451779,588.7156284192499,259.79624804328637
48,100.0,20,100.0,1.0,1.0,4,0,48.92380947578438,583.5392240691343,199.17625985026734
48,100.0,20,100.0,1.0,1.0,0,0,49.74094663207454,618.457843509995,210.25148704041658
48,100.0,25,50.0,2.0,2.0,4,1,95.09468378046077,583.5392240691343,199.17625985026734
48,100.0,30,50.0,2.0,1.0,4,1,89.42253316949855,583.5392240691343,199.17625985026734
48,100.0,30,50.0,1.5,1.5,4,1,79.88503058736588,583.5392240691343,199.17625985026734
48,100.0,30,50.0,1.5,1.5,3,1,81.14210434505218,588.7156284192499,259.79624804328637
48,100.0,30,50.0,2.0,1.5,4,1,80.78701904902113,583.5392240691343,199.17625985026734
48,100.0,30,50.0,1.0,1.0,3,1,95.57515080480954,588.7156284192499,259.79624804328637
48,100.0,30,50.0,1.0,1.0,1,0,97.60865973412064,518.1255589810148,278.63545787015914
48,100.0,20,100.0,1.0,1.5,2,0,16.353999234047784,528.5102202196316,230.93993764700497
48,100.0,20,100.0,1.5,1.5,2,0,16.353999234047784,528.5102202196316,230.93993764700497
48,100.0,30,50.0,1.5,1.5,1,0,94.85145181741584,518.1255589810148,278.63545787015914
48,100.0,30,50.0,1.0,1.0,4,1,99.61878752518506,583.5392240691343,199.17625985026734
48,100.0,20,100.0,1.5,1.5,1,0,17.685034914739,518.1255589810148,278.63545787015914
48,100.0,30,50.0,1.5,1.5,2,0,95.00651926011372,528.5102202196316,230.93993764700497
48,100.0,20,100.0,1.0,1.5,1,0,17.685034914739,518.1255589810148,278.63545787015914
48,100.0,30,50.0,1.0,2.0,3,0,92.55646770956201,588.7156284192499,259.79624804328637
48,100.0,20,100.0,2.0,1.0,3,0,47.42421436451779,588.7156284192499,259.79624804328637
48,100.0,20,100.0,1.5,1.0,3,0,47.42421436451779,588.7156284192499,259.79624804328637
48,100.0,30,50.0,2.0,1.5,3,1,91.65419103055933,588.7156284192499,259.79624804328637
48,100.0,20,100.0,1.5,1.0,4,0,48.92380947578438,583.5392240691343,199.17625985026734
48,100.0,20,100.0,2.0,1.0,4,0,48.92380947578438,583.5392240691343,199.17625985026734
48,100.0,20,100.0,2.0,1.5,2,0,16.353999234047784,528.5102202196316,230.93993764700497
48,100.0,20,100.0,2.0,1.0,0,0,49.74094663207454,618.457843509995,210.25148704041658
48,100.0,20,100.0,2.0,1.5,1,0,17.685034914739,518.1255589810148,278.63545787015914
48,100.0,20,100.0,1.5,1.0,0,0,49.74094663207454,618.457843509995,210.25148704041658
48,100.0,30,50.0,2.0,2.0,0,1,71.89967718412971,618.457843509995,210.25148704041658
48,100.0,20,100.0,1.0,2.0,2,0,16.353999234047784,528.5102202196316,230.93993764700497
48,100.0,20,100.0,1.0,2.0,1,0,17.685034914739,518.1255589810148,278.63545787015914
48,100.0,20,100.0,1.5,2.0,2,0,16.353999234047784,528.5102202196316,230.93993764700497
48,100.0,20,100.0,1.5,2.0,1,0,17.685034914739,518.1255589810148,278.63545787015914
48,100.0,30,50.0,1.5,2.0,3,1,87.04327458994088,588.7156284192499,259.79624804328637
48,100.0,25,100.0,1.0,1.0,2,0,15.25083416062249,528.5102202196316,230.93993764700497
48,100.0,25,100.0,1.0,1.0,1,0,15.991233642911567,518.1255589810148,278.63545787015914
48,100.0,20,100.0,2.0,2.0,2,0,16.353999234047784,528.5102202196316,230.93993764700497
48,100.0,20,100.0,2.0,2.0,1,0,17.685034914739,518.1255589810148,278.63545787015914
48,100.0,25,100.0,1.5,1.0,2,0,15.25083416062249,528.5102202196316,230.93993764700497
48,100.0,25,100.0,1.5,1.0,1,0,15.991233642911567,518.1255589810148,278.63545787015914
48,100.0,25,100.0,2.0,1.0,2,0,15.25083416062249,528.5102202196316,230.93993764700497
48,100.0,25,100.0,1.0,1.5,2,0,15.25083416062249,528.5102202196316,230.93993764700497
48,100.0,25,100.0,2.0,1.0,1,0,15.991233642911567,518.1255589810148,278.63545787015914
48,100.0,25,100.0,1.0,1.5,1,0,15.991233642911567,518.1255589810148,278.63545787015914
48,100.0,25,100.0,1.5,1.5,2,0,15.25083416062249,528.5102202196316,230.93993764700497
48,100.0,30,50.0,2.0,2.0,2,0,90.50567777586916,528.5102202196316,230.93993764700497
48,100.0,30,50.0,2.0,2.0,1,0,90.9033468718563,518.1255589810148,278.63545787015914
48,100.0,25,100.0,1.5,1.0,3,0,27.05602606979999,588.7156284192499,259.79624804328637
48,100.0,25,100.0,1.5,1.5,1,0,15.991233642911567,518.1255589810148,278.63545787015914
48,100.0,25,100.0,2.0,1.0,3,0,27.05602606979999,588.7156284192499,259.79624804328637
48,100.0,25,100.0,1.5,1.0,4,0,29.135890129837616,583.5392240691343,199.17625985026734
48,100.0,25,100.0,2.0,1.5,2,0,15.25083416062249,528.5102202196316,230.93993764700497
48,100.0,25,100.0,2.0,1.5,1,0,15.991233642911567,518.1255589810148,278.63545787015914
48,100.0,25,100.0,1.0,1.0,3,0,27.05602606979999,588.7156284192499,259.79624804328637
48,100.0,25,100.0,1.0,1.5,3,0,27.05602606979999,588.7156284192499,259.79624804328637
48,100.0,25,100.0,2.0,1.0,4,0,29.135890129837616,583.5392240691343,199.17625985026734
48,100.0,30,50.0,2.0,2.0,3,0,94.7415430875564,588.7156284192499,259.79624804328637
48,100.0,20,100.0,1.0,1.5,3,0,47.42421436451779,588.7156284192499,259.79624804328637
48,100.0,25,100.0,1.0,1.5,4,0,29.135890129837616,583.5392240691343,199.17625985026734
48,100.0,20,100.0,1.0,1.5,4,0,48.92380947578438,583.5392240691343,199.17625985026734
48,100.0,20,100.0,1.5,1.5,3,0,47.42421436451779,588.7156284192499,259.79624804328637
48,100.0,25,100.0,1.0,1.0,4,0,29.135890129837616,583.5392240691343,199.17625985026734
48,100.0,20,100.0,1.0,1.5,0,0,49.74094663207454,618.457843509995,210.25148704041658
48,100.0,20,100.0,2.0,1.5,3,0,47.42421436451779,588.7156284192499,259.79624804328637
48,100.0,20,100.0,1.5,1.5,4,0,48.92380947578438,583.5392240691343,199.17625985026734
48,100.0,20,100.0,1.5,1.5,0,0,49.74094663207454,618.457843509995,210.25148704041658
48,100.0,20,100.0,2.0,1.5,4,0,48.92380947578438,583.5392240691343,199.17625985026734
48,100.0,20,100.0,2.0,1.5,0,0,49.74094663207454,618.457843509995,210.25148704041658
48,100.0,25,100.0,1.0,2.0,2,0,15.25083416062249,528.5102202196316,230.93993764700497
48,100.0,25,100.0,1.5,1.5,3,0,27.05602606979999,588.7156284192499,259.79624804328637
48,100.0,25,100.0,1.0,2.0,1,0,15.991233642911567,518.1255589810148,278.63545787015914
48,100.0,25,100.0,1.5,1.0,0,0,40.20178333366795,618.457843509995,210.25148704041658
48,100.0,20,100.0,1.5,2.0,3,0,47.42421436451779,588.7156284192499,259.79624804328637
48,100.0,25,100.0,1.5,1.5,4,0,29.135890129837616,583.5392240691343,199.17625985026734
48,100.0,20,100.0,2.0,2.0,3,0,47.42421436451779,588.7156284192499,259.79624804328637
48,100.0,25,100.0,2.0,1.5,3,0,27.05602606979999,588.7156284192499,259.79624804328637
48,100.0,20,100.0,1.0,2.0,3,0,47.42421436451779,588.7156284192499,259.79624804328637
48,100.0,20,100.0,1.5,2.0,4,0,49.26087524181883,583.5392240691343,199.17625985026734
48,100.0,20,100.0,2.0,2.0,4,0,49.26087524181883,583.5392240691343,199.17625985026734
48,100.0,25,100.0,2.0,1.0,0,0,40.20178333366795,618.457843509995,210.25148704041658
48,100.0,25,100.0,1.0,1.5,0,0,40.20178333366795,618.457843509995,210.25148704041658
48,100.0,25,100.0,2.0,1.5,4,0,29.135890129837616,583.5392240691343,199.17625985026734
48,100.0,25,100.0,1.0,1.0,0,0,40.20178333366795,618.457843509995,210.25148704041658
48,100.0,20,100.0,1.0,2.0,4,0,49.26087524181883,583.5392240691343,199.17625985026734
48,100.0,20,100.0,1.5,2.0,0,0,55.01395197419737,618.457843509995,210.25148704041658
48,100.0,20,100.0,2.0,2.0,0,0,55.01395197419737,618.457843509995,210.25148704041658
48,100.0,25,100.0,1.5,2.0,2,0,15.25083416062249,528.5102202196316,230.93993764700497
48,100.0,25,100.0,1.5,2.0,1,0,15.991233642911567,518.1255589810148,278.63545787015914
48,100.0,30,100.0,1.5,1.0,1,0,16.664058955936262,518.1255589810148,278.63545787015914
48,100.0,25,100.0,1.0,2.0,3,0,27.05602606979999,588.7156284192499,259.79624804328637
48,100.0,20,100.0,1.0,2.0,0,0,55.01395197419737,618.457843509995,210.25148704041658
48,100.0,25,100.0,1.0,2.0,4,0,29.135890129837616,583.5392240691343,199.17625985026734
48,100.0,25,100.0,2.0,2.0,2,0,15.25083416062249,528.5102202196316,230.93993764700497
48,100.0,25,100.0,2.0,2.0,1,0,15.991233642911567,518.1255589810148,278.63545787015914
48,100.0,25,100.0,1.5,1.5,0,0,40.20178333366795,618.457843509995,210.25148704041658
48,100.0,30,100.0,1.0,1.0,1,0,16.664058955936262,518.1255589810148,278.63545787015914
48,100.0,30,100.0,2.0,1.0,1,0,16.664058955936262,518.1255589810148,278.63545787015914
48,100.0,30,100.0,1.0,1.5,1,0,16.664058955936262,518.1255589810148,278.63545787015914
48,100.0,25,100.0,2.0,1.5,0,0,40.20178333366795,618.457843509995,210.25148704041658
48,100.0,30,100.0,1.5,1.5,1,0,16.664058955936262,518.1255589810148,278.63545787015914
48,100.0,30,100.0,1.0,2.0,1,0,16.664058955936262,518.1255589810148,278.63545787015914
48,100.0,25,100.0,1.5,2.0,3,0,27.05602606979999,588.7156284192499,259.79624804328637
48,100.0,25,100.0,1.0,2.0,0,0,40.20178333366795,618.457843509995,210.25148704041658
48,100.0,30,100.0,1.5,1.0,2,0,31.262235167384937,528.5102202196316,230.93993764700497
48,100.0,20,150.0,1.0,1.0,2,0,13.421032804365714,528.5102202196316,230.93993764700497
48,100.0,25,100.0,2.0,2.0,3,0,27.05602606979999,588.7156284192499,259.79624804328637
48,100.0,25,100.0,1.5,2.0,4,0,29.135890129837616,583.5392240691343,199.17625985026734
48,100.0,30,100.0,1.5,2.0,1,0,16.664058955936262,518.1255589810148,278.63545787015914
48,100.0,20,150.0,1.0,1.0,0,1,14.056546077418979,618.457843509995,210.25148704041658
48,100.0,25,100.0,2.0,2.0,4,0,29.135890129837616,583.5392240691343,199.17625985026734
48,100.0,30,100.0,2.0,1.5,1,0,16.664058955936262,518.1255589810148,278.63545787015914
48,100.0,30,100.0,1.0,1.0,2,0,31.262235167384937,528.5102202196316,230.93993764700497
48,100.0,20,150.0,1.0,1.0,4,1,18.531087103743555,583.5392240691343,199.17625985026734
48,100.0,30,100.0,2.0,2.0,1,0,16.664058955936262,518.1255589810148,278.63545787015914
48,100.0,30,100.0,2.0,1.0,2,0,31.262235167384937,528.5102202196316,230.93993764700497
48,100.0,20,150.0,1.0,1.0,1,1,22.760269446637967,518.1255589810148,278.63545787015914
48,100.0,30,100.0,1.0,1.5,2,0,33.42443675462946,528.5102202196316,230.93993764700497
48,100.0,20,150.0,1.5,1.0,2,0,13.421032804365714,528.5102202196316,230.93993764700497
48,100.0,20,150.0,1.5,1.0,0,1,14.056546077418979,618.457843509995,210.25148704041658
48,100.0,30,100.0,1.5,1.5,2,0,33.42443675462946,528.5102202196316,230.93993764700497
48,100.0,20,150.0,2.0,1.0,2,0,13.421032804365714,528.5102202196316,230.93993764700497
48,100.0,20,150.0,2.0,1.0,0,1,14.056546077418979,618.457843509995,210.25148704041658
48,100.0,30,100.0,1.0,2.0,2,0,33.92626534873901,528.5102202196316,230.93993764700497
48,100.0,25,100.0,1.5,2.0,0,0,40.20178333366795,618.457843509995,210.25148704041658
48,100.0,30,100.0,1.0,2.0,3,0,35.617911174230834,588.7156284192499,259.79624804328637
48,100.0,30,100.0,1.5,2.0,2,0,33.92626534873901,528.5102202196316,230.93993764700497
48,100.0,20,150.0,1.5,1.0,4,1,18.531087103743555,583.5392240691343,199.17625985026734
48,100.0,25,100.0,2.0,2.0,0,0,40.20178333366795,618.457843509995,210.25148704041658
48,100.0,20,150.0,1.0,1.0,3,1,30.38446038625613,588.7156284192499,259.79624804328637
48,100.0,20,150.0,2.0,1.0,4,1,18.531087103743555,583.5392240691343,199.17625985026734
48,100.0,30,100.0,1.5,2.0,3,0,35.617911174230834,588.7156284192499,259.79624804328637
48,100.0,30,100.0,1.0,1.5,3,0,44.07352076818203,588.7156284192499,259.79624804328637
48,100.0,30,100.0,1.0,1.5,0,0,44.3769101489935,618.457843509995,210.25148704041658
48,100.0,20,150.0,2.0,1.0,1,1,22.760269446637967,518.1255589810148,278.63545787015914
48,100.0,30,100.0,2.0,1.5,2,0,33.42443675462946,528.5102202196316,230.93993764700497
48,100.0,20,150.0,1.5,1.0,1,1,22.760269446637967,518.1255589810148,278.63545787015914
48,100.0,30,100.0,1.5,1.5,3,0,44.07352076818203,588.7156284192499,259.79624804328637
48,100.0,30,100.0,1.5,1.5,0,0,44.3769101489935,618.457843509995,210.25148704041658
48,100.0,30,100.0,2.0,2.0,2,0,33.92626534873901,528.5102202196316,230.93993764700497
48,100.0,20,150.0,1.0,1.5,2,0,13.421032804365714,528.5102202196316,230.93993764700497
48,100.0,20,150.0,1.0,1.5,0,1,14.056546077418979,618.457843509995,210.25148704041658
48,100.0,30,100.0,2.0,2.0,3,0,35.617911174230834,588.7156284192499,259.79624804328637
48,100.0,20,150.0,2.0,1.0,3,1,30.38446038625613,588.7156284192499,259.79624804328637
48,100.0,30,100.0,1.0,1.0,3,1,53.73620015585856,588.7156284192499,259.79624804328637
48,100.0,30,100.0,2.0,1.0,3,0,56.72561108664367,588.7156284192499,259.79624804328637
48,100.0,30,100.0,1.0,1.0,4,0,56.72561108664367,583.5392240691343,199.17625985026734
48,100.0,20,150.0,1.5,1.5,2,0,13.421032804365714,528.5102202196316,230.93993764700497
48,100.0,30,100.0,1.5,1.0,3,0,56.72561108664367,588.7156284192499,259.79624804328637
48,100.0,20,150.0,1.5,1.0,3,1,30.38446038625613,588.7156284192499,259.79624804328637
48,100.0,20,150.0,1.5,1.5,0,1,14.056546077418979,618.457843509995,210.25148704041658
48,100.0,20,150.0,1.0,1.5,4,1,20.717818260578376,583.5392240691343,199.17625985026734
48,100.0,20,150.0,2.0,1.5,2,0,13.421032804365714,528.5102202196316,230.93993764700497
48,100.0,30,100.0,2.0,1.5,0,0,44.567956033683906,618.457843509995,210.25148704041658
48,100.0,30,100.0,1.0,2.0,4,0,55.983157519818924,583.5392240691343,199.17625985026734
48,100.0,30,100.0,1.5,2.0,0,0,57.063282529112904,618.457843509995,210.25148704041658
48,100.0,20,150.0,2.0,1.5,0,1,14.056546077418979,618.457843509995,210.25148704041658
48,100.0,20,150.0,1.0,2.0,2,0,13.421032804365714,528.5102202196316,230.93993764700497
48,100.0,20,150.0,1.5,1.5,4,1,20.717818260578376,583.5392240691343,199.17625985026734
48,100.0,20,150.0,1.0,2.0,0,1,14.056546077418979,618.457843509995,210.25148704041658
48,100.0,30,100.0,1.0,1.0,0,1,66.65954221874252,618.457843509995,210.25148704041658
48,100.0,20,150.0,1.0,1.5,3,1,28.325094794055033,588.7156284192499,259.79624804328637
48,100.0,30,100.0,1.0,2.0,0,0,61.39429928762867,618.457843509995,210.25148704041658
48,100.0,30,100.0,1.0,1.5,4,0,69.96516112402466,583.5392240691343,199.17625985026734
48,100.0,20,150.0,2.0,1.5,4,1,20.717818260578376,583.5392240691343,199.17625985026734
48,100.0,20,150.0,1.5,2.0,2,0,13.421032804365714,528.5102202196316,230.93993764700497
48,100.0,20,150.0,1.0,2.0,4,1,20.717818260578376,583.5392240691343,199.17625985026734
48,100.0,30,100.0,2.0,1.0,0,0,71.58347007445602,618.457843509995,210.25148704041658
48,100.0,20,150.0,1.5,2.0,0,1,14.056546077418979,618.457843509995,210.25148704041658
48,100.0,30,100.0,1.5,1.5,4,0,70.25226502705722,583.5392240691343,199.17625985026734
48,100.0,25,150.0,1.0,1.0,2,0,9.485902620347737,528.5102202196316,230.93993764700497
48,100.0,20,150.0,1.5,1.5,3,1,28.325094794055033,588.7156284192499,259.79624804328637
48,100.0,30,100.0,1.5,1.0,0,0,71.58347007445602,618.457843509995,210.25148704041658
48,100.0,25,150.0,1.5,1.0,2,0,9.485902620347737,528.5102202196316,230.93993764700497
48,100.0,30,100.0,1.5,2.0,4,0,70.95264566061014,583.5392240691343,199.17625985026734
48,100.0,20,150.0,2.0,1.5,3,1,28.325094794055033,588.7156284192499,259.79624804328637
48,100.0,20,150.0,1.0,1.5,1,0,38.37879105010664,518.1255589810148,278.63545787015914
48,100.0,30,100.0,2.0,2.0,0,0,57.063282529112904,618.457843509995,210.25148704041658
48,100.0,20,150.0,2.0,2.0,2,0,13.421032804365714,528.5102202196316,230.93993764700497
48,100.0,20,150.0,1.5,2.0,4,1,20.717818260578376,583.5392240691343,199.17625985026734
48,100.0,20,150.0,2.0,2.0,0,1,14.056546077418979,618.457843509995,210.25148704041658
48,100.0,20,150.0,1.0,2.0,1,1,30.13103466280734,518.1255589810148,278.63545787015914
48,100.0,25,150.0,2.0,1.0,2,0,9.485902620347737,528.5102202196316,230.93993764700497
48,100.0,20,150.0,2.0,2.0,4,1,20.717818260578376,583.5392240691343,199.17625985026734
48,100.0,25,150.0,1.0,1.5,2,0,9.485902620347737,528.5102202196316,230.93993764700497
48,100.0,30,100.0,2.0,1.5,4,0,64.79001071251547,583.5392240691343,199.17625985026734
48,100.0,20,150.0,1.5,1.5,1,0,38.37879105010664,518.1255589810148,278.63545787015914
48,100.0,25,150.0,1.5,1.5,2,0,9.485902620347737,528.5102202196316,230.93993764700497
48,100.0,20,150.0,2.0,1.5,1,0,38.37879105010664,518.1255589810148,278.63545787015914
48,100.0,25,150.0,1.0,1.0,1,0,28.00694525138962,518.1255589810148,278.63545787015914
48,100.0,20,150.0,1.0,2.0,3,0,41.56776726064852,588.7156284192499,259.79624804328637
48,100.0,25,150.0,2.0,1.5,2,0,9.485902620347737,528.5102202196316,230.93993764700497
48,100.0,25,150.0,1.5,1.0,1,0,28.00694525138962,518.1255589810148,278.63545787015914
48,100.0,30,100.0,2.0,1.5,3,1,77.01446535923974,588.7156284192499,259.79624804328637
48,100.0,20,150.0,2.0,2.0,1,1,30.13103466280734,518.1255589810148,278.63545787015914
48,100.0,20,150.0,1.5,2.0,1,1,30.13103466280734,518.1255589810148,278.63545787015914
48,100.0,30,100.0,2.0,2.0,4,0,70.95264566061014,583.5392240691343,199.17625985026734
48,100.0,25,150.0,2.0,1.0,1,0,28.00694525138962,518.1255589810148,278.63545787015914
48,100.0,25,150.0,1.5,2.0,2,0,9.485902620347737,528.5102202196316,230.93993764700497
48,100.0,25,150.0,1.0,2.0,2,0,9.485902620347737,528.5102202196316,230.93993764700497
48,100.0,25,150.0,1.5,1.5,1,0,27.208781547415,518.1255589810148,278.63545787015914
48,100.0,25,150.0,1.0,1.0,3,0,44.023460879197174,588.7156284192499,259.79624804328637
48,100.0,25,150.0,1.0,1.5,1,0,27.208781547415,518.1255589810148,278.63545787015914
48,100.0,20,150.0,2.0,2.0,3,0,41.56776726064852,588.7156284192499,259.79624804328637
48,100.0,30,150.0,1.0,1.0,4,0,10.346344591137846,583.5392240691343,199.17625985026734
48,100.0,25,150.0,2.0,2.0,2,0,9.485902620347737,528.5102202196316,230.93993764700497
48,100.0,25,150.0,1.0,1.0,4,1,49.27583350729286,583.5392240691343,199.17625985026734
48,100.0,25,150.0,1.5,1.0,3,0,44.023460879197174,588.7156284192499,259.79624804328637
48,100.0,30,150.0,1.0,1.0,2,0,11.293576220609507,528.5102202196316,230.93993764700497
48,100.0,30,150.0,1.5,1.0,4,0,10.346344591137846,583.5392240691343,199.17625985026734
48,100.0,30,150.0,2.0,1.0,4,0,10.346344591137846,583.5392240691343,199.17625985026734
48,100.0,30,150.0,1.0,1.0,1,0,12.128004296732568,518.1255589810148,278.63545787015914
48,100.0,30,150.0,1.5,1.0,2,0,11.293576220609507,528.5102202196316,230.93993764700497
48,100.0,25,150.0,2.0,1.0,0,1,41.79433000117794,618.457843509995,210.25148704041658
48,100.0,30,150.0,1.5,1.0,1,0,12.128004296732568,518.1255589810148,278.63545787015914
48,100.0,20,150.0,1.5,2.0,3,0,41.56776726064852,588.7156284192499,259.79624804328637
48,100.0,30,150.0,1.0,1.0,0,0,13.239008117803133,618.457843509995,210.25148704041658
48,100.0,30,150.0,2.0,1.0,2,0,11.293576220609507,528.5102202196316,230.93993764700497
48,100.0,30,150.0,1.5,1.0,0,0,13.239008117803133,618.457843509995,210.25148704041658
48,100.0,30,150.0,2.0,1.0,1,0,12.128004296732568,518.1255589810148,278.63545787015914
48,100.0,25,150.0,2.0,1.0,4,1,43.617571946291065,583.5392240691343,199.17625985026734
48,100.0,25,150.0,2.0,1.0,3,0,44.03307457580786,588.7156284192499,259.79624804328637
48,100.0,25,150.0,2.0,1.5,1,0,27.208781547415,518.1255589810148,278.63545787015914
48,100.0,25,150.0,1.0,1.5,3,0,36.24169099860182,588.7156284192499,259.79624804328637
48,100.0,30,150.0,2.0,1.0,0,0,13.239008117803133,618.457843509995,210.25148704041658
48,100.0,25,150.0,1.5,1.0,0,1,48.88841412655967,618.457843509995,210.25148704041658
48,100.0,25,150.0,1.5,1.5,3,0,36.24169099860182,588.7156284192499,259.79624804328637
48,100.0,25,150.0,1.0,1.5,0,0,37.07839284202994,618.457843509995,210.25148704041658
48,100.0,25,150.0,1.5,1.5,0,0,37.07839284202994,618.457843509995,210.25148704041658
48,100.0,30,150.0,1.0,1.5,4,0,10.346344591137846,583.5392240691343,199.17625985026734
48,100.0,30,150.0,1.0,1.5,2,0,11.293576220609507,528.5102202196316,230.93993764700497
48,100.0,30,150.0,1.0,1.5,1,0,12.128004296732568,518.1255589810148,278.63545787015914
48,100.0,25,150.0,1.5,2.0,1,0,27.208781547415,518.1255589810148,278.63545787015914
48,100.0,30,150.0,1.0,1.5,0,0,13.239008117803133,618.457843509995,210.25148704041658
48,100.0,25,150.0,1.0,2.0,1,0,27.208781547415,518.1255589810148,278.63545787015914
48,100.0,30,150.0,1.5,1.5,4,0,10.346344591137846,583.5392240691343,199.17625985026734
48,100.0,30,150.0,1.5,1.0,3,0,24.14603448880302,588.7156284192499,259.79624804328637
48,100.0,30,150.0,1.5,1.5,2,0,11.293576220609507,528.5102202196316,230.93993764700497
48,100.0,25,150.0,2.0,1.5,3,0,36.24169099860182,588.7156284192499,259.79624804328637
48,100.0,25,150.0,1.0,1.0,0,0,66.68612245442323,618.457843509995,210.25148704041658
48,100.0,30,150.0,1.5,1.5,1,0,12.128004296732568,518.1255589810148,278.63545787015914
48,100.0,25,150.0,2.0,1.5,0,0,37.07839284202994,618.457843509995,210.25148704041658
48,100.0,30,150.0,2.0,1.0,3,0,24.14603448880302,588.7156284192499,259.79624804328637
48,100.0,25,150.0,2.0,2.0,1,0,27.208781547415,518.1255589810148,278.63545787015914
48,100.0,30,150.0,1.5,1.5,0,0,13.239008117803133,618.457843509995,210.25148704041658
48,100.0,25,150.0,1.5,1.0,4,1,64.58763411634754,583.5392240691343,199.17625985026734
48,100.0,30,150.0,2.0,1.5,4,0,10.346344591137846,583.5392240691343,199.17625985026734
48,100.0,30,150.0,2.0,1.5,2,0,11.293576220609507,528.5102202196316,230.93993764700497
48,100.0,30,150.0,2.0,1.5,1,0,12.128004296732568,518.1255589810148,278.63545787015914
48,100.0,30,150.0,2.0,1.5,0,0,13.239008117803133,618.457843509995,210.25148704041658
48,100.0,25,150.0,1.5,2.0,3,0,36.24169099860182,588.7156284192499,259.79624804328637
48,100.0,25,150.0,1.0,2.0,3,0,36.24169099860182,588.7156284192499,259.79624804328637
48,100.0,25,150.0,1.5,2.0,0,0,37.07839284202994,618.457843509995,210.25148704041658
48,100.0,25,150.0,1.0,2.0,0,0,37.07839284202994,618.457843509995,210.25148704041658
48,100.0,30,150.0,1.0,1.5,3,0,24.14603448880302,588.7156284192499,259.79624804328637
48,100.0,30,150.0,1.0,2.0,4,0,10.346344591137846,583.5392240691343,199.17625985026734
49,100.0,20,50.0,1.0,1.0,1,0,6.864492411640964,314.22539818868415,168.27731519433684
48,100.0,30,150.0,1.0,2.0,2,0,11.293576220609507,528.5102202196316,230.93993764700497
48,100.0,25,150.0,2.0,2.0,3,0,36.24169099860182,588.7156284192499,259.79624804328637
48,100.0,25,150.0,1.5,1.5,4,1,59.62189542111226,583.5392240691343,199.17625985026734
48,100.0,30,150.0,1.0,2.0,1,0,12.128004296732568,518.1255589810148,278.63545787015914
48,100.0,30,150.0,1.0,2.0,0,0,12.777368293369541,618.457843509995,210.25148704041658
48,100.0,25,150.0,2.0,2.0,0,0,37.07839284202994,618.457843509995,210.25148704041658
48,100.0,30,150.0,1.5,2.0,4,0,10.346344591137846,583.5392240691343,199.17625985026734
48,100.0,30,150.0,2.0,2.0,4,0,10.346344591137846,583.5392240691343,199.17625985026734
48,100.0,30,150.0,1.5,2.0,2,0,11.293576220609507,528.5102202196316,230.93993764700497
48,100.0,30,150.0,1.5,2.0,1,0,12.128004296732568,518.1255589810148,278.63545787015914
48,100.0,30,150.0,2.0,2.0,2,0,11.293576220609507,528.5102202196316,230.93993764700497
48,100.0,30,150.0,1.5,2.0,0,0,12.777368293369541,618.457843509995,210.25148704041658
48,100.0,25,150.0,1.0,1.5,4,1,59.62189542111226,583.5392240691343,199.17625985026734
48,100.0,30,150.0,1.5,1.5,3,0,24.14603448880302,588.7156284192499,259.79624804328637
48,100.0,30,150.0,2.0,2.0,1,0,12.128004296732568,518.1255589810148,278.63545787015914
48,100.0,30,150.0,2.0,1.5,3,0,24.14603448880302,588.7156284192499,259.79624804328637
49,100.0,20,50.0,1.5,1.0,1,0,6.864492411640964,314.22539818868415,168.27731519433684
48,100.0,30,150.0,1.0,1.0,3,0,36.88522125636212,588.7156284192499,259.79624804328637
48,100.0,30,150.0,2.0,2.0,0,0,12.777368293369541,618.457843509995,210.25148704041658
49,100.0,20,50.0,2.0,1.0,1,0,6.864492411640964,314.22539818868415,168.27731519433684
48,100.0,25,150.0,2.0,1.5,4,1,59.62189542111226,583.5392240691343,199.17625985026734
49,100.0,20,50.0,1.5,1.5,1,0,6.864492411640964,314.22539818868415,168.27731519433684
49,100.0,20,50.0,1.0,1.5,1,0,6.864492411640964,314.22539818868415,168.27731519433684
48,100.0,30,150.0,1.0,2.0,3,0,23.483692222844837,588.7156284192499,259.79624804328637
49,100.0,20,50.0,1.0,2.0,1,0,6.864492411640964,314.22539818868415,168.27731519433684
49,100.0,20,50.0,2.0,1.5,1,0,6.864492411640964,314.22539818868415,168.27731519433684
48,100.0,30,150.0,1.5,2.0,3,0,23.483692222844837,588.7156284192499,259.79624804328637
49,100.0,20,50.0,1.0,1.0,4,1,24.09176186407451,848.1016041448804,419.37436044783584
48,100.0,30,150.0,2.0,2.0,3,0,23.483692222844837,588.7156284192499,259.79624804328637
49,100.0,20,50.0,1.0,1.5,3,0,13.923586975107453,286.3322262332199,198.76373268364046
49,100.0,20,50.0,2.0,2.0,1,0,6.864492411640964,314.22539818868415,168.27731519433684
49,100.0,20,50.0,1.0,1.0,2,1,26.38693584966632,818.0575419691764,455.53724495651306
48,100.0,25,150.0,1.5,2.0,4,1,59.62189542111226,583.5392240691343,199.17625985026734
49,100.0,20,50.0,1.5,1.0,4,1,22.944383507472896,848.1016041448804,419.37436044783584
49,100.0,20,50.0,1.5,1.5,3,0,13.923586975107453,286.3322262332199,198.76373268364046
49,100.0,20,50.0,1.5,2.0,1,0,6.864492411640964,314.22539818868415,168.27731519433684
49,100.0,25,50.0,1.0,1.0,1,0,6.864492411640964,314.22539818868415,168.27731519433684
48,100.0,25,150.0,1.0,2.0,4,1,59.62189542111226,583.5392240691343,199.17625985026734
49,100.0,20,50.0,1.5,1.0,3,0,25.284414026174595,286.3322262332199,198.76373268364046
49,100.0,20,50.0,1.5,1.0,2,1,25.688878617852023,818.0575419691764,455.53724495651306
49,100.0,20,50.0,2.0,1.0,4,1,22.944383507472896,848.1016041448804,419.37436044783584
49,100.0,20,50.0,1.0,2.0,3,0,13.923586975107453,286.3322262332199,198.76373268364046
49,100.0,20,50.0,2.0,1.5,3,0,13.923586975107453,286.3322262332199,198.76373268364046
49,100.0,25,50.0,1.5,1.0,1,0,6.864492411640964,314.22539818868415,168.27731519433684
49,100.0,25,50.0,2.0,1.0,1,0,6.864492411640964,314.22539818868415,168.27731519433684
49,100.0,20,50.0,2.0,1.0,2,1,25.688878617852023,818.0575419691764,455.53724495651306
49,100.0,20,50.0,2.0,2.0,3,0,13.923586975107453,286.3322262332199,198.76373268364046
49,100.0,25,50.0,1.0,1.0,3,0,13.381251698676195,286.3322262332199,198.76373268364046
49,100.0,20,50.0,1.0,1.5,4,1,22.52412132833011,848.1016041448804,419.37436044783584
48,100.0,25,150.0,2.0,2.0,4,1,59.62189542111226,583.5392240691343,199.17625985026734
49,100.0,20,50.0,1.0,1.5,2,1,24.57187637835923,818.0575419691764,455.53724495651306
49,100.0,25,50.0,1.5,1.0,3,0,13.381251698676195,286.3322262332199,198.76373268364046
49,100.0,20,50.0,1.5,2.0,3,0,13.923586975107453,286.3322262332199,198.76373268364046
49,100.0,25,50.0,1.0,1.5,1,0,6.864492411640964,314.22539818868415,168.27731519433684
49,100.0,20,50.0,1.5,1.5,4,1,22.52412132833011,848.1016041448804,419.37436044783584
49,100.0,20,50.0,1.0,2.0,4,1,22.52412132833011,848.1016041448804,419.37436044783584
49,100.0,20,50.0,2.0,1.5,4,1,22.666559005574644,848.1016041448804,419.37436044783584
49,100.0,25,50.0,2.0,1.0,3,0,13.381251698676195,286.3322262332199,198.76373268364046
49,100.0,20,50.0,1.5,1.5,2,1,24.57187637835923,818.0575419691764,455.53724495651306
49,100.0,20,50.0,1.0,2.0,2,1,24.57187637835923,818.0575419691764,455.53724495651306
49,100.0,20,50.0,2.0,1.5,2,1,24.92721371001619,818.0575419691764,455.53724495651306
49,100.0,20,50.0,2.0,2.0,4,1,22.52412132833011,848.1016041448804,419.37436044783584
49,100.0,25,50.0,1.5,1.5,1,0,6.864492411640964,314.22539818868415,168.27731519433684
49,100.0,20,50.0,2.0,2.0,2,1,24.57187637835923,818.0575419691764,455.53724495651306
49,100.0,25,50.0,1.0,1.0,4,1,22.371599438664894,848.1016041448804,419.37436044783584
49,100.0,25,50.0,1.5,1.0,4,1,22.100859690336705,848.1016041448804,419.37436044783584
49,100.0,25,50.0,1.0,1.5,3,0,13.381251698676195,286.3322262332199,198.76373268364046
49,100.0,20,50.0,1.5,2.0,4,1,22.52412132833011,848.1016041448804,419.37436044783584
49,100.0,25,50.0,1.5,1.5,3,0,13.381251698676195,286.3322262332199,198.76373268364046
49,100.0,20,50.0,1.5,2.0,2,1,24.57187637835923,818.0575419691764,455.53724495651306
49,100.0,25,50.0,2.0,1.0,4,1,22.100859690336705,848.1016041448804,419.37436044783584
49,100.0,25,50.0,1.0,1.5,4,1,22.100859690336705,848.1016041448804,419.37436044783584
49,100.0,25,50.0,1.5,1.5,4,1,22.100859690336705,848.1016041448804,419.37436044783584
49,100.0,25,50.0,1.5,1.0,2,1,40.36020502036454,818.0575419691764,455.53724495651306
49,100.0,25,50.0,1.0,1.0,2,1,44.451829500965296,818.0575419691764,455.53724495651306
49,100.0,25,50.0,2.0,1.0,2,1,40.36020502036454,818.0575419691764,455.53724495651306
49,100.0,25,50.0,1.0,1.5,2,1,40.36020502036454,818.0575419691764,455.53724495651306
49,100.0,25,50.0,1.5,1.5,2,1,40.36020502036454,818.0575419691764,455.53724495651306
49,100.0,25,50.0,2.0,1.5,1,0,6.864492411640964,314.22539818868415,168.27731519433684
49,100.0,25,50.0,2.0,1.5,3,0,13.381251698676195,286.3322262332199,198.76373268364046
49,100.0,25,50.0,1.0,2.0,1,0,6.864492411640964,314.22539818868415,168.27731519433684
49,100.0,25,50.0,1.5,2.0,1,0,6.864492411640964,314.22539818868415,168.27731519433684
49,100.0,25,50.0,2.0,1.5,4,1,22.100859690336705,848.1016041448804,419.37436044783584
49,100.0,25,50.0,1.0,2.0,3,0,13.381251698676195,286.3322262332199,198.76373268364046
49,100.0,25,50.0,2.0,2.0,1,0,6.864492411640964,314.22539818868415,168.27731519433684
49,100.0,25,50.0,1.5,2.0,3,0,13.381251698676195,286.3322262332199,198.76373268364046
49,100.0,30,50.0,1.0,1.0,1,0,6.864492411640964,314.22539818868415,168.27731519433684
49,100.0,25,50.0,2.0,2.0,3,0,13.381251698676195,286.3322262332199,198.76373268364046
49,100.0,30,50.0,1.5,1.0,1,0,6.864492411640964,314.22539818868415,168.27731519433684
49,100.0,25,50.0,1.0,2.0,4,1,21.86227160034184,848.1016041448804,419.37436044783584
49,100.0,25,50.0,1.5,2.0,4,1,22.100859690336705,848.1016041448804,419.37436044783584
49,100.0,25,50.0,1.0,2.0,2,1,24.14439251173782,818.0575419691764,455.53724495651306
49,100.0,30,50.0,2.0,1.0,1,0,6.864492411640964,314.22539818868415,168.27731519433684
49,100.0,25,50.0,2.0,1.0,0,0,94.71803447468895,411.416448139193,404.6553535842951
49,100.0,25,50.0,2.0,2.0,4,1,22.100859690336705,848.1016041448804,419.37436044783584
49,100.0,30,50.0,1.5,1.0,3,0,14.524049199241006,286.3322262332199,198.76373268364046
49,100.0,30,50.0,1.0,1.0,3,0,15.429356464725188,286.3322262332199,198.76373268364046
49,100.0,30,50.0,1.0,1.5,1,0,6.864492411640964,314.22539818868415,168.27731519433684
49,100.0,30,50.0,2.0,1.0,3,0,15.429356464725188,286.3322262332199,198.76373268364046
49,100.0,25,50.0,2.0,1.5,2,1,42.826859002193984,818.0575419691764,455.53724495651306
49,100.0,20,50.0,1.5,1.5,0,1,99.26773366196528,411.416448139193,404.6553535842951
49,100.0,30,50.0,1.5,1.5,1,0,6.864492411640964,314.22539818868415,168.27731519433684
49,100.0,30,50.0,1.0,1.5,3,0,13.381251698676195,286.3322262332199,198.76373268364046
49,100.0,30,50.0,1.5,1.0,4,1,23.185540064151528,848.1016041448804,419.37436044783584
49,100.0,30,50.0,1.0,1.0,4,1,23.927232603617238,848.1016041448804,419.37436044783584
49,100.0,30,50.0,1.0,1.0,2,1,25.30338594478471,818.0575419691764,455.53724495651306
49,100.0,30,50.0,1.5,1.0,2,1,25.977483315555244,818.0575419691764,455.53724495651306
49,100.0,30,50.0,1.5,1.5,3,0,13.381251698676195,286.3322262332199,198.76373268364046
49,100.0,30,50.0,1.0,1.5,4,1,22.537956252902543,848.1016041448804,419.37436044783584
49,100.0,25,50.0,1.5,2.0,2,1,44.295052988849775,818.0575419691764,455.53724495651306
49,100.0,30,50.0,2.0,1.0,4,1,24.328111710761373,848.1016041448804,419.37436044783584
49,100.0,30,50.0,2.0,1.5,1,0,6.864492411640964,314.22539818868415,168.27731519433684
49,100.0,25,50.0,2.0,2.0,2,1,42.826859002193984,818.0575419691764,455.53724495651306
49,100.0,30,50.0,1.0,1.5,2,1,25.58367865097334,818.0575419691764,455.53724495651306
49,100.0,30,50.0,2.0,1.0,2,1,26.75031051665433,818.0575419691764,455.53724495651306
49,100.0,30,50.0,1.5,1.5,4,1,22.537956252902543,848.1016041448804,419.37436044783584
49,100.0,30,50.0,1.0,2.0,1,0,6.864492411640964,314.22539818868415,168.27731519433684
49,100.0,30,50.0,2.0,1.5,3,0,13.381251698676195,286.3322262332199,198.76373268364046
49,100.0,30,50.0,1.5,1.5,2,1,25.58367865097334,818.0575419691764,455.53724495651306
49,100.0,30,50.0,1.0,2.0,3,0,13.381251698676195,286.3322262332199,198.76373268364046
49,100.0,30,50.0,2.0,1.0,0,0,39.63239325530085,411.416448139193,404.6553535842951
49,100.0,30,50.0,1.5,2.0,1,0,6.864492411640964,314.22539818868415,168.27731519433684
49,100.0,30,50.0,2.0,1.5,4,1,23.850103119112607,848.1016041448804,419.37436044783584
49,100.0,30,50.0,2.0,2.0,1,0,6.864492411640964,314.22539818868415,168.27731519433684
49,100.0,30,50.0,1.0,2.0,4,1,22.371599438664894,848.1016041448804,419.37436044783584
49,100.0,30,50.0,2.0,1.5,2,1,26.26462532241533,818.0575419691764,455.53724495651306
49,100.0,30,50.0,2.0,2.0,3,0,13.381251698676195,286.3322262332199,198.76373268364046
49,100.0,20,100.0,1.5,1.0,1,0,4.17550165764707,314.22539818868415,168.27731519433684
49,100.0,30,50.0,1.5,2.0,3,0,13.381251698676195,286.3322262332199,198.76373268364046
49,100.0,20,100.0,1.0,1.0,1,0,4.17550165764707,314.22539818868415,168.27731519433684
49,100.0,30,50.0,2.0,2.0,4,1,22.537956252902543,848.1016041448804,419.37436044783584
49,100.0,30,50.0,2.0,2.0,2,1,25.58367865097334,818.0575419691764,455.53724495651306
49,100.0,30,50.0,1.5,2.0,4,1,22.537956252902543,848.1016041448804,419.37436044783584
49,100.0,20,100.0,1.0,1.0,3,0,15.249156065815699,286.3322262332199,198.76373268364046
49,100.0,30,50.0,1.5,2.0,2,1,25.58367865097334,818.0575419691764,455.53724495651306
49,100.0,20,100.0,1.5,1.0,3,0,15.249156065815699,286.3322262332199,198.76373268364046
49,100.0,30,50.0,1.0,2.0,2,1,44.27021600703941,818.0575419691764,455.53724495651306
49,100.0,20,100.0,2.0,1.0,1,0,4.17550165764707,314.22539818868415,168.27731519433684
49,100.0,20,100.0,1.0,1.0,4,1,26.298949310670825,848.1016041448804,419.37436044783584
49,100.0,20,100.0,1.5,1.0,4,1,26.298949310670825,848.1016041448804,419.37436044783584
49,100.0,20,100.0,1.0,1.5,1,0,4.17550165764707,314.22539818868415,168.27731519433684
49,100.0,20,100.0,1.5,1.5,1,0,4.17550165764707,314.22539818868415,168.27731519433684
49,100.0,20,100.0,1.5,1.0,2,1,27.659247591965514,818.0575419691764,455.53724495651306
49,100.0,20,100.0,1.0,1.0,2,1,27.659247591965514,818.0575419691764,455.53724495651306
49,100.0,20,100.0,2.0,1.0,3,0,15.249156065815699,286.3322262332199,198.76373268364046
49,100.0,20,100.0,2.0,1.5,1,0,4.17550165764707,314.22539818868415,168.27731519433684
49,100.0,20,100.0,1.0,2.0,1,0,4.17550165764707,314.22539818868415,168.27731519433684
49,100.0,30,50.0,1.0,2.0,0,0,63.076025819472086,411.416448139193,404.6553535842951
49,100.0,20,100.0,1.5,2.0,1,0,4.17550165764707,314.22539818868415,168.27731519433684
49,100.0,20,100.0,2.0,1.0,4,1,26.298949310670825,848.1016041448804,419.37436044783584
49,100.0,20,100.0,2.0,1.0,2,1,27.659247591965514,818.0575419691764,455.53724495651306
49,100.0,20,100.0,1.0,1.5,3,0,19.838130120614768,286.3322262332199,198.76373268364046
49,100.0,20,100.0,1.5,1.5,3,0,19.838130120614768,286.3322262332199,198.76373268364046
49,100.0,20,100.0,2.0,2.0,1,0,4.17550165764707,314.22539818868415,168.27731519433684
49,100.0,20,100.0,2.0,1.5,3,0,19.838130120614768,286.3322262332199,198.76373268364046
49,100.0,25,100.0,1.0,1.0,1,0,4.17550165764707,314.22539818868415,168.27731519433684
49,100.0,20,100.0,1.0,1.5,4,1,26.45118799043659,848.1016041448804,419.37436044783584
49,100.0,20,100.0,1.5,1.5,4,1,26.45118799043659,848.1016041448804,419.37436044783584
49,100.0,20,100.0,1.0,1.5,2,1,27.19655241437492,818.0575419691764,455.53724495651306
49,100.0,20,100.0,1.5,1.5,2,1,27.19655241437492,818.0575419691764,455.53724495651306
49,100.0,20,100.0,1.0,2.0,3,0,19.838130120614768,286.3322262332199,198.76373268364046
49,100.0,30,50.0,2.0,2.0,0,0,67.29253559891234,411.416448139193,404.6553535842951
49,100.0,20,100.0,2.0,1.5,4,1,26.45118799043659,848.1016041448804,419.37436044783584
49,100.0,20,100.0,2.0,1.5,2,1,27.19655241437492,818.0575419691764,455.53724495651306
49,100.0,20,100.0,1.5,2.0,3,0,19.838130120614768,286.3322262332199,198.76373268364046
49,100.0,25,100.0,1.5,1.0,1,0,4.17550165764707,314.22539818868415,168.27731519433684
49,100.0,30,50.0,1.5,2.0,0,0,63.51661688574276,411.416448139193,404.6553535842951
49,100.0,20,100.0,1.0,2.0,4,1,26.45118799043659,848.1016041448804,419.37436044783584
49,100.0,20,100.0,1.0,2.0,2,1,27.19655241437492,818.0575419691764,455.53724495651306
49,100.0,25,100.0,2.0,1.0,1,0,4.17550165764707,314.22539818868415,168.27731519433684
49,100.0,25,100.0,1.0,1.5,1,0,4.17550165764707,314.22539818868415,168.27731519433684
49,100.0,20,100.0,1.5,2.0,4,1,26.45118799043659,848.1016041448804,419.37436044783584
49,100.0,20,100.0,1.5,2.0,2,1,27.19655241437492,818.0575419691764,455.53724495651306
49,100.0,20,100.0,2.0,2.0,3,0,19.838130120614768,286.3322262332199,198.76373268364046
49,100.0,25,100.0,1.0,1.0,4,1,23.756987336931235,848.1016041448804,419.37436044783584
49,100.0,25,100.0,1.0,1.0,3,0,30.057836807285707,286.3322262332199,198.76373268364046
49,100.0,20,100.0,2.0,2.0,4,1,26.45118799043659,848.1016041448804,419.37436044783584
49,100.0,20,100.0,2.0,2.0,2,1,27.19655241437492,818.0575419691764,455.53724495651306
49,100.0,25,100.0,1.5,1.0,4,1,23.756987336931235,848.1016041448804,419.37436044783584
49,100.0,25,100.0,2.0,1.0,4,1,23.756987336931235,848.1016041448804,419.37436044783584
49,100.0,20,100.0,1.5,1.0,0,1,76.54502364328262,411.416448139193,404.6553535842951
49,100.0,25,100.0,1.0,1.5,4,1,23.590706454828847,848.1016041448804,419.37436044783584
49,100.0,25,100.0,1.5,1.0,3,0,30.057836807285707,286.3322262332199,198.76373268364046
49,100.0,25,100.0,1.0,1.5,3,0,24.86626325434306,286.3322262332199,198.76373268364046
49,100.0,25,100.0,2.0,1.0,3,0,30.057836807285707,286.3322262332199,198.76373268364046
49,100.0,25,100.0,1.5,1.5,1,0,4.17550165764707,314.22539818868415,168.27731519433684
49,100.0,25,100.0,1.0,1.0,2,1,41.09303558332341,818.0575419691764,455.53724495651306
49,100.0,25,100.0,1.0,1.5,2,1,26.914197100877864,818.0575419691764,455.53724495651306
49,100.0,25,100.0,1.0,1.0,0,0,41.86350135551157,411.416448139193,404.6553535842951
49,100.0,25,100.0,2.0,1.5,1,0,4.17550165764707,314.22539818868415,168.27731519433684
49,100.0,25,100.0,1.0,2.0,1,0,4.17550165764707,314.22539818868415,168.27731519433684
49,100.0,25,100.0,1.5,1.0,2,1,41.09303558332341,818.0575419691764,455.53724495651306
49,100.0,25,100.0,1.5,1.0,0,0,41.86350135551157,411.416448139193,404.6553535842951
49,100.0,25,100.0,2.0,1.0,2,1,41.09303558332341,818.0575419691764,455.53724495651306
49,100.0,25,100.0,2.0,1.0,0,0,41.86350135551157,411.416448139193,404.6553535842951
49,100.0,25,100.0,1.5,2.0,1,0,4.17550165764707,314.22539818868415,168.27731519433684
49,100.0,25,100.0,2.0,2.0,1,0,4.17550165764707,314.22539818868415,168.27731519433684
49,100.0,20,100.0,1.0,1.0,0,0,93.74665135696952,411.416448139193,404.6553535842951
49,100.0,25,100.0,1.5,1.5,4,1,23.590706454828847,848.1016041448804,419.37436044783584
49,100.0,25,100.0,2.0,1.5,4,1,23.590706454828847,848.1016041448804,419.37436044783584
49,100.0,20,100.0,1.5,1.5,0,0,91.32901286468076,411.416448139193,404.6553535842951
49,100.0,25,100.0,2.0,1.5,3,0,24.86626325434306,286.3322262332199,198.76373268364046
49,100.0,30,100.0,1.0,1.0,1,0,4.17550165764707,314.22539818868415,168.27731519433684
49,100.0,25,100.0,1.5,1.5,3,0,24.86626325434306,286.3322262332199,198.76373268364046
49,100.0,20,100.0,2.0,1.5,0,0,75.72350824638585,411.416448139193,404.6553535842951
49,100.0,25,100.0,1.5,1.5,2,1,26.914197100877864,818.0575419691764,455.53724495651306
49,100.0,25,100.0,2.0,1.5,2,1,26.914197100877864,818.0575419691764,455.53724495651306
49,100.0,30,100.0,1.5,1.0,1,0,4.17550165764707,314.22539818868415,168.27731519433684
49,100.0,25,100.0,1.0,2.0,4,1,23.590706454828847,848.1016041448804,419.37436044783584
49,100.0,30,100.0,1.0,1.5,1,0,4.17550165764707,314.22539818868415,168.27731519433684
49,100.0,25,100.0,1.0,2.0,3,0,24.86626325434306,286.3322262332199,198.76373268364046
49,100.0,30,100.0,2.0,1.0,1,0,4.17550165764707,314.22539818868415,168.27731519433684
49,100.0,20,100.0,1.0,2.0,0,0,89.39447097746616,411.416448139193,404.6553535842951
49,100.0,25,100.0,1.0,2.0,2,1,26.914197100877864,818.0575419691764,455.53724495651306
49,100.0,25,100.0,2.0,2.0,4,1,23.590706454828847,848.1016041448804,419.37436044783584
49,100.0,30,100.0,1.5,1.5,1,0,4.17550165764707,314.22539818868415,168.27731519433684
49,100.0,25,100.0,2.0,2.0,3,0,24.86626325434306,286.3322262332199,198.76373268364046
49,100.0,25,100.0,1.5,2.0,4,1,23.590706454828847,848.1016041448804,419.37436044783584
49,100.0,25,100.0,2.0,2.0,2,1,26.914197100877864,818.0575419691764,455.53724495651306
49,100.0,20,100.0,1.5,2.0,0,0,89.39447097746616,411.416448139193,404.6553535842951
49,100.0,30,100.0,2.0,1.5,1,0,4.17550165764707,314.22539818868415,168.27731519433684
49,100.0,25,100.0,1.5,2.0,3,0,24.86626325434306,286.3322262332199,198.76373268364046
49,100.0,25,100.0,1.5,2.0,2,1,26.914197100877864,818.0575419691764,455.53724495651306
49,100.0,30,100.0,1.0,2.0,1,0,4.17550165764707,314.22539818868415,168.27731519433684
49,100.0,30,100.0,1.5,1.0,3,0,22.879572129212356,286.3322262332199,198.76373268364046
49,100.0,30,100.0,1.5,1.0,4,1,24.023019568175563,848.1016041448804,419.37436044783584
49,100.0,30,100.0,1.5,1.0,2,1,26.37062479248925,818.0575419691764,455.53724495651306
49,100.0,30,100.0,1.0,1.0,3,0,22.879572129212356,286.3322262332199,198.76373268364046
49,100.0,30,100.0,1.0,1.5,3,0,22.879572129212356,286.3322262332199,198.76373268364046
49,100.0,30,100.0,2.0,1.0,3,0,22.879572129212356,286.3322262332199,198.76373268364046
49,100.0,30,100.0,1.0,1.0,4,1,24.023019568175563,848.1016041448804,419.37436044783584
49,100.0,30,100.0,1.0,1.5,4,1,24.023019568175563,848.1016041448804,419.37436044783584
49,100.0,30,100.0,2.0,1.0,4,1,24.023019568175563,848.1016041448804,419.37436044783584
49,100.0,30,100.0,1.0,1.0,2,1,26.37062479248925,818.0575419691764,455.53724495651306
49,100.0,30,100.0,1.0,1.5,2,1,26.37062479248925,818.0575419691764,455.53724495651306
49,100.0,30,100.0,2.0,1.0,2,1,26.37062479248925,818.0575419691764,455.53724495651306
49,100.0,30,100.0,1.5,1.5,3,0,22.879572129212356,286.3322262332199,198.76373268364046
49,100.0,30,100.0,1.5,1.5,4,1,24.023019568175563,848.1016041448804,419.37436044783584
49,100.0,20,100.0,2.0,2.0,0,0,89.39447097746616,411.416448139193,404.6553535842951
49,100.0,30,100.0,2.0,1.5,3,0,22.879572129212356,286.3322262332199,198.76373268364046
49,100.0,30,100.0,1.0,2.0,3,0,22.879572129212356,286.3322262332199,198.76373268364046
49,100.0,30,100.0,1.5,1.5,2,1,26.37062479248925,818.0575419691764,455.53724495651306
49,100.0,30,100.0,2.0,1.5,4,1,24.023019568175563,848.1016041448804,419.37436044783584
49,100.0,30,100.0,1.0,2.0,4,1,24.023019568175563,848.1016041448804,419.37436044783584
49,100.0,30,100.0,2.0,1.5,2,1,26.37062479248925,818.0575419691764,455.53724495651306
49,100.0,30,100.0,1.0,2.0,2,1,26.37062479248925,818.0575419691764,455.53724495651306
49,100.0,30,100.0,1.5,2.0,1,0,4.17550165764707,314.22539818868415,168.27731519433684
49,100.0,25,100.0,1.0,1.5,0,0,85.23482155789219,411.416448139193,404.6553535842951
49,100.0,25,100.0,1.0,2.0,0,0,69.5582846343174,411.416448139193,404.6553535842951
49,100.0,30,100.0,2.0,2.0,1,0,4.17550165764707,314.22539818868415,168.27731519433684
49,100.0,20,150.0,1.0,1.0,1,0,4.17550165764707,314.22539818868415,168.27731519433684
49,100.0,30,100.0,1.5,2.0,3,0,22.879572129212356,286.3322262332199,198.76373268364046
49,100.0,30,100.0,1.5,2.0,4,1,24.023019568175563,848.1016041448804,419.37436044783584
49,100.0,30,100.0,1.5,1.0,0,0,75.45609708184821,411.416448139193,404.6553535842951
49,100.0,25,100.0,2.0,2.0,0,0,69.5582846343174,411.416448139193,404.6553535842951
49,100.0,30,100.0,1.5,2.0,2,1,26.37062479248925,818.0575419691764,455.53724495651306
49,100.0,25,100.0,1.5,1.5,0,0,85.23482155789219,411.416448139193,404.6553535842951
49,100.0,20,150.0,2.0,1.0,1,0,4.17550165764707,314.22539818868415,168.27731519433684
49,100.0,25,100.0,1.5,2.0,0,0,69.5582846343174,411.416448139193,404.6553535842951
49,100.0,20,150.0,1.5,1.0,1,0,4.17550165764707,314.22539818868415,168.27731519433684
49,100.0,20,150.0,1.0,1.0,3,0,19.020077095865965,286.3322262332199,198.76373268364046
49,100.0,20,150.0,1.5,1.5,1,0,4.17550165764707,314.22539818868415,168.27731519433684
49,100.0,30,100.0,2.0,2.0,3,0,22.879572129212356,286.3322262332199,198.76373268364046
49,100.0,20,150.0,1.0,1.5,1,0,4.17550165764707,314.22539818868415,168.27731519433684
49,100.0,30,100.0,2.0,2.0,4,1,24.023019568175563,848.1016041448804,419.37436044783584
49,100.0,25,100.0,2.0,1.5,0,0,85.23482155789219,411.416448139193,404.6553535842951
49,100.0,30,100.0,2.0,2.0,2,1,26.37062479248925,818.0575419691764,455.53724495651306
49,100.0,20,150.0,2.0,1.5,1,0,4.17550165764707,314.22539818868415,168.27731519433684
49,100.0,20,150.0,1.0,1.0,4,1,26.61993264083101,848.1016041448804,419.37436044783584
49,100.0,30,100.0,1.0,1.5,0,0,82.91778465174852,411.416448139193,404.6553535842951
49,100.0,20,150.0,1.0,1.0,2,1,27.996085981998483,818.0575419691764,455.53724495651306
49,100.0,20,150.0,1.0,2.0,1,0,4.17550165764707,314.22539818868415,168.27731519433684
49,100.0,20,150.0,2.0,1.0,3,0,19.020077095865965,286.3322262332199,198.76373268364046
49,100.0,20,150.0,1.5,1.0,3,0,19.020077095865965,286.3322262332199,198.76373268364046
49,100.0,20,150.0,1.0,1.0,0,0,34.14185396478837,411.416448139193,404.6553535842951
49,100.0,30,100.0,2.0,1.0,0,0,75.45609708184821,411.416448139193,404.6553535842951
49,100.0,20,150.0,1.0,1.5,3,0,19.020077095865965,286.3322262332199,198.76373268364046
49,100.0,30,100.0,1.0,1.0,0,0,81.97292878740423,411.416448139193,404.6553535842951
49,100.0,20,150.0,1.5,1.5,3,0,19.020077095865965,286.3322262332199,198.76373268364046
49,100.0,20,150.0,1.5,2.0,1,0,4.17550165764707,314.22539818868415,168.27731519433684
49,100.0,20,150.0,2.0,1.0,4,1,26.61993264083101,848.1016041448804,419.37436044783584
49,100.0,20,150.0,2.0,2.0,1,0,4.17550165764707,314.22539818868415,168.27731519433684
49,100.0,20,150.0,1.5,1.0,4,1,26.61993264083101,848.1016041448804,419.37436044783584
49,100.0,25,150.0,1.0,1.0,1,0,4.17550165764707,314.22539818868415,168.27731519433684
49,100.0,20,150.0,2.0,1.5,3,0,19.020077095865965,286.3322262332199,198.76373268364046
49,100.0,20,150.0,2.0,1.0,2,1,27.996085981998483,818.0575419691764,455.53724495651306
49,100.0,20,150.0,1.5,1.0,2,1,27.996085981998483,818.0575419691764,455.53724495651306
49,100.0,30,100.0,1.0,2.0,0,0,82.91778465174852,411.416448139193,404.6553535842951
49,100.0,20,150.0,1.0,2.0,3,0,19.020077095865965,286.3322262332199,198.76373268364046
49,100.0,20,150.0,1.0,1.5,4,1,26.231204326205653,848.1016041448804,419.37436044783584
49,100.0,20,150.0,1.5,1.5,4,1,26.231204326205653,848.1016041448804,419.37436044783584
49,100.0,25,150.0,1.5,1.0,1,0,4.17550165764707,314.22539818868415,168.27731519433684
49,100.0,20,150.0,1.0,1.5,2,1,28.791235429082153,818.0575419691764,455.53724495651306
49,100.0,20,150.0,2.0,1.0,0,0,34.14185396478837,411.416448139193,404.6553535842951
49,100.0,20,150.0,1.5,1.5,2,1,28.791235429082153,818.0575419691764,455.53724495651306
49,100.0,20,150.0,1.5,1.0,0,0,34.14185396478837,411.416448139193,404.6553535842951
49,100.0,20,150.0,2.0,1.5,4,1,26.231204326205653,848.1016041448804,419.37436044783584
49,100.0,20,150.0,1.0,2.0,4,1,26.231204326205653,848.1016041448804,419.37436044783584
49,100.0,25,150.0,1.0,1.5,1,0,4.17550165764707,314.22539818868415,168.27731519433684
49,100.0,20,150.0,2.0,1.5,2,1,28.791235429082153,818.0575419691764,455.53724495651306
49,100.0,25,150.0,1.5,1.5,1,0,4.17550165764707,314.22539818868415,168.27731519433684
49,100.0,20,150.0,1.0,2.0,2,1,28.791235429082153,818.0575419691764,455.53724495651306
49,100.0,25,150.0,2.0,1.0,1,0,4.17550165764707,314.22539818868415,168.27731519433684
49,100.0,20,150.0,1.5,2.0,3,0,19.020077095865965,286.3322262332199,198.76373268364046
49,100.0,20,150.0,2.0,2.0,3,0,19.020077095865965,286.3322262332199,198.76373268364046
49,100.0,25,150.0,1.0,1.0,3,0,19.343709406120794,286.3322262332199,198.76373268364046
49,100.0,25,150.0,1.5,1.0,3,0,19.343709406120794,286.3322262332199,198.76373268364046
49,100.0,20,150.0,2.0,2.0,4,1,26.231204326205653,848.1016041448804,419.37436044783584
49,100.0,20,150.0,1.5,2.0,4,1,26.231204326205653,848.1016041448804,419.37436044783584
49,100.0,25,150.0,1.0,1.0,4,1,24.40443071579907,848.1016041448804,419.37436044783584
49,100.0,20,150.0,2.0,2.0,2,1,28.791235429082153,818.0575419691764,455.53724495651306
49,100.0,25,150.0,2.0,1.5,1,0,4.17550165764707,314.22539818868415,168.27731519433684
49,100.0,25,150.0,1.5,1.0,4,1,24.40443071579907,848.1016041448804,419.37436044783584
49,100.0,25,150.0,1.0,1.5,3,0,19.343709406120794,286.3322262332199,198.76373268364046
49,100.0,20,150.0,1.5,2.0,2,1,28.791235429082153,818.0575419691764,455.53724495651306
49,100.0,20,150.0,1.0,1.5,0,0,45.66909620685086,411.416448139193,404.6553535842951
49,100.0,20,150.0,1.5,1.5,0,0,45.66909620685086,411.416448139193,404.6553535842951
49,100.0,25,150.0,1.5,1.0,2,1,27.131480459682983,818.0575419691764,455.53724495651306
49,100.0,25,150.0,1.0,1.0,2,1,27.131480459682983,818.0575419691764,455.53724495651306
49,100.0,25,150.0,1.5,1.5,3,0,19.343709406120794,286.3322262332199,198.76373268364046
49,100.0,25,150.0,2.0,1.0,3,0,19.343709406120794,286.3322262332199,198.76373268364046
49,100.0,20,150.0,1.0,2.0,0,0,45.66909620685086,411.416448139193,404.6553535842951
49,100.0,25,150.0,1.0,1.5,4,1,24.40443071579907,848.1016041448804,419.37436044783584
49,100.0,25,150.0,1.0,2.0,1,0,4.17550165764707,314.22539818868415,168.27731519433684
49,100.0,25,150.0,1.5,2.0,1,0,4.17550165764707,314.22539818868415,168.27731519433684
49,100.0,20,150.0,2.0,1.5,0,0,45.66909620685086,411.416448139193,404.6553535842951
49,100.0,25,150.0,1.0,1.5,2,1,27.131480459682983,818.0575419691764,455.53724495651306
49,100.0,25,150.0,2.0,1.0,4,1,25.083725409653862,848.1016041448804,419.37436044783584
49,100.0,25,150.0,2.0,2.0,1,0,4.17550165764707,314.22539818868415,168.27731519433684
49,100.0,25,150.0,1.5,1.5,4,1,25.083725409653862,848.1016041448804,419.37436044783584
49,100.0,25,150.0,2.0,1.0,2,1,27.131480459682983,818.0575419691764,455.53724495651306
49,100.0,25,150.0,1.5,1.5,2,1,27.131480459682983,818.0575419691764,455.53724495651306
49,100.0,30,150.0,1.0,1.0,1,0,4.17550165764707,314.22539818868415,168.27731519433684
49,100.0,20,150.0,1.5,2.0,0,0,45.66909620685086,411.416448139193,404.6553535842951
49,100.0,20,150.0,2.0,2.0,0,0,45.66909620685086,411.416448139193,404.6553535842951
49,100.0,30,150.0,1.5,1.0,1,0,4.17550165764707,314.22539818868415,168.27731519433684
49,100.0,30,150.0,2.0,1.0,1,0,4.17550165764707,314.22539818868415,168.27731519433684
49,100.0,25,150.0,2.0,1.5,3,0,19.343709406120794,286.3322262332199,198.76373268364046
49,100.0,25,150.0,1.5,2.0,3,0,19.343709406120794,286.3322262332199,198.76373268364046
49,100.0,25,150.0,1.0,2.0,3,0,19.343709406120794,286.3322262332199,198.76373268364046
49,100.0,25,150.0,1.5,2.0,4,1,25.083725409653862,848.1016041448804,419.37436044783584
49,100.0,25,150.0,2.0,2.0,3,0,19.343709406120794,286.3322262332199,198.76373268364046
49,100.0,25,150.0,1.0,1.5,0,0,40.782438667633805,411.416448139193,404.6553535842951
49,100.0,25,150.0,1.5,2.0,2,1,27.131480459682983,818.0575419691764,455.53724495651306
49,100.0,30,150.0,1.5,1.0,3,0,18.05576804046571,286.3322262332199,198.76373268364046
49,100.0,30,150.0,1.0,1.0,3,0,18.05576804046571,286.3322262332199,198.76373268364046
49,100.0,25,150.0,1.0,2.0,4,1,24.69054796991107,848.1016041448804,419.37436044783584
49,100.0,25,150.0,2.0,1.5,4,1,25.083725409653862,848.1016041448804,419.37436044783584
49,100.0,30,150.0,2.0,1.0,3,0,18.05576804046571,286.3322262332199,198.76373268364046
49,100.0,25,150.0,1.0,2.0,2,1,27.131480459682983,818.0575419691764,455.53724495651306
49,100.0,25,150.0,2.0,1.5,2,1,27.131480459682983,818.0575419691764,455.53724495651306
49,100.0,30,150.0,1.0,1.5,1,0,4.17550165764707,314.22539818868415,168.27731519433684
49,100.0,30,150.0,1.5,1.0,4,1,26.47196283233578,848.1016041448804,419.37436044783584
49,100.0,30,150.0,2.0,1.0,4,1,26.47196283233578,848.1016041448804,419.37436044783584
49,100.0,30,150.0,1.5,1.0,2,1,27.57266458793107,818.0575419691764,455.53724495651306
49,100.0,25,150.0,2.0,2.0,4,1,25.083725409653862,848.1016041448804,419.37436044783584
49,100.0,30,150.0,2.0,1.0,2,1,27.57266458793107,818.0575419691764,455.53724495651306
49,100.0,30,150.0,1.5,1.5,1,0,4.17550165764707,314.22539818868415,168.27731519433684
49,100.0,30,150.0,1.0,1.0,4,1,26.47196283233578,848.1016041448804,419.37436044783584
49,100.0,25,150.0,2.0,2.0,2,1,27.131480459682983,818.0575419691764,455.53724495651306
49,100.0,30,150.0,1.0,1.0,2,1,27.57266458793107,818.0575419691764,455.53724495651306
49,100.0,30,150.0,1.0,1.5,3,0,18.05576804046571,286.3322262332199,198.76373268364046
49,100.0,30,150.0,1.5,1.5,3,0,18.05576804046571,286.3322262332199,198.76373268364046
49,100.0,30,150.0,2.0,1.5,1,0,4.17550165764707,314.22539818868415,168.27731519433684
49,100.0,30,150.0,1.0,1.5,4,1,26.47196283233578,848.1016041448804,419.37436044783584
49,100.0,30,150.0,1.0,1.5,2,1,27.57266458793107,818.0575419691764,455.53724495651306
49,100.0,30,150.0,1.5,1.5,4,1,26.47196283233578,848.1016041448804,419.37436044783584
49,100.0,30,150.0,1.5,1.5,2,1,27.57266458793107,818.0575419691764,455.53724495651306
49,100.0,30,150.0,2.0,1.5,3,0,18.05576804046571,286.3322262332199,198.76373268364046
49,100.0,30,150.0,2.0,1.5,4,1,26.47196283233578,848.1016041448804,419.37436044783584
49,100.0,30,150.0,2.0,1.5,2,1,27.57266458793107,818.0575419691764,455.53724495651306
49,100.0,30,150.0,1.5,2.0,1,0,4.17550165764707,314.22539818868415,168.27731519433684
49,100.0,30,150.0,1.0,2.0,1,0,4.17550165764707,314.22539818868415,168.27731519433684
49,100.0,30,150.0,2.0,2.0,1,0,4.17550165764707,314.22539818868415,168.27731519433684
49,100.0,25,150.0,1.0,1.0,0,0,88.08500902124861,411.416448139193,404.6553535842951
49,100.0,25,150.0,1.5,2.0,0,0,90.79806651775837,411.416448139193,404.6553535842951
49,100.0,25,150.0,1.0,2.0,0,0,78.79202110651158,411.416448139193,404.6553535842951
49,100.0,30,150.0,1.5,2.0,3,0,18.05576804046571,286.3322262332199,198.76373268364046
50,100.0,20,50.0,1.5,1.0,0,0,9.43720987211382,470.64839563165447,234.17356719079964
49,100.0,30,150.0,2.0,2.0,3,0,18.05576804046571,286.3322262332199,198.76373268364046
49,100.0,30,150.0,1.0,2.0,3,0,18.05576804046571,286.3322262332199,198.76373268364046
50,100.0,20,50.0,1.0,1.0,0,0,12.15339664891051,470.64839563165447,234.17356719079964
49,100.0,30,150.0,1.0,1.5,0,0,82.02504087771538,411.416448139193,404.6553535842951
49,100.0,25,150.0,2.0,1.5,0,0,98.94335072237307,411.416448139193,404.6553535842951
50,100.0,20,50.0,1.5,1.0,1,0,16.763603069781333,491.6143682701822,201.09815262649167
49,100.0,25,150.0,2.0,2.0,0,0,98.94335072237307,411.416448139193,404.6553535842951
50,100.0,20,50.0,1.5,1.0,3,0,18.76686708026952,469.64832458738795,284.35811599372937
49,100.0,30,150.0,1.5,2.0,4,1,26.47196283233578,848.1016041448804,419.37436044783584
49,100.0,30,150.0,1.0,2.0,4,1,26.47196283233578,848.1016041448804,419.37436044783584
49,100.0,30,150.0,1.5,2.0,2,1,27.57266458793107,818.0575419691764,455.53724495651306
49,100.0,30,150.0,1.0,2.0,2,1,27.57266458793107,818.0575419691764,455.53724495651306
50,100.0,20,50.0,2.0,1.0,0,0,9.43720987211382,470.64839563165447,234.17356719079964
49,100.0,30,150.0,2.0,2.0,4,1,26.47196283233578,848.1016041448804,419.37436044783584
50,100.0,20,50.0,1.0,1.0,1,0,21.478377737811925,491.6143682701822,201.09815262649167
49,100.0,30,150.0,2.0,2.0,2,1,27.57266458793107,818.0575419691764,455.53724495651306
50,100.0,20,50.0,1.0,1.5,0,0,13.423686540507047,470.64839563165447,234.17356719079964
50,100.0,20,50.0,2.0,1.5,0,0,9.43720987211382,470.64839563165447,234.17356719079964
50,100.0,20,50.0,1.5,1.5,0,0,12.15339664891051,470.64839563165447,234.17356719079964
50,100.0,20,50.0,1.0,2.0,0,0,13.423686540507047,470.64839563165447,234.17356719079964
50,100.0,20,50.0,2.0,1.0,1,0,16.782965356629145,491.6143682701822,201.09815262649167
50,100.0,20,50.0,2.0,1.5,1,0,16.782965356629145,491.6143682701822,201.09815262649167
50,100.0,20,50.0,2.0,1.5,2,0,23.971039594831968,505.447760502256,245.70114898511096
50,100.0,20,50.0,1.5,2.0,0,0,13.423686540507047,470.64839563165447,234.17356719079964
50,100.0,20,50.0,1.0,1.5,1,0,27.988688375574565,491.6143682701822,201.09815262649167
50,100.0,20,50.0,1.0,1.5,2,0,29.860630941159368,505.447760502256,245.70114898511096
50,100.0,20,50.0,2.0,1.0,2,0,29.310714053634463,505.447760502256,245.70114898511096
50,100.0,20,50.0,1.0,2.0,1,0,31.279615305620904,491.6143682701822,201.09815262649167
50,100.0,20,50.0,1.0,1.0,2,0,44.01090904926594,505.447760502256,245.70114898511096
49,100.0,30,150.0,1.5,1.5,0,0,88.48266491136089,411.416448139193,404.6553535842951
50,100.0,20,50.0,2.0,1.0,3,0,36.49755298320435,469.64832458738795,284.35811599372937
50,100.0,20,50.0,1.0,1.5,3,0,44.328837034410384,469.64832458738795,284.35811599372937
50,100.0,20,50.0,1.5,2.0,1,0,31.279615305620904,491.6143682701822,201.09815262649167
50,100.0,20,50.0,1.5,1.5,1,0,44.889741338369475,491.6143682701822,201.09815262649167
50,100.0,25,50.0,1.0,1.0,0,0,9.43720987211382,470.64839563165447,234.17356719079964
50,100.0,20,50.0,2.0,2.0,0,0,13.423686540507047,470.64839563165447,234.17356719079964
50,100.0,20,50.0,1.0,1.0,3,0,59.8216135512128,469.64832458738795,284.35811599372937
50,100.0,20,50.0,1.5,1.5,2,0,54.510106362758826,505.447760502256,245.70114898511096
49,100.0,30,150.0,2.0,1.5,0,0,88.48266491136089,411.416448139193,404.6553535842951
50,100.0,20,50.0,2.0,1.0,4,1,52.65473657872485,576.3868486491798,316.5884017606026
49,100.0,30,150.0,1.5,2.0,0,0,85.64150716182671,411.416448139193,404.6553535842951
49,100.0,30,150.0,2.0,2.0,0,0,85.64150716182671,411.416448139193,404.6553535842951
49,100.0,30,150.0,1.0,2.0,0,0,87.15630797809006,411.416448139193,404.6553535842951
50,100.0,25,50.0,1.0,1.0,1,0,20.438028101275606,491.6143682701822,201.09815262649167
50,100.0,20,50.0,1.0,2.0,2,0,62.54790476319927,505.447760502256,245.70114898511096
50,100.0,25,50.0,1.5,1.5,0,0,9.43720987211382,470.64839563165447,234.17356719079964
50,100.0,25,50.0,2.0,1.0,0,0,9.43720987211382,470.64839563165447,234.17356719079964
50,100.0,20,50.0,2.0,2.0,1,0,31.279615305620904,491.6143682701822,201.09815262649167
50,100.0,20,50.0,2.0,1.5,3,0,73.36288556447714,469.64832458738795,284.35811599372937
50,100.0,25,50.0,1.5,1.0,0,0,9.43720987211382,470.64839563165447,234.17356719079964
50,100.0,25,50.0,1.0,1.5,0,0,14.01121285019113,470.64839563165447,234.17356719079964
50,100.0,25,50.0,2.0,1.5,0,0,9.43720987211382,470.64839563165447,234.17356719079964
50,100.0,25,50.0,1.5,1.5,1,0,18.36272290995573,491.6143682701822,201.09815262649167
50,100.0,20,50.0,1.5,1.5,3,0,79.64589504048423,469.64832458738795,284.35811599372937
50,100.0,25,50.0,2.0,1.0,1,0,18.36272290995573,491.6143682701822,201.09815262649167
50,100.0,25,50.0,1.5,1.0,1,0,18.36272290995573,491.6143682701822,201.09815262649167
50,100.0,25,50.0,1.0,1.5,1,0,24.174521074512775,491.6143682701822,201.09815262649167
50,100.0,20,50.0,1.0,1.0,4,0,82.09908773404901,576.3868486491798,316.5884017606026
50,100.0,25,50.0,2.0,1.5,1,0,18.36272290995573,491.6143682701822,201.09815262649167
50,100.0,20,50.0,1.5,2.0,2,0,73.34990441304066,505.447760502256,245.70114898511096
50,100.0,20,50.0,1.5,1.5,4,0,91.65534239325912,576.3868486491798,316.5884017606026
50,100.0,20,50.0,1.5,2.0,3,0,77.32830775565962,469.64832458738795,284.35811599372937
50,100.0,25,50.0,1.5,2.0,0,0,9.43720987211382,470.64839563165447,234.17356719079964
50,100.0,25,50.0,1.0,2.0,1,0,14.662353673265788,491.6143682701822,201.09815262649167
50,100.0,25,50.0,2.0,2.0,0,0,9.43720987211382,470.64839563165447,234.17356719079964
50,100.0,25,50.0,1.0,1.0,2,0,52.39997731538163,505.447760502256,245.70114898511096
50,100.0,20,50.0,1.0,2.0,3,0,96.28667707289705,469.64832458738795,284.35811599372937
50,100.0,30,50.0,1.0,1.0,0,0,9.43720987211382,470.64839563165447,234.17356719079964
50,100.0,20,50.0,2.0,2.0,2,0,57.073948578907185,505.447760502256,245.70114898511096
50,100.0,30,50.0,1.5,1.0,0,0,9.43720987211382,470.64839563165447,234.17356719079964
50,100.0,25,50.0,1.5,1.5,2,0,50.60282670145926,505.447760502256,245.70114898511096
50,100.0,25,50.0,2.0,2.0,1,0,18.36272290995573,491.6143682701822,201.09815262649167
50,100.0,25,50.0,2.0,1.5,2,0,43.031335013698296,505.447760502256,245.70114898511096
50,100.0,25,50.0,1.5,2.0,1,0,18.36272290995573,491.6143682701822,201.09815262649167
50,100.0,25,50.0,1.0,2.0,0,0,24.81518386677079,470.64839563165447,234.17356719079964
50,100.0,25,50.0,1.5,1.0,2,0,40.862718335485376,505.447760502256,245.70114898511096
50,100.0,25,50.0,1.0,1.5,3,0,57.35362372502853,469.64832458738795,284.35811599372937
50,100.0,30,50.0,1.0,1.0,1,0,20.205708801410683,491.6143682701822,201.09815262649167
50,100.0,30,50.0,2.0,1.0,0,0,9.43720987211382,470.64839563165447,234.17356719079964
50,100.0,30,50.0,1.5,1.0,1,0,17.182095599438888,491.6143682701822,201.09815262649167
50,100.0,25,50.0,1.5,1.5,3,0,59.81956723893176,469.64832458738795,284.35811599372937
50,100.0,25,50.0,2.0,1.5,3,0,52.713734777500726,469.64832458738795,284.35811599372937
50,100.0,25,50.0,2.0,2.0,2,0,27.584627525685143,505.447760502256,245.70114898511096
50,100.0,30,50.0,1.0,1.5,0,0,9.43720987211382,470.64839563165447,234.17356719079964
50,100.0,30,50.0,2.0,1.0,1,0,17.21322962553786,491.6143682701822,201.09815262649167
50,100.0,30,50.0,1.5,1.0,3,0,26.774358115352875,469.64832458738795,284.35811599372937
50,100.0,25,50.0,1.0,2.0,3,0,41.113778996847664,469.64832458738795,284.35811599372937
50,100.0,25,50.0,2.0,1.5,4,0,62.76308237472961,576.3868486491798,316.5884017606026
50,100.0,25,50.0,2.0,2.0,3,0,35.88355528450024,469.64832458738795,284.35811599372937
50,100.0,25,50.0,1.0,1.5,2,0,71.25990602494811,505.447760502256,245.70114898511096
50,100.0,25,50.0,1.0,2.0,2,0,42.19647847610361,505.447760502256,245.70114898511096
50,100.0,25,50.0,1.0,1.0,4,0,76.71101565241048,576.3868486491798,316.5884017606026
50,100.0,30,50.0,1.5,1.0,2,0,29.73150946025921,505.447760502256,245.70114898511096
50,100.0,25,50.0,2.0,1.0,2,0,58.10787065317005,505.447760502256,245.70114898511096
50,100.0,20,50.0,2.0,2.0,3,0,81.99422201670744,469.64832458738795,284.35811599372937
50,100.0,25,50.0,1.0,1.0,3,0,77.80892096307501,469.64832458738795,284.35811599372937
50,100.0,30,50.0,1.0,1.5,1,0,16.95063602429441,491.6143682701822,201.09815262649167
50,100.0,30,50.0,1.5,1.5,0,0,9.43720987211382,470.64839563165447,234.17356719079964
50,100.0,25,50.0,2.0,1.0,3,0,64.05085685853015,469.64832458738795,284.35811599372937
50,100.0,20,50.0,2.0,2.0,4,0,86.76396062443912,576.3868486491798,316.5884017606026
50,100.0,30,50.0,2.0,1.5,0,0,9.43720987211382,470.64839563165447,234.17356719079964
50,100.0,25,50.0,2.0,1.0,4,1,69.58318176249344,576.3868486491798,316.5884017606026
50,100.0,30,50.0,1.5,1.5,1,0,16.95063602429441,491.6143682701822,201.09815262649167
50,100.0,30,50.0,1.0,2.0,0,0,9.43720987211382,470.64839563165447,234.17356719079964
50,100.0,30,50.0,1.0,1.0,2,0,56.16808131779765,505.447760502256,245.70114898511096
50,100.0,30,50.0,1.0,1.5,3,0,36.95810220317429,469.64832458738795,284.35811599372937
50,100.0,25,50.0,2.0,2.0,4,1,65.07251628968503,576.3868486491798,316.5884017606026
50,100.0,30,50.0,1.5,2.0,0,0,9.43720987211382,470.64839563165447,234.17356719079964
50,100.0,30,50.0,1.0,2.0,1,0,16.95063602429441,491.6143682701822,201.09815262649167
50,100.0,30,50.0,2.0,2.0,0,0,9.43720987211382,470.64839563165447,234.17356719079964
50,100.0,25,50.0,1.5,1.0,3,0,84.63056749982894,469.64832458738795,284.35811599372937
50,100.0,30,50.0,1.5,2.0,1,0,16.95063602429441,491.6143682701822,201.09815262649167
50,100.0,25,50.0,1.0,2.0,4,0,81.89205575685442,576.3868486491798,316.5884017606026
50,100.0,30,50.0,1.0,1.0,4,0,71.27485069723095,576.3868486491798,316.5884017606026
50,100.0,30,50.0,1.0,1.0,3,0,73.54808458398115,469.64832458738795,284.35811599372937
50,100.0,30,50.0,1.0,1.5,2,0,50.66563378314546,505.447760502256,245.70114898511096
50,100.0,30,50.0,2.0,2.0,1,0,16.95063602429441,491.6143682701822,201.09815262649167
50,100.0,20,100.0,1.0,1.0,3,0,15.404658096181825,469.64832458738795,284.35811599372937
50,100.0,20,100.0,1.5,1.0,3,0,15.404658096181825,469.64832458738795,284.35811599372937
50,100.0,20,100.0,1.0,1.0,2,0,18.188833346676283,505.447760502256,245.70114898511096
50,100.0,20,100.0,1.0,1.0,0,0,18.474842773706467,470.64839563165447,234.17356719079964
50,100.0,20,100.0,1.5,1.0,2,0,18.188833346676283,505.447760502256,245.70114898511096
50,100.0,20,100.0,1.5,1.0,0,0,18.474842773706467,470.64839563165447,234.17356719079964
50,100.0,30,50.0,1.0,2.0,2,0,27.992652050637997,505.447760502256,245.70114898511096
50,100.0,20,100.0,1.0,1.0,4,0,25.79569783321985,576.3868486491798,316.5884017606026
50,100.0,30,50.0,1.5,2.0,2,0,29.671251886925383,505.447760502256,245.70114898511096
50,100.0,20,100.0,1.5,1.0,4,0,25.79569783321985,576.3868486491798,316.5884017606026
50,100.0,30,50.0,2.0,2.0,2,0,29.671251886925383,505.447760502256,245.70114898511096
50,100.0,30,50.0,1.0,2.0,3,0,38.997483631059296,469.64832458738795,284.35811599372937
50,100.0,20,100.0,2.0,1.0,3,0,15.404658096181825,469.64832458738795,284.35811599372937
50,100.0,20,100.0,1.0,1.5,3,0,15.404658096181825,469.64832458738795,284.35811599372937
50,100.0,20,100.0,2.0,1.0,2,0,18.188833346676283,505.447760502256,245.70114898511096
50,100.0,20,100.0,2.0,1.0,0,0,18.474842773706467,470.64839563165447,234.17356719079964
50,100.0,25,50.0,1.5,2.0,2,0,81.8236361764591,505.447760502256,245.70114898511096
50,100.0,20,100.0,1.0,1.5,2,0,18.188833346676283,505.447760502256,245.70114898511096
50,100.0,20,100.0,1.0,1.5,0,0,18.474842773706467,470.64839563165447,234.17356719079964
50,100.0,20,100.0,2.0,1.0,4,0,25.79569783321985,576.3868486491798,316.5884017606026
50,100.0,20,100.0,1.0,1.5,4,0,25.79569783321985,576.3868486491798,316.5884017606026
50,100.0,30,50.0,2.0,2.0,3,0,43.062543706167574,469.64832458738795,284.35811599372937
50,100.0,20,100.0,1.0,1.0,1,0,41.22506652945585,491.6143682701822,201.09815262649167
50,100.0,20,100.0,1.5,1.0,1,0,41.22506652945585,491.6143682701822,201.09815262649167
50,100.0,30,50.0,1.5,1.0,4,0,98.31982934394317,576.3868486491798,316.5884017606026
50,100.0,30,50.0,1.5,2.0,3,0,43.062543706167574,469.64832458738795,284.35811599372937
50,100.0,20,100.0,1.5,1.5,3,0,15.404658096181825,469.64832458738795,284.35811599372937
50,100.0,20,100.0,2.0,1.0,1,0,36.79545979558946,491.6143682701822,201.09815262649167
50,100.0,20,100.0,1.5,1.5,2,0,18.188833346676283,505.447760502256,245.70114898511096
50,100.0,20,100.0,1.5,1.5,0,0,18.474842773706467,470.64839563165447,234.17356719079964
50,100.0,25,50.0,1.5,2.0,3,0,95.31928872120645,469.64832458738795,284.35811599372937
50,100.0,20,100.0,1.0,2.0,3,0,15.404658096181825,469.64832458738795,284.35811599372937
50,100.0,20,100.0,1.5,1.5,4,0,25.79569783321985,576.3868486491798,316.5884017606026
50,100.0,20,100.0,2.0,1.5,3,0,15.404658096181825,469.64832458738795,284.35811599372937
50,100.0,30,50.0,1.0,1.5,4,0,93.97687054184762,576.3868486491798,316.5884017606026
50,100.0,20,100.0,1.0,2.0,2,0,18.188833346676283,505.447760502256,245.70114898511096
50,100.0,20,100.0,1.5,2.0,3,0,15.404658096181825,469.64832458738795,284.35811599372937
50,100.0,20,100.0,1.0,2.0,0,0,18.474842773706467,470.64839563165447,234.17356719079964
50,100.0,20,100.0,2.0,1.5,2,0,18.188833346676283,505.447760502256,245.70114898511096
50,100.0,20,100.0,2.0,1.5,0,0,18.474842773706467,470.64839563165447,234.17356719079964
50,100.0,30,50.0,2.0,1.5,1,0,71.12377398967563,491.6143682701822,201.09815262649167
50,100.0,20,100.0,2.0,2.0,3,0,15.404658096181825,469.64832458738795,284.35811599372937
50,100.0,20,100.0,1.5,2.0,2,0,18.188833346676283,505.447760502256,245.70114898511096
50,100.0,20,100.0,1.5,2.0,0,0,18.474842773706467,470.64839563165447,234.17356719079964
50,100.0,30,50.0,2.0,1.5,3,0,73.53767766434822,469.64832458738795,284.35811599372937
50,100.0,30,50.0,2.0,1.5,2,0,73.58074798886575,505.447760502256,245.70114898511096
50,100.0,20,100.0,2.0,2.0,2,0,18.188833346676283,505.447760502256,245.70114898511096
50,100.0,20,100.0,2.0,2.0,0,0,18.474842773706467,470.64839563165447,234.17356719079964
50,100.0,20,100.0,1.0,2.0,4,0,25.79569783321985,576.3868486491798,316.5884017606026
50,100.0,20,100.0,2.0,1.5,4,0,25.79569783321985,576.3868486491798,316.5884017606026
50,100.0,25,100.0,1.0,1.0,3,0,16.95689319071958,469.64832458738795,284.35811599372937
50,100.0,20,100.0,1.5,2.0,4,0,25.79569783321985,576.3868486491798,316.5884017606026
50,100.0,30,50.0,1.0,2.0,4,0,76.74557474803129,576.3868486491798,316.5884017606026
50,100.0,20,100.0,2.0,2.0,4,0,25.79569783321985,576.3868486491798,316.5884017606026
50,100.0,20,100.0,1.5,1.5,1,0,41.22506652945585,491.6143682701822,201.09815262649167
50,100.0,25,100.0,2.0,1.0,3,0,16.95689319071958,469.64832458738795,284.35811599372937
50,100.0,25,100.0,1.5,1.0,3,0,16.95689319071958,469.64832458738795,284.35811599372937
50,100.0,20,100.0,1.0,2.0,1,0,41.483276133039666,491.6143682701822,201.09815262649167
50,100.0,30,50.0,2.0,2.0,4,0,85.46953893279753,576.3868486491798,316.5884017606026
50,100.0,20,100.0,2.0,1.5,1,0,41.22506652945585,491.6143682701822,201.09815262649167
50,100.0,25,100.0,1.0,1.0,1,0,33.22432850004125,491.6143682701822,201.09815262649167
50,100.0,20,100.0,1.5,2.0,1,0,41.22506652945585,491.6143682701822,201.09815262649167
50,100.0,25,100.0,1.5,1.5,3,0,16.95689319071958,469.64832458738795,284.35811599372937
50,100.0,25,100.0,1.0,1.5,3,0,16.95689319071958,469.64832458738795,284.35811599372937
50,100.0,20,100.0,2.0,2.0,1,0,41.22506652945585,491.6143682701822,201.09815262649167
50,100.0,25,100.0,2.0,1.5,3,0,16.95689319071958,469.64832458738795,284.35811599372937
50,100.0,25,100.0,1.0,2.0,3,0,16.95689319071958,469.64832458738795,284.35811599372937
50,100.0,25,100.0,1.5,2.0,3,0,16.95689319071958,469.64832458738795,284.35811599372937
50,100.0,30,100.0,1.0,1.0,3,0,16.817040114869766,469.64832458738795,284.35811599372937
50,100.0,25,100.0,2.0,2.0,3,0,16.95689319071958,469.64832458738795,284.35811599372937
50,100.0,25,100.0,2.0,1.0,1,0,33.22432850004125,491.6143682701822,201.09815262649167
50,100.0,25,100.0,1.5,1.0,1,0,33.22432850004125,491.6143682701822,201.09815262649167
50,100.0,25,100.0,1.0,2.0,1,0,33.22432850004125,491.6143682701822,201.09815262649167
50,100.0,25,100.0,1.0,2.0,0,0,35.272498290181666,470.64839563165447,234.17356719079964
50,100.0,25,100.0,2.0,1.5,1,0,33.22432850004125,491.6143682701822,201.09815262649167
50,100.0,25,100.0,1.5,1.5,1,0,33.22432850004125,491.6143682701822,201.09815262649167
50,100.0,25,100.0,2.0,1.5,0,0,33.87033989266866,470.64839563165447,234.17356719079964
50,100.0,25,100.0,1.5,1.5,0,0,33.87033989266866,470.64839563165447,234.17356719079964
50,100.0,30,100.0,1.0,1.0,1,0,31.880746462962136,491.6143682701822,201.09815262649167
50,100.0,25,100.0,1.0,1.5,1,0,33.22432850004125,491.6143682701822,201.09815262649167
50,100.0,30,100.0,1.5,1.0,3,0,16.817040114869766,469.64832458738795,284.35811599372937
50,100.0,25,100.0,1.0,1.5,0,0,33.87033989266866,470.64839563165447,234.17356719079964
50,100.0,25,100.0,1.5,2.0,1,0,33.22432850004125,491.6143682701822,201.09815262649167
50,100.0,30,100.0,1.0,1.0,4,1,33.108299123685605,576.3868486491798,316.5884017606026
50,100.0,30,100.0,1.0,1.0,2,0,33.59929861754544,505.447760502256,245.70114898511096
50,100.0,25,100.0,2.0,2.0,1,0,33.22432850004125,491.6143682701822,201.09815262649167
50,100.0,25,100.0,2.0,1.0,2,0,47.27699703349668,505.447760502256,245.70114898511096
50,100.0,25,100.0,1.5,2.0,0,0,35.272498290181666,470.64839563165447,234.17356719079964
50,100.0,25,100.0,2.0,1.5,4,0,39.807310587272205,576.3868486491798,316.5884017606026
50,100.0,25,100.0,1.5,1.0,2,0,47.27699703349668,505.447760502256,245.70114898511096
50,100.0,25,100.0,1.5,1.5,4,0,39.807310587272205,576.3868486491798,316.5884017606026
50,100.0,25,100.0,1.0,1.0,0,0,61.35096852228888,470.64839563165447,234.17356719079964
50,100.0,25,100.0,2.0,1.0,0,0,49.60681370211854,470.64839563165447,234.17356719079964
50,100.0,25,100.0,2.0,1.0,4,0,49.63850678960181,576.3868486491798,316.5884017606026
50,100.0,25,100.0,2.0,2.0,0,0,35.272498290181666,470.64839563165447,234.17356719079964
50,100.0,25,100.0,1.5,1.0,0,0,49.60681370211854,470.64839563165447,234.17356719079964
50,100.0,25,100.0,1.5,1.0,4,0,49.63850678960181,576.3868486491798,316.5884017606026
50,100.0,25,100.0,1.0,1.5,4,0,39.807310587272205,576.3868486491798,316.5884017606026
50,100.0,30,100.0,1.0,1.0,0,0,40.26725119116891,470.64839563165447,234.17356719079964
50,100.0,25,100.0,1.0,2.0,2,0,50.8824545003913,505.447760502256,245.70114898511096
50,100.0,30,100.0,2.0,1.0,3,0,16.817040114869766,469.64832458738795,284.35811599372937
50,100.0,30,100.0,1.0,1.5,3,0,16.817040114869766,469.64832458738795,284.35811599372937
50,100.0,25,100.0,1.0,1.0,2,0,69.74021356632647,505.447760502256,245.70114898511096
50,100.0,25,100.0,1.5,2.0,2,0,50.8824545003913,505.447760502256,245.70114898511096
50,100.0,30,100.0,1.5,1.0,1,0,31.880746462962136,491.6143682701822,201.09815262649167
50,100.0,30,100.0,1.0,1.5,1,0,22.36054768858467,491.6143682701822,201.09815262649167
50,100.0,25,100.0,2.0,2.0,2,0,50.8824545003913,505.447760502256,245.70114898511096
50,100.0,30,100.0,1.5,1.0,4,1,33.108299123685605,576.3868486491798,316.5884017606026
50,100.0,30,100.0,1.5,1.0,2,0,33.59929861754544,505.447760502256,245.70114898511096
50,100.0,30,100.0,1.5,1.5,3,0,16.817040114869766,469.64832458738795,284.35811599372937
50,100.0,30,100.0,1.5,2.0,3,0,16.817040114869766,469.64832458738795,284.35811599372937
50,100.0,30,100.0,1.0,2.0,3,0,16.817040114869766,469.64832458738795,284.35811599372937
50,100.0,30,100.0,1.5,1.0,0,0,40.26725119116891,470.64839563165447,234.17356719079964
50,100.0,30,100.0,2.0,1.5,3,0,16.817040114869766,469.64832458738795,284.35811599372937
50,100.0,30,100.0,1.5,1.5,1,0,22.36054768858467,491.6143682701822,201.09815262649167
50,100.0,30,100.0,1.5,2.0,1,0,22.36054768858467,491.6143682701822,201.09815262649167
50,100.0,30,100.0,1.0,1.5,0,0,31.333654875101352,470.64839563165447,234.17356719079964
50,100.0,25,100.0,2.0,1.5,2,0,62.309271733198315,505.447760502256,245.70114898511096
50,100.0,30,100.0,2.0,1.0,1,0,31.880746462962136,491.6143682701822,201.09815262649167
50,100.0,30,100.0,2.0,1.0,4,1,33.108299123685605,576.3868486491798,316.5884017606026
50,100.0,30,100.0,1.0,2.0,1,0,22.36054768858467,491.6143682701822,201.09815262649167
50,100.0,30,100.0,2.0,1.0,2,0,33.59929861754544,505.447760502256,245.70114898511096
50,100.0,30,100.0,2.0,1.5,1,0,22.36054768858467,491.6143682701822,201.09815262649167
50,100.0,25,100.0,1.0,1.5,2,0,68.90428966705105,505.447760502256,245.70114898511096
50,100.0,30,100.0,2.0,1.0,0,0,40.26725119116891,470.64839563165447,234.17356719079964
50,100.0,30,100.0,1.5,1.5,0,0,31.333654875101352,470.64839563165447,234.17356719079964
50,100.0,30,100.0,1.0,1.5,2,0,39.20125623953911,505.447760502256,245.70114898511096
50,100.0,30,100.0,1.0,2.0,0,0,32.62220391801707,470.64839563165447,234.17356719079964
50,100.0,30,100.0,1.5,2.0,0,0,32.62220391801707,470.64839563165447,234.17356719079964
50,100.0,25,100.0,1.0,1.0,4,1,98.02772535576096,576.3868486491798,316.5884017606026
50,100.0,30,100.0,1.0,1.5,4,0,44.79954517873958,576.3868486491798,316.5884017606026
50,100.0,30,100.0,2.0,1.5,0,0,31.333654875101352,470.64839563165447,234.17356719079964
50,100.0,30,100.0,2.0,2.0,3,0,16.817040114869766,469.64832458738795,284.35811599372937
50,100.0,25,100.0,1.5,1.5,2,0,73.46437647171072,505.447760502256,245.70114898511096
50,100.0,30,100.0,1.5,1.5,2,0,39.20125623953911,505.447760502256,245.70114898511096
50,100.0,30,100.0,2.0,2.0,1,0,22.36054768858467,491.6143682701822,201.09815262649167
50,100.0,30,100.0,2.0,1.5,2,0,39.20125623953911,505.447760502256,245.70114898511096
50,100.0,30,100.0,1.5,2.0,4,0,46.146261150977445,576.3868486491798,316.5884017606026
50,100.0,30,100.0,1.0,2.0,4,0,46.146261150977445,576.3868486491798,316.5884017606026
50,100.0,30,100.0,2.0,2.0,0,0,32.62220391801707,470.64839563165447,234.17356719079964
50,100.0,30,100.0,2.0,2.0,4,0,46.146261150977445,576.3868486491798,316.5884017606026
50,100.0,30,100.0,1.5,1.5,4,1,61.703278248223754,576.3868486491798,316.5884017606026
50,100.0,30,100.0,1.5,2.0,2,0,69.96364556541263,505.447760502256,245.70114898511096
50,100.0,30,100.0,2.0,1.5,4,1,61.703278248223754,576.3868486491798,316.5884017606026
50,100.0,30,100.0,1.0,2.0,2,0,77.93316945476971,505.447760502256,245.70114898511096
50,100.0,20,150.0,1.0,1.0,3,0,64.20886855737693,469.64832458738795,284.35811599372937
50,100.0,20,150.0,1.0,1.0,4,0,70.23298132539945,576.3868486491798,316.5884017606026
50,100.0,20,150.0,1.5,1.0,4,1,72.97723150076929,576.3868486491798,316.5884017606026
50,100.0,20,150.0,1.5,1.0,1,1,75.55517496986613,491.6143682701822,201.09815262649167
50,100.0,20,150.0,1.5,1.0,2,1,75.8388781910597,505.447760502256,245.70114898511096
50,100.0,20,150.0,1.5,1.5,4,1,72.97723150076929,576.3868486491798,316.5884017606026
50,100.0,20,150.0,1.5,1.5,1,1,75.55517496986613,491.6143682701822,201.09815262649167
50,100.0,20,150.0,1.5,1.5,2,1,75.8388781910597,505.447760502256,245.70114898511096
50,100.0,20,150.0,1.5,1.0,3,0,85.51094615361714,469.64832458738795,284.35811599372937
50,100.0,20,150.0,1.5,1.5,3,0,85.51094615361714,469.64832458738795,284.35811599372937
50,100.0,20,150.0,2.0,1.0,4,1,72.97723150076929,576.3868486491798,316.5884017606026
50,100.0,20,150.0,1.0,1.5,4,1,72.97723150076929,576.3868486491798,316.5884017606026
50,100.0,20,150.0,1.0,1.5,1,1,75.55517496986613,491.6143682701822,201.09815262649167
50,100.0,20,150.0,1.0,1.5,2,1,75.8388781910597,505.447760502256,245.70114898511096
50,100.0,20,150.0,2.0,1.0,1,1,75.55517496986613,491.6143682701822,201.09815262649167
50,100.0,20,150.0,2.0,1.0,2,1,75.8388781910597,505.447760502256,245.70114898511096
50,100.0,20,150.0,1.0,2.0,4,1,72.97723150076929,576.3868486491798,316.5884017606026
50,100.0,20,150.0,1.0,2.0,1,1,75.55517496986613,491.6143682701822,201.09815262649167
50,100.0,20,150.0,1.0,2.0,2,1,75.8388781910597,505.447760502256,245.70114898511096
50,100.0,20,150.0,1.0,1.5,3,0,85.51094615361714,469.64832458738795,284.35811599372937
50,100.0,25,150.0,1.5,1.0,2,1,53.18083430255603,505.447760502256,245.70114898511096
50,100.0,20,150.0,1.5,2.0,4,1,72.97723150076929,576.3868486491798,316.5884017606026
50,100.0,25,150.0,1.5,1.0,1,1,54.179635972877506,491.6143682701822,201.09815262649167
50,100.0,20,150.0,1.5,2.0,1,1,75.55517496986613,491.6143682701822,201.09815262649167
50,100.0,20,150.0,1.5,2.0,2,1,75.8388781910597,505.447760502256,245.70114898511096
50,100.0,20,150.0,2.0,2.0,4,1,72.97723150076929,576.3868486491798,316.5884017606026
50,100.0,20,150.0,2.0,1.0,3,0,85.51094615361714,469.64832458738795,284.35811599372937
50,100.0,20,150.0,1.0,2.0,3,0,85.51094615361714,469.64832458738795,284.35811599372937
50,100.0,20,150.0,2.0,2.0,1,1,75.55517496986613,491.6143682701822,201.09815262649167
50,100.0,20,150.0,2.0,2.0,2,1,75.8388781910597,505.447760502256,245.70114898511096
50,100.0,25,150.0,1.0,1.5,2,1,53.18083430255603,505.447760502256,245.70114898511096
50,100.0,25,150.0,1.0,1.5,1,1,54.179635972877506,491.6143682701822,201.09815262649167
50,100.0,25,150.0,2.0,1.0,1,1,52.84677664751686,491.6143682701822,201.09815262649167
50,100.0,25,150.0,1.5,1.0,0,1,63.642659977105666,470.64839563165447,234.17356719079964
50,100.0,20,150.0,1.5,2.0,3,0,85.51094615361714,469.64832458738795,284.35811599372937
50,100.0,20,150.0,2.0,1.5,4,1,72.97723150076929,576.3868486491798,316.5884017606026
50,100.0,20,150.0,2.0,1.5,1,1,75.55517496986613,491.6143682701822,201.09815262649167
50,100.0,20,150.0,2.0,1.5,2,1,75.8388781910597,505.447760502256,245.70114898511096
50,100.0,20,150.0,2.0,2.0,3,0,85.51094615361714,469.64832458738795,284.35811599372937
50,100.0,25,150.0,1.0,1.5,0,1,63.642659977105666,470.64839563165447,234.17356719079964
50,100.0,25,150.0,2.0,1.0,3,0,65.14081850592989,469.64832458738795,284.35811599372937
50,100.0,25,150.0,1.5,1.0,4,1,76.84761107687456,576.3868486491798,316.5884017606026
50,100.0,25,150.0,2.0,1.0,4,0,69.62650679570653,576.3868486491798,316.5884017606026
50,100.0,20,150.0,2.0,1.5,3,0,85.51094615361714,469.64832458738795,284.35811599372937
50,100.0,25,150.0,1.5,1.0,3,0,85.4243519902261,469.64832458738795,284.35811599372937
50,100.0,25,150.0,2.0,1.0,2,1,74.77872429486395,505.447760502256,245.70114898511096
50,100.0,25,150.0,1.0,1.5,4,1,87.76984838095466,576.3868486491798,316.5884017606026
50,100.0,25,150.0,1.0,1.0,0,0,89.74097154611026,470.64839563165447,234.17356719079964
50,100.0,25,150.0,1.0,1.0,2,0,92.27133612504743,505.447760502256,245.70114898511096
50,100.0,25,150.0,1.0,2.0,2,1,53.18083430255603,505.447760502256,245.70114898511096
50,100.0,25,150.0,1.0,2.0,1,1,54.179635972877506,491.6143682701822,201.09815262649167
50,100.0,25,150.0,2.0,1.0,0,0,88.96862377282054,470.64839563165447,234.17356719079964
50,100.0,25,150.0,2.0,1.5,1,1,52.84677664751686,491.6143682701822,201.09815262649167
50,100.0,25,150.0,1.5,1.5,1,1,52.84677664751686,491.6143682701822,201.09815262649167
50,100.0,25,150.0,2.0,1.5,3,0,65.14081850592989,469.64832458738795,284.35811599372937
50,100.0,25,150.0,2.0,2.0,1,1,52.84677664751686,491.6143682701822,201.09815262649167
50,100.0,25,150.0,1.0,2.0,0,1,69.29612345769777,470.64839563165447,234.17356719079964
50,100.0,25,150.0,1.5,1.5,3,0,65.14081850592989,469.64832458738795,284.35811599372937
50,100.0,25,150.0,2.0,1.5,4,0,69.62650679570653,576.3868486491798,316.5884017606026
50,100.0,25,150.0,1.5,1.5,4,0,69.62650679570653,576.3868486491798,316.5884017606026
50,100.0,30,150.0,1.0,1.0,3,0,54.64243814575633,469.64832458738795,284.35811599372937
50,100.0,25,150.0,2.0,2.0,3,0,65.14081850592989,469.64832458738795,284.35811599372937
50,100.0,30,150.0,2.0,1.0,3,0,54.64243814575633,469.64832458738795,284.35811599372937
50,100.0,25,150.0,2.0,1.5,2,1,74.77872429486395,505.447760502256,245.70114898511096
50,100.0,25,150.0,1.0,2.0,4,1,80.03750738885908,576.3868486491798,316.5884017606026
50,100.0,25,150.0,1.5,1.5,2,1,74.77872429486395,505.447760502256,245.70114898511096
50,100.0,25,150.0,2.0,2.0,4,0,69.62650679570653,576.3868486491798,316.5884017606026
50,100.0,25,150.0,1.5,2.0,1,1,52.84677664751686,491.6143682701822,201.09815262649167
50,100.0,30,150.0,1.5,1.0,3,0,54.64243814575633,469.64832458738795,284.35811599372937
50,100.0,30,150.0,1.0,1.5,3,0,54.64243814575633,469.64832458738795,284.35811599372937
50,100.0,30,150.0,1.5,1.5,3,0,54.64243814575633,469.64832458738795,284.35811599372937
50,100.0,25,150.0,2.0,2.0,2,1,75.60868112797912,505.447760502256,245.70114898511096
50,100.0,30,150.0,1.0,1.0,0,0,67.79676375925284,470.64839563165447,234.17356719079964
50,100.0,30,150.0,2.0,1.0,0,0,67.79676375925284,470.64839563165447,234.17356719079964
50,100.0,30,150.0,1.0,1.0,2,0,67.81020698938153,505.447760502256,245.70114898511096
50,100.0,30,150.0,2.0,1.0,2,0,67.81020698938153,505.447760502256,245.70114898511096
50,100.0,30,150.0,1.0,1.0,4,1,68.15345193553235,576.3868486491798,316.5884017606026
50,100.0,30,150.0,2.0,1.0,4,0,68.14688782656266,576.3868486491798,316.5884017606026
50,100.0,30,150.0,2.0,1.0,1,0,69.85579503753257,491.6143682701822,201.09815262649167
50,100.0,25,150.0,2.0,1.5,0,0,90.71230144766776,470.64839563165447,234.17356719079964
50,100.0,30,150.0,1.0,1.0,1,0,70.27383089424163,491.6143682701822,201.09815262649167
50,100.0,25,150.0,1.5,1.5,0,0,90.71230144766776,470.64839563165447,234.17356719079964
50,100.0,25,150.0,1.5,2.0,3,0,65.14081850592989,469.64832458738795,284.35811599372937
50,100.0,30,150.0,1.5,1.0,0,0,67.79676375925284,470.64839563165447,234.17356719079964
50,100.0,30,150.0,1.5,1.0,2,0,67.81020698938153,505.447760502256,245.70114898511096
50,100.0,30,150.0,1.5,1.5,0,0,67.79676375925284,470.64839563165447,234.17356719079964
50,100.0,30,150.0,1.5,1.5,2,0,67.81020698938153,505.447760502256,245.70114898511096
50,100.0,30,150.0,1.5,1.5,4,1,68.15345193553235,576.3868486491798,316.5884017606026
40,125.0,20,50.0,1.0,1.0,2,0,6.582104923942083,357.3820174025494,170.075846905503
40,125.0,20,50.0,1.0,1.0,0,0,6.806848608086251,463.7091657830143,173.94983411973146
50,100.0,30,150.0,1.5,1.0,4,1,68.15345193553235,576.3868486491798,316.5884017606026
50,100.0,30,150.0,1.5,1.5,1,0,70.27383089424163,491.6143682701822,201.09815262649167
50,100.0,25,150.0,1.5,2.0,4,0,69.62650679570653,576.3868486491798,316.5884017606026
50,100.0,30,150.0,1.5,1.0,1,0,70.27383089424163,491.6143682701822,201.09815262649167
40,125.0,20,50.0,2.0,1.0,2,0,6.582104923942083,357.3820174025494,170.075846905503
40,125.0,20,50.0,1.5,1.0,2,0,6.582104923942083,357.3820174025494,170.075846905503
40,125.0,20,50.0,1.0,1.5,2,0,6.582104923942083,357.3820174025494,170.075846905503
40,125.0,20,50.0,2.0,1.0,0,0,6.806848608086251,463.7091657830143,173.94983411973146
50,100.0,30,150.0,1.0,1.5,0,0,67.79676375925284,470.64839563165447,234.17356719079964
50,100.0,30,150.0,1.0,1.5,2,0,67.81020698938153,505.447760502256,245.70114898511096
40,125.0,20,50.0,1.5,1.0,0,0,6.806848608086251,463.7091657830143,173.94983411973146
40,125.0,20,50.0,1.0,1.5,0,0,6.806848608086251,463.7091657830143,173.94983411973146
50,100.0,30,150.0,1.0,1.5,4,1,68.15345193553235,576.3868486491798,316.5884017606026
50,100.0,30,150.0,1.5,2.0,3,0,54.64243814575633,469.64832458738795,284.35811599372937
50,100.0,30,150.0,1.0,1.5,1,0,70.27383089424163,491.6143682701822,201.09815262649167
40,125.0,20,50.0,1.5,1.5,2,0,6.582104923942083,357.3820174025494,170.075846905503
40,125.0,20,50.0,1.5,1.5,0,0,6.806848608086251,463.7091657830143,173.94983411973146
40,125.0,20,50.0,2.0,1.5,2,0,6.582104923942083,357.3820174025494,170.075846905503
40,125.0,20,50.0,2.0,1.5,0,0,6.806848608086251,463.7091657830143,173.94983411973146
50,100.0,25,150.0,1.5,2.0,2,1,75.60868112797912,505.447760502256,245.70114898511096
40,125.0,20,50.0,2.0,1.0,1,0,17.034799888158023,507.078922744844,189.28912608156344
40,125.0,20,50.0,1.5,1.0,1,0,17.034799888158023,507.078922744844,189.28912608156344
40,125.0,20,50.0,1.5,2.0,2,0,6.582104923942083,357.3820174025494,170.075846905503
40,125.0,20,50.0,1.5,2.0,0,0,6.806848608086251,463.7091657830143,173.94983411973146
40,125.0,20,50.0,1.0,2.0,2,0,6.582104923942083,357.3820174025494,170.075846905503
40,125.0,20,50.0,1.0,2.0,0,0,6.806848608086251,463.7091657830143,173.94983411973146
40,125.0,20,50.0,2.0,2.0,2,0,6.582104923942083,357.3820174025494,170.075846905503
40,125.0,20,50.0,2.0,2.0,0,0,6.806848608086251,463.7091657830143,173.94983411973146
50,100.0,30,150.0,2.0,2.0,3,0,54.64243814575633,469.64832458738795,284.35811599372937
50,100.0,30,150.0,1.5,2.0,0,0,67.79676375925284,470.64839563165447,234.17356719079964
50,100.0,30,150.0,1.5,2.0,2,0,67.81020698938153,505.447760502256,245.70114898511096
50,100.0,30,150.0,1.5,2.0,4,1,68.15345193553235,576.3868486491798,316.5884017606026
50,100.0,30,150.0,1.0,2.0,3,0,54.77679087196533,469.64832458738795,284.35811599372937
50,100.0,30,150.0,2.0,1.5,3,0,54.64243814575633,469.64832458738795,284.35811599372937
50,100.0,30,150.0,1.5,2.0,1,0,70.27383089424163,491.6143682701822,201.09815262649167
40,125.0,20,50.0,1.0,1.5,3,0,25.144916302513188,498.79533806064467,183.5757899808681
50,100.0,30,150.0,2.0,2.0,0,0,67.79676375925284,470.64839563165447,234.17356719079964
50,100.0,30,150.0,2.0,2.0,2,0,67.81020698938153,505.447760502256,245.70114898511096
50,100.0,30,150.0,2.0,2.0,4,0,68.14688782656266,576.3868486491798,316.5884017606026
40,125.0,25,50.0,1.0,1.0,2,0,6.582104923942083,357.3820174025494,170.075846905503
40,125.0,25,50.0,1.0,1.0,0,0,6.806848608086251,463.7091657830143,173.94983411973146
50,100.0,30,150.0,2.0,2.0,1,0,69.85579503753257,491.6143682701822,201.09815262649167
40,125.0,20,50.0,1.5,2.0,3,0,30.51455042375709,498.79533806064467,183.5757899808681
40,125.0,20,50.0,2.0,2.0,3,0,31.36292805794343,498.79533806064467,183.5757899808681
40,125.0,25,50.0,1.5,1.0,2,0,6.582104923942083,357.3820174025494,170.075846905503
40,125.0,25,50.0,1.5,1.0,0,0,6.806848608086251,463.7091657830143,173.94983411973146
50,100.0,30,150.0,1.0,2.0,4,1,68.28174746958807,576.3868486491798,316.5884017606026
50,100.0,30,150.0,2.0,1.5,0,0,67.79676375925284,470.64839563165447,234.17356719079964
50,100.0,30,150.0,2.0,1.5,2,0,67.81020698938153,505.447760502256,245.70114898511096
50,100.0,30,150.0,2.0,1.5,4,0,68.14688782656266,576.3868486491798,316.5884017606026
40,125.0,25,50.0,1.0,1.0,1,0,17.034799888158023,507.078922744844,189.28912608156344
50,100.0,30,150.0,2.0,1.5,1,0,69.85579503753257,491.6143682701822,201.09815262649167
40,125.0,25,50.0,1.5,1.0,1,0,17.034799888158023,507.078922744844,189.28912608156344
40,125.0,25,50.0,2.0,1.0,2,0,6.582104923942083,357.3820174025494,170.075846905503
40,125.0,25,50.0,2.0,1.0,0,0,6.806848608086251,463.7091657830143,173.94983411973146
40,125.0,25,50.0,1.0,1.5,2,0,6.582104923942083,357.3820174025494,170.075846905503
40,125.0,25,50.0,1.0,1.5,0,0,6.806848608086251,463.7091657830143,173.94983411973146
40,125.0,20,50.0,2.0,1.5,1,0,52.850809356400994,507.078922744844,189.28912608156344
50,100.0,30,150.0,1.0,2.0,0,0,80.195393340037,470.64839563165447,234.17356719079964
40,125.0,25,50.0,2.0,1.0,1,0,17.034799888158023,507.078922744844,189.28912608156344
50,100.0,30,150.0,1.0,2.0,1,0,90.36059356767474,491.6143682701822,201.09815262649167
50,100.0,30,150.0,1.0,2.0,2,0,91.34697167668043,505.447760502256,245.70114898511096
40,125.0,20,50.0,1.0,2.0,3,0,69.09471214105633,498.79533806064467,183.5757899808681
40,125.0,25,50.0,1.5,1.5,2,0,6.582104923942083,357.3820174025494,170.075846905503
40,125.0,25,50.0,1.5,1.5,0,0,6.806848608086251,463.7091657830143,173.94983411973146
40,125.0,20,50.0,1.0,1.0,3,0,91.39819182085895,498.79533806064467,183.5757899808681
40,125.0,25,50.0,2.0,1.5,2,0,6.582104923942083,357.3820174025494,170.075846905503
40,125.0,25,50.0,2.0,1.5,0,0,6.806848608086251,463.7091657830143,173.94983411973146
40,125.0,25,50.0,1.0,2.0,2,0,6.582104923942083,357.3820174025494,170.075846905503
40,125.0,25,50.0,1.0,2.0,0,0,6.806848608086251,463.7091657830143,173.94983411973146
40,125.0,25,50.0,2.0,2.0,2,0,6.582104923942083,357.3820174025494,170.075846905503
40,125.0,25,50.0,1.5,2.0,2,0,6.582104923942083,357.3820174025494,170.075846905503
40,125.0,25,50.0,2.0,2.0,0,0,6.806848608086251,463.7091657830143,173.94983411973146
40,125.0,25,50.0,1.5,2.0,0,0,6.806848608086251,463.7091657830143,173.94983411973146
40,125.0,30,50.0,1.0,1.0,2,0,6.582104923942083,357.3820174025494,170.075846905503
40,125.0,30,50.0,1.0,1.0,0,0,6.806848608086251,463.7091657830143,173.94983411973146
40,125.0,25,50.0,1.0,2.0,3,0,16.076752680052962,498.79533806064467,183.5757899808681
40,125.0,25,50.0,1.5,2.0,3,0,16.076752680052962,498.79533806064467,183.5757899808681
40,125.0,30,50.0,1.5,1.0,2,0,6.582104923942083,357.3820174025494,170.075846905503
40,125.0,30,50.0,1.5,1.0,0,0,6.806848608086251,463.7091657830143,173.94983411973146
40,125.0,30,50.0,2.0,1.0,2,0,6.582104923942083,357.3820174025494,170.075846905503
40,125.0,30,50.0,2.0,1.0,0,0,6.806848608086251,463.7091657830143,173.94983411973146
40,125.0,25,50.0,2.0,2.0,3,0,16.076752680052962,498.79533806064467,183.5757899808681
40,125.0,30,50.0,1.5,1.0,1,0,17.034799888158023,507.078922744844,189.28912608156344
40,125.0,30,50.0,2.0,1.0,1,0,17.034799888158023,507.078922744844,189.28912608156344
40,125.0,30,50.0,1.0,1.5,2,0,6.582104923942083,357.3820174025494,170.075846905503
40,125.0,30,50.0,1.0,1.5,0,0,6.806848608086251,463.7091657830143,173.94983411973146
40,125.0,30,50.0,1.5,1.5,2,0,6.582104923942083,357.3820174025494,170.075846905503
40,125.0,30,50.0,1.5,1.5,0,0,6.806848608086251,463.7091657830143,173.94983411973146
40,125.0,30,50.0,1.0,1.5,1,0,17.034799888158023,507.078922744844,189.28912608156344
40,125.0,30,50.0,2.0,1.5,2,0,6.582104923942083,357.3820174025494,170.075846905503
40,125.0,30,50.0,2.0,1.5,0,0,6.806848608086251,463.7091657830143,173.94983411973146
40,125.0,30,50.0,1.5,1.5,1,0,17.034799888158023,507.078922744844,189.28912608156344
40,125.0,25,50.0,1.0,2.0,4,0,71.95266838948622,459.33607136727795,411.8215105565725
40,125.0,30,50.0,2.0,1.5,3,0,24.532063255541516,498.79533806064467,183.5757899808681
40,125.0,30,50.0,1.0,2.0,2,0,6.582104923942083,357.3820174025494,170.075846905503
40,125.0,30,50.0,1.0,2.0,0,0,6.806848608086251,463.7091657830143,173.94983411973146
40,125.0,25,50.0,2.0,1.5,4,0,90.17105544656883,459.33607136727795,411.8215105565725
40,125.0,30,50.0,2.0,1.0,4,0,63.95858184526135,459.33607136727795,411.8215105565725
40,125.0,30,50.0,1.0,2.0,3,0,17.034799888158023,498.79533806064467,183.5757899808681
40,125.0,30,50.0,1.5,2.0,2,0,6.582104923942083,357.3820174025494,170.075846905503
40,125.0,30,50.0,2.0,2.0,2,0,6.582104923942083,357.3820174025494,170.075846905503
40,125.0,30,50.0,2.0,2.0,0,0,6.806848608086251,463.7091657830143,173.94983411973146
40,125.0,30,50.0,1.5,2.0,0,0,6.806848608086251,463.7091657830143,173.94983411973146
40,125.0,20,100.0,1.0,1.0,2,0,4.667740890007865,357.3820174025494,170.075846905503
40,125.0,20,100.0,1.5,1.0,2,0,4.667740890007865,357.3820174025494,170.075846905503
40,125.0,20,100.0,2.0,1.0,2,0,4.667740890007865,357.3820174025494,170.075846905503
40,125.0,20,100.0,1.5,1.5,2,0,4.667740890007865,357.3820174025494,170.075846905503
40,125.0,20,100.0,1.0,1.5,2,0,4.667740890007865,357.3820174025494,170.075846905503
40,125.0,20,100.0,2.0,1.5,2,0,4.667740890007865,357.3820174025494,170.075846905503
40,125.0,30,50.0,1.5,2.0,1,0,29.046568929510787,507.078922744844,189.28912608156344
40,125.0,30,50.0,2.0,2.0,1,0,29.046568929510787,507.078922744844,189.28912608156344
40,125.0,25,50.0,1.5,1.5,4,0,91.17396769047164,459.33607136727795,411.8215105565725
40,125.0,20,100.0,1.0,2.0,2,0,4.667740890007865,357.3820174025494,170.075846905503
40,125.0,20,100.0,1.5,1.0,0,0,30.379366307187034,463.7091657830143,173.94983411973146
40,125.0,20,100.0,1.5,2.0,2,0,4.667740890007865,357.3820174025494,170.075846905503
40,125.0,20,100.0,1.5,1.0,1,0,45.12783204407297,507.078922744844,189.28912608156344
40,125.0,20,100.0,2.0,2.0,2,0,4.667740890007865,357.3820174025494,170.075846905503
40,125.0,20,100.0,2.0,1.5,0,0,38.71872801680087,463.7091657830143,173.94983411973146
40,125.0,20,100.0,2.0,1.0,4,0,33.446515200580386,459.33607136727795,411.8215105565725
40,125.0,25,100.0,1.0,1.0,2,0,4.667740890007865,357.3820174025494,170.075846905503
40,125.0,20,100.0,1.0,2.0,0,0,28.092406297230198,463.7091657830143,173.94983411973146
40,125.0,20,100.0,1.0,1.0,0,1,64.40334610574318,463.7091657830143,173.94983411973146
40,125.0,20,100.0,2.0,1.5,3,0,45.10179957487486,498.79533806064467,183.5757899808681
40,125.0,20,100.0,1.0,1.0,4,1,71.4125716128499,459.33607136727795,411.8215105565725
40,125.0,20,100.0,1.5,1.5,0,0,38.71872801680087,463.7091657830143,173.94983411973146
40,125.0,20,100.0,1.5,2.0,0,0,28.092406297230198,463.7091657830143,173.94983411973146
40,125.0,20,100.0,1.0,2.0,1,0,35.87315016782834,507.078922744844,189.28912608156344
40,125.0,20,100.0,1.0,1.5,1,1,63.76345782378204,507.078922744844,189.28912608156344
40,125.0,20,100.0,1.0,2.0,4,0,38.41689419666231,459.33607136727795,411.8215105565725
40,125.0,25,100.0,1.5,1.0,2,0,4.667740890007865,357.3820174025494,170.075846905503
40,125.0,20,100.0,1.5,2.0,1,0,35.87315016782834,507.078922744844,189.28912608156344
40,125.0,20,100.0,1.5,1.0,4,1,75.10560504419736,459.33607136727795,411.8215105565725
40,125.0,20,100.0,1.5,2.0,4,0,38.41689419666231,459.33607136727795,411.8215105565725
40,125.0,20,100.0,1.0,1.0,1,1,87.77738223465902,507.078922744844,189.28912608156344
40,125.0,20,100.0,1.5,1.5,4,0,50.45585155295027,459.33607136727795,411.8215105565725
40,125.0,25,100.0,1.0,1.0,0,0,28.901355177552272,463.7091657830143,173.94983411973146
40,125.0,20,100.0,1.0,1.5,4,1,82.93501054223584,459.33607136727795,411.8215105565725
40,125.0,20,100.0,2.0,2.0,0,0,28.092406297230198,463.7091657830143,173.94983411973146
40,125.0,25,100.0,1.0,1.0,1,0,35.36042182544211,507.078922744844,189.28912608156344
40,125.0,25,100.0,2.0,1.0,2,0,4.667740890007865,357.3820174025494,170.075846905503
40,125.0,25,100.0,1.0,1.5,2,0,4.667740890007865,357.3820174025494,170.075846905503
40,125.0,20,100.0,2.0,1.5,4,0,78.15456285612564,459.33607136727795,411.8215105565725
40,125.0,20,100.0,2.0,2.0,1,0,35.87315016782834,507.078922744844,189.28912608156344
40,125.0,25,100.0,1.5,1.5,2,0,4.667740890007865,357.3820174025494,170.075846905503
40,125.0,20,100.0,2.0,2.0,4,0,38.41689419666231,459.33607136727795,411.8215105565725
40,125.0,25,100.0,1.5,1.0,0,0,28.901355177552272,463.7091657830143,173.94983411973146
40,125.0,20,100.0,1.5,1.5,1,1,66.66525463793843,507.078922744844,189.28912608156344
40,125.0,20,100.0,2.0,1.0,1,1,65.72922396129553,507.078922744844,189.28912608156344
40,125.0,25,100.0,2.0,1.5,2,0,4.667740890007865,357.3820174025494,170.075846905503
40,125.0,25,100.0,1.0,2.0,2,0,4.667740890007865,357.3820174025494,170.075846905503
40,125.0,25,100.0,1.5,1.0,1,0,35.36042182544211,507.078922744844,189.28912608156344
40,125.0,25,100.0,1.5,2.0,2,0,4.667740890007865,357.3820174025494,170.075846905503
40,125.0,25,100.0,2.0,1.0,0,0,28.901355177552272,463.7091657830143,173.94983411973146
40,125.0,25,100.0,1.0,1.5,0,0,29.786178667526773,463.7091657830143,173.94983411973146
40,125.0,25,100.0,1.0,1.5,4,0,38.793591339517434,459.33607136727795,411.8215105565725
40,125.0,25,100.0,2.0,1.0,1,0,35.36042182544211,507.078922744844,189.28912608156344
40,125.0,25,100.0,1.0,2.0,0,0,29.786178667526773,463.7091657830143,173.94983411973146
40,125.0,25,100.0,1.5,1.5,0,0,29.786178667526773,463.7091657830143,173.94983411973146
40,125.0,25,100.0,2.0,2.0,2,0,4.667740890007865,357.3820174025494,170.075846905503
40,125.0,25,100.0,1.5,2.0,0,0,29.786178667526773,463.7091657830143,173.94983411973146
40,125.0,25,100.0,1.0,2.0,4,0,38.793591339517434,459.33607136727795,411.8215105565725
40,125.0,25,100.0,1.5,1.5,4,0,38.793591339517434,459.33607136727795,411.8215105565725
40,125.0,25,100.0,2.0,1.5,0,0,29.786178667526773,463.7091657830143,173.94983411973146
40,125.0,25,100.0,1.5,2.0,4,0,38.793591339517434,459.33607136727795,411.8215105565725
40,125.0,20,100.0,2.0,1.0,0,1,96.6943387581296,463.7091657830143,173.94983411973146
40,125.0,30,100.0,1.0,1.0,2,0,4.667740890007865,357.3820174025494,170.075846905503
40,125.0,25,100.0,1.0,1.5,1,1,63.521600787558555,507.078922744844,189.28912608156344
40,125.0,25,100.0,2.0,1.5,4,0,38.793591339517434,459.33607136727795,411.8215105565725
40,125.0,30,100.0,1.5,1.0,2,0,4.667740890007865,357.3820174025494,170.075846905503
40,125.0,30,100.0,1.0,1.5,2,0,4.667740890007865,357.3820174025494,170.075846905503
40,125.0,30,100.0,2.0,1.0,2,0,4.667740890007865,357.3820174025494,170.075846905503
40,125.0,25,100.0,2.0,2.0,0,0,29.786178667526773,463.7091657830143,173.94983411973146
40,125.0,25,100.0,1.0,2.0,1,1,63.521600787558555,507.078922744844,189.28912608156344
40,125.0,25,100.0,1.5,1.5,1,1,63.521600787558555,507.078922744844,189.28912608156344
40,125.0,25,100.0,1.5,2.0,1,1,63.521600787558555,507.078922744844,189.28912608156344
40,125.0,25,100.0,2.0,2.0,4,0,38.793591339517434,459.33607136727795,411.8215105565725
40,125.0,30,100.0,1.5,1.5,2,0,4.667740890007865,357.3820174025494,170.075846905503
40,125.0,25,100.0,2.0,1.0,4,0,85.86986787005759,459.33607136727795,411.8215105565725
40,125.0,30,100.0,2.0,1.0,0,0,30.379366307187034,463.7091657830143,173.94983411973146
40,125.0,25,100.0,2.0,1.5,1,1,63.521600787558555,507.078922744844,189.28912608156344
40,125.0,30,100.0,2.0,1.5,2,0,4.667740890007865,357.3820174025494,170.075846905503
40,125.0,30,100.0,1.0,2.0,2,0,4.667740890007865,357.3820174025494,170.075846905503
40,125.0,30,100.0,1.5,2.0,2,0,4.667740890007865,357.3820174025494,170.075846905503
40,125.0,30,100.0,1.5,1.0,3,0,33.16941474415928,498.79533806064467,183.5757899808681
40,125.0,25,100.0,2.0,2.0,1,1,63.521600787558555,507.078922744844,189.28912608156344
40,125.0,30,100.0,2.0,2.0,2,0,4.667740890007865,357.3820174025494,170.075846905503
40,125.0,30,100.0,1.5,1.0,4,0,35.02607306974543,459.33607136727795,411.8215105565725
40,125.0,30,100.0,1.5,1.5,3,0,32.95137083900748,498.79533806064467,183.5757899808681
40,125.0,20,150.0,1.0,1.0,2,0,4.667740890007865,357.3820174025494,170.075846905503
40,125.0,30,100.0,1.5,1.5,0,0,34.54869771098468,463.7091657830143,173.94983411973146
40,125.0,30,100.0,2.0,1.0,3,0,46.044226830690235,498.79533806064467,183.5757899808681
40,125.0,30,100.0,1.0,1.0,1,1,60.11872425878704,507.078922744844,189.28912608156344
40,125.0,20,150.0,1.5,1.0,2,0,4.667740890007865,357.3820174025494,170.075846905503
40,125.0,20,150.0,2.0,1.0,2,0,4.667740890007865,357.3820174025494,170.075846905503
40,125.0,30,100.0,1.0,2.0,0,0,28.092406297230198,463.7091657830143,173.94983411973146
40,125.0,30,100.0,1.5,2.0,0,0,28.092406297230198,463.7091657830143,173.94983411973146
40,125.0,20,150.0,1.0,1.0,0,0,16.60562892408488,463.7091657830143,173.94983411973146
40,125.0,30,100.0,1.0,1.0,0,1,71.21641344715597,463.7091657830143,173.94983411973146
40,125.0,20,150.0,1.5,1.0,0,0,16.60562892408488,463.7091657830143,173.94983411973146
40,125.0,20,150.0,2.0,1.0,0,0,16.60562892408488,463.7091657830143,173.94983411973146
40,125.0,30,100.0,1.0,1.5,1,1,60.971231014310014,507.078922744844,189.28912608156344
40,125.0,30,100.0,1.0,1.0,4,0,72.69850212835276,459.33607136727795,411.8215105565725
40,125.0,30,100.0,1.0,1.5,4,0,62.789486703924226,459.33607136727795,411.8215105565725
40,125.0,30,100.0,1.0,1.5,0,0,63.85543192033428,463.7091657830143,173.94983411973146
40,125.0,30,100.0,1.0,2.0,1,0,35.87315016782834,507.078922744844,189.28912608156344
40,125.0,30,100.0,1.5,2.0,1,0,35.87315016782834,507.078922744844,189.28912608156344
40,125.0,30,100.0,2.0,1.5,0,0,30.379366307187034,463.7091657830143,173.94983411973146
40,125.0,30,100.0,1.0,2.0,4,0,38.41689419666231,459.33607136727795,411.8215105565725
40,125.0,30,100.0,1.5,2.0,4,0,38.41689419666231,459.33607136727795,411.8215105565725
40,125.0,30,100.0,1.5,1.0,0,0,55.316386425796075,463.7091657830143,173.94983411973146
40,125.0,30,100.0,2.0,2.0,0,0,28.092406297230198,463.7091657830143,173.94983411973146
40,125.0,20,150.0,1.5,1.0,1,0,37.6796490038121,507.078922744844,189.28912608156344
40,125.0,20,150.0,2.0,1.0,1,0,37.6796490038121,507.078922744844,189.28912608156344
40,125.0,20,150.0,1.0,1.0,1,0,37.6796490038121,507.078922744844,189.28912608156344
40,125.0,30,100.0,2.0,1.5,3,0,41.373958241164786,498.79533806064467,183.5757899808681
40,125.0,20,150.0,1.0,1.5,2,0,4.667740890007865,357.3820174025494,170.075846905503
40,125.0,30,100.0,2.0,2.0,1,0,35.87315016782834,507.078922744844,189.28912608156344
40,125.0,30,100.0,2.0,2.0,4,0,38.41689419666231,459.33607136727795,411.8215105565725
40,125.0,20,150.0,1.5,1.5,2,0,4.667740890007865,357.3820174025494,170.075846905503
40,125.0,20,150.0,2.0,1.5,2,0,4.667740890007865,357.3820174025494,170.075846905503
40,125.0,20,150.0,1.0,1.5,0,0,16.60562892408488,463.7091657830143,173.94983411973146
40,125.0,20,150.0,2.0,1.0,4,0,57.44452516024213,459.33607136727795,411.8215105565725
40,125.0,20,150.0,1.0,1.0,4,0,57.44452516024213,459.33607136727795,411.8215105565725
40,125.0,20,150.0,1.5,1.5,0,0,16.60562892408488,463.7091657830143,173.94983411973146
40,125.0,20,150.0,1.5,1.0,4,0,57.44452516024213,459.33607136727795,411.8215105565725
40,125.0,20,150.0,2.0,1.5,0,0,16.60562892408488,463.7091657830143,173.94983411973146
40,125.0,20,150.0,1.0,2.0,2,0,4.667740890007865,357.3820174025494,170.075846905503
40,125.0,30,100.0,2.0,1.5,4,0,68.80233935326869,459.33607136727795,411.8215105565725
40,125.0,20,150.0,1.5,2.0,2,0,4.667740890007865,357.3820174025494,170.075846905503
40,125.0,20,150.0,1.0,1.5,1,0,37.6796490038121,507.078922744844,189.28912608156344
40,125.0,20,150.0,1.0,2.0,0,0,16.60562892408488,463.7091657830143,173.94983411973146
40,125.0,20,150.0,1.5,1.5,1,0,37.6796490038121,507.078922744844,189.28912608156344
40,125.0,20,150.0,2.0,2.0,2,0,4.667740890007865,357.3820174025494,170.075846905503
40,125.0,25,150.0,1.0,1.0,2,0,4.667740890007865,357.3820174025494,170.075846905503
40,125.0,20,150.0,2.0,1.5,1,0,37.6796490038121,507.078922744844,189.28912608156344
40,125.0,25,150.0,1.5,1.0,2,0,4.667740890007865,357.3820174025494,170.075846905503
40,125.0,20,150.0,1.5,2.0,0,0,16.60562892408488,463.7091657830143,173.94983411973146
40,125.0,25,150.0,2.0,1.0,2,0,4.667740890007865,357.3820174025494,170.075846905503
40,125.0,25,150.0,1.0,1.0,0,0,15.606821124633173,463.7091657830143,173.94983411973146
40,125.0,20,150.0,2.0,2.0,0,0,16.60562892408488,463.7091657830143,173.94983411973146
40,125.0,25,150.0,1.5,1.0,0,0,15.606821124633173,463.7091657830143,173.94983411973146
40,125.0,25,150.0,1.0,1.5,2,0,4.667740890007865,357.3820174025494,170.075846905503
40,125.0,20,150.0,1.5,1.5,4,0,55.939528634740554,459.33607136727795,411.8215105565725
40,125.0,25,150.0,1.5,1.5,2,0,4.667740890007865,357.3820174025494,170.075846905503
40,125.0,20,150.0,1.0,2.0,1,0,37.6796490038121,507.078922744844,189.28912608156344
40,125.0,25,150.0,2.0,1.5,2,0,4.667740890007865,357.3820174025494,170.075846905503
40,125.0,25,150.0,1.5,1.0,3,0,25.937390142756918,498.79533806064467,183.5757899808681
40,125.0,25,150.0,2.0,1.0,0,0,15.606821124633173,463.7091657830143,173.94983411973146
40,125.0,25,150.0,1.0,1.0,3,0,25.937390142756918,498.79533806064467,183.5757899808681
40,125.0,25,150.0,1.0,1.5,0,0,15.606821124633173,463.7091657830143,173.94983411973146
40,125.0,20,150.0,1.5,2.0,1,0,37.6796490038121,507.078922744844,189.28912608156344
40,125.0,25,150.0,1.5,1.5,0,0,15.606821124633173,463.7091657830143,173.94983411973146
40,125.0,20,150.0,1.0,1.5,4,1,64.58949558840037,459.33607136727795,411.8215105565725
40,125.0,25,150.0,2.0,1.5,0,0,15.606821124633173,463.7091657830143,173.94983411973146
40,125.0,25,150.0,1.0,1.5,3,0,25.937390142756918,498.79533806064467,183.5757899808681
40,125.0,25,150.0,1.0,2.0,2,0,4.667740890007865,357.3820174025494,170.075846905503
40,125.0,25,150.0,2.0,1.0,3,0,25.937390142756918,498.79533806064467,183.5757899808681
40,125.0,25,150.0,2.0,1.5,3,0,25.937390142756918,498.79533806064467,183.5757899808681
40,125.0,25,150.0,1.5,1.5,3,0,25.937390142756918,498.79533806064467,183.5757899808681
40,125.0,20,150.0,2.0,2.0,1,0,37.6796490038121,507.078922744844,189.28912608156344
40,125.0,25,150.0,1.5,1.0,4,0,50.01101656294326,459.33607136727795,411.8215105565725
40,125.0,25,150.0,1.0,1.0,4,0,48.42602518971337,459.33607136727795,411.8215105565725
40,125.0,20,150.0,2.0,1.5,4,1,76.01223402146967,459.33607136727795,411.8215105565725
40,125.0,25,150.0,1.0,2.0,0,0,15.606821124633173,463.7091657830143,173.94983411973146
40,125.0,25,150.0,1.5,2.0,2,0,4.667740890007865,357.3820174025494,170.075846905503
40,125.0,25,150.0,1.0,1.5,4,0,50.01101656294326,459.33607136727795,411.8215105565725
40,125.0,25,150.0,1.5,1.5,4,0,50.01101656294326,459.33607136727795,411.8215105565725
40,125.0,25,150.0,2.0,1.5,4,0,50.01101656294326,459.33607136727795,411.8215105565725
40,125.0,25,150.0,1.0,2.0,3,0,25.937390142756918,498.79533806064467,183.5757899808681
40,125.0,25,150.0,1.5,2.0,0,0,15.606821124633173,463.7091657830143,173.94983411973146
40,125.0,20,150.0,1.0,2.0,4,1,78.89407500136008,459.33607136727795,411.8215105565725
40,125.0,25,150.0,2.0,1.0,4,0,50.01101656294326,459.33607136727795,411.8215105565725
40,125.0,25,150.0,2.0,2.0,2,0,4.667740890007865,357.3820174025494,170.075846905503
40,125.0,20,150.0,1.5,2.0,4,1,78.89407500136008,459.33607136727795,411.8215105565725
40,125.0,25,150.0,1.5,2.0,3,0,25.937390142756918,498.79533806064467,183.5757899808681
40,125.0,30,150.0,1.0,1.0,2,0,4.667740890007865,357.3820174025494,170.075846905503
40,125.0,25,150.0,2.0,2.0,0,0,15.606821124633173,463.7091657830143,173.94983411973146
40,125.0,30,150.0,1.5,1.0,2,0,4.667740890007865,357.3820174025494,170.075846905503
40,125.0,25,150.0,2.0,2.0,3,0,25.937390142756918,498.79533806064467,183.5757899808681
40,125.0,30,150.0,1.0,1.0,0,0,16.60562892408488,463.7091657830143,173.94983411973146
40,125.0,30,150.0,2.0,1.0,2,0,4.667740890007865,357.3820174025494,170.075846905503
40,125.0,20,150.0,2.0,2.0,4,0,79.06561765440543,459.33607136727795,411.8215105565725
40,125.0,30,150.0,1.5,1.0,0,0,16.60562892408488,463.7091657830143,173.94983411973146
40,125.0,25,150.0,1.0,2.0,4,0,50.01101656294326,459.33607136727795,411.8215105565725
40,125.0,30,150.0,1.0,1.0,4,0,20.41339837782743,459.33607136727795,411.8215105565725
40,125.0,30,150.0,1.0,1.5,2,0,4.667740890007865,357.3820174025494,170.075846905503
40,125.0,30,150.0,1.5,1.0,4,0,20.41339837782743,459.33607136727795,411.8215105565725
40,125.0,30,150.0,1.5,1.5,2,0,4.667740890007865,357.3820174025494,170.075846905503
40,125.0,30,150.0,2.0,1.5,2,0,4.667740890007865,357.3820174025494,170.075846905503
40,125.0,30,150.0,2.0,1.0,0,0,16.60562892408488,463.7091657830143,173.94983411973146
40,125.0,25,150.0,1.5,2.0,4,0,50.01101656294326,459.33607136727795,411.8215105565725
40,125.0,30,150.0,1.0,1.5,0,0,16.60562892408488,463.7091657830143,173.94983411973146
40,125.0,30,150.0,2.0,1.0,4,0,20.41339837782743,459.33607136727795,411.8215105565725
40,125.0,30,150.0,1.0,2.0,2,0,4.667740890007865,357.3820174025494,170.075846905503
40,125.0,30,150.0,1.5,1.5,0,0,16.60562892408488,463.7091657830143,173.94983411973146
40,125.0,30,150.0,1.5,2.0,2,0,4.667740890007865,357.3820174025494,170.075846905503
40,125.0,30,150.0,1.0,1.5,4,0,20.41339837782743,459.33607136727795,411.8215105565725
40,125.0,25,150.0,2.0,2.0,4,0,50.01101656294326,459.33607136727795,411.8215105565725
40,125.0,30,150.0,1.5,1.5,4,0,20.41339837782743,459.33607136727795,411.8215105565725
40,125.0,30,150.0,2.0,1.5,0,0,16.60562892408488,463.7091657830143,173.94983411973146
40,125.0,30,150.0,2.0,2.0,2,0,4.667740890007865,357.3820174025494,170.075846905503
40,125.0,30,150.0,2.0,1.5,4,0,20.41339837782743,459.33607136727795,411.8215105565725
40,125.0,30,150.0,1.0,2.0,0,0,16.60562892408488,463.7091657830143,173.94983411973146
40,125.0,30,150.0,1.0,1.0,1,0,47.750690202023165,507.078922744844,189.28912608156344
40,125.0,30,150.0,1.5,2.0,0,0,16.60562892408488,463.7091657830143,173.94983411973146
40,125.0,30,150.0,1.0,2.0,4,0,20.41339837782743,459.33607136727795,411.8215105565725
40,125.0,30,150.0,1.5,1.0,1,0,47.750690202023165,507.078922744844,189.28912608156344
40,125.0,30,150.0,2.0,2.0,0,0,16.60562892408488,463.7091657830143,173.94983411973146
40,125.0,30,150.0,1.5,2.0,4,0,20.41339837782743,459.33607136727795,411.8215105565725
40,125.0,30,150.0,2.0,2.0,4,0,20.41339837782743,459.33607136727795,411.8215105565725
40,125.0,30,150.0,2.0,1.0,1,0,47.750690202023165,507.078922744844,189.28912608156344
40,125.0,30,150.0,1.0,1.5,1,0,47.750690202023165,507.078922744844,189.28912608156344
40,125.0,30,150.0,1.5,1.5,1,0,47.750690202023165,507.078922744844,189.28912608156344
40,125.0,30,150.0,2.0,1.5,1,0,47.750690202023165,507.078922744844,189.28912608156344
40,125.0,30,150.0,2.0,2.0,3,0,69.1619816762395,498.79533806064467,183.5757899808681
40,125.0,30,150.0,1.5,2.0,3,0,69.1619816762395,498.79533806064467,183.5757899808681
40,125.0,30,150.0,1.0,2.0,1,0,85.08337115547653,507.078922744844,189.28912608156344
41,125.0,20,50.0,2.0,1.0,2,0,24.332058145992555,203.03436347978428,155.4830260820167
41,125.0,20,50.0,1.5,1.5,2,0,24.332058145992555,203.03436347978428,155.4830260820167
41,125.0,20,50.0,2.0,1.5,2,0,25.16787884065849,203.03436347978428,155.4830260820167
41,125.0,20,50.0,1.5,2.0,2,0,24.332058145992555,203.03436347978428,155.4830260820167
41,125.0,20,50.0,1.0,2.0,2,0,24.332058145992555,203.03436347978428,155.4830260820167
41,125.0,20,50.0,2.0,2.0,0,1,23.878993027328644,771.2855690062817,390.54541544306136
41,125.0,20,50.0,2.0,2.0,2,0,25.16787884065849,203.03436347978428,155.4830260820167
41,125.0,20,50.0,2.0,1.5,0,1,36.78133680598433,771.2855690062817,390.54541544306136
41,125.0,20,50.0,1.5,2.0,0,1,40.24434885873313,771.2855690062817,390.54541544306136
41,125.0,25,50.0,2.0,1.0,0,1,23.845900323075433,771.2855690062817,390.54541544306136
41,125.0,20,50.0,2.0,1.5,3,1,41.830391592480176,782.7905121440356,448.8951647729029
41,125.0,20,50.0,1.0,2.0,0,1,40.24434885873313,771.2855690062817,390.54541544306136
41,125.0,20,50.0,1.5,2.0,3,1,43.147729025694126,782.7905121440356,448.8951647729029
41,125.0,20,50.0,1.0,2.0,3,1,43.147729025694126,782.7905121440356,448.8951647729029
41,125.0,20,50.0,1.0,1.5,2,0,42.74481594019279,203.03436347978428,155.4830260820167
41,125.0,20,50.0,2.0,1.0,0,1,63.043281640937344,771.2855690062817,390.54541544306136
41,125.0,25,50.0,1.5,1.5,0,1,23.333214638494944,771.2855690062817,390.54541544306136
41,125.0,20,50.0,2.0,2.0,3,1,44.10635715835865,782.7905121440356,448.8951647729029
41,125.0,25,50.0,2.0,1.0,3,1,40.64827206145814,782.7905121440356,448.8951647729029
41,125.0,20,50.0,1.5,1.0,0,1,76.2217509626435,771.2855690062817,390.54541544306136
41,125.0,20,50.0,1.5,1.0,3,1,76.2217509626435,782.7905121440356,448.8951647729029
41,125.0,20,50.0,1.5,2.0,4,1,59.610495492422665,688.6002716449726,456.5169056717902
41,125.0,20,50.0,1.5,1.0,4,1,77.0218792898186,688.6002716449726,456.5169056717902
41,125.0,20,50.0,1.0,2.0,4,1,59.610495492422665,688.6002716449726,456.5169056717902
41,125.0,25,50.0,1.5,1.0,2,0,50.92455329934554,203.03436347978428,155.4830260820167
41,125.0,20,50.0,1.0,1.0,0,0,92.62604314160713,771.2855690062817,390.54541544306136
41,125.0,20,50.0,1.0,1.0,3,0,95.72699669048349,782.7905121440356,448.8951647729029
41,125.0,25,50.0,1.5,1.5,3,1,41.442460241384616,782.7905121440356,448.8951647729029
41,125.0,20,50.0,1.5,1.5,1,0,71.46325717745532,128.09185532690785,360.07796807860166
41,125.0,20,50.0,1.0,2.0,1,0,86.87044047941612,128.09185532690785,360.07796807860166
41,125.0,20,50.0,2.0,1.5,4,1,79.3450367856976,688.6002716449726,456.5169056717902
41,125.0,25,50.0,1.0,1.5,0,1,77.80750545067716,771.2855690062817,390.54541544306136
41,125.0,25,50.0,1.5,1.5,4,1,55.82738211020457,688.6002716449726,456.5169056717902
41,125.0,20,50.0,2.0,2.0,4,1,79.30561217573677,688.6002716449726,456.5169056717902
41,125.0,25,50.0,1.0,1.0,0,1,92.55562903708658,771.2855690062817,390.54541544306136
41,125.0,25,50.0,2.0,1.0,4,0,85.98895388326015,688.6002716449726,456.5169056717902
41,125.0,20,50.0,2.0,1.5,1,0,95.27278547939055,128.09185532690785,360.07796807860166
41,125.0,25,50.0,2.0,1.5,0,1,23.333214638494944,771.2855690062817,390.54541544306136
41,125.0,25,50.0,1.0,2.0,0,1,39.423534021255655,771.2855690062817,390.54541544306136
41,125.0,25,50.0,1.0,2.0,3,1,42.4269228617104,782.7905121440356,448.8951647729029
41,125.0,25,50.0,1.5,2.0,0,1,23.398453766642128,771.2855690062817,390.54541544306136
41,125.0,20,50.0,1.0,1.5,4,0,97.10448347452237,688.6002716449726,456.5169056717902
41,125.0,30,50.0,2.0,1.0,2,0,22.19777237801728,203.03436347978428,155.4830260820167
41,125.0,20,50.0,1.0,1.5,0,0,99.40491874478252,771.2855690062817,390.54541544306136
41,125.0,25,50.0,2.0,1.5,3,1,38.75798882730561,782.7905121440356,448.8951647729029
41,125.0,30,50.0,1.5,1.5,2,0,29.352424642975297,203.03436347978428,155.4830260820167
41,125.0,30,50.0,1.0,2.0,0,1,24.637994076338025,771.2855690062817,390.54541544306136
41,125.0,30,50.0,2.0,1.5,0,1,25.09985680330907,771.2855690062817,390.54541544306136
41,125.0,25,50.0,1.5,2.0,3,1,38.94931412316433,782.7905121440356,448.8951647729029
41,125.0,20,100.0,1.0,1.0,2,0,9.23324377977103,203.03436347978428,155.4830260820167
41,125.0,25,50.0,1.0,2.0,4,1,75.25209780049015,688.6002716449726,456.5169056717902
41,125.0,30,50.0,1.0,2.0,2,0,36.12312635785692,203.03436347978428,155.4830260820167
41,125.0,25,50.0,2.0,1.5,4,1,53.18375481190787,688.6002716449726,456.5169056717902
41,125.0,30,50.0,1.0,2.0,3,1,41.18617509585044,782.7905121440356,448.8951647729029
41,125.0,30,50.0,1.5,2.0,0,1,24.637994076338025,771.2855690062817,390.54541544306136
41,125.0,25,50.0,1.5,2.0,4,0,55.808008997622984,688.6002716449726,456.5169056717902
41,125.0,30,50.0,2.0,2.0,0,1,24.637994076338025,771.2855690062817,390.54541544306136
41,125.0,20,100.0,1.0,1.0,0,1,25.599779307628324,771.2855690062817,390.54541544306136
41,125.0,30,50.0,2.0,1.5,3,1,45.64785967887869,782.7905121440356,448.8951647729029
41,125.0,20,100.0,1.0,1.0,3,1,28.001376121927844,782.7905121440356,448.8951647729029
41,125.0,25,50.0,2.0,2.0,0,1,76.52037441293525,771.2855690062817,390.54541544306136
41,125.0,20,100.0,1.5,1.0,2,0,9.23324377977103,203.03436347978428,155.4830260820167
41,125.0,30,50.0,2.0,2.0,3,1,41.91843932864182,782.7905121440356,448.8951647729029
41,125.0,30,50.0,1.0,1.0,0,1,91.18848638007721,771.2855690062817,390.54541544306136
41,125.0,30,50.0,1.5,1.0,4,0,72.95961104584205,688.6002716449726,456.5169056717902
41,125.0,30,50.0,1.5,2.0,2,0,41.128611531449714,203.03436347978428,155.4830260820167
41,125.0,30,50.0,1.5,2.0,3,1,41.64281853949584,782.7905121440356,448.8951647729029
41,125.0,30,50.0,1.0,1.0,4,0,97.83925878428586,688.6002716449726,456.5169056717902
41,125.0,30,50.0,1.0,1.5,1,0,82.87244857919187,128.09185532690785,360.07796807860166
41,125.0,20,100.0,1.0,1.0,4,1,48.231681300350886,688.6002716449726,456.5169056717902
41,125.0,30,50.0,2.0,1.5,4,1,65.64975470817942,688.6002716449726,456.5169056717902
41,125.0,30,50.0,1.5,1.5,0,1,83.78970436794816,771.2855690062817,390.54541544306136
41,125.0,20,100.0,1.5,1.0,0,1,25.599779307628324,771.2855690062817,390.54541544306136
41,125.0,20,100.0,1.5,1.0,3,1,28.001376121927844,782.7905121440356,448.8951647729029
41,125.0,20,100.0,1.0,1.5,2,0,9.23324377977103,203.03436347978428,155.4830260820167
41,125.0,30,50.0,1.5,1.0,0,0,93.18816107128923,771.2855690062817,390.54541544306136
41,125.0,30,50.0,1.5,1.0,3,0,94.05070149897365,782.7905121440356,448.8951647729029
41,125.0,20,100.0,2.0,1.0,0,1,21.78837971678476,771.2855690062817,390.54541544306136
41,125.0,20,100.0,1.5,1.5,0,1,21.78837971678476,771.2855690062817,390.54541544306136
41,125.0,20,100.0,2.0,1.0,1,0,24.366401205737994,128.09185532690785,360.07796807860166
41,125.0,20,100.0,1.0,1.5,0,1,25.599779307628324,771.2855690062817,390.54541544306136
41,125.0,20,100.0,1.5,1.5,1,0,24.366401205737994,128.09185532690785,360.07796807860166
41,125.0,20,100.0,2.0,1.0,3,1,26.06915679932221,782.7905121440356,448.8951647729029
41,125.0,20,100.0,1.0,1.5,3,1,28.001376121927844,782.7905121440356,448.8951647729029
41,125.0,20,100.0,1.5,1.0,4,1,48.231681300350886,688.6002716449726,456.5169056717902
41,125.0,20,100.0,1.5,1.5,3,1,26.06915679932221,782.7905121440356,448.8951647729029
41,125.0,20,100.0,2.0,1.0,2,0,29.364888753709003,203.03436347978428,155.4830260820167
41,125.0,20,100.0,1.5,1.5,2,0,29.364888753709003,203.03436347978428,155.4830260820167
41,125.0,20,100.0,2.0,1.5,0,1,21.78837971678476,771.2855690062817,390.54541544306136
41,125.0,20,100.0,2.0,1.5,1,0,24.366401205737994,128.09185532690785,360.07796807860166
41,125.0,20,100.0,2.0,1.5,3,1,26.06915679932221,782.7905121440356,448.8951647729029
41,125.0,20,100.0,1.0,1.5,1,0,36.96932321024403,128.09185532690785,360.07796807860166
41,125.0,20,100.0,1.0,2.0,0,1,21.78837971678476,771.2855690062817,390.54541544306136
41,125.0,20,100.0,2.0,1.5,2,0,29.364888753709003,203.03436347978428,155.4830260820167
41,125.0,20,100.0,2.0,2.0,0,1,21.78837971678476,771.2855690062817,390.54541544306136
41,125.0,20,100.0,1.0,2.0,1,0,24.366401205737994,128.09185532690785,360.07796807860166
41,125.0,20,100.0,1.0,2.0,3,1,26.06915679932221,782.7905121440356,448.8951647729029
41,125.0,20,100.0,2.0,2.0,1,0,24.366401205737994,128.09185532690785,360.07796807860166
41,125.0,20,100.0,1.0,1.5,4,1,47.27051209680548,688.6002716449726,456.5169056717902
41,125.0,20,100.0,1.5,2.0,0,1,21.78837971678476,771.2855690062817,390.54541544306136
41,125.0,20,100.0,2.0,2.0,3,1,26.06915679932221,782.7905121440356,448.8951647729029
41,125.0,20,100.0,1.5,1.5,4,1,43.2552743666121,688.6002716449726,456.5169056717902
41,125.0,20,100.0,1.0,2.0,2,0,29.364888753709003,203.03436347978428,155.4830260820167
41,125.0,20,100.0,2.0,1.0,4,1,44.24107781076712,688.6002716449726,456.5169056717902
41,125.0,20,100.0,2.0,2.0,2,0,29.364888753709003,203.03436347978428,155.4830260820167
41,125.0,20,100.0,1.5,2.0,1,0,24.366401205737994,128.09185532690785,360.07796807860166
41,125.0,20,100.0,2.0,1.5,4,1,43.2552743666121,688.6002716449726,456.5169056717902
41,125.0,30,50.0,1.5,2.0,4,1,92.97940437933389,688.6002716449726,456.5169056717902
41,125.0,20,100.0,1.5,2.0,3,1,26.06915679932221,782.7905121440356,448.8951647729029
41,125.0,20,100.0,1.0,2.0,4,1,43.2552743666121,688.6002716449726,456.5169056717902
41,125.0,20,100.0,1.5,2.0,2,0,29.364888753709003,203.03436347978428,155.4830260820167
41,125.0,20,100.0,2.0,2.0,4,1,43.2552743666121,688.6002716449726,456.5169056717902
41,125.0,25,100.0,1.0,1.0,0,1,50.18840736689321,771.2855690062817,390.54541544306136
41,125.0,30,100.0,1.0,1.0,2,0,9.645909606654728,203.03436347978428,155.4830260820167
41,125.0,25,100.0,1.0,1.0,3,1,55.44051790887724,782.7905121440356,448.8951647729029
41,125.0,30,100.0,1.0,1.0,0,1,20.458285287314382,771.2855690062817,390.54541544306136
41,125.0,30,100.0,2.0,1.0,2,0,9.645909606654728,203.03436347978428,155.4830260820167
41,125.0,25,100.0,1.0,1.0,4,1,66.44517574371265,688.6002716449726,456.5169056717902
41,125.0,20,100.0,1.5,2.0,4,1,43.2552743666121,688.6002716449726,456.5169056717902
41,125.0,30,100.0,1.5,1.0,2,0,9.645909606654728,203.03436347978428,155.4830260820167
41,125.0,30,100.0,1.0,1.0,3,1,23.627049794518506,782.7905121440356,448.8951647729029
41,125.0,30,100.0,1.0,1.5,2,0,9.645909606654728,203.03436347978428,155.4830260820167
41,125.0,25,100.0,1.5,1.5,0,1,50.18840736689321,771.2855690062817,390.54541544306136
41,125.0,25,100.0,1.5,1.5,3,1,53.8051142472531,782.7905121440356,448.8951647729029
41,125.0,30,100.0,1.0,1.0,1,0,31.57757736044094,128.09185532690785,360.07796807860166
41,125.0,25,100.0,1.0,1.5,0,1,50.18840736689321,771.2855690062817,390.54541544306136
41,125.0,25,100.0,2.0,1.0,0,1,50.18840736689321,771.2855690062817,390.54541544306136
41,125.0,30,100.0,2.0,1.0,0,1,20.458285287314382,771.2855690062817,390.54541544306136
41,125.0,25,100.0,2.0,1.5,0,1,50.18840736689321,771.2855690062817,390.54541544306136
41,125.0,30,100.0,1.5,1.5,2,0,9.645909606654728,203.03436347978428,155.4830260820167
41,125.0,25,100.0,1.5,1.0,0,1,50.18840736689321,771.2855690062817,390.54541544306136
41,125.0,30,100.0,2.0,1.0,3,1,23.627049794518506,782.7905121440356,448.8951647729029
41,125.0,30,100.0,1.0,1.5,0,1,20.458285287314382,771.2855690062817,390.54541544306136
41,125.0,25,100.0,1.5,1.5,4,1,58.923946559932894,688.6002716449726,456.5169056717902
41,125.0,25,100.0,2.0,1.5,3,1,55.44051790887724,782.7905121440356,448.8951647729029
41,125.0,30,100.0,1.5,1.0,0,1,20.458285287314382,771.2855690062817,390.54541544306136
41,125.0,30,100.0,1.0,1.5,3,1,23.627049794518506,782.7905121440356,448.8951647729029
41,125.0,25,100.0,1.0,1.5,3,1,55.44051790887724,782.7905121440356,448.8951647729029
41,125.0,25,100.0,2.0,1.0,3,1,55.44051790887724,782.7905121440356,448.8951647729029
41,125.0,25,100.0,1.5,1.0,3,1,55.44051790887724,782.7905121440356,448.8951647729029
41,125.0,30,100.0,1.5,1.0,3,1,23.627049794518506,782.7905121440356,448.8951647729029
41,125.0,30,100.0,1.0,1.0,4,1,41.78605425257143,688.6002716449726,456.5169056717902
41,125.0,30,100.0,2.0,1.0,1,0,31.57757736044094,128.09185532690785,360.07796807860166
41,125.0,25,100.0,1.0,2.0,0,1,54.291605992371196,771.2855690062817,390.54541544306136
41,125.0,25,100.0,1.5,2.0,0,1,54.291605992371196,771.2855690062817,390.54541544306136
41,125.0,30,100.0,1.0,1.5,1,0,31.57757736044094,128.09185532690785,360.07796807860166
41,125.0,25,100.0,1.0,2.0,3,1,55.89504729888156,782.7905121440356,448.8951647729029
41,125.0,25,100.0,1.5,2.0,3,1,55.89504729888156,782.7905121440356,448.8951647729029
41,125.0,30,100.0,1.5,1.5,0,1,20.458285287314382,771.2855690062817,390.54541544306136
41,125.0,30,100.0,1.5,1.0,1,0,31.57757736044094,128.09185532690785,360.07796807860166
41,125.0,25,100.0,2.0,1.5,4,1,68.42199740757968,688.6002716449726,456.5169056717902
41,125.0,30,100.0,1.5,1.5,3,1,23.627049794518506,782.7905121440356,448.8951647729029
41,125.0,25,100.0,2.0,2.0,0,1,54.291605992371196,771.2855690062817,390.54541544306136
41,125.0,25,100.0,1.5,2.0,4,1,60.95942927154556,688.6002716449726,456.5169056717902
41,125.0,30,100.0,2.0,1.5,2,0,9.645909606654728,203.03436347978428,155.4830260820167
41,125.0,25,100.0,1.0,2.0,4,1,60.95942927154556,688.6002716449726,456.5169056717902
41,125.0,25,100.0,2.0,1.0,4,1,66.5150682669592,688.6002716449726,456.5169056717902
41,125.0,30,100.0,2.0,1.0,4,1,41.83313914723009,688.6002716449726,456.5169056717902
41,125.0,25,100.0,1.0,1.5,4,1,71.4540561733988,688.6002716449726,456.5169056717902
41,125.0,25,100.0,2.0,2.0,4,1,59.57449071124516,688.6002716449726,456.5169056717902
41,125.0,30,100.0,1.0,1.5,4,1,41.83313914723009,688.6002716449726,456.5169056717902
41,125.0,25,100.0,1.5,1.0,4,1,68.42199740757968,688.6002716449726,456.5169056717902
41,125.0,30,100.0,1.0,2.0,2,0,9.645909606654728,203.03436347978428,155.4830260820167
41,125.0,30,100.0,1.5,1.5,1,0,31.57757736044094,128.09185532690785,360.07796807860166
41,125.0,30,100.0,2.0,1.5,0,1,20.458285287314382,771.2855690062817,390.54541544306136
41,125.0,30,100.0,1.5,1.0,4,1,41.83313914723009,688.6002716449726,456.5169056717902
41,125.0,30,100.0,1.5,2.0,2,0,9.645909606654728,203.03436347978428,155.4830260820167
41,125.0,30,100.0,2.0,2.0,2,0,9.645909606654728,203.03436347978428,155.4830260820167
41,125.0,30,100.0,2.0,1.5,3,1,23.627049794518506,782.7905121440356,448.8951647729029
41,125.0,25,100.0,2.0,2.0,3,0,72.56198008125757,782.7905121440356,448.8951647729029
41,125.0,30,100.0,1.0,2.0,0,1,20.458285287314382,771.2855690062817,390.54541544306136
41,125.0,20,150.0,1.0,1.0,2,0,6.496296607792545,203.03436347978428,155.4830260820167
41,125.0,30,100.0,2.0,1.5,1,0,31.57757736044094,128.09185532690785,360.07796807860166
41,125.0,30,100.0,1.5,1.5,4,1,41.83313914723009,688.6002716449726,456.5169056717902
41,125.0,30,100.0,1.0,2.0,3,1,23.627049794518506,782.7905121440356,448.8951647729029
41,125.0,30,100.0,2.0,2.0,0,1,20.458285287314382,771.2855690062817,390.54541544306136
41,125.0,30,100.0,1.5,2.0,0,1,20.458285287314382,771.2855690062817,390.54541544306136
41,125.0,20,150.0,1.5,1.0,2,0,6.496296607792545,203.03436347978428,155.4830260820167
41,125.0,20,150.0,2.0,1.0,2,0,6.496296607792545,203.03436347978428,155.4830260820167
41,125.0,30,100.0,1.5,2.0,3,1,23.627049794518506,782.7905121440356,448.8951647729029
41,125.0,30,100.0,2.0,2.0,3,1,23.627049794518506,782.7905121440356,448.8951647729029
41,125.0,30,100.0,2.0,1.5,4,1,41.83313914723009,688.6002716449726,456.5169056717902
41,125.0,30,100.0,1.0,2.0,1,0,31.57757736044094,128.09185532690785,360.07796807860166
41,125.0,30,100.0,1.5,2.0,1,0,31.57757736044094,128.09185532690785,360.07796807860166
41,125.0,20,150.0,2.0,1.5,2,0,6.496296607792545,203.03436347978428,155.4830260820167
41,125.0,30,100.0,2.0,2.0,1,0,31.57757736044094,128.09185532690785,360.07796807860166
41,125.0,20,150.0,1.0,1.5,2,0,6.496296607792545,203.03436347978428,155.4830260820167
41,125.0,20,150.0,1.5,1.5,2,0,6.496296607792545,203.03436347978428,155.4830260820167
41,125.0,20,150.0,1.0,1.0,0,1,20.630380788983484,771.2855690062817,390.54541544306136
41,125.0,20,150.0,1.5,1.0,0,1,20.630380788983484,771.2855690062817,390.54541544306136
41,125.0,20,150.0,2.0,1.0,0,1,20.630380788983484,771.2855690062817,390.54541544306136
41,125.0,20,150.0,1.5,1.0,3,1,23.799145296187607,782.7905121440356,448.8951647729029
41,125.0,30,100.0,1.0,2.0,4,1,41.83313914723009,688.6002716449726,456.5169056717902
41,125.0,30,100.0,1.5,2.0,4,1,41.83313914723009,688.6002716449726,456.5169056717902
41,125.0,20,150.0,2.0,1.0,3,1,23.799145296187607,782.7905121440356,448.8951647729029
41,125.0,20,150.0,1.0,1.0,3,1,23.799145296187607,782.7905121440356,448.8951647729029
41,125.0,30,100.0,2.0,2.0,4,1,41.83313914723009,688.6002716449726,456.5169056717902
41,125.0,20,150.0,1.5,2.0,2,0,6.496296607792545,203.03436347978428,155.4830260820167
41,125.0,20,150.0,2.0,2.0,2,0,6.496296607792545,203.03436347978428,155.4830260820167
41,125.0,20,150.0,1.0,2.0,2,0,6.496296607792545,203.03436347978428,155.4830260820167
41,125.0,20,150.0,2.0,1.5,0,1,20.630380788983484,771.2855690062817,390.54541544306136
41,125.0,25,150.0,1.5,1.0,2,0,6.496296607792545,203.03436347978428,155.4830260820167
41,125.0,20,150.0,1.5,1.5,0,1,20.630380788983484,771.2855690062817,390.54541544306136
41,125.0,25,150.0,1.0,1.5,2,0,6.496296607792545,203.03436347978428,155.4830260820167
41,125.0,20,150.0,1.0,1.5,0,1,20.630380788983484,771.2855690062817,390.54541544306136
41,125.0,20,150.0,2.0,1.5,3,1,23.799145296187607,782.7905121440356,448.8951647729029
41,125.0,25,150.0,1.0,1.0,2,0,6.496296607792545,203.03436347978428,155.4830260820167
41,125.0,25,150.0,1.5,1.5,2,0,6.496296607792545,203.03436347978428,155.4830260820167
41,125.0,20,150.0,1.5,1.5,3,1,23.799145296187607,782.7905121440356,448.8951647729029
41,125.0,25,150.0,2.0,1.0,2,0,6.496296607792545,203.03436347978428,155.4830260820167
41,125.0,20,150.0,1.0,1.5,3,1,23.799145296187607,782.7905121440356,448.8951647729029
41,125.0,20,150.0,1.5,2.0,0,1,20.630380788983484,771.2855690062817,390.54541544306136
41,125.0,20,150.0,2.0,2.0,0,1,20.630380788983484,771.2855690062817,390.54541544306136
41,125.0,20,150.0,1.5,1.0,4,1,42.746814803346886,688.6002716449726,456.5169056717902
41,125.0,20,150.0,1.5,2.0,3,1,23.799145296187607,782.7905121440356,448.8951647729029
41,125.0,20,150.0,2.0,2.0,3,1,23.799145296187607,782.7905121440356,448.8951647729029
41,125.0,20,150.0,1.0,2.0,0,1,20.630380788983484,771.2855690062817,390.54541544306136
41,125.0,25,150.0,1.5,1.0,0,1,23.799145296187607,771.2855690062817,390.54541544306136
41,125.0,20,150.0,2.0,1.5,4,1,42.746814803346886,688.6002716449726,456.5169056717902
41,125.0,25,150.0,1.0,1.5,0,1,23.799145296187607,771.2855690062817,390.54541544306136
41,125.0,25,150.0,1.5,1.0,3,1,25.434551100892936,782.7905121440356,448.8951647729029
41,125.0,25,150.0,1.5,1.5,0,1,23.799145296187607,771.2855690062817,390.54541544306136
41,125.0,25,150.0,1.5,1.5,3,1,25.434551100892936,782.7905121440356,448.8951647729029
41,125.0,25,150.0,1.0,1.5,3,1,25.434551100892936,782.7905121440356,448.8951647729029
41,125.0,20,150.0,1.5,1.5,4,1,42.746814803346886,688.6002716449726,456.5169056717902
41,125.0,20,150.0,2.0,1.0,4,1,42.746814803346886,688.6002716449726,456.5169056717902
41,125.0,20,150.0,1.0,2.0,3,1,23.799145296187607,782.7905121440356,448.8951647729029
41,125.0,20,150.0,1.0,1.0,4,1,42.746814803346886,688.6002716449726,456.5169056717902
41,125.0,20,150.0,1.0,1.5,4,1,42.746814803346886,688.6002716449726,456.5169056717902
41,125.0,25,150.0,1.0,1.0,0,1,23.799145296187607,771.2855690062817,390.54541544306136
41,125.0,25,150.0,1.0,1.0,3,1,25.434551100892936,782.7905121440356,448.8951647729029
41,125.0,25,150.0,2.0,1.0,0,1,23.799145296187607,771.2855690062817,390.54541544306136
41,125.0,25,150.0,2.0,1.0,3,1,25.434551100892936,782.7905121440356,448.8951647729029
41,125.0,25,150.0,1.5,1.0,1,0,39.61479308644962,128.09185532690785,360.07796807860166
41,125.0,25,150.0,1.5,1.5,1,0,39.61479308644962,128.09185532690785,360.07796807860166
41,125.0,20,150.0,1.5,2.0,4,1,42.11327860885569,688.6002716449726,456.5169056717902
41,125.0,20,150.0,2.0,2.0,4,1,42.11327860885569,688.6002716449726,456.5169056717902
41,125.0,25,150.0,1.5,1.5,4,1,45.36949207491854,688.6002716449726,456.5169056717902
41,125.0,25,150.0,1.5,1.0,4,1,45.36949207491854,688.6002716449726,456.5169056717902
41,125.0,25,150.0,1.0,1.5,1,0,39.61479308644962,128.09185532690785,360.07796807860166
41,125.0,25,150.0,1.0,1.0,1,0,39.61479308644962,128.09185532690785,360.07796807860166
41,125.0,25,150.0,2.0,1.5,2,0,6.496296607792545,203.03436347978428,155.4830260820167
41,125.0,25,150.0,1.0,2.0,2,0,6.496296607792545,203.03436347978428,155.4830260820167
41,125.0,20,150.0,1.0,2.0,4,1,42.11327860885569,688.6002716449726,456.5169056717902
41,125.0,25,150.0,1.0,1.5,4,1,45.36949207491854,688.6002716449726,456.5169056717902
41,125.0,25,150.0,2.0,1.0,1,0,39.61479308644962,128.09185532690785,360.07796807860166
41,125.0,25,150.0,1.0,1.0,4,1,45.36949207491854,688.6002716449726,456.5169056717902
41,125.0,25,150.0,2.0,1.0,4,1,45.36949207491854,688.6002716449726,456.5169056717902
41,125.0,25,150.0,1.5,2.0,2,0,6.496296607792545,203.03436347978428,155.4830260820167
41,125.0,20,150.0,1.5,1.5,1,0,73.18518422757658,128.09185532690785,360.07796807860166
41,125.0,25,150.0,2.0,2.0,2,0,6.496296607792545,203.03436347978428,155.4830260820167
41,125.0,25,150.0,2.0,1.5,0,1,23.799145296187607,771.2855690062817,390.54541544306136
41,125.0,25,150.0,1.0,2.0,0,1,23.799145296187607,771.2855690062817,390.54541544306136
41,125.0,30,150.0,1.0,1.0,2,0,6.496296607792545,203.03436347978428,155.4830260820167
41,125.0,25,150.0,2.0,1.5,3,1,25.434551100892936,782.7905121440356,448.8951647729029
41,125.0,25,150.0,1.0,2.0,3,1,25.434551100892936,782.7905121440356,448.8951647729029
41,125.0,30,150.0,1.5,1.0,2,0,6.496296607792545,203.03436347978428,155.4830260820167
41,125.0,30,150.0,2.0,1.0,2,0,6.496296607792545,203.03436347978428,155.4830260820167
41,125.0,25,150.0,2.0,1.5,1,0,39.61479308644962,128.09185532690785,360.07796807860166
41,125.0,25,150.0,1.0,2.0,1,0,39.61479308644962,128.09185532690785,360.07796807860166
41,125.0,25,150.0,2.0,2.0,0,1,23.799145296187607,771.2855690062817,390.54541544306136
41,125.0,25,150.0,1.5,2.0,0,1,23.799145296187607,771.2855690062817,390.54541544306136
41,125.0,25,150.0,2.0,1.5,4,1,45.36949207491854,688.6002716449726,456.5169056717902
41,125.0,25,150.0,2.0,2.0,3,1,25.434551100892936,782.7905121440356,448.8951647729029
41,125.0,30,150.0,1.5,1.0,0,1,23.799145296187607,771.2855690062817,390.54541544306136
41,125.0,25,150.0,1.5,2.0,3,1,25.434551100892936,782.7905121440356,448.8951647729029
41,125.0,30,150.0,1.5,1.0,3,1,24.501605628448345,782.7905121440356,448.8951647729029
41,125.0,25,150.0,1.0,2.0,4,1,45.36949207491854,688.6002716449726,456.5169056717902
41,125.0,30,150.0,1.0,1.0,0,1,23.799145296187607,771.2855690062817,390.54541544306136
41,125.0,30,150.0,1.0,1.0,3,1,24.501605628448345,782.7905121440356,448.8951647729029
41,125.0,30,150.0,1.0,1.5,2,0,6.496296607792545,203.03436347978428,155.4830260820167
41,125.0,30,150.0,2.0,1.0,0,1,23.799145296187607,771.2855690062817,390.54541544306136
41,125.0,30,150.0,2.0,1.0,3,1,24.501605628448345,782.7905121440356,448.8951647729029
41,125.0,30,150.0,2.0,1.5,2,0,6.496296607792545,203.03436347978428,155.4830260820167
41,125.0,30,150.0,1.5,1.0,1,0,30.719611931191032,128.09185532690785,360.07796807860166
41,125.0,30,150.0,1.5,1.5,2,0,6.496296607792545,203.03436347978428,155.4830260820167
41,125.0,30,150.0,1.0,2.0,2,0,6.496296607792545,203.03436347978428,155.4830260820167
41,125.0,30,150.0,1.0,1.0,1,0,30.719611931191032,128.09185532690785,360.07796807860166
41,125.0,30,150.0,2.0,1.0,1,0,30.719611931191032,128.09185532690785,360.07796807860166
41,125.0,30,150.0,1.5,2.0,2,0,6.496296607792545,203.03436347978428,155.4830260820167
41,125.0,25,150.0,1.5,2.0,1,0,39.61479308644962,128.09185532690785,360.07796807860166
41,125.0,30,150.0,2.0,2.0,2,0,6.496296607792545,203.03436347978428,155.4830260820167
41,125.0,25,150.0,2.0,2.0,1,0,39.61479308644962,128.09185532690785,360.07796807860166
41,125.0,30,150.0,1.0,1.5,0,1,23.799145296187607,771.2855690062817,390.54541544306136
42,125.0,20,50.0,1.0,1.0,4,0,6.319467164075047,400.8859527423264,235.34949005368534
41,125.0,25,150.0,2.0,2.0,4,1,45.36949207491854,688.6002716449726,456.5169056717902
41,125.0,30,150.0,1.0,1.5,3,1,24.501605628448345,782.7905121440356,448.8951647729029
41,125.0,25,150.0,1.5,2.0,4,1,45.36949207491854,688.6002716449726,456.5169056717902
41,125.0,30,150.0,1.5,1.0,4,1,43.93160877288353,688.6002716449726,456.5169056717902
41,125.0,30,150.0,1.0,1.0,4,1,43.93160877288353,688.6002716449726,456.5169056717902
41,125.0,30,150.0,2.0,1.5,0,1,23.799145296187607,771.2855690062817,390.54541544306136
41,125.0,30,150.0,2.0,1.5,3,1,24.501605628448345,782.7905121440356,448.8951647729029
41,125.0,30,150.0,1.5,1.5,0,1,23.799145296187607,771.2855690062817,390.54541544306136
42,125.0,20,50.0,1.5,1.5,4,0,6.319467164075047,400.8859527423264,235.34949005368534
42,125.0,20,50.0,2.0,1.0,4,0,6.319467164075047,400.8859527423264,235.34949005368534
41,125.0,30,150.0,1.0,2.0,0,1,23.799145296187607,771.2855690062817,390.54541544306136
42,125.0,20,50.0,1.5,1.0,4,0,6.319467164075047,400.8859527423264,235.34949005368534
41,125.0,30,150.0,1.5,1.5,3,1,24.501605628448345,782.7905121440356,448.8951647729029
41,125.0,30,150.0,2.0,1.0,4,1,43.93160877288353,688.6002716449726,456.5169056717902
41,125.0,30,150.0,1.0,2.0,3,1,24.501605628448345,782.7905121440356,448.8951647729029
42,125.0,20,50.0,1.0,1.5,4,0,6.319467164075047,400.8859527423264,235.34949005368534
41,125.0,30,150.0,1.0,1.5,1,0,30.719611931191032,128.09185532690785,360.07796807860166
41,125.0,30,150.0,2.0,1.5,1,0,30.719611931191032,128.09185532690785,360.07796807860166
41,125.0,30,150.0,1.5,2.0,0,1,23.799145296187607,771.2855690062817,390.54541544306136
42,125.0,20,50.0,2.0,1.5,4,0,6.319467164075047,400.8859527423264,235.34949005368534
42,125.0,20,50.0,1.5,2.0,4,0,6.319467164075047,400.8859527423264,235.34949005368534
41,125.0,30,150.0,1.5,2.0,3,1,24.501605628448345,782.7905121440356,448.8951647729029
41,125.0,30,150.0,1.5,1.5,1,0,30.719611931191032,128.09185532690785,360.07796807860166
41,125.0,30,150.0,1.0,2.0,1,0,30.719611931191032,128.09185532690785,360.07796807860166
42,125.0,20,50.0,1.0,2.0,4,0,6.319467164075047,400.8859527423264,235.34949005368534
42,125.0,20,50.0,2.0,1.0,2,0,13.595914624559866,379.3332067053114,284.2215042110388
41,125.0,30,150.0,2.0,2.0,0,1,23.799145296187607,771.2855690062817,390.54541544306136
41,125.0,30,150.0,2.0,2.0,3,1,24.501605628448345,782.7905121440356,448.8951647729029
41,125.0,30,150.0,1.0,1.5,4,1,43.93160877288353,688.6002716449726,456.5169056717902
41,125.0,30,150.0,1.5,2.0,1,0,30.719611931191032,128.09185532690785,360.07796807860166
42,125.0,20,50.0,1.5,1.0,2,0,18.62645103367966,379.3332067053114,284.2215042110388
41,125.0,30,150.0,1.5,1.5,4,1,43.93160877288353,688.6002716449726,456.5169056717902
41,125.0,30,150.0,2.0,1.5,4,1,43.93160877288353,688.6002716449726,456.5169056717902
41,125.0,30,150.0,2.0,2.0,1,0,30.719611931191032,128.09185532690785,360.07796807860166
41,125.0,30,150.0,1.0,2.0,4,1,43.93160877288353,688.6002716449726,456.5169056717902
42,125.0,20,50.0,2.0,2.0,4,0,6.319467164075047,400.8859527423264,235.34949005368534
42,125.0,20,50.0,1.0,1.0,2,0,31.59304422291641,379.3332067053114,284.2215042110388
42,125.0,25,50.0,1.5,1.0,4,0,7.028011386959363,400.8859527423264,235.34949005368534
42,125.0,25,50.0,1.0,1.0,4,0,7.028011386959363,400.8859527423264,235.34949005368534
41,125.0,30,150.0,1.5,2.0,4,1,43.93160877288353,688.6002716449726,456.5169056717902
42,125.0,25,50.0,2.0,1.0,4,0,7.028011386959363,400.8859527423264,235.34949005368534
41,125.0,30,150.0,2.0,2.0,4,1,43.93160877288353,688.6002716449726,456.5169056717902
42,125.0,25,50.0,1.0,1.5,4,0,7.028011386959363,400.8859527423264,235.34949005368534
42,125.0,20,50.0,2.0,2.0,2,0,17.94937285389622,379.3332067053114,284.2215042110388
42,125.0,20,50.0,1.5,1.5,2,0,43.710324904363,379.3332067053114,284.2215042110388
42,125.0,20,50.0,1.0,1.5,2,0,37.82155042082363,379.3332067053114,284.2215042110388
42,125.0,25,50.0,1.5,1.5,4,0,7.028011386959363,400.8859527423264,235.34949005368534
42,125.0,25,50.0,1.5,1.0,2,0,22.887791332480997,379.3332067053114,284.2215042110388
42,125.0,25,50.0,1.0,1.0,2,0,22.804652541679875,379.3332067053114,284.2215042110388
42,125.0,25,50.0,2.0,1.0,2,0,22.887791332480997,379.3332067053114,284.2215042110388
42,125.0,20,50.0,1.5,2.0,2,0,50.99703800469187,379.3332067053114,284.2215042110388
42,125.0,20,50.0,1.0,2.0,2,0,52.9175042428394,379.3332067053114,284.2215042110388
42,125.0,25,50.0,1.5,1.0,0,0,45.50475337479738,593.8861596597515,355.74663700204866
42,125.0,20,50.0,1.5,1.5,0,0,70.50251905100122,593.8861596597515,355.74663700204866
42,125.0,25,50.0,1.5,1.5,2,0,26.846590913338627,379.3332067053114,284.2215042110388
42,125.0,25,50.0,1.5,1.0,3,0,53.758039526660625,603.1280032848717,431.27084149390015
42,125.0,25,50.0,1.0,1.5,2,0,38.37092517948672,379.3332067053114,284.2215042110388
42,125.0,20,50.0,1.5,1.5,3,0,81.65911598143572,603.1280032848717,431.27084149390015
42,125.0,25,50.0,2.0,1.0,1,0,59.04142125980569,588.181748884054,475.697077667746
42,125.0,25,50.0,1.5,1.0,1,0,65.13733324253394,588.181748884054,475.697077667746
42,125.0,20,50.0,1.0,1.5,0,0,80.53952043321021,593.8861596597515,355.74663700204866
42,125.0,25,50.0,2.0,1.0,0,1,68.2307519909788,593.8861596597515,355.74663700204866
42,125.0,25,50.0,2.0,1.0,3,0,68.88831460812169,603.1280032848717,431.27084149390015
42,125.0,25,50.0,2.0,1.5,4,0,7.028011386959363,400.8859527423264,235.34949005368534
42,125.0,20,50.0,1.5,2.0,0,0,92.52945757460749,593.8861596597515,355.74663700204866
42,125.0,20,50.0,2.0,2.0,0,0,82.49610623886059,593.8861596597515,355.74663700204866
42,125.0,25,50.0,1.5,2.0,4,0,7.028011386959363,400.8859527423264,235.34949005368534
42,125.0,25,50.0,1.0,2.0,4,0,7.028011386959363,400.8859527423264,235.34949005368534
42,125.0,30,50.0,1.0,1.0,4,0,7.028011386959363,400.8859527423264,235.34949005368534
42,125.0,25,50.0,2.0,2.0,4,0,7.028011386959363,400.8859527423264,235.34949005368534
42,125.0,30,50.0,1.5,1.0,4,0,7.028011386959363,400.8859527423264,235.34949005368534
42,125.0,20,50.0,1.5,1.0,0,0,88.8092562191307,593.8861596597515,355.74663700204866
42,125.0,20,50.0,1.5,1.0,3,0,89.32393031445025,603.1280032848717,431.27084149390015
42,125.0,20,50.0,1.5,1.0,1,0,89.83130164222084,588.181748884054,475.697077667746
42,125.0,30,50.0,1.0,1.0,2,0,15.62658378926613,379.3332067053114,284.2215042110388
42,125.0,25,50.0,1.0,1.0,0,0,93.891359686587,593.8861596597515,355.74663700204866
42,125.0,25,50.0,2.0,1.5,2,0,26.846590913338627,379.3332067053114,284.2215042110388
42,125.0,20,50.0,1.0,2.0,0,0,93.38144877721003,593.8861596597515,355.74663700204866
42,125.0,30,50.0,2.0,1.0,4,0,7.028011386959363,400.8859527423264,235.34949005368534
42,125.0,30,50.0,1.5,1.5,4,0,7.028011386959363,400.8859527423264,235.34949005368534
42,125.0,30,50.0,1.0,1.5,4,0,7.028011386959363,400.8859527423264,235.34949005368534
42,125.0,30,50.0,1.5,1.0,2,0,16.458859494747458,379.3332067053114,284.2215042110388
42,125.0,30,50.0,2.0,1.5,4,0,7.028011386959363,400.8859527423264,235.34949005368534
42,125.0,30,50.0,1.5,1.5,2,0,15.681970086911386,379.3332067053114,284.2215042110388
42,125.0,25,50.0,2.0,2.0,2,0,28.228369339160825,379.3332067053114,284.2215042110388
42,125.0,30,50.0,1.0,2.0,4,0,7.028011386959363,400.8859527423264,235.34949005368534
42,125.0,25,50.0,1.5,2.0,2,0,33.03258739653603,379.3332067053114,284.2215042110388
42,125.0,25,50.0,1.0,1.5,0,0,84.7782624706908,593.8861596597515,355.74663700204866
42,125.0,30,50.0,1.5,2.0,4,0,7.028011386959363,400.8859527423264,235.34949005368534
42,125.0,30,50.0,2.0,1.0,2,0,22.905930210833304,379.3332067053114,284.2215042110388
42,125.0,25,50.0,1.0,2.0,2,0,42.572140900249984,379.3332067053114,284.2215042110388
42,125.0,30,50.0,2.0,1.5,2,0,16.508330427624223,379.3332067053114,284.2215042110388
42,125.0,30,50.0,1.0,2.0,2,0,21.615029353958615,379.3332067053114,284.2215042110388
42,125.0,25,50.0,1.5,1.5,0,0,95.31592198913205,593.8861596597515,355.74663700204866
42,125.0,25,50.0,1.5,1.5,3,0,98.39465167434851,603.1280032848717,431.27084149390015
42,125.0,30,50.0,2.0,2.0,4,0,7.028011386959363,400.8859527423264,235.34949005368534
42,125.0,30,50.0,1.5,2.0,2,0,32.718288221636044,379.3332067053114,284.2215042110388
42,125.0,25,50.0,1.0,2.0,0,0,78.42951415063557,593.8861596597515,355.74663700204866
42,125.0,25,50.0,2.0,1.5,0,0,87.11960482867076,593.8861596597515,355.74663700204866
42,125.0,25,50.0,1.5,2.0,0,0,87.60682972994871,593.8861596597515,355.74663700204866
42,125.0,25,50.0,1.5,2.0,3,0,91.17952276712437,603.1280032848717,431.27084149390015
42,125.0,30,50.0,1.5,1.5,0,1,74.50476399854826,593.8861596597515,355.74663700204866
42,125.0,30,50.0,1.0,1.5,2,0,69.15569609598579,379.3332067053114,284.2215042110388
42,125.0,25,50.0,2.0,2.0,0,0,83.68673123313641,593.8861596597515,355.74663700204866
42,125.0,30,50.0,1.0,1.5,3,1,76.54340063619529,603.1280032848717,431.27084149390015
42,125.0,30,50.0,1.5,1.0,0,0,96.32423599401497,593.8861596597515,355.74663700204866
42,125.0,30,50.0,1.0,1.5,0,0,82.98185304370813,593.8861596597515,355.74663700204866
42,125.0,30,50.0,2.0,1.5,0,0,92.97803728985122,593.8861596597515,355.74663700204866
42,125.0,20,100.0,1.0,1.0,0,0,29.978154023598275,593.8861596597515,355.74663700204866
42,125.0,20,100.0,2.0,1.0,0,0,23.639169726319935,593.8861596597515,355.74663700204866
42,125.0,20,100.0,2.0,1.0,3,0,27.322294697246143,603.1280032848717,431.27084149390015
42,125.0,20,100.0,1.5,1.0,0,0,23.632965052982673,593.8861596597515,355.74663700204866
42,125.0,20,100.0,2.0,1.0,1,0,33.79305617901612,588.181748884054,475.697077667746
42,125.0,30,50.0,2.0,2.0,2,0,49.820669645136455,379.3332067053114,284.2215042110388
42,125.0,30,50.0,1.0,2.0,0,0,83.10780267847751,593.8861596597515,355.74663700204866
42,125.0,20,100.0,1.0,1.5,0,0,28.7756057435283,593.8861596597515,355.74663700204866
42,125.0,20,100.0,1.0,1.0,4,0,43.80787800869464,400.8859527423264,235.34949005368534
42,125.0,30,50.0,1.0,2.0,3,0,85.58976860821615,603.1280032848717,431.27084149390015
42,125.0,20,100.0,1.5,1.5,0,0,23.639169726319935,593.8861596597515,355.74663700204866
42,125.0,30,50.0,1.5,2.0,0,0,80.06882309210638,593.8861596597515,355.74663700204866
42,125.0,20,100.0,1.5,1.0,3,0,36.56352375300157,603.1280032848717,431.27084149390015
42,125.0,20,100.0,1.5,1.5,3,0,27.322294697246143,603.1280032848717,431.27084149390015
42,125.0,30,50.0,1.5,2.0,3,0,83.38693400952452,603.1280032848717,431.27084149390015
42,125.0,20,100.0,2.0,1.5,0,0,23.639169726319935,593.8861596597515,355.74663700204866
42,125.0,20,100.0,1.0,2.0,4,0,28.7756057435283,400.8859527423264,235.34949005368534
42,125.0,30,50.0,2.0,1.0,0,0,94.74389389447218,593.8861596597515,355.74663700204866
42,125.0,30,50.0,2.0,1.0,3,0,96.82640300255706,603.1280032848717,431.27084149390015
42,125.0,20,100.0,1.0,2.0,0,0,31.07788403851535,593.8861596597515,355.74663700204866
42,125.0,20,100.0,2.0,1.5,3,0,27.322294697246143,603.1280032848717,431.27084149390015
42,125.0,20,100.0,1.5,1.5,1,0,33.79305617901612,588.181748884054,475.697077667746
42,125.0,25,100.0,1.0,1.0,0,0,22.322364774215572,593.8861596597515,355.74663700204866
42,125.0,20,100.0,1.5,1.0,1,1,47.295075464718245,588.181748884054,475.697077667746
42,125.0,20,100.0,1.5,2.0,0,0,28.7756057435283,593.8861596597515,355.74663700204866
42,125.0,20,100.0,1.0,1.5,3,0,43.68161175176264,603.1280032848717,431.27084149390015
42,125.0,20,100.0,2.0,2.0,0,0,23.639169726319935,593.8861596597515,355.74663700204866
42,125.0,20,100.0,2.0,1.5,1,0,33.79305617901612,588.181748884054,475.697077667746
42,125.0,20,100.0,1.0,1.0,2,0,56.62858486353268,379.3332067053114,284.2215042110388
42,125.0,20,100.0,2.0,2.0,3,0,27.322294697246143,603.1280032848717,431.27084149390015
42,125.0,20,100.0,1.0,2.0,3,1,43.39602195837295,603.1280032848717,431.27084149390015
42,125.0,25,100.0,1.0,1.0,3,0,33.29459537989427,603.1280032848717,431.27084149390015
42,125.0,20,100.0,1.0,1.5,1,0,52.31660681459799,588.181748884054,475.697077667746
42,125.0,20,100.0,2.0,2.0,1,0,33.79305617901612,588.181748884054,475.697077667746
42,125.0,20,100.0,1.0,1.0,1,1,66.1018168124636,588.181748884054,475.697077667746
42,125.0,25,100.0,1.0,1.0,1,1,40.292613038425344,588.181748884054,475.697077667746
42,125.0,30,50.0,2.0,2.0,0,0,79.05405996596498,593.8861596597515,355.74663700204866
42,125.0,20,100.0,2.0,2.0,4,0,37.55821482605629,400.8859527423264,235.34949005368534
42,125.0,20,100.0,2.0,2.0,2,0,38.471956528027675,379.3332067053114,284.2215042110388
42,125.0,20,100.0,1.5,2.0,3,0,43.68161175176264,603.1280032848717,431.27084149390015
42,125.0,20,100.0,1.5,2.0,1,1,43.8275173372229,588.181748884054,475.697077667746
42,125.0,30,50.0,2.0,2.0,3,0,81.94993254112117,603.1280032848717,431.27084149390015
42,125.0,25,100.0,1.0,1.0,2,0,43.688693939327116,379.3332067053114,284.2215042110388
42,125.0,20,100.0,1.0,2.0,1,1,54.474219320973546,588.181748884054,475.697077667746
42,125.0,20,100.0,1.5,2.0,2,0,45.548879264216076,379.3332067053114,284.2215042110388
42,125.0,20,100.0,1.5,2.0,4,0,47.16492213960009,400.8859527423264,235.34949005368534
42,125.0,20,100.0,1.0,1.0,3,1,71.4598492226416,603.1280032848717,431.27084149390015
42,125.0,20,100.0,2.0,1.0,2,0,87.5165470358011,379.3332067053114,284.2215042110388
42,125.0,25,100.0,1.5,1.0,0,0,22.322364774215572,593.8861596597515,355.74663700204866
42,125.0,25,100.0,1.0,1.0,4,0,54.645193054123794,400.8859527423264,235.34949005368534
42,125.0,25,100.0,2.0,1.0,0,0,22.322364774215572,593.8861596597515,355.74663700204866
42,125.0,20,100.0,1.0,2.0,2,0,72.99431839355387,379.3332067053114,284.2215042110388
42,125.0,25,100.0,1.0,1.5,0,0,22.322364774215572,593.8861596597515,355.74663700204866
42,125.0,25,100.0,1.5,1.5,0,0,22.322364774215572,593.8861596597515,355.74663700204866
42,125.0,25,100.0,1.5,1.0,3,0,33.29459537989427,603.1280032848717,431.27084149390015
42,125.0,25,100.0,2.0,1.5,0,0,22.322364774215572,593.8861596597515,355.74663700204866
42,125.0,20,100.0,2.0,1.5,2,1,75.55479818752207,379.3332067053114,284.2215042110388
42,125.0,25,100.0,1.5,2.0,0,0,22.322364774215572,593.8861596597515,355.74663700204866
42,125.0,25,100.0,2.0,1.0,3,0,33.29459537989427,603.1280032848717,431.27084149390015
42,125.0,25,100.0,1.5,1.5,2,0,33.85706553949845,379.3332067053114,284.2215042110388
42,125.0,25,100.0,1.5,1.5,4,0,35.752633173121374,400.8859527423264,235.34949005368534
42,125.0,30,100.0,1.0,1.0,0,0,23.37352543630925,593.8861596597515,355.74663700204866
42,125.0,25,100.0,1.0,2.0,0,0,22.322364774215572,593.8861596597515,355.74663700204866
42,125.0,25,100.0,1.5,2.0,3,0,31.97143620999263,603.1280032848717,431.27084149390015
42,125.0,25,100.0,2.0,1.5,2,0,33.85706553949845,379.3332067053114,284.2215042110388
42,125.0,25,100.0,1.0,1.5,3,0,33.29459537989427,603.1280032848717,431.27084149390015
42,125.0,25,100.0,2.0,2.0,0,0,22.322364774215572,593.8861596597515,355.74663700204866
42,125.0,25,100.0,1.5,1.5,3,0,42.66677612679607,603.1280032848717,431.27084149390015
42,125.0,25,100.0,1.0,1.5,2,0,34.67277618516743,379.3332067053114,284.2215042110388
42,125.0,25,100.0,2.0,1.5,4,0,35.752633173121374,400.8859527423264,235.34949005368534
42,125.0,30,100.0,1.0,1.0,4,0,27.86650402183808,400.8859527423264,235.34949005368534
42,125.0,25,100.0,1.5,1.0,1,0,48.374163997454005,588.181748884054,475.697077667746
42,125.0,30,100.0,1.5,1.0,0,0,23.74892358640874,593.8861596597515,355.74663700204866
42,125.0,25,100.0,1.5,2.0,1,0,42.366568178992324,588.181748884054,475.697077667746
42,125.0,25,100.0,1.5,1.5,1,0,50.50086226535976,588.181748884054,475.697077667746
42,125.0,25,100.0,2.0,1.5,3,0,42.66677612679607,603.1280032848717,431.27084149390015
42,125.0,25,100.0,1.0,1.5,4,0,40.24241891574355,400.8859527423264,235.34949005368534
42,125.0,25,100.0,2.0,2.0,3,0,31.97143620999263,603.1280032848717,431.27084149390015
42,125.0,30,100.0,1.5,1.0,3,0,31.390696331661175,603.1280032848717,431.27084149390015
42,125.0,25,100.0,1.0,2.0,3,0,31.97143620999263,603.1280032848717,431.27084149390015
42,125.0,25,100.0,2.0,1.0,1,0,48.374163997454005,588.181748884054,475.697077667746
42,125.0,25,100.0,2.0,1.5,1,0,50.50086226535976,588.181748884054,475.697077667746
42,125.0,30,100.0,1.0,1.0,2,0,40.36340848180145,379.3332067053114,284.2215042110388
42,125.0,30,100.0,1.5,1.0,1,0,38.25265427070449,588.181748884054,475.697077667746
42,125.0,30,100.0,1.0,1.5,0,0,23.17517013890387,593.8861596597515,355.74663700204866
42,125.0,25,100.0,2.0,2.0,1,0,43.4866379916628,588.181748884054,475.697077667746
42,125.0,30,100.0,2.0,1.0,0,0,23.23986700725209,593.8861596597515,355.74663700204866
42,125.0,30,100.0,1.0,1.0,3,1,49.59195392394708,603.1280032848717,431.27084149390015
42,125.0,30,100.0,1.0,1.5,4,0,27.60740025217167,400.8859527423264,235.34949005368534
42,125.0,25,100.0,2.0,2.0,4,1,45.533744193263395,400.8859527423264,235.34949005368534
42,125.0,30,100.0,1.0,1.5,2,0,33.21693803328117,379.3332067053114,284.2215042110388
42,125.0,30,100.0,1.5,1.5,0,0,23.17517013890387,593.8861596597515,355.74663700204866
42,125.0,25,100.0,1.0,2.0,1,0,42.366568178992324,588.181748884054,475.697077667746
42,125.0,30,100.0,2.0,1.0,4,0,27.88028887460609,400.8859527423264,235.34949005368534
42,125.0,30,100.0,2.0,1.5,0,0,23.17517013890387,593.8861596597515,355.74663700204866
42,125.0,30,100.0,1.0,1.5,3,0,36.31382185076373,603.1280032848717,431.27084149390015
42,125.0,30,100.0,1.0,2.0,0,0,23.17517013890387,593.8861596597515,355.74663700204866
42,125.0,30,100.0,1.0,1.0,1,1,60.93664167563361,588.181748884054,475.697077667746
42,125.0,30,100.0,1.5,1.5,4,0,27.60740025217167,400.8859527423264,235.34949005368534
42,125.0,25,100.0,2.0,2.0,2,1,52.25404338330857,379.3332067053114,284.2215042110388
42,125.0,30,100.0,2.0,1.5,4,0,27.60740025217167,400.8859527423264,235.34949005368534
42,125.0,30,100.0,1.5,2.0,0,0,23.17517013890387,593.8861596597515,355.74663700204866
42,125.0,25,100.0,1.5,2.0,2,0,73.1260213237888,379.3332067053114,284.2215042110388
42,125.0,30,100.0,1.0,1.5,1,0,42.673751190941026,588.181748884054,475.697077667746
42,125.0,30,100.0,1.5,1.5,2,0,33.21693803328117,379.3332067053114,284.2215042110388
42,125.0,30,100.0,2.0,1.0,2,0,33.685358268981624,379.3332067053114,284.2215042110388
42,125.0,30,100.0,2.0,1.5,2,0,33.21693803328117,379.3332067053114,284.2215042110388
42,125.0,30,100.0,1.5,1.5,3,0,36.31382185076373,603.1280032848717,431.27084149390015
42,125.0,25,100.0,1.0,1.5,1,1,66.91513685950237,588.181748884054,475.697077667746
42,125.0,30,100.0,1.0,2.0,3,0,33.38250147164393,603.1280032848717,431.27084149390015
42,125.0,30,100.0,2.0,1.5,3,0,36.31382185076373,603.1280032848717,431.27084149390015
42,125.0,30,100.0,1.5,2.0,3,0,33.38250147164393,603.1280032848717,431.27084149390015
42,125.0,30,100.0,2.0,1.5,1,1,41.51241979388647,588.181748884054,475.697077667746
42,125.0,30,100.0,1.0,2.0,1,0,42.35898210948336,588.181748884054,475.697077667746
42,125.0,20,150.0,1.0,1.0,0,0,22.760513538293292,593.8861596597515,355.74663700204866
42,125.0,30,100.0,2.0,2.0,0,0,23.17517013890387,593.8861596597515,355.74663700204866
42,125.0,30,100.0,1.5,2.0,1,0,42.35898210948336,588.181748884054,475.697077667746
42,125.0,30,100.0,1.5,1.5,1,0,52.043013581268724,588.181748884054,475.697077667746
42,125.0,20,150.0,1.5,1.0,0,0,22.760513538293292,593.8861596597515,355.74663700204866
42,125.0,20,150.0,1.0,1.0,3,0,32.12125995259175,603.1280032848717,431.27084149390015
42,125.0,30,100.0,1.0,2.0,2,1,54.90331124709635,379.3332067053114,284.2215042110388
42,125.0,30,100.0,1.0,2.0,4,1,54.96543730575201,400.8859527423264,235.34949005368534
42,125.0,30,100.0,2.0,2.0,3,0,33.38250147164393,603.1280032848717,431.27084149390015
42,125.0,20,150.0,1.0,1.0,1,0,34.221686566194826,588.181748884054,475.697077667746
42,125.0,20,150.0,1.0,1.5,0,0,22.760513538293292,593.8861596597515,355.74663700204866
42,125.0,30,100.0,1.5,2.0,2,1,56.69693293467074,379.3332067053114,284.2215042110388
42,125.0,20,150.0,1.5,1.0,3,0,33.034245021328374,603.1280032848717,431.27084149390015
42,125.0,30,100.0,1.5,2.0,4,1,57.012973286514125,400.8859527423264,235.34949005368534
42,125.0,30,100.0,2.0,2.0,1,0,42.35898210948336,588.181748884054,475.697077667746
42,125.0,20,150.0,2.0,1.0,0,0,22.760513538293292,593.8861596597515,355.74663700204866
42,125.0,20,150.0,1.0,1.5,3,0,33.034245021328374,603.1280032848717,431.27084149390015
42,125.0,20,150.0,1.5,1.0,4,1,40.504900734014754,400.8859527423264,235.34949005368534
42,125.0,20,150.0,1.5,1.0,2,1,41.50566754864821,379.3332067053114,284.2215042110388
42,125.0,20,150.0,1.5,1.0,1,0,44.17258027813863,588.181748884054,475.697077667746
42,125.0,20,150.0,1.5,1.5,0,0,22.760513538293292,593.8861596597515,355.74663700204866
42,125.0,25,100.0,1.0,2.0,2,0,73.1260213237888,379.3332067053114,284.2215042110388
42,125.0,30,100.0,2.0,1.0,3,1,62.06996666845342,603.1280032848717,431.27084149390015
42,125.0,20,150.0,1.0,2.0,0,0,22.760513538293292,593.8861596597515,355.74663700204866
42,125.0,20,150.0,2.0,1.5,0,0,22.760513538293292,593.8861596597515,355.74663700204866
42,125.0,20,150.0,1.0,1.5,4,1,43.38757238493134,400.8859527423264,235.34949005368534
42,125.0,20,150.0,1.0,1.5,1,0,44.19729055396023,588.181748884054,475.697077667746
42,125.0,30,100.0,2.0,1.0,1,1,68.08006449213858,588.181748884054,475.697077667746
42,125.0,20,150.0,2.0,1.0,3,0,33.034245021328374,603.1280032848717,431.27084149390015
42,125.0,30,100.0,2.0,2.0,2,1,63.09927038306233,379.3332067053114,284.2215042110388
42,125.0,20,150.0,1.5,1.5,3,0,33.034245021328374,603.1280032848717,431.27084149390015
42,125.0,20,150.0,1.0,1.5,2,1,52.08161897367169,379.3332067053114,284.2215042110388
42,125.0,20,150.0,1.5,2.0,0,0,22.760513538293292,593.8861596597515,355.74663700204866
42,125.0,20,150.0,2.0,2.0,0,0,22.760513538293292,593.8861596597515,355.74663700204866
42,125.0,20,150.0,1.0,2.0,3,0,33.034245021328374,603.1280032848717,431.27084149390015
42,125.0,20,150.0,2.0,1.5,3,0,33.034245021328374,603.1280032848717,431.27084149390015
42,125.0,20,150.0,2.0,1.0,4,1,40.504900734014754,400.8859527423264,235.34949005368534
42,125.0,30,100.0,2.0,2.0,4,1,70.29587753366101,400.8859527423264,235.34949005368534
42,125.0,20,150.0,2.0,1.0,2,1,41.50566754864821,379.3332067053114,284.2215042110388
42,125.0,20,150.0,1.5,1.5,4,1,40.504900734014754,400.8859527423264,235.34949005368534
42,125.0,20,150.0,1.5,1.5,2,1,41.50566754864821,379.3332067053114,284.2215042110388
42,125.0,20,150.0,2.0,1.0,1,0,44.17258027813863,588.181748884054,475.697077667746
42,125.0,20,150.0,1.0,2.0,4,1,40.504900734014754,400.8859527423264,235.34949005368534
42,125.0,20,150.0,1.0,2.0,2,1,41.50566754864821,379.3332067053114,284.2215042110388
42,125.0,20,150.0,1.5,2.0,3,0,33.034245021328374,603.1280032848717,431.27084149390015
42,125.0,20,150.0,1.5,1.5,1,0,44.17258027813863,588.181748884054,475.697077667746
42,125.0,20,150.0,2.0,2.0,3,0,33.034245021328374,603.1280032848717,431.27084149390015
42,125.0,20,150.0,1.0,2.0,1,0,44.17258027813863,588.181748884054,475.697077667746
42,125.0,20,150.0,2.0,1.5,4,1,40.504900734014754,400.8859527423264,235.34949005368534
42,125.0,20,150.0,1.5,2.0,4,1,40.504900734014754,400.8859527423264,235.34949005368534
42,125.0,20,150.0,2.0,1.5,2,1,41.50566754864821,379.3332067053114,284.2215042110388
42,125.0,20,150.0,1.5,2.0,2,1,41.50566754864821,379.3332067053114,284.2215042110388
42,125.0,20,150.0,1.0,1.0,2,1,75.9843451060117,379.3332067053114,284.2215042110388
42,125.0,20,150.0,2.0,1.5,1,0,44.17258027813863,588.181748884054,475.697077667746
42,125.0,25,150.0,1.0,1.0,4,1,37.52165199978274,400.8859527423264,235.34949005368534
42,125.0,20,150.0,1.5,2.0,1,0,44.17258027813863,588.181748884054,475.697077667746
42,125.0,20,150.0,2.0,2.0,4,1,40.504900734014754,400.8859527423264,235.34949005368534
42,125.0,20,150.0,2.0,2.0,2,1,41.50566754864821,379.3332067053114,284.2215042110388
42,125.0,20,150.0,2.0,2.0,1,0,44.17258027813863,588.181748884054,475.697077667746
42,125.0,30,150.0,1.5,1.0,4,0,10.310932880256038,400.8859527423264,235.34949005368534
42,125.0,30,150.0,1.0,1.0,4,0,10.310932880256038,400.8859527423264,235.34949005368534
42,125.0,25,150.0,1.0,1.0,3,0,44.861145376953516,603.1280032848717,431.27084149390015
42,125.0,25,150.0,1.0,1.0,2,1,45.09926059533809,379.3332067053114,284.2215042110388
42,125.0,25,150.0,1.5,1.0,4,1,37.52165199978274,400.8859527423264,235.34949005368534
42,125.0,30,150.0,1.0,1.0,2,0,12.969837011414935,379.3332067053114,284.2215042110388
42,125.0,30,150.0,1.5,1.0,2,0,12.969837011414935,379.3332067053114,284.2215042110388
42,125.0,25,150.0,1.5,1.0,3,0,44.861145376953516,603.1280032848717,431.27084149390015
42,125.0,25,150.0,1.5,1.0,2,1,45.09926059533809,379.3332067053114,284.2215042110388
42,125.0,30,150.0,2.0,1.0,4,0,10.310932880256038,400.8859527423264,235.34949005368534
42,125.0,25,150.0,1.5,1.5,4,1,37.52165199978274,400.8859527423264,235.34949005368534
42,125.0,30,150.0,1.0,1.5,4,0,10.310932880256038,400.8859527423264,235.34949005368534
42,125.0,30,150.0,2.0,1.0,2,0,12.969837011414935,379.3332067053114,284.2215042110388
42,125.0,25,150.0,1.0,1.0,0,0,53.16950837681209,593.8861596597515,355.74663700204866
42,125.0,25,150.0,1.5,1.0,0,0,53.16950837681209,593.8861596597515,355.74663700204866
42,125.0,30,150.0,1.0,1.5,2,0,12.969837011414935,379.3332067053114,284.2215042110388
42,125.0,25,150.0,1.5,1.5,3,0,44.861145376953516,603.1280032848717,431.27084149390015
42,125.0,25,150.0,1.5,1.5,2,1,45.09926059533809,379.3332067053114,284.2215042110388
42,125.0,25,150.0,1.5,1.5,1,0,45.759540682717834,588.181748884054,475.697077667746
42,125.0,25,150.0,1.5,1.0,1,0,60.75529601215595,588.181748884054,475.697077667746
42,125.0,25,150.0,2.0,1.0,4,1,37.52165199978274,400.8859527423264,235.34949005368534
42,125.0,25,150.0,1.0,1.0,1,0,60.75529601215595,588.181748884054,475.697077667746
42,125.0,25,150.0,2.0,1.5,4,1,37.52165199978274,400.8859527423264,235.34949005368534
42,125.0,25,150.0,1.5,2.0,4,1,37.52165199978274,400.8859527423264,235.34949005368534
42,125.0,30,150.0,1.5,1.5,4,0,10.310932880256038,400.8859527423264,235.34949005368534
42,125.0,25,150.0,2.0,2.0,4,1,37.52165199978274,400.8859527423264,235.34949005368534
42,125.0,25,150.0,1.0,1.5,4,1,37.52165199978274,400.8859527423264,235.34949005368534
42,125.0,25,150.0,1.5,1.5,0,0,52.76822167228491,593.8861596597515,355.74663700204866
42,125.0,30,150.0,1.5,1.5,2,0,12.969837011414935,379.3332067053114,284.2215042110388
42,125.0,25,150.0,2.0,1.0,3,0,44.861145376953516,603.1280032848717,431.27084149390015
42,125.0,25,150.0,2.0,1.0,2,1,45.09926059533809,379.3332067053114,284.2215042110388
42,125.0,25,150.0,1.0,2.0,4,1,37.52165199978274,400.8859527423264,235.34949005368534
42,125.0,25,150.0,1.5,2.0,3,0,44.861145376953516,603.1280032848717,431.27084149390015
42,125.0,25,150.0,2.0,1.5,3,0,44.861145376953516,603.1280032848717,431.27084149390015
42,125.0,25,150.0,1.5,2.0,2,1,45.09926059533809,379.3332067053114,284.2215042110388
42,125.0,25,150.0,2.0,1.5,2,1,45.09926059533809,379.3332067053114,284.2215042110388
42,125.0,25,150.0,1.5,2.0,1,0,45.759540682717834,588.181748884054,475.697077667746
42,125.0,25,150.0,2.0,1.5,1,0,45.759540682717834,588.181748884054,475.697077667746
42,125.0,30,150.0,2.0,1.5,4,0,10.310932880256038,400.8859527423264,235.34949005368534
42,125.0,30,150.0,1.0,2.0,4,0,10.310932880256038,400.8859527423264,235.34949005368534
42,125.0,25,150.0,2.0,2.0,3,0,44.861145376953516,603.1280032848717,431.27084149390015
42,125.0,30,150.0,2.0,1.5,2,0,12.969837011414935,379.3332067053114,284.2215042110388
42,125.0,30,150.0,1.0,1.0,0,1,43.286807417220885,593.8861596597515,355.74663700204866
42,125.0,30,150.0,1.0,2.0,2,0,12.969837011414935,379.3332067053114,284.2215042110388
42,125.0,25,150.0,2.0,2.0,2,1,45.09926059533809,379.3332067053114,284.2215042110388
42,125.0,25,150.0,2.0,2.0,1,0,45.759540682717834,588.181748884054,475.697077667746
42,125.0,25,150.0,1.0,1.5,3,0,44.861145376953516,603.1280032848717,431.27084149390015
42,125.0,30,150.0,1.5,2.0,4,0,10.310932880256038,400.8859527423264,235.34949005368534
42,125.0,25,150.0,1.0,1.5,2,1,45.09926059533809,379.3332067053114,284.2215042110388
42,125.0,25,150.0,1.0,1.5,1,0,45.759540682717834,588.181748884054,475.697077667746
42,125.0,25,150.0,2.0,1.0,0,0,53.16950837681209,593.8861596597515,355.74663700204866
42,125.0,25,150.0,2.0,1.5,0,0,52.76822167228491,593.8861596597515,355.74663700204866
42,125.0,25,150.0,1.0,2.0,3,0,44.861145376953516,603.1280032848717,431.27084149390015
42,125.0,30,150.0,1.5,2.0,2,0,12.969837011414935,379.3332067053114,284.2215042110388
42,125.0,25,150.0,1.0,2.0,2,1,45.09926059533809,379.3332067053114,284.2215042110388
42,125.0,25,150.0,1.0,2.0,1,0,45.759540682717834,588.181748884054,475.697077667746
42,125.0,30,150.0,1.0,1.0,3,1,46.75558021518162,603.1280032848717,431.27084149390015
42,125.0,25,150.0,1.0,1.5,0,0,52.76822167228491,593.8861596597515,355.74663700204866
43,125.0,20,50.0,1.0,1.0,2,1,0.9839047084170335,819.8666605311931,180.2912745247739
42,125.0,25,150.0,2.0,1.0,1,0,60.75529601215595,588.181748884054,475.697077667746
42,125.0,30,150.0,1.0,1.5,0,1,34.7056002587074,593.8861596597515,355.74663700204866
42,125.0,30,150.0,1.5,1.0,0,1,47.232572271603246,593.8861596597515,355.74663700204866
43,125.0,20,50.0,1.5,1.0,2,1,0.9839047084170335,819.8666605311931,180.2912745247739
42,125.0,25,150.0,1.5,2.0,0,0,60.424604558840066,593.8861596597515,355.74663700204866
43,125.0,20,50.0,2.0,1.0,2,1,0.9839047084170335,819.8666605311931,180.2912745247739
42,125.0,30,150.0,1.0,1.5,3,1,37.29417109426922,603.1280032848717,431.27084149390015
42,125.0,30,150.0,2.0,2.0,4,0,10.310932880256038,400.8859527423264,235.34949005368534
42,125.0,30,150.0,1.5,1.0,3,1,52.011622382361615,603.1280032848717,431.27084149390015
42,125.0,30,150.0,1.0,1.5,1,1,39.57666364832023,588.181748884054,475.697077667746
42,125.0,25,150.0,2.0,2.0,0,0,60.424604558840066,593.8861596597515,355.74663700204866
42,125.0,30,150.0,1.5,1.5,0,1,34.7056002587074,593.8861596597515,355.74663700204866
43,125.0,20,50.0,1.5,1.5,2,1,0.9839047084170335,819.8666605311931,180.2912745247739
43,125.0,20,50.0,1.0,1.5,2,1,0.9839047084170335,819.8666605311931,180.2912745247739
43,125.0,20,50.0,1.0,1.0,1,1,7.0773351421564445,875.2029988316564,190.60977692679975
42,125.0,30,150.0,2.0,2.0,2,0,12.969837011414935,379.3332067053114,284.2215042110388
43,125.0,20,50.0,1.5,1.0,1,1,7.0773351421564445,875.2029988316564,190.60977692679975
43,125.0,20,50.0,2.0,1.0,1,1,7.0773351421564445,875.2029988316564,190.60977692679975
42,125.0,30,150.0,1.5,1.5,3,1,37.29417109426922,603.1280032848717,431.27084149390015
43,125.0,20,50.0,2.0,1.0,4,1,9.891816309798742,832.5996279945615,225.69767399024778
43,125.0,20,50.0,1.0,1.0,4,1,9.891816309798742,832.5996279945615,225.69767399024778
43,125.0,20,50.0,1.5,1.0,4,1,9.891816309798742,832.5996279945615,225.69767399024778
42,125.0,30,150.0,1.5,1.5,1,1,39.57666364832023,588.181748884054,475.697077667746
42,125.0,30,150.0,2.0,1.5,0,1,34.7056002587074,593.8861596597515,355.74663700204866
42,125.0,30,150.0,1.0,2.0,0,1,34.7056002587074,593.8861596597515,355.74663700204866
43,125.0,20,50.0,2.0,1.5,2,1,0.9839047084170335,819.8666605311931,180.2912745247739
42,125.0,25,150.0,1.0,2.0,0,0,60.424604558840066,593.8861596597515,355.74663700204866
42,125.0,30,150.0,1.0,1.0,1,1,63.53629988890624,588.181748884054,475.697077667746
43,125.0,20,50.0,1.5,1.5,1,1,7.0773351421564445,875.2029988316564,190.60977692679975
43,125.0,20,50.0,1.0,1.5,1,1,7.0773351421564445,875.2029988316564,190.60977692679975
43,125.0,20,50.0,1.5,2.0,2,1,0.9839047084170335,819.8666605311931,180.2912745247739
43,125.0,20,50.0,1.0,2.0,2,1,0.9839047084170335,819.8666605311931,180.2912745247739
42,125.0,30,150.0,2.0,1.5,3,1,37.29417109426922,603.1280032848717,431.27084149390015
42,125.0,30,150.0,1.0,2.0,3,1,37.29417109426922,603.1280032848717,431.27084149390015
43,125.0,20,50.0,1.0,1.5,4,1,9.891816309798742,832.5996279945615,225.69767399024778
42,125.0,30,150.0,1.5,2.0,0,1,34.7056002587074,593.8861596597515,355.74663700204866
43,125.0,20,50.0,1.5,1.5,4,1,9.891816309798742,832.5996279945615,225.69767399024778
42,125.0,30,150.0,2.0,1.5,1,1,39.57666364832023,588.181748884054,475.697077667746
43,125.0,20,50.0,2.0,2.0,2,1,0.9839047084170335,819.8666605311931,180.2912745247739
43,125.0,20,50.0,2.0,1.5,1,1,7.0773351421564445,875.2029988316564,190.60977692679975
42,125.0,30,150.0,1.0,2.0,1,1,39.57666364832023,588.181748884054,475.697077667746
42,125.0,30,150.0,1.5,2.0,3,1,37.29417109426922,603.1280032848717,431.27084149390015
43,125.0,25,50.0,1.0,1.0,2,1,0.9839047084170335,819.8666605311931,180.2912745247739
42,125.0,30,150.0,2.0,1.0,1,1,60.139810209372584,588.181748884054,475.697077667746
43,125.0,20,50.0,1.0,2.0,1,1,7.0773351421564445,875.2029988316564,190.60977692679975
42,125.0,30,150.0,1.5,2.0,1,1,39.57666364832023,588.181748884054,475.697077667746
43,125.0,25,50.0,1.5,1.0,2,1,0.9839047084170335,819.8666605311931,180.2912745247739
43,125.0,20,50.0,1.5,2.0,1,1,7.0773351421564445,875.2029988316564,190.60977692679975
43,125.0,20,50.0,2.0,1.5,4,1,9.891816309798742,832.5996279945615,225.69767399024778
42,125.0,30,150.0,2.0,1.0,3,1,62.385466348140596,603.1280032848717,431.27084149390015
43,125.0,20,50.0,1.0,2.0,3,1,9.891816309798742,827.6301294279203,237.93484674766788
43,125.0,20,50.0,1.5,2.0,3,1,9.891816309798742,827.6301294279203,237.93484674766788
43,125.0,20,50.0,2.0,2.0,1,1,7.0773351421564445,875.2029988316564,190.60977692679975
42,125.0,30,150.0,2.0,1.0,0,1,64.03518826338531,593.8861596597515,355.74663700204866
43,125.0,25,50.0,1.0,1.0,1,1,7.0773351421564445,875.2029988316564,190.60977692679975
43,125.0,25,50.0,2.0,1.0,2,1,0.9839047084170335,819.8666605311931,180.2912745247739
43,125.0,25,50.0,1.5,1.0,1,1,7.0773351421564445,875.2029988316564,190.60977692679975
43,125.0,20,50.0,2.0,2.0,3,1,9.891816309798742,827.6301294279203,237.93484674766788
43,125.0,25,50.0,1.5,1.0,3,1,10.363697187412578,827.6301294279203,237.93484674766788
43,125.0,25,50.0,1.0,1.0,3,1,10.363697187412578,827.6301294279203,237.93484674766788
42,125.0,30,150.0,2.0,2.0,0,1,34.7056002587074,593.8861596597515,355.74663700204866
43,125.0,25,50.0,2.0,1.0,1,1,7.0773351421564445,875.2029988316564,190.60977692679975
42,125.0,30,150.0,2.0,2.0,3,1,37.29417109426922,603.1280032848717,431.27084149390015
43,125.0,25,50.0,2.0,1.0,3,1,10.363697187412578,827.6301294279203,237.93484674766788
42,125.0,30,150.0,2.0,2.0,1,1,39.57666364832023,588.181748884054,475.697077667746
43,125.0,25,50.0,1.0,1.5,2,1,0.9839047084170335,819.8666605311931,180.2912745247739
43,125.0,25,50.0,1.0,1.5,1,1,7.0773351421564445,875.2029988316564,190.60977692679975
43,125.0,25,50.0,1.0,1.5,3,1,10.363697187412578,827.6301294279203,237.93484674766788
43,125.0,25,50.0,1.5,1.5,2,1,0.9839047084170335,819.8666605311931,180.2912745247739
43,125.0,25,50.0,1.5,1.5,1,1,7.0773351421564445,875.2029988316564,190.60977692679975
43,125.0,25,50.0,1.5,1.5,3,1,10.363697187412578,827.6301294279203,237.93484674766788
43,125.0,25,50.0,1.5,1.0,0,0,57.6099377447641,176.75205447072287,377.91046598232964
43,125.0,20,50.0,2.0,1.0,0,0,77.59820900689319,176.75205447072287,377.91046598232964
43,125.0,25,50.0,2.0,1.5,2,1,0.9839047084170335,819.8666605311931,180.2912745247739
43,125.0,25,50.0,1.0,2.0,2,1,0.9839047084170335,819.8666605311931,180.2912745247739
43,125.0,25,50.0,1.5,2.0,2,1,0.9839047084170335,819.8666605311931,180.2912745247739
43,125.0,25,50.0,2.0,2.0,2,1,0.9839047084170335,819.8666605311931,180.2912745247739
43,125.0,30,50.0,1.0,1.0,2,1,0.9839047084170335,819.8666605311931,180.2912745247739
43,125.0,25,50.0,2.0,1.5,1,1,7.0773351421564445,875.2029988316564,190.60977692679975
43,125.0,30,50.0,1.5,1.0,2,1,0.9839047084170335,819.8666605311931,180.2912745247739
43,125.0,25,50.0,1.0,2.0,1,1,7.0773351421564445,875.2029988316564,190.60977692679975
43,125.0,25,50.0,2.0,2.0,1,1,7.0773351421564445,875.2029988316564,190.60977692679975
43,125.0,25,50.0,2.0,1.5,3,1,10.363697187412578,827.6301294279203,237.93484674766788
43,125.0,30,50.0,1.0,1.0,1,1,5.862895869502118,875.2029988316564,190.60977692679975
43,125.0,25,50.0,1.0,2.0,3,1,10.363697187412578,827.6301294279203,237.93484674766788
43,125.0,25,50.0,1.5,2.0,1,1,7.0773351421564445,875.2029988316564,190.60977692679975
43,125.0,25,50.0,2.0,2.0,3,1,10.363697187412578,827.6301294279203,237.93484674766788
43,125.0,30,50.0,1.0,1.0,3,1,8.500924038114709,827.6301294279203,237.93484674766788
43,125.0,30,50.0,2.0,1.0,2,1,0.9839047084170335,819.8666605311931,180.2912745247739
43,125.0,30,50.0,1.0,1.5,2,1,0.9839047084170335,819.8666605311931,180.2912745247739
43,125.0,25,50.0,1.5,2.0,3,1,10.363697187412578,827.6301294279203,237.93484674766788
43,125.0,30,50.0,1.5,1.0,1,1,5.862895869502118,875.2029988316564,190.60977692679975
43,125.0,30,50.0,1.5,1.5,2,1,0.9839047084170335,819.8666605311931,180.2912745247739
43,125.0,30,50.0,1.5,1.0,3,1,8.500924038114709,827.6301294279203,237.93484674766788
43,125.0,30,50.0,2.0,1.0,1,1,5.862895869502118,875.2029988316564,190.60977692679975
43,125.0,30,50.0,1.0,1.5,1,1,7.0773351421564445,875.2029988316564,190.60977692679975
43,125.0,30,50.0,2.0,1.5,2,1,0.9839047084170335,819.8666605311931,180.2912745247739
43,125.0,30,50.0,2.0,1.0,3,1,8.500924038114709,827.6301294279203,237.93484674766788
43,125.0,30,50.0,1.5,1.5,1,1,7.0773351421564445,875.2029988316564,190.60977692679975
43,125.0,30,50.0,1.0,1.5,3,1,12.433024556912633,827.6301294279203,237.93484674766788
43,125.0,30,50.0,2.0,1.5,1,1,7.0773351421564445,875.2029988316564,190.60977692679975
43,125.0,30,50.0,1.0,2.0,2,1,0.9839047084170335,819.8666605311931,180.2912745247739
43,125.0,30,50.0,1.5,1.5,3,1,12.433024556912633,827.6301294279203,237.93484674766788
43,125.0,30,50.0,1.5,2.0,2,1,0.9839047084170335,819.8666605311931,180.2912745247739
43,125.0,30,50.0,2.0,1.5,3,1,12.433024556912633,827.6301294279203,237.93484674766788
43,125.0,30,50.0,1.0,2.0,1,1,7.0773351421564445,875.2029988316564,190.60977692679975
43,125.0,30,50.0,1.5,2.0,1,1,7.0773351421564445,875.2029988316564,190.60977692679975
43,125.0,30,50.0,1.5,2.0,3,1,12.461506462017253,827.6301294279203,237.93484674766788
43,125.0,30,50.0,1.0,2.0,3,1,12.461506462017253,827.6301294279203,237.93484674766788
43,125.0,30,50.0,2.0,2.0,2,1,0.9839047084170335,819.8666605311931,180.2912745247739
43,125.0,30,50.0,2.0,2.0,1,1,7.0773351421564445,875.2029988316564,190.60977692679975
43,125.0,25,50.0,1.5,2.0,0,0,57.52246897737492,176.75205447072287,377.91046598232964
43,125.0,20,100.0,1.0,1.0,2,1,0.9839047084170335,819.8666605311931,180.2912745247739
43,125.0,20,100.0,1.0,1.0,1,1,7.317615302777194,875.2029988316564,190.60977692679975
43,125.0,30,50.0,2.0,2.0,3,1,12.461506462017253,827.6301294279203,237.93484674766788
43,125.0,20,100.0,1.0,1.0,4,1,9.786581676651984,832.5996279945615,225.69767399024778
43,125.0,20,100.0,1.0,1.0,0,0,30.979965497948374,176.75205447072287,377.91046598232964
43,125.0,20,100.0,1.5,1.0,2,1,0.9839047084170335,819.8666605311931,180.2912745247739
43,125.0,20,100.0,2.0,1.0,2,1,0.9839047084170335,819.8666605311931,180.2912745247739
43,125.0,20,100.0,1.5,1.0,1,1,7.317615302777194,875.2029988316564,190.60977692679975
43,125.0,20,100.0,1.0,1.5,2,1,0.9839047084170335,819.8666605311931,180.2912745247739
43,125.0,20,100.0,1.5,1.0,4,1,9.786581676651984,832.5996279945615,225.69767399024778
43,125.0,20,100.0,2.0,1.0,1,1,7.317615302777194,875.2029988316564,190.60977692679975
43,125.0,20,100.0,1.5,1.5,2,1,0.9839047084170335,819.8666605311931,180.2912745247739
43,125.0,20,100.0,2.0,1.0,4,1,9.786581676651984,832.5996279945615,225.69767399024778
43,125.0,20,100.0,2.0,1.5,2,1,0.9839047084170335,819.8666605311931,180.2912745247739
43,125.0,20,100.0,1.0,1.5,1,1,7.317615302777194,875.2029988316564,190.60977692679975
43,125.0,20,100.0,1.5,1.5,1,1,7.317615302777194,875.2029988316564,190.60977692679975
43,125.0,30,50.0,1.5,1.5,0,0,66.53349461520142,176.75205447072287,377.91046598232964
43,125.0,20,100.0,1.0,1.5,3,1,12.334969742377748,827.6301294279203,237.93484674766788
43,125.0,20,100.0,1.0,2.0,2,1,0.9839047084170335,819.8666605311931,180.2912745247739
43,125.0,20,100.0,2.0,1.5,1,1,7.317615302777194,875.2029988316564,190.60977692679975
43,125.0,20,100.0,1.5,1.5,3,1,12.334969742377748,827.6301294279203,237.93484674766788
43,125.0,20,100.0,2.0,1.5,3,1,12.334969742377748,827.6301294279203,237.93484674766788
43,125.0,20,100.0,1.5,2.0,2,1,0.9839047084170335,819.8666605311931,180.2912745247739
43,125.0,20,100.0,1.0,2.0,1,1,7.317615302777194,875.2029988316564,190.60977692679975
43,125.0,20,100.0,2.0,2.0,2,1,0.9839047084170335,819.8666605311931,180.2912745247739
43,125.0,20,100.0,1.0,2.0,3,1,7.780786802296949,827.6301294279203,237.93484674766788
43,125.0,30,50.0,2.0,1.5,0,0,77.35259034738634,176.75205447072287,377.91046598232964
43,125.0,20,100.0,1.5,1.0,0,0,30.979965497948374,176.75205447072287,377.91046598232964
43,125.0,20,100.0,2.0,1.0,0,0,30.979965497948374,176.75205447072287,377.91046598232964
43,125.0,20,100.0,1.5,2.0,1,1,7.317615302777194,875.2029988316564,190.60977692679975
43,125.0,20,100.0,1.5,2.0,3,1,7.780786802296949,827.6301294279203,237.93484674766788
43,125.0,20,100.0,2.0,2.0,1,1,7.317615302777194,875.2029988316564,190.60977692679975
43,125.0,20,100.0,2.0,2.0,3,1,7.780786802296949,827.6301294279203,237.93484674766788
43,125.0,20,100.0,1.0,1.5,0,0,38.28236594383781,176.75205447072287,377.91046598232964
43,125.0,20,100.0,1.5,1.5,0,0,38.28236594383781,176.75205447072287,377.91046598232964
43,125.0,25,100.0,1.0,1.0,2,1,0.9839047084170335,819.8666605311931,180.2912745247739
43,125.0,20,100.0,2.0,1.5,0,0,38.28236594383781,176.75205447072287,377.91046598232964
43,125.0,25,100.0,1.0,1.0,1,1,7.317615302777194,875.2029988316564,190.60977692679975
43,125.0,25,100.0,1.5,1.0,2,1,0.9839047084170335,819.8666605311931,180.2912745247739
43,125.0,25,100.0,1.0,1.0,4,1,12.60693158236145,832.5996279945615,225.69767399024778
43,125.0,25,100.0,2.0,1.0,2,1,0.9839047084170335,819.8666605311931,180.2912745247739
43,125.0,25,100.0,1.0,1.5,2,1,0.9839047084170335,819.8666605311931,180.2912745247739
43,125.0,25,100.0,1.5,1.0,1,1,7.317615302777194,875.2029988316564,190.60977692679975
43,125.0,25,100.0,1.5,1.5,2,1,0.9839047084170335,819.8666605311931,180.2912745247739
43,125.0,25,100.0,2.0,1.0,1,1,7.317615302777194,875.2029988316564,190.60977692679975
43,125.0,20,100.0,1.0,2.0,0,0,47.028810379351484,176.75205447072287,377.91046598232964
43,125.0,25,100.0,1.5,1.0,4,1,12.60693158236145,832.5996279945615,225.69767399024778
43,125.0,25,100.0,1.0,1.5,1,1,7.317615302777194,875.2029988316564,190.60977692679975
43,125.0,25,100.0,1.5,1.5,1,1,7.317615302777194,875.2029988316564,190.60977692679975
43,125.0,25,100.0,2.0,1.0,4,1,12.60693158236145,832.5996279945615,225.69767399024778
43,125.0,25,100.0,1.5,1.5,3,1,12.334969742377748,827.6301294279203,237.93484674766788
43,125.0,25,100.0,1.0,1.5,3,1,12.334969742377748,827.6301294279203,237.93484674766788
43,125.0,25,100.0,2.0,1.5,2,1,0.9839047084170335,819.8666605311931,180.2912745247739
43,125.0,25,100.0,1.0,2.0,2,1,0.9839047084170335,819.8666605311931,180.2912745247739
43,125.0,25,100.0,1.5,2.0,2,1,0.9839047084170335,819.8666605311931,180.2912745247739
43,125.0,25,100.0,2.0,2.0,2,1,0.9839047084170335,819.8666605311931,180.2912745247739
43,125.0,25,100.0,2.0,1.5,1,1,7.317615302777194,875.2029988316564,190.60977692679975
43,125.0,25,100.0,1.0,2.0,1,1,7.317615302777194,875.2029988316564,190.60977692679975
43,125.0,30,100.0,1.0,1.0,2,1,0.9839047084170335,819.8666605311931,180.2912745247739
43,125.0,25,100.0,2.0,1.5,3,1,12.334969742377748,827.6301294279203,237.93484674766788
43,125.0,25,100.0,2.0,2.0,1,1,7.317615302777194,875.2029988316564,190.60977692679975
43,125.0,25,100.0,1.0,2.0,3,1,12.334969742377748,827.6301294279203,237.93484674766788
43,125.0,25,100.0,1.5,2.0,1,1,7.317615302777194,875.2029988316564,190.60977692679975
43,125.0,30,100.0,1.0,1.0,1,1,7.317615302777194,875.2029988316564,190.60977692679975
43,125.0,30,100.0,1.0,1.0,4,1,11.307696415426248,832.5996279945615,225.69767399024778
43,125.0,25,100.0,2.0,2.0,3,1,12.334969742377748,827.6301294279203,237.93484674766788
43,125.0,25,100.0,1.5,2.0,3,1,12.334969742377748,827.6301294279203,237.93484674766788
43,125.0,25,100.0,1.5,1.5,0,0,48.188809797467194,176.75205447072287,377.91046598232964
43,125.0,30,100.0,1.5,1.0,2,1,0.9839047084170335,819.8666605311931,180.2912745247739
43,125.0,30,100.0,1.5,1.0,1,1,7.317615302777194,875.2029988316564,190.60977692679975
43,125.0,30,100.0,1.5,1.0,4,1,11.307696415426248,832.5996279945615,225.69767399024778
43,125.0,30,100.0,2.0,1.0,2,1,0.9839047084170335,819.8666605311931,180.2912745247739
43,125.0,30,100.0,1.0,1.5,2,1,0.9839047084170335,819.8666605311931,180.2912745247739
43,125.0,30,100.0,2.0,1.0,1,1,7.317615302777194,875.2029988316564,190.60977692679975
43,125.0,30,100.0,2.0,1.0,4,1,11.307696415426248,832.5996279945615,225.69767399024778
43,125.0,30,100.0,1.0,1.5,1,1,7.317615302777194,875.2029988316564,190.60977692679975
43,125.0,30,100.0,1.0,1.5,3,1,12.334969742377748,827.6301294279203,237.93484674766788
43,125.0,30,100.0,1.5,1.5,2,1,0.9839047084170335,819.8666605311931,180.2912745247739
43,125.0,30,100.0,1.5,1.5,1,1,7.317615302777194,875.2029988316564,190.60977692679975
43,125.0,30,100.0,2.0,1.5,2,1,0.9839047084170335,819.8666605311931,180.2912745247739
43,125.0,25,100.0,2.0,1.5,0,0,47.04079939011596,176.75205447072287,377.91046598232964
43,125.0,30,100.0,1.5,1.5,3,1,12.334969742377748,827.6301294279203,237.93484674766788
43,125.0,30,100.0,2.0,1.0,0,0,39.77804716591064,176.75205447072287,377.91046598232964
43,125.0,30,100.0,1.0,2.0,2,1,0.9839047084170335,819.8666605311931,180.2912745247739
43,125.0,30,100.0,2.0,1.5,1,1,7.317615302777194,875.2029988316564,190.60977692679975
43,125.0,30,100.0,1.5,2.0,2,1,0.9839047084170335,819.8666605311931,180.2912745247739
43,125.0,30,100.0,1.5,1.0,0,0,62.236033159530464,176.75205447072287,377.91046598232964
43,125.0,30,100.0,2.0,1.5,3,1,12.334969742377748,827.6301294279203,237.93484674766788
43,125.0,30,100.0,1.0,2.0,1,1,7.317615302777194,875.2029988316564,190.60977692679975
43,125.0,30,100.0,1.0,2.0,4,1,7.780786802296949,832.5996279945615,225.69767399024778
43,125.0,30,100.0,1.5,2.0,1,1,7.317615302777194,875.2029988316564,190.60977692679975
43,125.0,30,100.0,1.5,2.0,4,1,7.780786802296949,832.5996279945615,225.69767399024778
43,125.0,25,100.0,2.0,2.0,0,0,52.80338039362946,176.75205447072287,377.91046598232964
43,125.0,25,100.0,1.5,2.0,0,0,52.72785061558283,176.75205447072287,377.91046598232964
43,125.0,30,100.0,1.0,1.0,0,0,63.329440148234646,176.75205447072287,377.91046598232964
43,125.0,30,100.0,1.0,1.5,0,0,53.93481898447125,176.75205447072287,377.91046598232964
43,125.0,25,100.0,1.0,2.0,0,0,80.72114454498494,176.75205447072287,377.91046598232964
43,125.0,30,100.0,1.0,2.0,0,0,27.85122140818654,176.75205447072287,377.91046598232964
43,125.0,30,100.0,1.5,1.5,0,0,53.93481898447125,176.75205447072287,377.91046598232964
43,125.0,30,100.0,1.5,2.0,0,0,27.85122140818654,176.75205447072287,377.91046598232964
43,125.0,30,100.0,2.0,2.0,2,1,0.9839047084170335,819.8666605311931,180.2912745247739
43,125.0,20,150.0,1.0,1.0,2,1,0.9839047084170335,819.8666605311931,180.2912745247739
43,125.0,20,150.0,1.0,1.0,3,1,1.073912374291137,827.6301294279203,237.93484674766788
43,125.0,20,150.0,1.0,1.0,1,1,1.1620931936375705,875.2029988316564,190.60977692679975
43,125.0,20,150.0,1.5,1.0,2,1,0.9839047084170335,819.8666605311931,180.2912745247739
43,125.0,20,150.0,2.0,1.0,2,1,0.9839047084170335,819.8666605311931,180.2912745247739
43,125.0,20,150.0,1.5,1.0,3,1,1.073912374291137,827.6301294279203,237.93484674766788
43,125.0,20,150.0,2.0,1.0,3,1,1.073912374291137,827.6301294279203,237.93484674766788
43,125.0,20,150.0,1.5,1.0,1,1,1.1620931936375705,875.2029988316564,190.60977692679975
43,125.0,20,150.0,2.0,1.0,1,1,1.1620931936375705,875.2029988316564,190.60977692679975
43,125.0,30,100.0,2.0,2.0,1,1,7.317615302777194,875.2029988316564,190.60977692679975
43,125.0,30,100.0,2.0,2.0,4,1,7.780786802296949,832.5996279945615,225.69767399024778
43,125.0,30,100.0,2.0,1.5,0,0,53.93481898447125,176.75205447072287,377.91046598232964
43,125.0,20,150.0,1.0,1.5,2,1,0.9839047084170335,819.8666605311931,180.2912745247739
43,125.0,20,150.0,1.0,1.5,3,1,1.073912374291137,827.6301294279203,237.93484674766788
43,125.0,20,150.0,1.0,1.5,1,1,1.1620931936375705,875.2029988316564,190.60977692679975
43,125.0,20,150.0,1.5,1.5,2,1,0.9839047084170335,819.8666605311931,180.2912745247739
43,125.0,20,150.0,1.5,1.5,3,1,1.073912374291137,827.6301294279203,237.93484674766788
43,125.0,20,150.0,1.5,1.5,1,1,1.1620931936375705,875.2029988316564,190.60977692679975
43,125.0,20,150.0,2.0,1.5,2,1,0.9839047084170335,819.8666605311931,180.2912745247739
43,125.0,20,150.0,2.0,1.5,3,1,1.073912374291137,827.6301294279203,237.93484674766788
43,125.0,20,150.0,2.0,1.5,1,1,1.1620931936375705,875.2029988316564,190.60977692679975
43,125.0,20,150.0,1.5,2.0,2,1,0.9839047084170335,819.8666605311931,180.2912745247739
43,125.0,20,150.0,1.5,2.0,3,1,1.073912374291137,827.6301294279203,237.93484674766788
43,125.0,20,150.0,1.5,2.0,1,1,1.1620931936375705,875.2029988316564,190.60977692679975
43,125.0,20,150.0,1.0,2.0,2,1,0.9839047084170335,819.8666605311931,180.2912745247739
43,125.0,20,150.0,1.0,2.0,3,1,1.073912374291137,827.6301294279203,237.93484674766788
43,125.0,20,150.0,1.0,2.0,1,1,1.1620931936375705,875.2029988316564,190.60977692679975
43,125.0,30,100.0,2.0,2.0,0,0,27.85122140818654,176.75205447072287,377.91046598232964
43,125.0,20,150.0,1.5,1.0,0,0,29.782646989009066,176.75205447072287,377.91046598232964
43,125.0,20,150.0,2.0,2.0,2,1,0.9839047084170335,819.8666605311931,180.2912745247739
43,125.0,20,150.0,2.0,2.0,3,1,1.073912374291137,827.6301294279203,237.93484674766788
43,125.0,20,150.0,2.0,2.0,1,1,1.1620931936375705,875.2029988316564,190.60977692679975
43,125.0,25,150.0,1.0,1.0,2,1,0.9839047084170335,819.8666605311931,180.2912745247739
43,125.0,25,150.0,1.0,1.0,3,1,1.073912374291137,827.6301294279203,237.93484674766788
43,125.0,25,150.0,1.0,1.0,1,1,1.1620931936375705,875.2029988316564,190.60977692679975
43,125.0,20,150.0,1.0,1.5,0,0,29.782646989009066,176.75205447072287,377.91046598232964
43,125.0,20,150.0,2.0,1.0,0,0,29.782646989009066,176.75205447072287,377.91046598232964
43,125.0,20,150.0,1.5,1.5,0,0,29.782646989009066,176.75205447072287,377.91046598232964
43,125.0,20,150.0,1.0,2.0,0,0,29.782646989009066,176.75205447072287,377.91046598232964
43,125.0,20,150.0,1.5,2.0,0,0,29.782646989009066,176.75205447072287,377.91046598232964
43,125.0,20,150.0,2.0,1.5,0,0,29.782646989009066,176.75205447072287,377.91046598232964
43,125.0,25,150.0,1.5,1.0,2,1,0.9839047084170335,819.8666605311931,180.2912745247739
43,125.0,25,150.0,1.5,1.0,3,1,1.073912374291137,827.6301294279203,237.93484674766788
43,125.0,25,150.0,1.5,1.0,1,1,1.1620931936375705,875.2029988316564,190.60977692679975
43,125.0,20,150.0,2.0,2.0,0,0,29.782646989009066,176.75205447072287,377.91046598232964
43,125.0,25,150.0,2.0,1.0,2,1,0.9839047084170335,819.8666605311931,180.2912745247739
43,125.0,25,150.0,2.0,1.0,3,1,1.073912374291137,827.6301294279203,237.93484674766788
43,125.0,25,150.0,2.0,1.0,1,1,1.1620931936375705,875.2029988316564,190.60977692679975
43,125.0,20,150.0,1.0,1.0,0,0,59.334306936123106,176.75205447072287,377.91046598232964
43,125.0,25,150.0,1.0,1.5,2,1,0.9839047084170335,819.8666605311931,180.2912745247739
43,125.0,25,150.0,1.0,1.5,3,1,1.073912374291137,827.6301294279203,237.93484674766788
43,125.0,25,150.0,1.0,1.5,1,1,1.1620931936375705,875.2029988316564,190.60977692679975
43,125.0,25,150.0,1.5,1.5,2,1,0.9839047084170335,819.8666605311931,180.2912745247739
43,125.0,25,150.0,1.5,1.5,3,1,1.073912374291137,827.6301294279203,237.93484674766788
43,125.0,25,150.0,1.5,1.5,1,1,1.1620931936375705,875.2029988316564,190.60977692679975
43,125.0,25,150.0,2.0,1.5,2,1,0.9839047084170335,819.8666605311931,180.2912745247739
43,125.0,25,150.0,2.0,1.5,3,1,1.073912374291137,827.6301294279203,237.93484674766788
43,125.0,25,150.0,2.0,1.5,1,1,1.1620931936375705,875.2029988316564,190.60977692679975
43,125.0,25,150.0,1.0,2.0,2,1,0.9839047084170335,819.8666605311931,180.2912745247739
43,125.0,25,150.0,1.0,2.0,3,1,1.073912374291137,827.6301294279203,237.93484674766788
43,125.0,25,150.0,1.0,2.0,1,1,1.1620931936375705,875.2029988316564,190.60977692679975
43,125.0,25,150.0,1.0,1.0,0,0,95.11218652024563,176.75205447072287,377.91046598232964
43,125.0,25,150.0,1.5,2.0,2,1,0.9839047084170335,819.8666605311931,180.2912745247739
43,125.0,25,150.0,1.5,2.0,3,1,1.073912374291137,827.6301294279203,237.93484674766788
43,125.0,25,150.0,1.5,2.0,1,1,1.1620931936375705,875.2029988316564,190.60977692679975
43,125.0,25,150.0,2.0,2.0,2,1,0.9839047084170335,819.8666605311931,180.2912745247739
43,125.0,25,150.0,2.0,2.0,3,1,1.073912374291137,827.6301294279203,237.93484674766788
43,125.0,25,150.0,2.0,2.0,1,1,1.1620931936375705,875.2029988316564,190.60977692679975
43,125.0,30,150.0,1.0,1.0,2,1,0.9839047084170335,819.8666605311931,180.2912745247739
43,125.0,30,150.0,1.0,1.0,3,1,1.073912374291137,827.6301294279203,237.93484674766788
43,125.0,30,150.0,1.0,1.0,1,1,1.1620931936375705,875.2029988316564,190.60977692679975
43,125.0,30,150.0,1.5,1.0,2,1,0.9839047084170335,819.8666605311931,180.2912745247739
43,125.0,30,150.0,1.5,1.0,3,1,1.073912374291137,827.6301294279203,237.93484674766788
43,125.0,30,150.0,1.5,1.0,1,1,1.1620931936375705,875.2029988316564,190.60977692679975
43,125.0,30,150.0,2.0,1.0,2,1,0.9839047084170335,819.8666605311931,180.2912745247739
43,125.0,30,150.0,2.0,1.0,3,1,1.073912374291137,827.6301294279203,237.93484674766788
43,125.0,30,150.0,2.0,1.0,1,1,1.1620931936375705,875.2029988316564,190.60977692679975
43,125.0,30,150.0,1.0,1.5,2,1,0.9839047084170335,819.8666605311931,180.2912745247739
43,125.0,30,150.0,1.0,1.5,3,1,1.073912374291137,827.6301294279203,237.93484674766788
43,125.0,30,150.0,1.0,1.5,1,1,1.1620931936375705,875.2029988316564,190.60977692679975
43,125.0,30,150.0,1.5,1.5,2,1,0.9839047084170335,819.8666605311931,180.2912745247739
43,125.0,30,150.0,1.5,1.5,3,1,1.073912374291137,827.6301294279203,237.93484674766788
43,125.0,30,150.0,1.5,1.5,1,1,1.1620931936375705,875.2029988316564,190.60977692679975
43,125.0,30,150.0,2.0,1.5,2,1,0.9839047084170335,819.8666605311931,180.2912745247739
43,125.0,30,150.0,2.0,1.5,3,1,1.073912374291137,827.6301294279203,237.93484674766788
43,125.0,30,150.0,2.0,1.5,1,1,1.1620931936375705,875.2029988316564,190.60977692679975
43,125.0,30,150.0,1.0,1.0,0,0,35.21834427228952,176.75205447072287,377.91046598232964
43,125.0,30,150.0,1.0,2.0,2,1,0.9839047084170335,819.8666605311931,180.2912745247739
43,125.0,30,150.0,1.5,2.0,2,1,0.9839047084170335,819.8666605311931,180.2912745247739
43,125.0,30,150.0,1.5,2.0,3,1,1.073912374291137,827.6301294279203,237.93484674766788
43,125.0,30,150.0,1.5,2.0,1,1,1.1620931936375705,875.2029988316564,190.60977692679975
43,125.0,30,150.0,1.0,2.0,3,1,1.073912374291137,827.6301294279203,237.93484674766788
43,125.0,30,150.0,1.0,2.0,1,1,1.1620931936375705,875.2029988316564,190.60977692679975
43,125.0,30,150.0,2.0,2.0,2,1,0.9839047084170335,819.8666605311931,180.2912745247739
43,125.0,30,150.0,2.0,2.0,3,1,1.073912374291137,827.6301294279203,237.93484674766788
43,125.0,30,150.0,2.0,2.0,1,1,1.1620931936375705,875.2029988316564,190.60977692679975
44,125.0,20,50.0,1.0,1.0,0,1,0.9839047084170335,788.4493762348953,153.86806925688055
44,125.0,20,50.0,1.0,1.0,1,1,3.9777398953021796,752.3773847972193,122.02656721507343
44,125.0,20,50.0,1.5,1.0,0,1,0.9839047084170335,788.4493762348953,153.86806925688055
44,125.0,20,50.0,1.5,1.0,1,1,3.9777398953021796,752.3773847972193,122.02656721507343
44,125.0,20,50.0,1.0,1.0,2,1,13.26520118579593,745.0541440219217,209.8367668300027
44,125.0,20,50.0,1.5,1.0,2,1,12.922043829560684,745.0541440219217,209.8367668300027
44,125.0,20,50.0,2.0,1.0,0,1,0.9839047084170335,788.4493762348953,153.86806925688055
43,125.0,30,150.0,2.0,1.5,0,0,55.14694658673288,176.75205447072287,377.91046598232964
44,125.0,20,50.0,1.0,1.5,0,1,0.9839047084170335,788.4493762348953,153.86806925688055
44,125.0,20,50.0,1.0,1.5,1,1,3.9777398953021796,752.3773847972193,122.02656721507343
44,125.0,20,50.0,2.0,1.0,1,1,3.9777398953021796,752.3773847972193,122.02656721507343
43,125.0,30,150.0,2.0,1.0,0,0,70.30127903282212,176.75205447072287,377.91046598232964
43,125.0,30,150.0,1.0,2.0,0,0,35.21834427228952,176.75205447072287,377.91046598232964
44,125.0,20,50.0,1.0,1.5,2,1,13.372595296515536,745.0541440219217,209.8367668300027
44,125.0,20,50.0,1.5,1.5,0,1,0.9839047084170335,788.4493762348953,153.86806925688055
44,125.0,20,50.0,2.0,1.0,2,1,12.922043829560684,745.0541440219217,209.8367668300027
44,125.0,20,50.0,1.5,1.5,1,1,3.9777398953021796,752.3773847972193,122.02656721507343
43,125.0,30,150.0,1.5,2.0,0,0,53.96084657779259,176.75205447072287,377.91046598232964
44,125.0,20,50.0,1.5,1.5,2,1,12.922043829560684,745.0541440219217,209.8367668300027
44,125.0,20,50.0,2.0,1.5,0,1,0.9839047084170335,788.4493762348953,153.86806925688055
44,125.0,20,50.0,2.0,1.5,1,1,3.9777398953021796,752.3773847972193,122.02656721507343
44,125.0,20,50.0,1.0,2.0,0,1,0.9839047084170335,788.4493762348953,153.86806925688055
44,125.0,20,50.0,1.5,2.0,0,1,0.9839047084170335,788.4493762348953,153.86806925688055
44,125.0,20,50.0,2.0,1.5,2,1,12.922043829560684,745.0541440219217,209.8367668300027
44,125.0,25,50.0,1.0,1.0,0,1,0.9839047084170335,788.4493762348953,153.86806925688055
44,125.0,20,50.0,2.0,2.0,0,1,0.9839047084170335,788.4493762348953,153.86806925688055
44,125.0,20,50.0,1.0,2.0,1,1,3.9777398953021796,752.3773847972193,122.02656721507343
44,125.0,20,50.0,1.5,2.0,1,1,3.9777398953021796,752.3773847972193,122.02656721507343
44,125.0,20,50.0,2.0,2.0,1,1,3.9777398953021796,752.3773847972193,122.02656721507343
44,125.0,25,50.0,1.0,1.0,1,1,3.9777398953021796,752.3773847972193,122.02656721507343
44,125.0,20,50.0,1.5,1.5,4,1,35.67293613142407,734.6851396397549,309.8459047274205
44,125.0,20,50.0,1.0,2.0,2,1,12.922043829560684,745.0541440219217,209.8367668300027
44,125.0,20,50.0,1.0,1.5,4,1,50.879451673148544,734.6851396397549,309.8459047274205
44,125.0,20,50.0,2.0,1.0,4,1,43.77752565682368,734.6851396397549,309.8459047274205
44,125.0,25,50.0,1.0,1.0,2,1,12.847066617873633,745.0541440219217,209.8367668300027
44,125.0,20,50.0,1.0,1.0,4,1,68.87992838319325,734.6851396397549,309.8459047274205
43,125.0,30,150.0,2.0,2.0,0,0,81.8729975682224,176.75205447072287,377.91046598232964
44,125.0,20,50.0,2.0,2.0,2,1,12.922043829560684,745.0541440219217,209.8367668300027
44,125.0,20,50.0,1.5,2.0,2,1,12.922043829560684,745.0541440219217,209.8367668300027
44,125.0,25,50.0,1.5,1.0,0,1,0.9839047084170335,788.4493762348953,153.86806925688055
44,125.0,25,50.0,1.5,1.0,1,1,3.9777398953021796,752.3773847972193,122.02656721507343
44,125.0,25,50.0,1.5,1.0,2,1,12.902941373264218,745.0541440219217,209.8367668300027
44,125.0,25,50.0,2.0,1.0,0,1,0.9839047084170335,788.4493762348953,153.86806925688055
44,125.0,20,50.0,1.5,1.0,4,1,94.4078019400685,734.6851396397549,309.8459047274205
44,125.0,25,50.0,2.0,1.0,1,1,3.9777398953021796,752.3773847972193,122.02656721507343
44,125.0,25,50.0,1.0,1.5,0,1,0.9839047084170335,788.4493762348953,153.86806925688055
44,125.0,25,50.0,1.0,1.5,1,1,3.9777398953021796,752.3773847972193,122.02656721507343
44,125.0,25,50.0,1.5,1.5,0,1,0.9839047084170335,788.4493762348953,153.86806925688055
44,125.0,20,50.0,1.5,2.0,4,1,35.67293613142407,734.6851396397549,309.8459047274205
44,125.0,25,50.0,1.5,1.5,1,1,3.9777398953021796,752.3773847972193,122.02656721507343
44,125.0,25,50.0,2.0,1.0,2,1,11.688851917541262,745.0541440219217,209.8367668300027
44,125.0,20,50.0,2.0,2.0,4,1,35.67293613142407,734.6851396397549,309.8459047274205
44,125.0,20,50.0,2.0,1.5,4,1,48.149825313244776,734.6851396397549,309.8459047274205
44,125.0,25,50.0,1.0,1.5,2,1,12.902941373264218,745.0541440219217,209.8367668300027
44,125.0,25,50.0,1.5,1.5,2,1,12.902941373264218,745.0541440219217,209.8367668300027
44,125.0,25,50.0,2.0,1.5,0,1,0.9839047084170335,788.4493762348953,153.86806925688055
44,125.0,25,50.0,1.0,2.0,0,1,0.9839047084170335,788.4493762348953,153.86806925688055
44,125.0,25,50.0,1.0,2.0,1,1,3.9777398953021796,752.3773847972193,122.02656721507343
44,125.0,25,50.0,2.0,1.5,1,1,3.9777398953021796,752.3773847972193,122.02656721507343
44,125.0,25,50.0,1.5,2.0,0,1,0.9839047084170335,788.4493762348953,153.86806925688055
44,125.0,25,50.0,1.5,2.0,1,1,3.9777398953021796,752.3773847972193,122.02656721507343
44,125.0,25,50.0,2.0,1.0,4,1,31.221116656572228,734.6851396397549,309.8459047274205
44,125.0,25,50.0,2.0,1.5,2,1,11.688851917541262,745.0541440219217,209.8367668300027
44,125.0,25,50.0,1.0,2.0,2,1,12.902941373264218,745.0541440219217,209.8367668300027
44,125.0,25,50.0,1.5,2.0,2,1,11.688851917541262,745.0541440219217,209.8367668300027
44,125.0,20,50.0,1.5,1.5,3,0,96.82306871650766,686.8045684486611,388.6643174232488
44,125.0,25,50.0,2.0,2.0,0,1,0.9839047084170335,788.4493762348953,153.86806925688055
44,125.0,25,50.0,2.0,2.0,1,1,3.9777398953021796,752.3773847972193,122.02656721507343
44,125.0,30,50.0,1.0,1.0,0,1,0.9839047084170335,788.4493762348953,153.86806925688055
44,125.0,20,50.0,2.0,2.0,3,1,64.54177728701437,686.8045684486611,388.6643174232488
44,125.0,30,50.0,1.0,1.0,1,1,3.9777398953021796,752.3773847972193,122.02656721507343
44,125.0,25,50.0,2.0,1.0,3,1,50.441291128828105,686.8045684486611,388.6643174232488
44,125.0,30,50.0,1.5,1.0,0,1,0.9839047084170335,788.4493762348953,153.86806925688055
44,125.0,30,50.0,2.0,1.0,0,1,0.9839047084170335,788.4493762348953,153.86806925688055
44,125.0,25,50.0,2.0,2.0,2,1,11.688851917541262,745.0541440219217,209.8367668300027
44,125.0,30,50.0,1.5,1.0,1,1,3.9777398953021796,752.3773847972193,122.02656721507343
44,125.0,30,50.0,2.0,1.0,1,1,3.9777398953021796,752.3773847972193,122.02656721507343
44,125.0,30,50.0,1.0,1.0,2,1,11.850410355971341,745.0541440219217,209.8367668300027
44,125.0,25,50.0,1.5,1.0,4,1,66.74651623755905,734.6851396397549,309.8459047274205
44,125.0,25,50.0,1.0,2.0,4,0,34.18678560677498,734.6851396397549,309.8459047274205
44,125.0,25,50.0,1.5,1.5,4,1,56.93190674695833,734.6851396397549,309.8459047274205
44,125.0,30,50.0,1.5,1.0,2,1,11.850410355971341,745.0541440219217,209.8367668300027
44,125.0,30,50.0,2.0,1.0,2,1,11.850410355971341,745.0541440219217,209.8367668300027
44,125.0,25,50.0,1.0,2.0,3,0,42.834135785051295,686.8045684486611,388.6643174232488
44,125.0,30,50.0,1.0,1.5,0,1,0.9839047084170335,788.4493762348953,153.86806925688055
44,125.0,25,50.0,1.0,1.0,4,0,94.45761125699138,734.6851396397549,309.8459047274205
44,125.0,25,50.0,1.0,1.0,3,0,96.81604071612786,686.8045684486611,388.6643174232488
44,125.0,30,50.0,1.0,1.5,1,1,3.9777398953021796,752.3773847972193,122.02656721507343
44,125.0,30,50.0,1.5,1.5,0,1,0.9839047084170335,788.4493762348953,153.86806925688055
44,125.0,30,50.0,2.0,1.5,0,1,0.9839047084170335,788.4493762348953,153.86806925688055
44,125.0,30,50.0,2.0,1.0,4,1,25.491094084319336,734.6851396397549,309.8459047274205
44,125.0,30,50.0,1.5,1.5,1,1,3.9777398953021796,752.3773847972193,122.02656721507343
44,125.0,30,50.0,2.0,1.5,1,1,3.9777398953021796,752.3773847972193,122.02656721507343
44,125.0,20,50.0,1.5,2.0,3,0,99.0503999188853,686.8045684486611,388.6643174232488
44,125.0,30,50.0,1.0,2.0,0,1,0.9839047084170335,788.4493762348953,153.86806925688055
44,125.0,30,50.0,1.5,2.0,0,1,0.9839047084170335,788.4493762348953,153.86806925688055
44,125.0,30,50.0,1.0,1.5,2,1,11.850410355971341,745.0541440219217,209.8367668300027
44,125.0,30,50.0,1.0,2.0,1,1,3.9777398953021796,752.3773847972193,122.02656721507343
44,125.0,30,50.0,2.0,1.5,2,1,11.850410355971341,745.0541440219217,209.8367668300027
44,125.0,30,50.0,1.5,1.5,2,1,11.850410355971341,745.0541440219217,209.8367668300027
44,125.0,30,50.0,1.5,2.0,1,1,3.9777398953021796,752.3773847972193,122.02656721507343
44,125.0,30,50.0,1.0,2.0,2,1,11.850410355971341,745.0541440219217,209.8367668300027
44,125.0,30,50.0,1.5,2.0,2,1,11.850410355971341,745.0541440219217,209.8367668300027
44,125.0,30,50.0,2.0,2.0,0,1,0.9839047084170335,788.4493762348953,153.86806925688055
44,125.0,25,50.0,1.5,2.0,4,0,73.55418711524266,734.6851396397549,309.8459047274205
44,125.0,30,50.0,1.5,1.0,4,1,48.81647937161235,734.6851396397549,309.8459047274205
44,125.0,30,50.0,2.0,2.0,1,1,3.9777398953021796,752.3773847972193,122.02656721507343
44,125.0,20,100.0,1.0,1.0,0,1,0.9839047084170335,788.4493762348953,153.86806925688055
44,125.0,25,50.0,1.5,2.0,3,0,76.85403254298811,686.8045684486611,388.6643174232488
44,125.0,20,100.0,1.5,1.0,0,1,0.9839047084170335,788.4493762348953,153.86806925688055
44,125.0,20,100.0,2.0,1.0,0,1,0.9839047084170335,788.4493762348953,153.86806925688055
44,125.0,20,100.0,1.0,1.0,1,1,3.9777398953021796,752.3773847972193,122.02656721507343
44,125.0,20,100.0,1.5,1.0,1,1,3.9777398953021796,752.3773847972193,122.02656721507343
44,125.0,20,100.0,2.0,1.0,1,1,3.9777398953021796,752.3773847972193,122.02656721507343
44,125.0,20,100.0,1.5,1.0,2,1,9.352361921626196,745.0541440219217,209.8367668300027
44,125.0,20,100.0,1.0,1.0,2,1,9.352361921626196,745.0541440219217,209.8367668300027
44,125.0,30,50.0,2.0,2.0,2,1,11.850410355971341,745.0541440219217,209.8367668300027
44,125.0,20,100.0,2.0,1.0,2,1,9.352361921626196,745.0541440219217,209.8367668300027
44,125.0,30,50.0,1.5,2.0,4,1,34.07137737759173,734.6851396397549,309.8459047274205
44,125.0,30,50.0,1.5,2.0,3,1,36.76818412681545,686.8045684486611,388.6643174232488
44,125.0,20,100.0,1.0,1.5,0,1,0.9839047084170335,788.4493762348953,153.86806925688055
44,125.0,25,50.0,2.0,1.5,4,1,88.6006340752067,734.6851396397549,309.8459047274205
44,125.0,20,100.0,1.0,1.0,4,1,22.09993887444948,734.6851396397549,309.8459047274205
44,125.0,20,100.0,1.0,1.5,1,1,3.9777398953021796,752.3773847972193,122.02656721507343
44,125.0,30,50.0,2.0,1.5,4,1,51.454569426870016,734.6851396397549,309.8459047274205
44,125.0,20,100.0,2.0,1.0,4,1,22.09993887444948,734.6851396397549,309.8459047274205
44,125.0,20,100.0,1.5,1.0,4,1,22.09993887444948,734.6851396397549,309.8459047274205
44,125.0,20,100.0,1.0,1.0,3,0,26.4350692762968,686.8045684486611,388.6643174232488
44,125.0,20,100.0,2.0,1.0,3,0,26.4350692762968,686.8045684486611,388.6643174232488
44,125.0,20,100.0,1.0,1.5,2,1,9.352361921626196,745.0541440219217,209.8367668300027
44,125.0,20,100.0,1.5,1.5,0,1,0.9839047084170335,788.4493762348953,153.86806925688055
44,125.0,20,100.0,2.0,1.5,0,1,0.9839047084170335,788.4493762348953,153.86806925688055
44,125.0,20,100.0,1.5,1.0,3,0,26.4350692762968,686.8045684486611,388.6643174232488
44,125.0,20,100.0,1.0,2.0,0,1,0.9839047084170335,788.4493762348953,153.86806925688055
44,125.0,25,50.0,2.0,1.5,3,0,96.02263043826355,686.8045684486611,388.6643174232488
44,125.0,20,100.0,2.0,1.5,1,1,3.9777398953021796,752.3773847972193,122.02656721507343
44,125.0,30,50.0,1.0,1.0,4,1,75.57327667605873,734.6851396397549,309.8459047274205
44,125.0,20,100.0,1.5,1.5,1,1,3.9777398953021796,752.3773847972193,122.02656721507343
44,125.0,20,100.0,1.0,2.0,1,1,3.9777398953021796,752.3773847972193,122.02656721507343
44,125.0,25,50.0,2.0,2.0,4,0,95.70371156683134,734.6851396397549,309.8459047274205
44,125.0,20,100.0,1.5,2.0,0,1,0.9839047084170335,788.4493762348953,153.86806925688055
44,125.0,20,100.0,1.0,1.5,4,1,15.418345295352738,734.6851396397549,309.8459047274205
44,125.0,20,100.0,2.0,1.5,2,1,9.352361921626196,745.0541440219217,209.8367668300027
44,125.0,30,50.0,1.5,1.5,3,0,61.166752810674375,686.8045684486611,388.6643174232488
44,125.0,20,100.0,1.5,1.5,2,1,9.352361921626196,745.0541440219217,209.8367668300027
44,125.0,20,100.0,1.5,2.0,1,1,3.9777398953021796,752.3773847972193,122.02656721507343
44,125.0,20,100.0,1.0,2.0,2,1,9.352361921626196,745.0541440219217,209.8367668300027
44,125.0,20,100.0,2.0,2.0,0,1,0.9839047084170335,788.4493762348953,153.86806925688055
44,125.0,20,100.0,2.0,2.0,1,1,3.9777398953021796,752.3773847972193,122.02656721507343
44,125.0,30,50.0,1.5,1.5,4,0,67.95321219452944,734.6851396397549,309.8459047274205
44,125.0,20,100.0,1.0,1.5,3,1,21.218012415426983,686.8045684486611,388.6643174232488
44,125.0,20,100.0,2.0,1.5,4,1,15.418345295352738,734.6851396397549,309.8459047274205
44,125.0,25,100.0,1.0,1.0,0,1,0.9839047084170335,788.4493762348953,153.86806925688055
44,125.0,25,100.0,1.5,1.0,0,1,0.9839047084170335,788.4493762348953,153.86806925688055
44,125.0,20,100.0,1.5,1.5,4,1,15.418345295352738,734.6851396397549,309.8459047274205
44,125.0,20,100.0,1.0,2.0,4,1,15.418345295352738,734.6851396397549,309.8459047274205
44,125.0,20,100.0,1.5,2.0,2,1,9.352361921626196,745.0541440219217,209.8367668300027
44,125.0,25,100.0,1.0,1.0,1,1,3.9777398953021796,752.3773847972193,122.02656721507343
44,125.0,25,100.0,1.5,1.0,1,1,3.9777398953021796,752.3773847972193,122.02656721507343
44,125.0,20,100.0,2.0,1.5,3,1,21.218012415426983,686.8045684486611,388.6643174232488
44,125.0,20,100.0,2.0,2.0,2,1,9.352361921626196,745.0541440219217,209.8367668300027
44,125.0,25,100.0,2.0,1.0,0,1,0.9839047084170335,788.4493762348953,153.86806925688055
44,125.0,20,100.0,1.5,1.5,3,1,21.218012415426983,686.8045684486611,388.6643174232488
44,125.0,25,100.0,1.0,1.5,0,1,0.9839047084170335,788.4493762348953,153.86806925688055
44,125.0,25,100.0,1.5,1.5,0,1,0.9839047084170335,788.4493762348953,153.86806925688055
44,125.0,20,100.0,1.0,2.0,3,1,21.218012415426983,686.8045684486611,388.6643174232488
44,125.0,25,100.0,2.0,1.5,0,1,0.9839047084170335,788.4493762348953,153.86806925688055
44,125.0,25,100.0,2.0,1.0,1,1,3.9777398953021796,752.3773847972193,122.02656721507343
44,125.0,25,100.0,1.0,2.0,0,1,0.9839047084170335,788.4493762348953,153.86806925688055
44,125.0,20,100.0,1.5,2.0,4,1,15.418345295352738,734.6851396397549,309.8459047274205
44,125.0,25,100.0,1.0,1.5,1,1,3.9777398953021796,752.3773847972193,122.02656721507343
44,125.0,25,100.0,2.0,1.5,1,1,3.9777398953021796,752.3773847972193,122.02656721507343
44,125.0,25,100.0,1.5,1.5,1,1,3.9777398953021796,752.3773847972193,122.02656721507343
44,125.0,25,100.0,1.0,2.0,1,1,3.9777398953021796,752.3773847972193,122.02656721507343
44,125.0,25,100.0,1.5,1.0,2,1,11.875961171814595,745.0541440219217,209.8367668300027
44,125.0,20,100.0,2.0,2.0,4,1,15.418345295352738,734.6851396397549,309.8459047274205
44,125.0,25,100.0,1.0,1.0,2,1,11.875961171814595,745.0541440219217,209.8367668300027
44,125.0,30,50.0,1.0,1.0,3,0,96.7462586026592,686.8045684486611,388.6643174232488
44,125.0,20,100.0,2.0,2.0,3,1,21.218012415426983,686.8045684486611,388.6643174232488
44,125.0,25,100.0,2.0,2.0,0,1,0.9839047084170335,788.4493762348953,153.86806925688055
44,125.0,25,100.0,2.0,1.0,2,1,11.875961171814595,745.0541440219217,209.8367668300027
44,125.0,25,100.0,1.0,2.0,2,1,11.875961171814595,745.0541440219217,209.8367668300027
44,125.0,25,100.0,1.5,2.0,0,1,0.9839047084170335,788.4493762348953,153.86806925688055
44,125.0,25,100.0,2.0,1.5,2,1,11.875961171814595,745.0541440219217,209.8367668300027
44,125.0,20,100.0,1.5,2.0,3,1,21.218012415426983,686.8045684486611,388.6643174232488
44,125.0,25,100.0,1.0,1.5,2,1,11.875961171814595,745.0541440219217,209.8367668300027
44,125.0,30,100.0,1.0,1.0,0,1,0.9839047084170335,788.4493762348953,153.86806925688055
44,125.0,25,100.0,2.0,2.0,1,1,3.9777398953021796,752.3773847972193,122.02656721507343
44,125.0,25,100.0,1.5,2.0,1,1,3.9777398953021796,752.3773847972193,122.02656721507343
44,125.0,30,50.0,1.0,2.0,4,1,75.32041266071272,734.6851396397549,309.8459047274205
44,125.0,25,100.0,1.5,1.5,2,1,11.875961171814595,745.0541440219217,209.8367668300027
44,125.0,30,100.0,1.0,1.0,1,1,3.9777398953021796,752.3773847972193,122.02656721507343
44,125.0,25,100.0,2.0,2.0,2,1,11.875961171814595,745.0541440219217,209.8367668300027
44,125.0,30,100.0,1.0,1.0,2,1,9.50572409223726,745.0541440219217,209.8367668300027
44,125.0,30,100.0,1.5,1.0,0,1,0.9839047084170335,788.4493762348953,153.86806925688055
44,125.0,25,100.0,1.5,2.0,2,1,11.875961171814595,745.0541440219217,209.8367668300027
44,125.0,30,100.0,1.5,1.0,1,1,3.9777398953021796,752.3773847972193,122.02656721507343
44,125.0,25,100.0,1.0,1.5,3,0,29.109558134897668,686.8045684486611,388.6643174232488
44,125.0,25,100.0,2.0,1.0,4,0,31.171150759591328,734.6851396397549,309.8459047274205
44,125.0,25,100.0,1.5,1.0,4,0,31.171150759591328,734.6851396397549,309.8459047274205
44,125.0,25,100.0,1.0,1.0,4,0,31.171150759591328,734.6851396397549,309.8459047274205
44,125.0,25,100.0,2.0,1.5,3,0,29.109558134897668,686.8045684486611,388.6643174232488
44,125.0,25,100.0,1.0,2.0,3,0,29.072759264494742,686.8045684486611,388.6643174232488
44,125.0,30,100.0,1.5,1.0,2,1,9.50572409223726,745.0541440219217,209.8367668300027
44,125.0,25,100.0,1.5,1.5,3,0,29.109558134897668,686.8045684486611,388.6643174232488
44,125.0,25,100.0,2.0,1.0,3,0,36.44752833893863,686.8045684486611,388.6643174232488
44,125.0,25,100.0,1.0,1.0,3,0,36.44752833893863,686.8045684486611,388.6643174232488
44,125.0,25,100.0,1.5,1.0,3,0,36.44752833893863,686.8045684486611,388.6643174232488
44,125.0,30,100.0,2.0,1.0,0,1,0.9839047084170335,788.4493762348953,153.86806925688055
44,125.0,30,100.0,1.0,1.5,0,1,0.9839047084170335,788.4493762348953,153.86806925688055
44,125.0,30,100.0,1.5,1.5,0,1,0.9839047084170335,788.4493762348953,153.86806925688055
44,125.0,30,100.0,2.0,1.5,0,1,0.9839047084170335,788.4493762348953,153.86806925688055
44,125.0,25,100.0,2.0,2.0,3,0,29.072759264494742,686.8045684486611,388.6643174232488
44,125.0,30,100.0,2.0,1.0,1,1,3.9777398953021796,752.3773847972193,122.02656721507343
44,125.0,30,100.0,2.0,1.5,1,1,3.9777398953021796,752.3773847972193,122.02656721507343
44,125.0,30,100.0,1.0,1.5,1,1,3.9777398953021796,752.3773847972193,122.02656721507343
44,125.0,25,100.0,2.0,1.5,4,1,38.53503759662878,734.6851396397549,309.8459047274205
44,125.0,30,100.0,1.5,1.5,1,1,3.9777398953021796,752.3773847972193,122.02656721507343
44,125.0,25,100.0,1.0,1.5,4,1,38.53503759662878,734.6851396397549,309.8459047274205
44,125.0,30,100.0,1.0,2.0,0,1,0.9839047084170335,788.4493762348953,153.86806925688055
44,125.0,30,100.0,1.5,2.0,0,1,0.9839047084170335,788.4493762348953,153.86806925688055
44,125.0,30,100.0,2.0,1.0,2,1,9.50572409223726,745.0541440219217,209.8367668300027
44,125.0,25,100.0,1.5,1.5,4,1,38.53503759662878,734.6851396397549,309.8459047274205
44,125.0,30,100.0,1.0,2.0,1,1,3.9777398953021796,752.3773847972193,122.02656721507343
44,125.0,30,100.0,2.0,2.0,0,1,0.9839047084170335,788.4493762348953,153.86806925688055
44,125.0,20,150.0,1.0,1.0,0,1,0.9839047084170335,788.4493762348953,153.86806925688055
44,125.0,30,50.0,2.0,2.0,4,1,84.3979826026059,734.6851396397549,309.8459047274205
44,125.0,30,100.0,1.5,2.0,1,1,3.9777398953021796,752.3773847972193,122.02656721507343
44,125.0,20,150.0,1.0,1.0,1,1,3.9777398953021796,752.3773847972193,122.02656721507343
44,125.0,30,100.0,1.0,1.5,2,1,12.029340023698087,745.0541440219217,209.8367668300027
44,125.0,25,100.0,1.5,2.0,3,0,29.072759264494742,686.8045684486611,388.6643174232488
44,125.0,30,100.0,2.0,2.0,1,1,3.9777398953021796,752.3773847972193,122.02656721507343
44,125.0,30,100.0,2.0,1.5,2,1,12.029340023698087,745.0541440219217,209.8367668300027
44,125.0,30,100.0,1.5,1.5,2,1,12.029340023698087,745.0541440219217,209.8367668300027
44,125.0,30,100.0,1.0,1.0,4,1,31.368417035351072,734.6851396397549,309.8459047274205
44,125.0,25,100.0,1.0,2.0,4,0,47.57315105196407,734.6851396397549,309.8459047274205
44,125.0,30,100.0,1.0,1.0,3,0,31.847548174621394,686.8045684486611,388.6643174232488
44,125.0,25,100.0,2.0,2.0,4,1,42.28253757756531,734.6851396397549,309.8459047274205
44,125.0,20,150.0,1.5,1.0,0,1,0.9839047084170335,788.4493762348953,153.86806925688055
44,125.0,20,150.0,2.0,1.0,0,1,0.9839047084170335,788.4493762348953,153.86806925688055
44,125.0,20,150.0,1.0,1.5,0,1,0.9839047084170335,788.4493762348953,153.86806925688055
44,125.0,20,150.0,2.0,1.0,1,1,3.9777398953021796,752.3773847972193,122.02656721507343
44,125.0,30,100.0,1.0,2.0,2,1,12.029340023698087,745.0541440219217,209.8367668300027
44,125.0,30,100.0,1.0,1.5,4,1,17.164562250465966,734.6851396397549,309.8459047274205
44,125.0,30,100.0,1.5,1.0,4,1,31.368417035351072,734.6851396397549,309.8459047274205
44,125.0,30,100.0,1.5,1.0,3,0,31.847548174621394,686.8045684486611,388.6643174232488
44,125.0,20,150.0,1.0,1.0,2,1,9.701401304455938,745.0541440219217,209.8367668300027
44,125.0,30,100.0,2.0,1.5,4,1,17.164562250465966,734.6851396397549,309.8459047274205
44,125.0,30,100.0,1.5,2.0,2,1,12.029340023698087,745.0541440219217,209.8367668300027
44,125.0,20,150.0,1.5,1.0,1,1,3.9777398953021796,752.3773847972193,122.02656721507343
44,125.0,30,100.0,1.5,1.5,4,1,17.164562250465966,734.6851396397549,309.8459047274205
44,125.0,20,150.0,1.5,1.5,0,1,0.9839047084170335,788.4493762348953,153.86806925688055
44,125.0,20,150.0,1.0,1.5,1,1,3.9777398953021796,752.3773847972193,122.02656721507343
44,125.0,30,100.0,2.0,2.0,2,1,12.029340023698087,745.0541440219217,209.8367668300027
44,125.0,20,150.0,1.0,1.0,4,1,12.027261132213441,734.6851396397549,309.8459047274205
44,125.0,20,150.0,1.5,1.5,1,1,3.9777398953021796,752.3773847972193,122.02656721507343
44,125.0,30,100.0,1.5,2.0,4,1,17.164562250465966,734.6851396397549,309.8459047274205
44,125.0,30,100.0,1.0,2.0,4,1,17.164562250465966,734.6851396397549,309.8459047274205
44,125.0,20,150.0,2.0,1.0,2,1,9.701401304455938,745.0541440219217,209.8367668300027
44,125.0,20,150.0,1.5,1.0,2,1,9.701401304455938,745.0541440219217,209.8367668300027
44,125.0,20,150.0,1.0,1.5,2,1,9.701401304455938,745.0541440219217,209.8367668300027
44,125.0,30,100.0,2.0,2.0,4,1,17.164562250465966,734.6851396397549,309.8459047274205
44,125.0,25,100.0,1.5,2.0,4,1,42.28253757756531,734.6851396397549,309.8459047274205
44,125.0,20,150.0,2.0,1.0,4,1,12.027261132213441,734.6851396397549,309.8459047274205
44,125.0,20,150.0,1.0,1.5,4,1,12.027261132213441,734.6851396397549,309.8459047274205
44,125.0,20,150.0,1.5,1.0,4,1,12.027261132213441,734.6851396397549,309.8459047274205
44,125.0,20,150.0,2.0,1.5,0,1,0.9839047084170335,788.4493762348953,153.86806925688055
44,125.0,20,150.0,1.5,1.5,2,1,9.701401304455938,745.0541440219217,209.8367668300027
44,125.0,20,150.0,1.0,2.0,0,1,0.9839047084170335,788.4493762348953,153.86806925688055
44,125.0,30,100.0,1.0,1.5,3,1,29.781801490094196,686.8045684486611,388.6643174232488
44,125.0,30,100.0,2.0,1.0,3,0,31.847548174621394,686.8045684486611,388.6643174232488
44,125.0,20,150.0,2.0,1.5,1,1,3.9777398953021796,752.3773847972193,122.02656721507343
44,125.0,20,150.0,1.5,2.0,0,1,0.9839047084170335,788.4493762348953,153.86806925688055
44,125.0,20,150.0,1.5,1.5,4,1,12.027261132213441,734.6851396397549,309.8459047274205
44,125.0,20,150.0,1.0,2.0,1,1,3.9777398953021796,752.3773847972193,122.02656721507343
44,125.0,20,150.0,1.5,2.0,1,1,3.9777398953021796,752.3773847972193,122.02656721507343
44,125.0,30,100.0,1.5,1.5,3,1,32.48012940057992,686.8045684486611,388.6643174232488
44,125.0,20,150.0,2.0,1.5,2,1,9.701401304455938,745.0541440219217,209.8367668300027
44,125.0,20,150.0,2.0,2.0,0,1,0.9839047084170335,788.4493762348953,153.86806925688055
44,125.0,30,100.0,2.0,1.0,4,1,39.43210886507851,734.6851396397549,309.8459047274205
44,125.0,25,150.0,1.0,1.0,0,1,0.9839047084170335,788.4493762348953,153.86806925688055
44,125.0,20,150.0,2.0,1.5,4,1,12.027261132213441,734.6851396397549,309.8459047274205
44,125.0,30,100.0,2.0,1.5,3,1,32.48012940057992,686.8045684486611,388.6643174232488
44,125.0,20,150.0,1.0,2.0,2,1,9.701401304455938,745.0541440219217,209.8367668300027
44,125.0,20,150.0,2.0,2.0,1,1,3.9777398953021796,752.3773847972193,122.02656721507343
44,125.0,25,150.0,1.5,1.0,0,1,0.9839047084170335,788.4493762348953,153.86806925688055
44,125.0,25,150.0,1.0,1.0,1,1,3.9777398953021796,752.3773847972193,122.02656721507343
44,125.0,20,150.0,1.5,2.0,2,1,9.701401304455938,745.0541440219217,209.8367668300027
44,125.0,20,150.0,1.0,2.0,4,1,12.027261132213441,734.6851396397549,309.8459047274205
44,125.0,30,100.0,1.0,2.0,3,1,36.38485966323368,686.8045684486611,388.6643174232488
44,125.0,25,150.0,1.5,1.0,1,1,3.9777398953021796,752.3773847972193,122.02656721507343
44,125.0,30,100.0,1.5,2.0,3,1,36.38485966323368,686.8045684486611,388.6643174232488
44,125.0,25,150.0,1.0,1.0,2,1,9.701401304455938,745.0541440219217,209.8367668300027
44,125.0,20,150.0,1.5,2.0,4,1,12.027261132213441,734.6851396397549,309.8459047274205
44,125.0,25,150.0,2.0,1.0,0,1,0.9839047084170335,788.4493762348953,153.86806925688055
44,125.0,25,150.0,1.0,1.5,0,1,0.9839047084170335,788.4493762348953,153.86806925688055
44,125.0,30,100.0,2.0,2.0,3,1,36.38485966323368,686.8045684486611,388.6643174232488
44,125.0,25,150.0,1.0,1.0,4,1,13.112332162019015,734.6851396397549,309.8459047274205
44,125.0,20,150.0,2.0,2.0,2,1,9.701401304455938,745.0541440219217,209.8367668300027
44,125.0,25,150.0,1.5,1.5,0,1,0.9839047084170335,788.4493762348953,153.86806925688055
44,125.0,25,150.0,2.0,1.0,1,1,3.9777398953021796,752.3773847972193,122.02656721507343
44,125.0,25,150.0,1.0,1.5,1,1,3.9777398953021796,752.3773847972193,122.02656721507343
44,125.0,20,150.0,2.0,2.0,4,1,12.027261132213441,734.6851396397549,309.8459047274205
44,125.0,25,150.0,1.5,1.5,1,1,3.9777398953021796,752.3773847972193,122.02656721507343
44,125.0,25,150.0,1.5,1.0,2,1,9.701401304455938,745.0541440219217,209.8367668300027
44,125.0,25,150.0,1.0,1.0,3,1,17.700056747464696,686.8045684486611,388.6643174232488
44,125.0,25,150.0,2.0,1.5,0,1,0.9839047084170335,788.4493762348953,153.86806925688055
44,125.0,25,150.0,1.5,1.0,4,1,13.112332162019015,734.6851396397549,309.8459047274205
44,125.0,25,150.0,2.0,1.0,2,1,9.701401304455938,745.0541440219217,209.8367668300027
44,125.0,25,150.0,1.0,1.5,2,1,9.701401304455938,745.0541440219217,209.8367668300027
44,125.0,25,150.0,2.0,1.5,1,1,3.9777398953021796,752.3773847972193,122.02656721507343
44,125.0,25,150.0,1.5,1.5,2,1,9.701401304455938,745.0541440219217,209.8367668300027
44,125.0,20,150.0,1.5,1.0,3,1,43.84229054109598,686.8045684486611,388.6643174232488
44,125.0,20,150.0,1.0,1.0,3,1,44.36676237463829,686.8045684486611,388.6643174232488
44,125.0,25,150.0,1.0,2.0,0,1,0.9839047084170335,788.4493762348953,153.86806925688055
44,125.0,25,150.0,1.0,1.5,4,1,13.112332162019015,734.6851396397549,309.8459047274205
44,125.0,20,150.0,1.0,1.5,3,1,43.84229054109598,686.8045684486611,388.6643174232488
44,125.0,25,150.0,1.5,2.0,0,1,0.9839047084170335,788.4493762348953,153.86806925688055
44,125.0,25,150.0,2.0,1.0,4,1,13.112332162019015,734.6851396397549,309.8459047274205
44,125.0,25,150.0,2.0,2.0,0,1,0.9839047084170335,788.4493762348953,153.86806925688055
44,125.0,25,150.0,1.5,1.5,4,1,13.112332162019015,734.6851396397549,309.8459047274205
44,125.0,25,150.0,1.5,1.0,3,1,17.700056747464696,686.8045684486611,388.6643174232488
44,125.0,25,150.0,1.0,2.0,1,1,3.9777398953021796,752.3773847972193,122.02656721507343
44,125.0,30,150.0,1.0,1.0,0,1,0.9839047084170335,788.4493762348953,153.86806925688055
44,125.0,25,150.0,2.0,1.5,2,1,9.701401304455938,745.0541440219217,209.8367668300027
44,125.0,25,150.0,2.0,2.0,1,1,3.9777398953021796,752.3773847972193,122.02656721507343
44,125.0,25,150.0,1.0,1.5,3,1,17.1214574564121,686.8045684486611,388.6643174232488
44,125.0,30,150.0,1.0,1.0,1,1,3.9777398953021796,752.3773847972193,122.02656721507343
44,125.0,25,150.0,2.0,1.0,3,1,17.700056747464696,686.8045684486611,388.6643174232488
44,125.0,30,150.0,1.5,1.0,0,1,0.9839047084170335,788.4493762348953,153.86806925688055
44,125.0,25,150.0,2.0,1.5,4,1,13.112332162019015,734.6851396397549,309.8459047274205
44,125.0,25,150.0,1.5,2.0,1,1,3.9777398953021796,752.3773847972193,122.02656721507343
44,125.0,25,150.0,1.5,1.5,3,1,17.1214574564121,686.8045684486611,388.6643174232488
44,125.0,30,150.0,2.0,1.0,0,1,0.9839047084170335,788.4493762348953,153.86806925688055
44,125.0,20,150.0,1.5,1.5,3,1,43.84229054109598,686.8045684486611,388.6643174232488
44,125.0,20,150.0,2.0,1.0,3,1,43.84229054109598,686.8045684486611,388.6643174232488
44,125.0,30,150.0,1.0,1.5,0,1,0.9839047084170335,788.4493762348953,153.86806925688055
44,125.0,25,150.0,1.0,2.0,2,1,9.701401304455938,745.0541440219217,209.8367668300027
44,125.0,30,150.0,2.0,1.5,0,1,0.9839047084170335,788.4493762348953,153.86806925688055
44,125.0,30,150.0,1.5,1.0,1,1,3.9777398953021796,752.3773847972193,122.02656721507343
44,125.0,25,150.0,2.0,1.5,3,1,17.1214574564121,686.8045684486611,388.6643174232488
44,125.0,30,150.0,2.0,1.0,1,1,3.9777398953021796,752.3773847972193,122.02656721507343
44,125.0,30,150.0,1.5,1.5,0,1,0.9839047084170335,788.4493762348953,153.86806925688055
44,125.0,30,150.0,1.0,2.0,0,1,0.9839047084170335,788.4493762348953,153.86806925688055
44,125.0,25,150.0,2.0,2.0,2,1,9.701401304455938,745.0541440219217,209.8367668300027
44,125.0,30,150.0,1.0,1.5,1,1,3.9777398953021796,752.3773847972193,122.02656721507343
44,125.0,30,150.0,1.0,1.0,2,1,9.701401304455938,745.0541440219217,209.8367668300027
44,125.0,25,150.0,1.0,2.0,4,1,13.112332162019015,734.6851396397549,309.8459047274205
44,125.0,30,150.0,2.0,1.5,1,1,3.9777398953021796,752.3773847972193,122.02656721507343
44,125.0,30,150.0,1.0,2.0,1,1,3.9777398953021796,752.3773847972193,122.02656721507343
44,125.0,25,150.0,1.5,2.0,2,1,9.701401304455938,745.0541440219217,209.8367668300027
44,125.0,30,150.0,1.5,1.5,1,1,3.9777398953021796,752.3773847972193,122.02656721507343
44,125.0,20,150.0,2.0,1.5,3,1,43.84229054109598,686.8045684486611,388.6643174232488
44,125.0,30,150.0,1.0,1.0,4,1,12.673867913998098,734.6851396397549,309.8459047274205
44,125.0,25,150.0,2.0,2.0,4,1,13.112332162019015,734.6851396397549,309.8459047274205
44,125.0,25,150.0,1.0,2.0,3,1,16.970347544183348,686.8045684486611,388.6643174232488
44,125.0,30,150.0,1.5,1.0,2,1,9.701401304455938,745.0541440219217,209.8367668300027
44,125.0,30,150.0,1.0,1.5,2,1,9.701401304455938,745.0541440219217,209.8367668300027
44,125.0,30,150.0,2.0,2.0,0,1,0.9839047084170335,788.4493762348953,153.86806925688055
44,125.0,30,150.0,1.5,2.0,0,1,0.9839047084170335,788.4493762348953,153.86806925688055
44,125.0,30,150.0,2.0,1.0,2,1,9.701401304455938,745.0541440219217,209.8367668300027
44,125.0,25,150.0,1.5,2.0,4,1,13.112332162019015,734.6851396397549,309.8459047274205
44,125.0,30,150.0,1.0,1.5,4,1,12.673867913998098,734.6851396397549,309.8459047274205
44,125.0,30,150.0,1.5,1.0,4,1,12.673867913998098,734.6851396397549,309.8459047274205
44,125.0,30,150.0,2.0,1.0,4,1,12.673867913998098,734.6851396397549,309.8459047274205
44,125.0,30,150.0,1.5,2.0,1,1,3.9777398953021796,752.3773847972193,122.02656721507343
44,125.0,30,150.0,2.0,1.5,2,1,9.701401304455938,745.0541440219217,209.8367668300027
44,125.0,25,150.0,2.0,2.0,3,1,16.970347544183348,686.8045684486611,388.6643174232488
44,125.0,30,150.0,1.0,2.0,2,1,9.701401304455938,745.0541440219217,209.8367668300027
44,125.0,20,150.0,1.0,2.0,3,1,41.83734914034537,686.8045684486611,388.6643174232488
44,125.0,30,150.0,2.0,2.0,1,1,3.9777398953021796,752.3773847972193,122.02656721507343
44,125.0,30,150.0,1.5,1.5,2,1,9.701401304455938,745.0541440219217,209.8367668300027
44,125.0,25,150.0,1.5,2.0,3,1,16.970347544183348,686.8045684486611,388.6643174232488
44,125.0,30,150.0,2.0,1.5,4,1,12.673867913998098,734.6851396397549,309.8459047274205
44,125.0,20,150.0,1.5,2.0,3,1,41.83734914034537,686.8045684486611,388.6643174232488
44,125.0,30,150.0,1.5,2.0,2,1,9.701401304455938,745.0541440219217,209.8367668300027
44,125.0,30,150.0,1.0,2.0,4,1,12.673867913998098,734.6851396397549,309.8459047274205
44,125.0,30,150.0,1.5,1.5,4,1,12.673867913998098,734.6851396397549,309.8459047274205
44,125.0,30,150.0,1.5,2.0,4,1,12.673867913998098,734.6851396397549,309.8459047274205
44,125.0,30,150.0,2.0,2.0,2,1,9.701401304455938,745.0541440219217,209.8367668300027
44,125.0,20,150.0,2.0,2.0,3,1,41.83734914034537,686.8045684486611,388.6643174232488
44,125.0,30,150.0,2.0,1.0,3,1,22.807413203062506,686.8045684486611,388.6643174232488
44,125.0,30,150.0,1.5,1.0,3,1,22.807413203062506,686.8045684486611,388.6643174232488
44,125.0,30,150.0,1.0,1.0,3,1,22.807413203062506,686.8045684486611,388.6643174232488
44,125.0,30,150.0,2.0,2.0,4,1,12.673867913998098,734.6851396397549,309.8459047274205
44,125.0,30,150.0,1.0,1.5,3,1,27.93269885612489,686.8045684486611,388.6643174232488
44,125.0,30,150.0,1.5,1.5,3,1,27.93269885612489,686.8045684486611,388.6643174232488
44,125.0,30,150.0,2.0,1.5,3,1,27.93269885612489,686.8045684486611,388.6643174232488
44,125.0,30,150.0,1.0,2.0,3,1,41.79917947163048,686.8045684486611,388.6643174232488
44,125.0,30,150.0,1.5,2.0,3,1,41.315125305403186,686.8045684486611,388.6643174232488
44,125.0,30,150.0,2.0,2.0,3,1,41.315125305403186,686.8045684486611,388.6643174232488
45,125.0,25,50.0,2.0,1.0,2,0,71.0295408320416,343.95004067289904,372.82388238836154
45,125.0,20,50.0,1.0,2.0,2,0,64.1303655218327,343.95004067289904,372.82388238836154
45,125.0,25,50.0,2.0,1.5,2,0,45.60584709801777,343.95004067289904,372.82388238836154
45,125.0,25,50.0,2.0,1.5,3,0,67.51187386775639,364.07676440146815,410.7050473391629
45,125.0,25,50.0,1.0,2.0,0,1,86.32893125307645,461.5319590599432,480.4590412867985
45,125.0,30,50.0,2.0,1.0,2,0,64.47196913002203,343.95004067289904,372.82388238836154
45,125.0,30,50.0,1.5,1.5,2,0,40.8514058796199,343.95004067289904,372.82388238836154
45,125.0,30,50.0,2.0,1.0,4,0,69.13632676579446,193.21787773488995,349.28331424337426
45,125.0,30,50.0,2.0,1.0,3,0,74.91135444918822,364.07676440146815,410.7050473391629
45,125.0,30,50.0,2.0,1.5,2,0,30.936191761769958,343.95004067289904,372.82388238836154
45,125.0,30,50.0,1.5,1.5,3,0,50.547843351871684,364.07676440146815,410.7050473391629
45,125.0,30,50.0,1.0,1.5,2,0,71.03554964759498,343.95004067289904,372.82388238836154
45,125.0,25,50.0,2.0,2.0,2,0,79.45644324229151,343.95004067289904,372.82388238836154
45,125.0,20,100.0,1.5,1.0,0,1,53.368571927174806,461.5319590599432,480.4590412867985
45,125.0,30,50.0,1.5,1.5,4,0,81.0117179294398,193.21787773488995,349.28331424337426
45,125.0,30,50.0,2.0,1.5,3,0,53.37391973825982,364.07676440146815,410.7050473391629
45,125.0,20,100.0,1.5,1.0,2,1,58.84578908276139,343.95004067289904,372.82388238836154
45,125.0,20,100.0,2.0,1.0,0,0,51.85568780931716,461.5319590599432,480.4590412867985
45,125.0,20,100.0,2.0,1.0,3,0,53.643133282364,364.07676440146815,410.7050473391629
45,125.0,30,50.0,1.5,1.5,1,0,86.15965444479716,461.24474712233257,477.36327074940897
45,125.0,20,100.0,2.0,1.0,2,0,64.3291857528348,343.95004067289904,372.82388238836154
45,125.0,20,100.0,1.5,1.0,3,1,79.60864380005603,364.07676440146815,410.7050473391629
45,125.0,20,100.0,1.5,1.5,0,1,53.368571927174806,461.5319590599432,480.4590412867985
45,125.0,20,100.0,1.0,1.5,2,1,67.52700932818342,343.95004067289904,372.82388238836154
45,125.0,20,100.0,1.0,1.0,2,0,69.81821952361808,343.95004067289904,372.82388238836154
45,125.0,20,100.0,1.5,1.5,2,1,58.84578908276139,343.95004067289904,372.82388238836154
45,125.0,20,100.0,1.0,2.0,0,1,53.740061833102715,461.5319590599432,480.4590412867985
45,125.0,20,100.0,2.0,1.5,0,0,54.34947406990106,461.5319590599432,480.4590412867985
45,125.0,20,100.0,1.5,2.0,0,0,54.34947406990106,461.5319590599432,480.4590412867985
45,125.0,20,100.0,2.0,1.0,4,1,82.8872272203599,193.21787773488995,349.28331424337426
45,125.0,20,100.0,1.5,2.0,2,0,62.94496869014828,343.95004067289904,372.82388238836154
45,125.0,20,100.0,1.5,1.5,3,1,70.5700557656909,364.07676440146815,410.7050473391629
45,125.0,20,100.0,1.0,1.5,3,1,78.23310271110888,364.07676440146815,410.7050473391629
45,125.0,20,100.0,1.5,2.0,3,0,63.179993582241316,364.07676440146815,410.7050473391629
45,125.0,20,100.0,1.0,1.5,0,1,78.74448186698956,461.5319590599432,480.4590412867985
45,125.0,20,100.0,1.0,1.0,0,1,87.16711519334474,461.5319590599432,480.4590412867985
45,125.0,20,100.0,2.0,2.0,0,1,60.768305574607574,461.5319590599432,480.4590412867985
45,125.0,20,100.0,1.5,2.0,4,0,81.11084640140689,193.21787773488995,349.28331424337426
45,125.0,25,100.0,1.0,1.0,4,0,37.34864280745059,193.21787773488995,349.28331424337426
45,125.0,20,100.0,1.5,1.5,4,1,89.18620201772781,193.21787773488995,349.28331424337426
45,125.0,25,100.0,1.5,1.0,4,0,37.32371639775386,193.21787773488995,349.28331424337426
45,125.0,20,100.0,1.0,2.0,2,1,86.61164268851756,343.95004067289904,372.82388238836154
45,125.0,20,100.0,2.0,2.0,2,1,81.44484773181559,343.95004067289904,372.82388238836154
45,125.0,20,100.0,1.0,2.0,4,1,92.29932390271047,193.21787773488995,349.28331424337426
45,125.0,25,100.0,2.0,1.0,4,0,37.36674658237104,193.21787773488995,349.28331424337426
45,125.0,25,100.0,1.0,1.5,4,0,37.36674658237104,193.21787773488995,349.28331424337426
45,125.0,25,100.0,1.5,1.0,2,0,65.76659585055314,343.95004067289904,372.82388238836154
45,125.0,25,100.0,1.0,2.0,4,0,37.36674658237104,193.21787773488995,349.28331424337426
45,125.0,30,100.0,1.5,1.0,2,0,23.273604828325418,343.95004067289904,372.82388238836154
45,125.0,30,100.0,1.0,1.0,2,0,23.273604828325418,343.95004067289904,372.82388238836154
45,125.0,25,100.0,1.5,2.0,4,0,37.36674658237104,193.21787773488995,349.28331424337426
45,125.0,25,100.0,1.5,1.5,4,0,37.36674658237104,193.21787773488995,349.28331424337426
45,125.0,25,100.0,1.0,1.0,0,1,68.21091442954125,461.5319590599432,480.4590412867985
45,125.0,30,100.0,1.5,1.0,0,0,29.292216514602444,461.5319590599432,480.4590412867985
45,125.0,30,100.0,1.0,1.5,2,0,23.273604828325418,343.95004067289904,372.82388238836154
45,125.0,30,100.0,1.5,1.0,3,0,31.629722580187988,364.07676440146815,410.7050473391629
45,125.0,30,100.0,2.0,1.0,2,0,23.273604828325418,343.95004067289904,372.82388238836154
45,125.0,30,100.0,1.0,1.0,0,0,29.292216514602444,461.5319590599432,480.4590412867985
45,125.0,25,100.0,1.0,1.0,2,0,74.27868643161048,343.95004067289904,372.82388238836154
45,125.0,25,100.0,1.0,1.5,3,1,47.09455425809817,364.07676440146815,410.7050473391629
45,125.0,25,100.0,2.0,1.5,4,0,37.36674658237104,193.21787773488995,349.28331424337426
45,125.0,25,100.0,1.0,2.0,3,1,47.09455425809817,364.07676440146815,410.7050473391629
45,125.0,25,100.0,1.5,1.5,3,1,47.09455425809817,364.07676440146815,410.7050473391629
45,125.0,25,100.0,2.0,1.0,2,0,53.19959079700832,343.95004067289904,372.82388238836154
45,125.0,30,100.0,1.0,1.0,3,0,31.629722580187988,364.07676440146815,410.7050473391629
45,125.0,25,100.0,1.0,1.0,3,0,76.47374128081691,364.07676440146815,410.7050473391629
45,125.0,30,100.0,1.0,1.5,0,0,29.292216514602444,461.5319590599432,480.4590412867985
45,125.0,30,100.0,1.0,1.5,3,0,31.629722580187988,364.07676440146815,410.7050473391629
45,125.0,30,100.0,2.0,1.0,0,0,29.292216514602444,461.5319590599432,480.4590412867985
45,125.0,25,100.0,1.5,2.0,3,1,47.09455425809817,364.07676440146815,410.7050473391629
45,125.0,25,100.0,1.0,1.5,0,1,52.2455631881882,461.5319590599432,480.4590412867985
45,125.0,30,100.0,2.0,1.0,3,0,31.629722580187988,364.07676440146815,410.7050473391629
45,125.0,25,100.0,1.0,2.0,0,1,52.2455631881882,461.5319590599432,480.4590412867985
45,125.0,25,100.0,1.5,2.0,0,1,52.2455631881882,461.5319590599432,480.4590412867985
45,125.0,25,100.0,1.5,1.5,0,1,52.2455631881882,461.5319590599432,480.4590412867985
45,125.0,25,100.0,2.0,2.0,4,0,37.36674658237104,193.21787773488995,349.28331424337426
45,125.0,25,100.0,2.0,1.0,3,0,65.68255350461641,364.07676440146815,410.7050473391629
45,125.0,30,100.0,1.5,1.5,2,0,23.273604828325418,343.95004067289904,372.82388238836154
45,125.0,25,100.0,1.0,2.0,2,0,60.92126043352234,343.95004067289904,372.82388238836154
45,125.0,25,100.0,2.0,1.5,3,1,47.09455425809817,364.07676440146815,410.7050473391629
45,125.0,25,100.0,2.0,1.0,0,1,68.06652787506538,461.5319590599432,480.4590412867985
45,125.0,25,100.0,1.5,1.0,3,0,88.57608146726653,364.07676440146815,410.7050473391629
45,125.0,25,100.0,1.0,1.5,2,0,60.92126043352234,343.95004067289904,372.82388238836154
45,125.0,25,100.0,1.5,1.5,2,0,60.92126043352234,343.95004067289904,372.82388238836154
45,125.0,30,100.0,1.5,1.5,0,0,29.292216514602444,461.5319590599432,480.4590412867985
45,125.0,25,100.0,1.5,2.0,2,0,60.92126043352234,343.95004067289904,372.82388238836154
45,125.0,25,100.0,2.0,2.0,0,1,46.18516127015103,461.5319590599432,480.4590412867985
45,125.0,30,100.0,1.5,1.5,3,0,31.629722580187988,364.07676440146815,410.7050473391629
45,125.0,25,100.0,2.0,1.5,0,1,52.2455631881882,461.5319590599432,480.4590412867985
45,125.0,25,100.0,1.5,1.0,0,0,97.02186436608223,461.5319590599432,480.4590412867985
45,125.0,30,100.0,1.0,1.0,4,0,58.47352244870447,193.21787773488995,349.28331424337426
45,125.0,25,100.0,2.0,2.0,3,1,60.270935423427275,364.07676440146815,410.7050473391629
45,125.0,30,100.0,2.0,1.0,4,0,69.56668543607069,193.21787773488995,349.28331424337426
45,125.0,30,100.0,2.0,1.5,2,0,23.273604828325418,343.95004067289904,372.82388238836154
45,125.0,30,100.0,2.0,1.5,0,0,29.292216514602444,461.5319590599432,480.4590412867985
45,125.0,30,100.0,1.5,1.5,4,1,63.01755131950648,193.21787773488995,349.28331424337426
45,125.0,25,100.0,2.0,2.0,2,0,74.76044152414919,343.95004067289904,372.82388238836154
45,125.0,30,100.0,2.0,1.5,3,0,31.629722580187988,364.07676440146815,410.7050473391629
45,125.0,30,100.0,1.0,2.0,2,0,23.273604828325418,343.95004067289904,372.82388238836154
45,125.0,30,100.0,1.5,2.0,2,0,23.273604828325418,343.95004067289904,372.82388238836154
45,125.0,30,100.0,1.5,2.0,0,0,29.292216514602444,461.5319590599432,480.4590412867985
45,125.0,30,100.0,1.0,2.0,0,0,29.292216514602444,461.5319590599432,480.4590412867985
45,125.0,30,100.0,1.5,2.0,3,0,31.629722580187988,364.07676440146815,410.7050473391629
45,125.0,25,100.0,2.0,1.5,2,0,90.92254738560801,343.95004067289904,372.82388238836154
45,125.0,30,100.0,1.0,2.0,3,0,31.629722580187988,364.07676440146815,410.7050473391629
45,125.0,30,100.0,2.0,2.0,2,0,23.273604828325418,343.95004067289904,372.82388238836154
45,125.0,30,100.0,2.0,2.0,0,0,29.292216514602444,461.5319590599432,480.4590412867985
45,125.0,30,100.0,2.0,2.0,3,0,31.629722580187988,364.07676440146815,410.7050473391629
45,125.0,20,150.0,1.0,1.0,0,0,33.403612239162506,461.5319590599432,480.4590412867985
45,125.0,20,150.0,1.0,1.0,3,0,39.416196020514484,364.07676440146815,410.7050473391629
45,125.0,20,150.0,1.5,1.5,0,0,33.403612239162506,461.5319590599432,480.4590412867985
45,125.0,30,100.0,2.0,1.5,4,1,59.92196649220418,193.21787773488995,349.28331424337426
45,125.0,20,150.0,1.5,1.0,0,0,33.403612239162506,461.5319590599432,480.4590412867985
45,125.0,30,100.0,1.5,2.0,4,1,60.04728531265345,193.21787773488995,349.28331424337426
45,125.0,20,150.0,1.0,1.0,2,0,46.18884276862923,343.95004067289904,372.82388238836154
45,125.0,20,150.0,1.0,1.5,0,0,33.403612239162506,461.5319590599432,480.4590412867985
45,125.0,20,150.0,2.0,1.5,0,0,33.403612239162506,461.5319590599432,480.4590412867985
45,125.0,20,150.0,1.5,1.0,3,0,39.416196020514484,364.07676440146815,410.7050473391629
45,125.0,20,150.0,1.5,1.5,3,0,39.416196020514484,364.07676440146815,410.7050473391629
45,125.0,20,150.0,1.0,1.5,3,0,39.416196020514484,364.07676440146815,410.7050473391629
45,125.0,20,150.0,2.0,1.5,3,0,39.416196020514484,364.07676440146815,410.7050473391629
45,125.0,20,150.0,1.0,1.5,2,0,46.18884276862923,343.95004067289904,372.82388238836154
45,125.0,20,150.0,1.0,1.0,4,0,56.29402255359388,193.21787773488995,349.28331424337426
45,125.0,20,150.0,1.5,1.5,2,0,46.18884276862923,343.95004067289904,372.82388238836154
45,125.0,20,150.0,1.0,2.0,0,0,33.403612239162506,461.5319590599432,480.4590412867985
45,125.0,20,150.0,1.5,1.0,2,0,46.18884276862923,343.95004067289904,372.82388238836154
45,125.0,20,150.0,2.0,1.5,2,0,46.18884276862923,343.95004067289904,372.82388238836154
45,125.0,20,150.0,1.0,2.0,3,0,39.416196020514484,364.07676440146815,410.7050473391629
45,125.0,20,150.0,2.0,1.0,0,0,33.403612239162506,461.5319590599432,480.4590412867985
45,125.0,20,150.0,1.5,1.5,4,0,54.65795832960901,193.21787773488995,349.28331424337426
45,125.0,20,150.0,1.5,1.0,4,0,56.29402255359388,193.21787773488995,349.28331424337426
45,125.0,20,150.0,1.0,2.0,2,0,45.860109426365035,343.95004067289904,372.82388238836154
45,125.0,20,150.0,2.0,1.5,4,0,54.69189497753105,193.21787773488995,349.28331424337426
45,125.0,20,150.0,2.0,1.0,3,0,39.416196020514484,364.07676440146815,410.7050473391629
45,125.0,20,150.0,1.0,2.0,4,0,51.394180263413546,193.21787773488995,349.28331424337426
45,125.0,30,100.0,1.0,2.0,4,1,84.92441462148186,193.21787773488995,349.28331424337426
45,125.0,20,150.0,1.0,1.5,4,0,72.30281918125164,193.21787773488995,349.28331424337426
45,125.0,25,150.0,1.0,1.0,4,0,45.69526553052737,193.21787773488995,349.28331424337426
45,125.0,20,150.0,1.5,2.0,0,0,33.403612239162506,461.5319590599432,480.4590412867985
45,125.0,20,150.0,2.0,1.0,2,0,46.18884276862923,343.95004067289904,372.82388238836154
45,125.0,20,150.0,2.0,2.0,0,0,33.403612239162506,461.5319590599432,480.4590412867985
45,125.0,20,150.0,1.5,2.0,3,0,39.416196020514484,364.07676440146815,410.7050473391629
45,125.0,20,150.0,2.0,1.0,4,0,56.29402255359388,193.21787773488995,349.28331424337426
45,125.0,20,150.0,2.0,2.0,3,0,39.416196020514484,364.07676440146815,410.7050473391629
45,125.0,20,150.0,1.5,2.0,2,0,45.860109426365035,343.95004067289904,372.82388238836154
45,125.0,20,150.0,1.5,2.0,4,0,51.394180263413546,193.21787773488995,349.28331424337426
45,125.0,20,150.0,2.0,2.0,2,0,45.860109426365035,343.95004067289904,372.82388238836154
45,125.0,25,150.0,1.5,1.0,4,0,45.69526553052737,193.21787773488995,349.28331424337426
45,125.0,25,150.0,1.0,1.0,2,0,80.59615450819165,343.95004067289904,372.82388238836154
45,125.0,25,150.0,1.0,1.0,3,0,82.2032640051522,364.07676440146815,410.7050473391629
45,125.0,20,150.0,2.0,2.0,4,0,51.394180263413546,193.21787773488995,349.28331424337426
45,125.0,25,150.0,2.0,1.0,4,0,45.69526553052737,193.21787773488995,349.28331424337426
45,125.0,25,150.0,1.0,1.0,0,0,93.2766667545647,461.5319590599432,480.4590412867985
45,125.0,25,150.0,1.5,1.5,4,0,45.69526553052737,193.21787773488995,349.28331424337426
45,125.0,25,150.0,2.0,1.5,4,0,45.69526553052737,193.21787773488995,349.28331424337426
45,125.0,25,150.0,1.5,1.0,3,0,64.79999482213353,364.07676440146815,410.7050473391629
45,125.0,25,150.0,2.0,1.0,3,0,64.79999482213353,364.07676440146815,410.7050473391629
45,125.0,25,150.0,1.5,1.0,2,0,65.467284105612,343.95004067289904,372.82388238836154
45,125.0,25,150.0,2.0,1.0,2,0,65.467284105612,343.95004067289904,372.82388238836154
45,125.0,30,150.0,1.5,1.0,2,0,30.013604403897016,343.95004067289904,372.82388238836154
45,125.0,30,150.0,1.5,1.0,0,0,31.21892659228725,461.5319590599432,480.4590412867985
45,125.0,30,150.0,1.5,1.0,3,0,31.303755376973946,364.07676440146815,410.7050473391629
45,125.0,25,150.0,1.0,1.5,4,0,45.69526553052737,193.21787773488995,349.28331424337426
45,125.0,25,150.0,2.0,1.0,0,0,69.59047213072863,461.5319590599432,480.4590412867985
45,125.0,25,150.0,1.5,1.0,0,0,69.59047213072863,461.5319590599432,480.4590412867985
45,125.0,30,150.0,1.0,1.0,2,0,30.013604403897016,343.95004067289904,372.82388238836154
45,125.0,30,150.0,1.5,1.0,4,0,39.24293488699025,193.21787773488995,349.28331424337426
45,125.0,30,150.0,1.0,1.0,0,0,31.21892659228725,461.5319590599432,480.4590412867985
45,125.0,25,150.0,1.0,2.0,4,0,45.69526553052737,193.21787773488995,349.28331424337426
45,125.0,30,150.0,1.0,1.0,3,0,31.303755376973946,364.07676440146815,410.7050473391629
45,125.0,25,150.0,1.5,1.5,3,0,64.79999482213353,364.07676440146815,410.7050473391629
45,125.0,25,150.0,1.5,1.5,2,0,65.467284105612,343.95004067289904,372.82388238836154
45,125.0,25,150.0,2.0,1.5,3,0,64.79999482213353,364.07676440146815,410.7050473391629
45,125.0,25,150.0,2.0,2.0,4,0,45.69526553052737,193.21787773488995,349.28331424337426
45,125.0,25,150.0,2.0,1.5,2,0,65.467284105612,343.95004067289904,372.82388238836154
45,125.0,25,150.0,1.5,1.5,0,0,69.59047213072863,461.5319590599432,480.4590412867985
45,125.0,25,150.0,2.0,1.5,0,0,69.59047213072863,461.5319590599432,480.4590412867985
45,125.0,30,150.0,1.0,1.0,4,0,39.24293488699025,193.21787773488995,349.28331424337426
45,125.0,25,150.0,1.5,2.0,4,0,45.69526553052737,193.21787773488995,349.28331424337426
45,125.0,25,150.0,1.0,1.5,3,0,64.79999482213353,364.07676440146815,410.7050473391629
45,125.0,25,150.0,1.0,1.5,2,0,65.467284105612,343.95004067289904,372.82388238836154
45,125.0,30,150.0,2.0,1.0,2,0,30.013604403897016,343.95004067289904,372.82388238836154
45,125.0,25,150.0,1.0,1.5,0,0,69.59047213072863,461.5319590599432,480.4590412867985
45,125.0,30,150.0,2.0,1.0,0,0,31.21892659228725,461.5319590599432,480.4590412867985
45,125.0,30,150.0,2.0,1.0,3,0,31.303755376973946,364.07676440146815,410.7050473391629
45,125.0,25,150.0,1.0,2.0,3,0,64.79999482213353,364.07676440146815,410.7050473391629
45,125.0,25,150.0,2.0,2.0,3,0,64.79999482213353,364.07676440146815,410.7050473391629
45,125.0,25,150.0,1.0,2.0,2,0,65.467284105612,343.95004067289904,372.82388238836154
45,125.0,25,150.0,2.0,2.0,2,0,65.467284105612,343.95004067289904,372.82388238836154
45,125.0,25,150.0,1.0,2.0,0,0,69.59047213072863,461.5319590599432,480.4590412867985
45,125.0,30,150.0,2.0,1.0,4,0,39.24293488699025,193.21787773488995,349.28331424337426
45,125.0,25,150.0,2.0,2.0,0,0,69.59047213072863,461.5319590599432,480.4590412867985
45,125.0,25,150.0,1.5,2.0,3,0,64.79999482213353,364.07676440146815,410.7050473391629
45,125.0,25,150.0,1.5,2.0,2,0,65.467284105612,343.95004067289904,372.82388238836154
45,125.0,30,150.0,1.0,1.5,2,0,30.013604403897016,343.95004067289904,372.82388238836154
46,125.0,20,50.0,1.0,1.0,2,0,10.436773798593673,327.8825195895662,312.99656063755816
45,125.0,30,150.0,1.0,1.5,0,0,31.21892659228725,461.5319590599432,480.4590412867985
45,125.0,30,150.0,1.0,1.5,3,0,31.303755376973946,364.07676440146815,410.7050473391629
45,125.0,25,150.0,1.5,2.0,0,0,69.59047213072863,461.5319590599432,480.4590412867985
46,125.0,20,50.0,1.0,1.0,0,1,12.733704670649415,678.2835324348376,147.7690664040261
46,125.0,20,50.0,1.0,1.0,4,0,14.403741331471341,265.0637616104509,347.72670708802843
45,125.0,30,150.0,1.5,1.5,2,0,30.013604403897016,343.95004067289904,372.82388238836154
45,125.0,30,150.0,1.5,1.5,0,0,31.21892659228725,461.5319590599432,480.4590412867985
45,125.0,30,150.0,1.5,1.5,3,0,31.303755376973946,364.07676440146815,410.7050473391629
45,125.0,30,150.0,1.0,1.5,4,0,37.93565454281716,193.21787773488995,349.28331424337426
45,125.0,30,150.0,1.5,1.5,4,0,37.93565454281716,193.21787773488995,349.28331424337426
45,125.0,30,150.0,2.0,2.0,2,0,30.013604403897016,343.95004067289904,372.82388238836154
45,125.0,30,150.0,1.0,2.0,2,0,30.013604403897016,343.95004067289904,372.82388238836154
45,125.0,30,150.0,2.0,1.5,2,0,30.013604403897016,343.95004067289904,372.82388238836154
45,125.0,30,150.0,2.0,2.0,0,0,31.21892659228725,461.5319590599432,480.4590412867985
45,125.0,30,150.0,2.0,2.0,3,0,31.303755376973946,364.07676440146815,410.7050473391629
46,125.0,20,50.0,1.5,1.0,2,0,10.436773798593673,327.8825195895662,312.99656063755816
45,125.0,30,150.0,1.0,2.0,0,0,31.21892659228725,461.5319590599432,480.4590412867985
45,125.0,30,150.0,2.0,1.5,0,0,31.21892659228725,461.5319590599432,480.4590412867985
45,125.0,30,150.0,1.0,2.0,3,0,31.303755376973946,364.07676440146815,410.7050473391629
45,125.0,30,150.0,2.0,1.5,3,0,31.303755376973946,364.07676440146815,410.7050473391629
46,125.0,20,50.0,1.5,1.0,0,1,12.733704670649415,678.2835324348376,147.7690664040261
45,125.0,30,150.0,1.5,2.0,2,0,30.013604403897016,343.95004067289904,372.82388238836154
46,125.0,20,50.0,2.0,1.0,2,0,10.436773798593673,327.8825195895662,312.99656063755816
45,125.0,30,150.0,1.5,2.0,0,0,31.21892659228725,461.5319590599432,480.4590412867985
46,125.0,20,50.0,1.0,1.5,2,0,10.436773798593673,327.8825195895662,312.99656063755816
45,125.0,30,150.0,1.5,2.0,3,0,31.303755376973946,364.07676440146815,410.7050473391629
46,125.0,20,50.0,1.5,1.0,4,0,14.403741331471341,265.0637616104509,347.72670708802843
46,125.0,20,50.0,2.0,1.0,0,1,12.733704670649415,678.2835324348376,147.7690664040261
45,125.0,30,150.0,2.0,2.0,4,0,37.93565454281716,193.21787773488995,349.28331424337426
46,125.0,20,50.0,2.0,1.0,4,0,14.403741331471341,265.0637616104509,347.72670708802843
46,125.0,20,50.0,1.0,1.0,3,1,38.53676010262417,642.2989802428633,197.77052436735875
45,125.0,30,150.0,2.0,1.5,4,0,37.93565454281716,193.21787773488995,349.28331424337426
46,125.0,20,50.0,1.5,1.5,2,0,10.436773798593673,327.8825195895662,312.99656063755816
45,125.0,30,150.0,1.0,2.0,4,0,37.93565454281716,193.21787773488995,349.28331424337426
46,125.0,20,50.0,1.0,1.5,4,0,13.940700179804574,265.0637616104509,347.72670708802843
45,125.0,30,150.0,1.5,2.0,4,0,37.93565454281716,193.21787773488995,349.28331424337426
46,125.0,20,50.0,1.5,1.5,4,0,13.940700179804574,265.0637616104509,347.72670708802843
46,125.0,20,50.0,1.0,1.5,1,0,20.23969222024018,158.98603715452512,242.9556153847198
46,125.0,20,50.0,1.5,1.0,3,1,29.6542933967896,642.2989802428633,197.77052436735875
46,125.0,20,50.0,1.5,1.5,1,0,20.23969222024018,158.98603715452512,242.9556153847198
46,125.0,20,50.0,1.5,1.5,0,1,22.110090994170623,678.2835324348376,147.7690664040261
46,125.0,20,50.0,2.0,1.0,3,1,29.6542933967896,642.2989802428633,197.77052436735875
46,125.0,20,50.0,2.0,1.5,2,0,10.436773798593673,327.8825195895662,312.99656063755816
46,125.0,20,50.0,2.0,1.5,4,0,13.940700179804574,265.0637616104509,347.72670708802843
46,125.0,20,50.0,1.0,2.0,2,0,10.436773798593673,327.8825195895662,312.99656063755816
46,125.0,20,50.0,2.0,1.0,1,0,38.26890857779585,158.98603715452512,242.9556153847198
46,125.0,20,50.0,2.0,1.5,1,0,20.23969222024018,158.98603715452512,242.9556153847198
46,125.0,20,50.0,1.5,2.0,2,0,10.436773798593673,327.8825195895662,312.99656063755816
46,125.0,20,50.0,1.5,1.0,1,0,53.29927075927377,158.98603715452512,242.9556153847198
46,125.0,20,50.0,2.0,1.5,0,1,22.110090994170623,678.2835324348376,147.7690664040261
46,125.0,20,50.0,2.0,2.0,2,0,10.436773798593673,327.8825195895662,312.99656063755816
46,125.0,25,50.0,1.0,1.0,0,1,7.714366756371931,678.2835324348376,147.7690664040261
46,125.0,25,50.0,1.0,1.0,2,0,13.536463122939413,327.8825195895662,312.99656063755816
46,125.0,25,50.0,1.0,1.0,3,1,18.469576670719427,642.2989802428633,197.77052436735875
46,125.0,25,50.0,1.5,1.0,0,1,7.714366756371931,678.2835324348376,147.7690664040261
46,125.0,25,50.0,2.0,1.0,0,1,7.714366756371931,678.2835324348376,147.7690664040261
46,125.0,20,50.0,1.0,2.0,1,0,35.228941927719504,158.98603715452512,242.9556153847198
46,125.0,25,50.0,1.5,1.0,2,0,12.922768484068289,327.8825195895662,312.99656063755816
46,125.0,25,50.0,2.0,1.0,2,0,11.906118193320529,327.8825195895662,312.99656063755816
46,125.0,25,50.0,1.5,1.0,3,1,16.675833165126,642.2989802428633,197.77052436735875
46,125.0,25,50.0,1.0,1.5,0,1,7.714366756371931,678.2835324348376,147.7690664040261
46,125.0,25,50.0,1.0,1.0,4,0,33.07790360643622,265.0637616104509,347.72670708802843
46,125.0,20,50.0,1.0,2.0,4,0,40.202448930305295,265.0637616104509,347.72670708802843
46,125.0,25,50.0,2.0,1.5,0,1,7.714366756371931,678.2835324348376,147.7690664040261
46,125.0,25,50.0,1.5,1.5,0,1,7.714366756371931,678.2835324348376,147.7690664040261
46,125.0,25,50.0,1.0,2.0,0,1,7.714366756371931,678.2835324348376,147.7690664040261
46,125.0,25,50.0,2.0,1.5,2,0,13.536463122939413,327.8825195895662,312.99656063755816
46,125.0,25,50.0,1.5,1.5,2,0,13.877251944469002,327.8825195895662,312.99656063755816
46,125.0,25,50.0,1.0,1.5,2,0,17.011401541939154,327.8825195895662,312.99656063755816
46,125.0,20,50.0,2.0,2.0,4,0,44.46115257925718,265.0637616104509,347.72670708802843
46,125.0,25,50.0,2.0,1.5,3,1,16.409071551288395,642.2989802428633,197.77052436735875
46,125.0,25,50.0,1.5,1.5,3,1,17.811127227557975,642.2989802428633,197.77052436735875
46,125.0,25,50.0,1.0,2.0,2,0,17.011401541939154,327.8825195895662,312.99656063755816
46,125.0,25,50.0,1.0,2.0,3,1,22.32910875963981,642.2989802428633,197.77052436735875
46,125.0,25,50.0,1.5,2.0,0,1,7.714366756371931,678.2835324348376,147.7690664040261
46,125.0,20,50.0,1.5,1.5,3,1,90.57116080438662,642.2989802428633,197.77052436735875
46,125.0,25,50.0,1.5,2.0,3,1,16.158209381090295,642.2989802428633,197.77052436735875
46,125.0,30,50.0,1.0,1.0,2,0,9.908962308872145,327.8825195895662,312.99656063755816
46,125.0,25,50.0,2.0,2.0,0,1,7.714366756371931,678.2835324348376,147.7690664040261
46,125.0,30,50.0,1.0,1.0,0,1,10.546375908609916,678.2835324348376,147.7690664040261
46,125.0,25,50.0,1.5,2.0,2,0,29.96971237148195,327.8825195895662,312.99656063755816
46,125.0,25,50.0,2.0,2.0,2,0,13.877251944469002,327.8825195895662,312.99656063755816
46,125.0,20,50.0,2.0,2.0,0,1,91.8922948988271,678.2835324348376,147.7690664040261
46,125.0,25,50.0,2.0,1.5,4,0,60.3906851086676,265.0637616104509,347.72670708802843
46,125.0,20,50.0,2.0,1.5,3,1,91.15928251653756,642.2989802428633,197.77052436735875
46,125.0,20,50.0,1.0,2.0,0,1,90.40885076610746,678.2835324348376,147.7690664040261
46,125.0,25,50.0,2.0,1.0,3,1,83.64536153241704,642.2989802428633,197.77052436735875
46,125.0,30,50.0,1.5,1.0,2,0,10.328400077270093,327.8825195895662,312.99656063755816
46,125.0,30,50.0,2.0,1.0,2,0,10.328400077270093,327.8825195895662,312.99656063755816
46,125.0,30,50.0,1.0,1.5,2,0,10.328400077270093,327.8825195895662,312.99656063755816
46,125.0,30,50.0,1.0,1.0,3,1,35.039614191221794,642.2989802428633,197.77052436735875
46,125.0,30,50.0,2.0,1.0,0,1,16.619505609982248,678.2835324348376,147.7690664040261
46,125.0,30,50.0,1.0,1.0,4,0,40.270846810871724,265.0637616104509,347.72670708802843
46,125.0,30,50.0,1.5,1.5,2,0,10.328400077270093,327.8825195895662,312.99656063755816
46,125.0,30,50.0,2.0,1.5,2,0,10.328400077270093,327.8825195895662,312.99656063755816
46,125.0,30,50.0,1.0,2.0,2,0,10.328400077270093,327.8825195895662,312.99656063755816
46,125.0,25,50.0,1.5,2.0,1,0,60.06026296244558,158.98603715452512,242.9556153847198
46,125.0,30,50.0,2.0,1.0,3,1,30.842884790638294,642.2989802428633,197.77052436735875
46,125.0,30,50.0,1.0,1.5,1,0,31.05393347569549,158.98603715452512,242.9556153847198
46,125.0,30,50.0,1.0,2.0,0,1,19.865365560600498,678.2835324348376,147.7690664040261
46,125.0,30,50.0,1.5,1.5,0,1,22.474142043428696,678.2835324348376,147.7690664040261
46,125.0,30,50.0,1.0,1.5,4,0,40.79193812164569,265.0637616104509,347.72670708802843
46,125.0,30,50.0,1.5,2.0,2,0,10.328400077270093,327.8825195895662,312.99656063755816
46,125.0,20,100.0,1.0,1.0,0,1,5.6398884727751,678.2835324348376,147.7690664040261
46,125.0,30,50.0,1.5,1.5,3,1,30.898708888104878,642.2989802428633,197.77052436735875
46,125.0,30,50.0,2.0,1.5,1,0,31.293372918517456,158.98603715452512,242.9556153847198
46,125.0,30,50.0,2.0,2.0,2,0,10.328400077270093,327.8825195895662,312.99656063755816
46,125.0,20,100.0,1.0,1.0,2,0,14.079472340690309,327.8825195895662,312.99656063755816
46,125.0,20,100.0,1.5,1.0,0,1,5.6398884727751,678.2835324348376,147.7690664040261
46,125.0,20,100.0,2.0,1.0,0,1,5.6398884727751,678.2835324348376,147.7690664040261
46,125.0,20,100.0,1.0,1.0,4,0,19.68115535581117,265.0637616104509,347.72670708802843
46,125.0,20,100.0,1.5,1.0,2,0,14.079472340690309,327.8825195895662,312.99656063755816
46,125.0,20,100.0,1.0,1.0,3,1,26.037892137134243,642.2989802428633,197.77052436735875
46,125.0,20,100.0,1.5,1.0,3,1,19.27533389648221,642.2989802428633,197.77052436735875
46,125.0,20,100.0,1.5,1.0,4,0,19.68115535581117,265.0637616104509,347.72670708802843
46,125.0,20,100.0,2.0,1.0,2,0,14.079472340690309,327.8825195895662,312.99656063755816
46,125.0,20,100.0,2.0,1.0,3,1,19.27533389648221,642.2989802428633,197.77052436735875
46,125.0,20,100.0,2.0,1.0,4,0,19.68115535581117,265.0637616104509,347.72670708802843
46,125.0,30,50.0,2.0,2.0,0,1,30.46736431503471,678.2835324348376,147.7690664040261
46,125.0,30,50.0,1.5,2.0,0,1,39.403275407301365,678.2835324348376,147.7690664040261
46,125.0,20,100.0,1.5,1.0,1,0,26.795245935139693,158.98603715452512,242.9556153847198
46,125.0,20,100.0,2.0,1.0,1,0,26.795245935139693,158.98603715452512,242.9556153847198
46,125.0,20,100.0,1.0,1.0,1,0,46.46278814418322,158.98603715452512,242.9556153847198
46,125.0,20,100.0,1.5,1.5,0,1,5.6398884727751,678.2835324348376,147.7690664040261
46,125.0,20,100.0,1.0,1.5,0,1,5.6398884727751,678.2835324348376,147.7690664040261
46,125.0,30,50.0,1.5,2.0,4,0,52.30617335737293,265.0637616104509,347.72670708802843
46,125.0,20,100.0,1.0,2.0,0,1,5.6398884727751,678.2835324348376,147.7690664040261
46,125.0,30,50.0,1.0,1.5,0,1,93.23114764407822,678.2835324348376,147.7690664040261
46,125.0,20,100.0,2.0,1.5,0,1,5.6398884727751,678.2835324348376,147.7690664040261
46,125.0,20,100.0,1.5,1.5,2,0,14.079472340690309,327.8825195895662,312.99656063755816
46,125.0,30,50.0,2.0,1.5,4,0,61.82996375640689,265.0637616104509,347.72670708802843
46,125.0,20,100.0,1.0,1.5,2,0,14.079472340690309,327.8825195895662,312.99656063755816
46,125.0,20,100.0,1.5,1.5,4,0,19.77712467549148,265.0637616104509,347.72670708802843
46,125.0,20,100.0,1.5,1.5,3,1,20.213732059009583,642.2989802428633,197.77052436735875
46,125.0,20,100.0,1.0,2.0,2,0,14.079472340690309,327.8825195895662,312.99656063755816
46,125.0,20,100.0,2.0,1.5,2,0,14.079472340690309,327.8825195895662,312.99656063755816
46,125.0,20,100.0,1.0,1.5,4,0,19.77712467549148,265.0637616104509,347.72670708802843
46,125.0,20,100.0,1.0,1.5,3,1,20.213732059009583,642.2989802428633,197.77052436735875
46,125.0,20,100.0,1.5,2.0,0,1,5.6398884727751,678.2835324348376,147.7690664040261
46,125.0,20,100.0,1.0,2.0,4,0,19.77712467549148,265.0637616104509,347.72670708802843
46,125.0,20,100.0,1.0,2.0,3,1,20.213732059009583,642.2989802428633,197.77052436735875
46,125.0,20,100.0,2.0,1.5,4,0,19.77712467549148,265.0637616104509,347.72670708802843
46,125.0,20,100.0,2.0,1.5,3,1,20.213732059009583,642.2989802428633,197.77052436735875
46,125.0,20,100.0,2.0,2.0,0,1,5.6398884727751,678.2835324348376,147.7690664040261
46,125.0,20,100.0,1.5,2.0,2,0,14.079472340690309,327.8825195895662,312.99656063755816
46,125.0,30,50.0,1.0,2.0,3,0,94.07548429634758,642.2989802428633,197.77052436735875
46,125.0,20,100.0,2.0,2.0,2,0,14.079472340690309,327.8825195895662,312.99656063755816
46,125.0,25,100.0,1.0,1.0,2,0,9.933563649157879,327.8825195895662,312.99656063755816
46,125.0,20,100.0,1.5,2.0,4,0,19.77712467549148,265.0637616104509,347.72670708802843
46,125.0,30,50.0,2.0,2.0,3,1,73.94333782586476,642.2989802428633,197.77052436735875
46,125.0,20,100.0,1.5,2.0,3,1,20.213732059009583,642.2989802428633,197.77052436735875
46,125.0,30,50.0,2.0,1.5,0,1,83.88358832680724,678.2835324348376,147.7690664040261
46,125.0,20,100.0,2.0,2.0,4,0,19.77712467549148,265.0637616104509,347.72670708802843
46,125.0,25,100.0,1.5,1.0,2,0,9.933563649157879,327.8825195895662,312.99656063755816
46,125.0,20,100.0,2.0,2.0,3,1,20.213732059009583,642.2989802428633,197.77052436735875
46,125.0,30,50.0,1.5,2.0,3,1,84.32658042541755,642.2989802428633,197.77052436735875
46,125.0,25,100.0,1.0,1.0,4,0,23.290585525155237,265.0637616104509,347.72670708802843
46,125.0,25,100.0,2.0,1.0,2,0,9.933563649157879,327.8825195895662,312.99656063755816
46,125.0,25,100.0,1.5,1.0,4,0,23.290585525155237,265.0637616104509,347.72670708802843
46,125.0,25,100.0,1.0,1.0,0,1,28.371788195557496,678.2835324348376,147.7690664040261
46,125.0,30,50.0,2.0,2.0,1,0,90.23131985565821,158.98603715452512,242.9556153847198
46,125.0,25,100.0,1.0,1.0,1,0,29.341294732340483,158.98603715452512,242.9556153847198
46,125.0,25,100.0,1.0,1.5,2,0,9.933563649157879,327.8825195895662,312.99656063755816
46,125.0,25,100.0,1.5,1.0,1,0,29.341294732340483,158.98603715452512,242.9556153847198
46,125.0,25,100.0,2.0,1.0,4,0,23.290585525155237,265.0637616104509,347.72670708802843
46,125.0,25,100.0,1.5,1.5,2,0,9.933563649157879,327.8825195895662,312.99656063755816
46,125.0,25,100.0,2.0,1.5,2,0,9.933563649157879,327.8825195895662,312.99656063755816
46,125.0,25,100.0,1.0,1.0,3,1,39.460780077056086,642.2989802428633,197.77052436735875
46,125.0,25,100.0,1.0,2.0,2,0,9.933563649157879,327.8825195895662,312.99656063755816
46,125.0,25,100.0,2.0,1.0,1,0,29.341294732340483,158.98603715452512,242.9556153847198
46,125.0,25,100.0,1.0,1.5,4,0,23.290585525155237,265.0637616104509,347.72670708802843
46,125.0,25,100.0,1.5,2.0,2,0,9.933563649157879,327.8825195895662,312.99656063755816
46,125.0,25,100.0,2.0,1.5,4,0,22.598253713845057,265.0637616104509,347.72670708802843
46,125.0,20,100.0,1.5,2.0,1,0,56.39620143952953,158.98603715452512,242.9556153847198
46,125.0,20,100.0,2.0,2.0,1,0,56.39620143952953,158.98603715452512,242.9556153847198
46,125.0,25,100.0,2.0,2.0,2,0,9.933563649157879,327.8825195895662,312.99656063755816
46,125.0,25,100.0,1.5,1.5,4,0,23.290585525155237,265.0637616104509,347.72670708802843
46,125.0,25,100.0,1.0,1.5,0,1,28.371788195557496,678.2835324348376,147.7690664040261
46,125.0,25,100.0,2.0,1.5,0,1,25.205821016386004,678.2835324348376,147.7690664040261
46,125.0,25,100.0,1.0,1.5,1,0,29.341294732340483,158.98603715452512,242.9556153847198
46,125.0,30,100.0,1.0,1.0,0,1,5.6398884727751,678.2835324348376,147.7690664040261
46,125.0,25,100.0,2.0,1.5,1,0,27.23198997641259,158.98603715452512,242.9556153847198
46,125.0,30,100.0,1.5,1.0,0,1,5.6398884727751,678.2835324348376,147.7690664040261
46,125.0,25,100.0,1.0,2.0,4,0,22.598253713845057,265.0637616104509,347.72670708802843
46,125.0,25,100.0,1.5,1.5,0,1,28.371788195557496,678.2835324348376,147.7690664040261
46,125.0,25,100.0,2.0,1.5,3,1,31.97647617861401,642.2989802428633,197.77052436735875
46,125.0,25,100.0,1.5,1.5,1,0,29.341294732340483,158.98603715452512,242.9556153847198
46,125.0,25,100.0,1.0,2.0,0,1,25.205821016386004,678.2835324348376,147.7690664040261
46,125.0,30,100.0,1.0,1.0,2,0,14.91669921666939,327.8825195895662,312.99656063755816
46,125.0,25,100.0,1.0,1.5,3,1,39.460780077056086,642.2989802428633,197.77052436735875
46,125.0,25,100.0,1.5,2.0,4,0,22.598253713845057,265.0637616104509,347.72670708802843
46,125.0,25,100.0,1.0,2.0,1,0,27.23198997641259,158.98603715452512,242.9556153847198
46,125.0,30,100.0,2.0,1.0,0,1,5.6398884727751,678.2835324348376,147.7690664040261
46,125.0,25,100.0,2.0,2.0,4,0,22.834931771015263,265.0637616104509,347.72670708802843
46,125.0,30,100.0,1.5,1.0,2,0,14.91669921666939,327.8825195895662,312.99656063755816
46,125.0,30,100.0,1.0,1.0,3,1,20.82132985237502,642.2989802428633,197.77052436735875
46,125.0,25,100.0,1.5,2.0,0,1,25.205821016386004,678.2835324348376,147.7690664040261
46,125.0,25,100.0,1.0,2.0,3,1,31.97647617861401,642.2989802428633,197.77052436735875
46,125.0,30,100.0,1.0,1.5,0,1,5.6398884727751,678.2835324348376,147.7690664040261
46,125.0,30,100.0,1.0,1.0,4,0,22.625675767672302,265.0637616104509,347.72670708802843
46,125.0,25,100.0,1.5,1.5,3,1,39.460780077056086,642.2989802428633,197.77052436735875
46,125.0,25,100.0,1.5,2.0,1,0,27.23198997641259,158.98603715452512,242.9556153847198
46,125.0,30,100.0,1.5,1.0,3,1,20.82132985237502,642.2989802428633,197.77052436735875
46,125.0,30,100.0,1.5,1.0,4,0,22.625675767672302,265.0637616104509,347.72670708802843
46,125.0,30,100.0,2.0,1.0,2,0,14.91669921666939,327.8825195895662,312.99656063755816
46,125.0,25,100.0,1.5,2.0,3,1,31.97647617861401,642.2989802428633,197.77052436735875
46,125.0,30,100.0,1.5,1.5,0,1,5.6398884727751,678.2835324348376,147.7690664040261
46,125.0,25,100.0,2.0,2.0,1,0,30.7307419375996,158.98603715452512,242.9556153847198
46,125.0,30,100.0,2.0,1.5,0,1,5.6398884727751,678.2835324348376,147.7690664040261
46,125.0,30,100.0,2.0,1.0,3,1,20.82132985237502,642.2989802428633,197.77052436735875
46,125.0,30,100.0,1.0,2.0,0,1,5.6398884727751,678.2835324348376,147.7690664040261
46,125.0,30,100.0,1.0,1.5,2,0,14.91669921666939,327.8825195895662,312.99656063755816
46,125.0,30,100.0,2.0,1.0,4,0,22.625675767672302,265.0637616104509,347.72670708802843
46,125.0,30,100.0,1.0,1.0,1,0,34.64111689358957,158.98603715452512,242.9556153847198
46,125.0,30,100.0,1.5,2.0,0,1,5.6398884727751,678.2835324348376,147.7690664040261
46,125.0,30,100.0,2.0,2.0,0,1,5.6398884727751,678.2835324348376,147.7690664040261
46,125.0,30,100.0,1.5,1.5,2,0,14.91669921666939,327.8825195895662,312.99656063755816
46,125.0,30,100.0,2.0,1.5,2,0,14.91669921666939,327.8825195895662,312.99656063755816
46,125.0,30,100.0,1.0,1.5,3,1,21.55612842642182,642.2989802428633,197.77052436735875
46,125.0,30,100.0,1.0,1.5,4,0,22.833682100875755,265.0637616104509,347.72670708802843
46,125.0,30,100.0,1.0,2.0,2,0,14.91669921666939,327.8825195895662,312.99656063755816
46,125.0,30,100.0,1.5,1.5,3,1,21.55612842642182,642.2989802428633,197.77052436735875
46,125.0,30,100.0,1.5,1.0,1,0,42.768264648879864,158.98603715452512,242.9556153847198
46,125.0,30,100.0,1.5,1.5,4,0,22.833682100875755,265.0637616104509,347.72670708802843
46,125.0,30,100.0,1.5,2.0,2,0,14.91669921666939,327.8825195895662,312.99656063755816
46,125.0,30,100.0,2.0,2.0,2,0,14.91669921666939,327.8825195895662,312.99656063755816
46,125.0,30,100.0,2.0,1.5,3,1,21.55612842642182,642.2989802428633,197.77052436735875
46,125.0,30,100.0,1.0,2.0,3,1,21.55612842642182,642.2989802428633,197.77052436735875
46,125.0,30,100.0,1.0,2.0,4,0,22.833682100875755,265.0637616104509,347.72670708802843
46,125.0,30,100.0,2.0,2.0,3,1,21.55612842642182,642.2989802428633,197.77052436735875
46,125.0,20,150.0,1.5,1.0,4,0,19.494676088743287,265.0637616104509,347.72670708802843
46,125.0,30,100.0,2.0,1.0,1,0,42.768264648879864,158.98603715452512,242.9556153847198
46,125.0,30,100.0,1.5,2.0,3,1,21.55612842642182,642.2989802428633,197.77052436735875
46,125.0,20,150.0,1.0,1.0,2,0,19.494676088743287,327.8825195895662,312.99656063755816
46,125.0,20,150.0,1.0,1.0,4,0,20.36060855840556,265.0637616104509,347.72670708802843
46,125.0,30,100.0,1.5,2.0,4,0,22.833682100875755,265.0637616104509,347.72670708802843
46,125.0,30,100.0,2.0,2.0,4,0,27.638995450143963,265.0637616104509,347.72670708802843
46,125.0,20,150.0,2.0,1.0,4,0,19.494676088743287,265.0637616104509,347.72670708802843
46,125.0,30,100.0,2.0,2.0,1,0,29.841077944678172,158.98603715452512,242.9556153847198
46,125.0,30,100.0,2.0,1.5,4,0,38.435211114056585,265.0637616104509,347.72670708802843
46,125.0,20,150.0,1.0,1.0,3,1,32.784414550048545,642.2989802428633,197.77052436735875
46,125.0,20,150.0,1.0,1.0,1,0,32.9895661894559,158.98603715452512,242.9556153847198
46,125.0,20,150.0,1.0,1.5,2,0,19.494676088743287,327.8825195895662,312.99656063755816
46,125.0,20,150.0,1.0,1.5,4,0,20.36060855840556,265.0637616104509,347.72670708802843
46,125.0,20,150.0,1.0,1.0,0,1,36.207168750899484,678.2835324348376,147.7690664040261
46,125.0,20,150.0,1.5,1.0,3,1,35.302550761319736,642.2989802428633,197.77052436735875
46,125.0,20,150.0,1.5,1.0,1,0,35.32324910582396,158.98603715452512,242.9556153847198
46,125.0,20,150.0,1.5,1.0,0,1,38.68970968721185,678.2835324348376,147.7690664040261
46,125.0,20,150.0,1.5,1.5,4,0,19.494676088743287,265.0637616104509,347.72670708802843
46,125.0,20,150.0,1.0,1.5,3,1,32.784414550048545,642.2989802428633,197.77052436735875
46,125.0,20,150.0,1.0,1.5,1,0,32.9895661894559,158.98603715452512,242.9556153847198
46,125.0,30,100.0,1.0,1.5,1,0,54.28191778035204,158.98603715452512,242.9556153847198
46,125.0,20,150.0,1.0,1.5,0,1,36.207168750899484,678.2835324348376,147.7690664040261
46,125.0,30,100.0,1.5,1.5,1,0,54.28191778035204,158.98603715452512,242.9556153847198
46,125.0,20,150.0,2.0,1.0,3,1,35.302550761319736,642.2989802428633,197.77052436735875
46,125.0,20,150.0,1.0,2.0,4,0,19.494676088743287,265.0637616104509,347.72670708802843
46,125.0,20,150.0,2.0,1.0,1,0,35.32324910582396,158.98603715452512,242.9556153847198
46,125.0,20,150.0,2.0,1.5,4,0,19.494676088743287,265.0637616104509,347.72670708802843
46,125.0,20,150.0,2.0,2.0,4,0,19.494676088743287,265.0637616104509,347.72670708802843
46,125.0,20,150.0,1.5,1.0,2,0,49.94807954651216,327.8825195895662,312.99656063755816
46,125.0,20,150.0,2.0,1.0,0,1,38.68970968721185,678.2835324348376,147.7690664040261
46,125.0,30,100.0,1.0,2.0,1,0,54.12162614039633,158.98603715452512,242.9556153847198
46,125.0,20,150.0,1.5,2.0,4,0,19.494676088743287,265.0637616104509,347.72670708802843
46,125.0,30,100.0,1.5,2.0,1,0,54.12162614039633,158.98603715452512,242.9556153847198
46,125.0,30,100.0,2.0,1.5,1,0,58.002571833005646,158.98603715452512,242.9556153847198
46,125.0,20,150.0,1.5,1.5,3,1,35.302550761319736,642.2989802428633,197.77052436735875
46,125.0,20,150.0,1.5,1.5,1,0,35.32324910582396,158.98603715452512,242.9556153847198
46,125.0,20,150.0,1.5,1.5,0,1,38.68970968721185,678.2835324348376,147.7690664040261
46,125.0,20,150.0,1.0,2.0,3,1,35.302550761319736,642.2989802428633,197.77052436735875
46,125.0,20,150.0,1.0,2.0,1,0,35.32324910582396,158.98603715452512,242.9556153847198
46,125.0,20,150.0,2.0,1.5,3,1,35.302550761319736,642.2989802428633,197.77052436735875
46,125.0,25,100.0,2.0,2.0,3,1,86.58251920532732,642.2989802428633,197.77052436735875
46,125.0,20,150.0,2.0,1.5,1,0,35.32324910582396,158.98603715452512,242.9556153847198
46,125.0,20,150.0,2.0,1.0,2,0,49.94807954651216,327.8825195895662,312.99656063755816
46,125.0,25,150.0,1.5,1.0,2,0,21.591816522784764,327.8825195895662,312.99656063755816
46,125.0,20,150.0,1.0,2.0,0,1,38.68970968721185,678.2835324348376,147.7690664040261
46,125.0,20,150.0,2.0,2.0,3,1,35.302550761319736,642.2989802428633,197.77052436735875
46,125.0,20,150.0,2.0,2.0,1,0,35.32324910582396,158.98603715452512,242.9556153847198
46,125.0,25,150.0,1.5,1.0,4,0,23.820077702951078,265.0637616104509,347.72670708802843
46,125.0,25,150.0,1.0,1.0,2,0,21.591816522784764,327.8825195895662,312.99656063755816
46,125.0,25,150.0,2.0,1.0,2,0,21.591816522784764,327.8825195895662,312.99656063755816
46,125.0,20,150.0,2.0,2.0,0,1,38.68970968721185,678.2835324348376,147.7690664040261
46,125.0,20,150.0,2.0,1.5,0,1,38.68970968721185,678.2835324348376,147.7690664040261
46,125.0,25,150.0,1.0,1.0,4,0,23.820077702951078,265.0637616104509,347.72670708802843
46,125.0,20,150.0,1.5,2.0,3,1,35.302550761319736,642.2989802428633,197.77052436735875
46,125.0,20,150.0,1.5,2.0,1,0,35.32324910582396,158.98603715452512,242.9556153847198
46,125.0,25,150.0,2.0,1.0,4,0,23.820077702951078,265.0637616104509,347.72670708802843
46,125.0,25,150.0,1.0,1.5,2,0,21.591816522784764,327.8825195895662,312.99656063755816
46,125.0,25,150.0,2.0,1.5,2,0,21.591816522784764,327.8825195895662,312.99656063755816
46,125.0,20,150.0,1.5,2.0,0,1,38.68970968721185,678.2835324348376,147.7690664040261
46,125.0,25,150.0,2.0,1.5,4,0,23.502966657423492,265.0637616104509,347.72670708802843
46,125.0,25,150.0,1.5,1.0,3,1,34.02035723304662,642.2989802428633,197.77052436735875
46,125.0,25,150.0,1.0,1.5,4,0,23.502966657423492,265.0637616104509,347.72670708802843
46,125.0,20,150.0,1.5,1.5,2,0,52.9758588254794,327.8825195895662,312.99656063755816
46,125.0,25,150.0,1.5,1.5,2,0,21.591816522784764,327.8825195895662,312.99656063755816
46,125.0,25,150.0,1.5,1.0,0,1,37.176792365800715,678.2835324348376,147.7690664040261
46,125.0,25,150.0,1.5,1.5,4,0,23.502966657423492,265.0637616104509,347.72670708802843
46,125.0,25,150.0,1.0,2.0,2,0,21.591816522784764,327.8825195895662,312.99656063755816
46,125.0,25,100.0,2.0,2.0,0,1,99.96995350379632,678.2835324348376,147.7690664040261
46,125.0,25,150.0,1.0,2.0,4,0,23.502966657423492,265.0637616104509,347.72670708802843
46,125.0,20,150.0,2.0,1.5,2,0,52.9758588254794,327.8825195895662,312.99656063755816
46,125.0,25,150.0,2.0,1.0,3,1,34.02035723304662,642.2989802428633,197.77052436735875
46,125.0,25,150.0,1.0,1.5,3,1,34.311095769810805,642.2989802428633,197.77052436735875
46,125.0,30,150.0,1.5,1.0,2,0,7.681049987776048,327.8825195895662,312.99656063755816
46,125.0,25,150.0,1.5,1.5,3,1,34.311095769810805,642.2989802428633,197.77052436735875
46,125.0,30,150.0,1.0,1.0,2,0,7.681049987776048,327.8825195895662,312.99656063755816
46,125.0,25,150.0,2.0,1.5,3,1,34.11991458839764,642.2989802428633,197.77052436735875
46,125.0,25,150.0,1.5,2.0,2,0,21.591816522784764,327.8825195895662,312.99656063755816
46,125.0,25,150.0,1.5,2.0,4,0,23.502966657423492,265.0637616104509,347.72670708802843
46,125.0,25,150.0,1.0,1.5,0,1,41.82223908819991,678.2835324348376,147.7690664040261
46,125.0,25,150.0,2.0,1.5,0,1,37.783397900189875,678.2835324348376,147.7690664040261
46,125.0,25,150.0,1.5,1.5,0,1,41.82223908819991,678.2835324348376,147.7690664040261
46,125.0,25,150.0,1.5,1.0,1,0,56.354318244041515,158.98603715452512,242.9556153847198
46,125.0,25,150.0,1.0,2.0,3,1,34.311095769810805,642.2989802428633,197.77052436735875
46,125.0,25,150.0,2.0,2.0,2,0,21.591816522784764,327.8825195895662,312.99656063755816
46,125.0,25,150.0,2.0,2.0,4,0,23.502966657423492,265.0637616104509,347.72670708802843
46,125.0,20,150.0,2.0,2.0,2,0,72.69706451323131,327.8825195895662,312.99656063755816
46,125.0,30,150.0,1.0,1.0,3,1,13.572200818543164,642.2989802428633,197.77052436735875
46,125.0,30,150.0,1.5,1.0,3,1,13.572200818543164,642.2989802428633,197.77052436735875
46,125.0,30,150.0,1.0,1.0,0,1,14.526684278943877,678.2835324348376,147.7690664040261
46,125.0,30,150.0,1.5,1.0,0,1,14.526684278943877,678.2835324348376,147.7690664040261
46,125.0,30,150.0,2.0,1.0,2,0,7.681049987776048,327.8825195895662,312.99656063755816
46,125.0,20,150.0,1.0,2.0,2,0,72.69706451323131,327.8825195895662,312.99656063755816
46,125.0,25,150.0,1.0,1.5,1,0,47.87926266888945,158.98603715452512,242.9556153847198
46,125.0,25,150.0,1.0,2.0,0,1,41.82223908819991,678.2835324348376,147.7690664040261
46,125.0,25,150.0,1.5,2.0,3,1,34.11991458839764,642.2989802428633,197.77052436735875
46,125.0,25,150.0,1.5,1.5,1,0,51.32130817574441,158.98603715452512,242.9556153847198
46,125.0,30,150.0,1.5,1.0,4,0,22.366857401192778,265.0637616104509,347.72670708802843
46,125.0,30,150.0,1.0,1.5,2,0,7.681049987776048,327.8825195895662,312.99656063755816
46,125.0,30,150.0,1.0,1.0,4,0,22.366857401192778,265.0637616104509,347.72670708802843
46,125.0,30,150.0,1.5,1.5,2,0,7.681049987776048,327.8825195895662,312.99656063755816
46,125.0,30,150.0,2.0,1.0,3,1,13.572200818543164,642.2989802428633,197.77052436735875
46,125.0,25,150.0,1.5,2.0,0,1,37.783397900189875,678.2835324348376,147.7690664040261
46,125.0,20,150.0,1.5,2.0,2,0,72.69706451323131,327.8825195895662,312.99656063755816
46,125.0,30,150.0,2.0,1.0,0,1,14.526684278943877,678.2835324348376,147.7690664040261
46,125.0,30,150.0,2.0,1.5,2,0,7.681049987776048,327.8825195895662,312.99656063755816
46,125.0,25,150.0,2.0,2.0,3,1,34.11991458839764,642.2989802428633,197.77052436735875
46,125.0,25,150.0,1.0,2.0,1,0,47.87926266888945,158.98603715452512,242.9556153847198
46,125.0,30,150.0,1.5,1.5,3,1,13.572200818543164,642.2989802428633,197.77052436735875
46,125.0,30,150.0,1.0,2.0,2,0,7.681049987776048,327.8825195895662,312.99656063755816
46,125.0,25,150.0,2.0,2.0,0,1,37.783397900189875,678.2835324348376,147.7690664040261
46,125.0,30,150.0,1.0,1.5,3,1,13.572200818543164,642.2989802428633,197.77052436735875
46,125.0,30,150.0,1.5,1.5,0,1,14.526684278943877,678.2835324348376,147.7690664040261
46,125.0,30,150.0,1.0,1.5,0,1,14.526684278943877,678.2835324348376,147.7690664040261
46,125.0,30,150.0,1.5,2.0,2,0,7.681049987776048,327.8825195895662,312.99656063755816
46,125.0,30,150.0,2.0,1.0,4,0,22.366857401192778,265.0637616104509,347.72670708802843
46,125.0,25,150.0,2.0,1.0,1,0,63.91058053765528,158.98603715452512,242.9556153847198
46,125.0,30,150.0,2.0,1.5,3,1,13.572200818543164,642.2989802428633,197.77052436735875
46,125.0,30,150.0,1.0,2.0,3,1,13.572200818543164,642.2989802428633,197.77052436735875
46,125.0,30,150.0,2.0,1.5,0,1,14.526684278943877,678.2835324348376,147.7690664040261
46,125.0,30,150.0,1.0,1.0,1,0,37.72990855868579,158.98603715452512,242.9556153847198
46,125.0,30,150.0,2.0,2.0,2,0,7.681049987776048,327.8825195895662,312.99656063755816
47,125.0,20,50.0,1.0,1.0,0,0,0.9265614682704222,371.0612359812324,152.82820705172267
46,125.0,30,150.0,1.0,2.0,0,1,14.526684278943877,678.2835324348376,147.7690664040261
46,125.0,30,150.0,1.5,1.5,4,0,22.366857401192778,265.0637616104509,347.72670708802843
46,125.0,30,150.0,1.0,1.5,4,0,22.366857401192778,265.0637616104509,347.72670708802843
46,125.0,30,150.0,1.5,2.0,3,1,13.572200818543164,642.2989802428633,197.77052436735875
47,125.0,20,50.0,1.0,1.0,4,0,1.7573541736990275,360.91134198831946,177.83829369260422
46,125.0,30,150.0,1.5,2.0,0,1,14.526684278943877,678.2835324348376,147.7690664040261
46,125.0,25,150.0,1.0,1.0,1,0,76.61070219430496,158.98603715452512,242.9556153847198
46,125.0,30,150.0,2.0,1.5,4,0,22.366857401192778,265.0637616104509,347.72670708802843
47,125.0,20,50.0,1.0,1.0,3,0,4.286567797358252,477.15933005907544,168.75644352843335
46,125.0,30,150.0,1.5,1.0,1,0,43.59632399196158,158.98603715452512,242.9556153847198
46,125.0,30,150.0,1.0,2.0,4,0,22.366857401192778,265.0637616104509,347.72670708802843
47,125.0,20,50.0,1.5,1.0,0,0,0.9265614682704222,371.0612359812324,152.82820705172267
46,125.0,30,150.0,2.0,2.0,3,1,13.572200818543164,642.2989802428633,197.77052436735875
46,125.0,30,150.0,1.0,1.5,1,0,30.306988078077307,158.98603715452512,242.9556153847198
46,125.0,30,150.0,1.5,2.0,4,0,22.366857401192778,265.0637616104509,347.72670708802843
47,125.0,20,50.0,1.5,1.0,4,0,1.7573541736990275,360.91134198831946,177.83829369260422
46,125.0,30,150.0,2.0,2.0,0,1,14.526684278943877,678.2835324348376,147.7690664040261
47,125.0,20,50.0,2.0,1.0,0,0,0.9265614682704222,371.0612359812324,152.82820705172267
47,125.0,20,50.0,2.0,1.0,4,0,1.7573541736990275,360.91134198831946,177.83829369260422
46,125.0,30,150.0,1.5,1.5,1,0,30.306988078077307,158.98603715452512,242.9556153847198
47,125.0,20,50.0,1.5,1.0,3,0,4.286567797358252,477.15933005907544,168.75644352843335
47,125.0,20,50.0,1.0,1.5,0,0,0.9265614682704222,371.0612359812324,152.82820705172267
47,125.0,20,50.0,2.0,1.0,3,0,4.286567797358252,477.15933005907544,168.75644352843335
46,125.0,30,150.0,2.0,1.5,1,0,30.306988078077307,158.98603715452512,242.9556153847198
47,125.0,20,50.0,1.0,1.5,4,0,1.7573541736990275,360.91134198831946,177.83829369260422
46,125.0,25,150.0,2.0,1.0,0,1,80.00586222437913,678.2835324348376,147.7690664040261
46,125.0,25,150.0,2.0,1.5,1,0,76.01081219787825,158.98603715452512,242.9556153847198
47,125.0,20,50.0,1.5,1.5,0,0,0.9265614682704222,371.0612359812324,152.82820705172267
47,125.0,20,50.0,2.0,1.5,0,0,0.9265614682704222,371.0612359812324,152.82820705172267
47,125.0,20,50.0,1.0,1.0,1,0,12.347848804736964,508.09619272662525,320.04607686407394
47,125.0,20,50.0,2.0,1.5,4,0,1.7573541736990275,360.91134198831946,177.83829369260422
47,125.0,20,50.0,1.5,1.5,4,0,1.7573541736990275,360.91134198831946,177.83829369260422
47,125.0,20,50.0,1.0,2.0,0,0,0.9265614682704222,371.0612359812324,152.82820705172267
46,125.0,25,150.0,1.0,1.0,0,1,84.61287905884457,678.2835324348376,147.7690664040261
46,125.0,30,150.0,1.5,2.0,1,0,28.63589244447928,158.98603715452512,242.9556153847198
46,125.0,30,150.0,1.0,2.0,1,0,28.63589244447928,158.98603715452512,242.9556153847198
47,125.0,20,50.0,1.0,2.0,4,0,1.7573541736990275,360.91134198831946,177.83829369260422
47,125.0,20,50.0,1.0,1.5,3,0,4.286567797358252,477.15933005907544,168.75644352843335
47,125.0,20,50.0,1.5,2.0,0,0,0.9265614682704222,371.0612359812324,152.82820705172267
46,125.0,30,150.0,2.0,1.0,1,0,43.59632399196158,158.98603715452512,242.9556153847198
47,125.0,20,50.0,1.5,2.0,4,0,1.7573541736990275,360.91134198831946,177.83829369260422
47,125.0,20,50.0,2.0,2.0,0,0,0.9265614682704222,371.0612359812324,152.82820705172267
47,125.0,25,50.0,1.0,1.0,0,0,0.9265614682704222,371.0612359812324,152.82820705172267
47,125.0,20,50.0,2.0,2.0,4,0,1.7573541736990275,360.91134198831946,177.83829369260422
47,125.0,20,50.0,1.5,1.5,3,0,4.286567797358252,477.15933005907544,168.75644352843335
47,125.0,25,50.0,1.0,1.0,4,0,1.7573541736990275,360.91134198831946,177.83829369260422
47,125.0,20,50.0,1.0,2.0,3,0,4.286567797358252,477.15933005907544,168.75644352843335
46,125.0,30,150.0,2.0,2.0,4,0,22.366857401192778,265.0637616104509,347.72670708802843
47,125.0,20,50.0,2.0,1.5,3,0,4.286567797358252,477.15933005907544,168.75644352843335
47,125.0,20,50.0,1.5,2.0,3,0,4.286567797358252,477.15933005907544,168.75644352843335
47,125.0,20,50.0,1.5,1.0,1,0,12.347848804736964,508.09619272662525,320.04607686407394
47,125.0,25,50.0,1.0,1.0,3,0,4.286567797358252,477.15933005907544,168.75644352843335
47,125.0,20,50.0,2.0,2.0,3,0,4.286567797358252,477.15933005907544,168.75644352843335
47,125.0,20,50.0,2.0,1.0,1,0,12.347848804736964,508.09619272662525,320.04607686407394
47,125.0,20,50.0,1.0,1.5,1,0,12.347848804736964,508.09619272662525,320.04607686407394
47,125.0,20,50.0,1.0,2.0,1,0,12.347848804736964,508.09619272662525,320.04607686407394
47,125.0,20,50.0,1.5,2.0,1,0,12.347848804736964,508.09619272662525,320.04607686407394
47,125.0,20,50.0,1.5,1.5,1,0,12.347848804736964,508.09619272662525,320.04607686407394
46,125.0,25,150.0,2.0,2.0,1,0,76.03658845940261,158.98603715452512,242.9556153847198
47,125.0,25,50.0,1.5,1.0,0,0,0.9265614682704222,371.0612359812324,152.82820705172267
46,125.0,25,150.0,1.5,2.0,1,0,76.03658845940261,158.98603715452512,242.9556153847198
46,125.0,30,150.0,2.0,2.0,1,0,28.63589244447928,158.98603715452512,242.9556153847198
47,125.0,20,50.0,2.0,1.5,1,0,12.347848804736964,508.09619272662525,320.04607686407394
47,125.0,25,50.0,1.5,1.0,4,0,1.7573541736990275,360.91134198831946,177.83829369260422
47,125.0,20,50.0,2.0,2.0,1,0,12.347848804736964,508.09619272662525,320.04607686407394
47,125.0,25,50.0,1.0,1.0,1,0,12.347848804736964,508.09619272662525,320.04607686407394
47,125.0,25,50.0,2.0,1.0,0,0,0.9265614682704222,371.0612359812324,152.82820705172267
47,125.0,25,50.0,1.0,1.5,0,0,0.9265614682704222,371.0612359812324,152.82820705172267
47,125.0,25,50.0,2.0,1.0,4,0,1.7573541736990275,360.91134198831946,177.83829369260422
47,125.0,25,50.0,1.0,1.5,4,0,1.7573541736990275,360.91134198831946,177.83829369260422
47,125.0,25,50.0,1.5,1.0,3,0,4.286567797358252,477.15933005907544,168.75644352843335
47,125.0,25,50.0,1.0,1.5,3,0,4.286567797358252,477.15933005907544,168.75644352843335
47,125.0,25,50.0,2.0,1.0,3,0,4.286567797358252,477.15933005907544,168.75644352843335
47,125.0,25,50.0,1.5,1.5,0,0,0.9265614682704222,371.0612359812324,152.82820705172267
47,125.0,25,50.0,1.5,1.5,4,0,1.7573541736990275,360.91134198831946,177.83829369260422
47,125.0,25,50.0,1.5,1.0,1,0,12.347848804736964,508.09619272662525,320.04607686407394
47,125.0,20,50.0,2.0,1.5,2,0,24.224937665090177,248.20112029920148,183.31546112497563
47,125.0,25,50.0,1.5,1.5,3,0,4.286567797358252,477.15933005907544,168.75644352843335
47,125.0,25,50.0,2.0,1.5,0,0,0.9265614682704222,371.0612359812324,152.82820705172267
47,125.0,25,50.0,2.0,1.0,1,0,12.347848804736964,508.09619272662525,320.04607686407394
47,125.0,25,50.0,2.0,1.5,4,0,1.7573541736990275,360.91134198831946,177.83829369260422
47,125.0,25,50.0,1.0,1.5,1,0,12.347848804736964,508.09619272662525,320.04607686407394
47,125.0,25,50.0,2.0,1.5,3,0,4.286567797358252,477.15933005907544,168.75644352843335
47,125.0,25,50.0,1.5,1.5,1,0,12.347848804736964,508.09619272662525,320.04607686407394
47,125.0,25,50.0,1.5,1.0,2,0,23.988990863655722,248.20112029920148,183.31546112497563
47,125.0,25,50.0,1.0,2.0,0,0,0.9265614682704222,371.0612359812324,152.82820705172267
47,125.0,25,50.0,1.0,2.0,4,0,1.7573541736990275,360.91134198831946,177.83829369260422
47,125.0,25,50.0,2.0,1.5,1,0,12.347848804736964,508.09619272662525,320.04607686407394
47,125.0,25,50.0,1.0,2.0,3,0,4.286567797358252,477.15933005907544,168.75644352843335
47,125.0,25,50.0,1.0,1.5,2,0,23.8312132431165,248.20112029920148,183.31546112497563
47,125.0,25,50.0,1.5,2.0,0,0,0.9265614682704222,371.0612359812324,152.82820705172267
47,125.0,25,50.0,1.5,2.0,4,0,1.7573541736990275,360.91134198831946,177.83829369260422
47,125.0,25,50.0,1.5,2.0,3,0,4.286567797358252,477.15933005907544,168.75644352843335
47,125.0,25,50.0,1.0,2.0,1,0,12.347848804736964,508.09619272662525,320.04607686407394
47,125.0,25,50.0,1.5,2.0,1,0,12.347848804736964,508.09619272662525,320.04607686407394
47,125.0,20,50.0,1.0,1.5,2,0,64.66026390131022,248.20112029920148,183.31546112497563
47,125.0,25,50.0,2.0,2.0,0,0,0.9265614682704222,371.0612359812324,152.82820705172267
47,125.0,25,50.0,2.0,2.0,4,0,1.7573541736990275,360.91134198831946,177.83829369260422
47,125.0,25,50.0,2.0,2.0,3,0,4.286567797358252,477.15933005907544,168.75644352843335
47,125.0,25,50.0,2.0,2.0,1,0,12.347848804736964,508.09619272662525,320.04607686407394
47,125.0,30,50.0,1.0,1.0,0,0,0.9265614682704222,371.0612359812324,152.82820705172267
47,125.0,30,50.0,1.0,1.0,4,0,1.7573541736990275,360.91134198831946,177.83829369260422
47,125.0,30,50.0,1.0,1.0,3,0,4.286567797358252,477.15933005907544,168.75644352843335
47,125.0,30,50.0,1.5,1.0,0,0,0.9265614682704222,371.0612359812324,152.82820705172267
47,125.0,30,50.0,1.5,1.0,4,0,1.7573541736990275,360.91134198831946,177.83829369260422
47,125.0,30,50.0,1.5,1.0,3,0,4.286567797358252,477.15933005907544,168.75644352843335
47,125.0,30,50.0,2.0,1.0,0,0,0.9265614682704222,371.0612359812324,152.82820705172267
47,125.0,30,50.0,1.0,1.5,0,0,0.9265614682704222,371.0612359812324,152.82820705172267
47,125.0,30,50.0,2.0,1.0,4,0,1.7573541736990275,360.91134198831946,177.83829369260422
47,125.0,30,50.0,1.0,1.5,4,0,1.7573541736990275,360.91134198831946,177.83829369260422
47,125.0,30,50.0,2.0,1.0,3,0,4.286567797358252,477.15933005907544,168.75644352843335
47,125.0,30,50.0,1.0,1.5,3,0,4.286567797358252,477.15933005907544,168.75644352843335
47,125.0,30,50.0,1.0,1.0,1,0,14.940091564897525,508.09619272662525,320.04607686407394
47,125.0,30,50.0,1.5,1.5,0,0,0.9265614682704222,371.0612359812324,152.82820705172267
47,125.0,30,50.0,2.0,1.5,0,0,0.9265614682704222,371.0612359812324,152.82820705172267
47,125.0,30,50.0,1.5,1.5,4,0,1.7573541736990275,360.91134198831946,177.83829369260422
47,125.0,30,50.0,2.0,1.5,4,0,1.7573541736990275,360.91134198831946,177.83829369260422
47,125.0,30,50.0,1.0,2.0,0,0,0.9265614682704222,371.0612359812324,152.82820705172267
47,125.0,30,50.0,2.0,1.5,3,0,4.286567797358252,477.15933005907544,168.75644352843335
47,125.0,30,50.0,1.5,2.0,0,0,0.9265614682704222,371.0612359812324,152.82820705172267
47,125.0,30,50.0,1.0,2.0,4,0,1.7573541736990275,360.91134198831946,177.83829369260422
47,125.0,30,50.0,1.5,2.0,4,0,1.7573541736990275,360.91134198831946,177.83829369260422
47,125.0,30,50.0,1.5,1.5,3,0,4.286567797358252,477.15933005907544,168.75644352843335
47,125.0,30,50.0,1.5,2.0,3,0,4.286567797358252,477.15933005907544,168.75644352843335
47,125.0,30,50.0,2.0,1.0,1,0,13.164938513725238,508.09619272662525,320.04607686407394
47,125.0,30,50.0,1.0,2.0,3,0,4.286567797358252,477.15933005907544,168.75644352843335
47,125.0,30,50.0,1.0,1.5,1,0,14.940091564897525,508.09619272662525,320.04607686407394
47,125.0,30,50.0,2.0,2.0,0,0,0.9265614682704222,371.0612359812324,152.82820705172267
47,125.0,30,50.0,2.0,2.0,4,0,1.7573541736990275,360.91134198831946,177.83829369260422
47,125.0,25,50.0,1.5,2.0,2,0,69.43363015661943,248.20112029920148,183.31546112497563
47,125.0,20,100.0,1.5,1.0,0,0,0.9265614682704222,371.0612359812324,152.82820705172267
47,125.0,20,100.0,1.0,1.0,0,0,0.9265614682704222,371.0612359812324,152.82820705172267
47,125.0,30,50.0,2.0,2.0,3,0,4.286567797358252,477.15933005907544,168.75644352843335
47,125.0,20,100.0,1.5,1.0,4,0,1.7573541736990275,360.91134198831946,177.83829369260422
47,125.0,30,50.0,1.5,1.5,1,0,14.940091564897525,508.09619272662525,320.04607686407394
47,125.0,30,50.0,1.5,2.0,1,0,14.940091564897525,508.09619272662525,320.04607686407394
47,125.0,20,100.0,1.0,1.0,4,0,1.7573541736990275,360.91134198831946,177.83829369260422
47,125.0,30,50.0,1.0,2.0,1,0,14.940091564897525,508.09619272662525,320.04607686407394
47,125.0,20,100.0,1.5,1.0,1,0,5.997031184387282,508.09619272662525,320.04607686407394
47,125.0,20,100.0,1.0,1.0,1,0,5.997031184387282,508.09619272662525,320.04607686407394
47,125.0,20,100.0,2.0,1.0,0,0,0.9265614682704222,371.0612359812324,152.82820705172267
47,125.0,20,100.0,2.0,1.0,4,0,1.7573541736990275,360.91134198831946,177.83829369260422
47,125.0,30,50.0,2.0,2.0,1,0,14.940091564897525,508.09619272662525,320.04607686407394
47,125.0,20,100.0,2.0,1.0,1,0,5.997031184387282,508.09619272662525,320.04607686407394
47,125.0,20,100.0,1.0,1.5,0,0,0.9265614682704222,371.0612359812324,152.82820705172267
47,125.0,30,50.0,1.5,1.0,2,0,50.76385719376865,248.20112029920148,183.31546112497563
47,125.0,20,100.0,1.0,1.5,4,0,1.7573541736990275,360.91134198831946,177.83829369260422
47,125.0,20,100.0,1.0,1.5,1,0,5.997031184387282,508.09619272662525,320.04607686407394
47,125.0,20,100.0,1.5,1.0,3,0,31.9271228396947,477.15933005907544,168.75644352843335
47,125.0,20,100.0,2.0,1.0,3,0,31.9271228396947,477.15933005907544,168.75644352843335
47,125.0,20,100.0,1.0,1.0,3,0,31.9271228396947,477.15933005907544,168.75644352843335
47,125.0,20,100.0,2.0,1.0,2,0,38.94433086703348,248.20112029920148,183.31546112497563
47,125.0,20,100.0,1.5,1.5,0,0,0.9265614682704222,371.0612359812324,152.82820705172267
47,125.0,20,100.0,1.5,1.5,4,0,1.7573541736990275,360.91134198831946,177.83829369260422
47,125.0,20,100.0,1.5,1.0,2,0,38.94433086703348,248.20112029920148,183.31546112497563
47,125.0,20,100.0,2.0,1.5,0,0,0.9265614682704222,371.0612359812324,152.82820705172267
47,125.0,20,100.0,1.5,1.5,1,0,5.997031184387282,508.09619272662525,320.04607686407394
47,125.0,20,100.0,2.0,1.5,4,0,1.7573541736990275,360.91134198831946,177.83829369260422
47,125.0,20,100.0,1.0,1.0,2,0,38.94433086703348,248.20112029920148,183.31546112497563
47,125.0,20,100.0,1.0,2.0,0,0,0.9265614682704222,371.0612359812324,152.82820705172267
47,125.0,20,100.0,1.0,2.0,4,0,1.7573541736990275,360.91134198831946,177.83829369260422
47,125.0,20,100.0,2.0,1.5,1,0,5.997031184387282,508.09619272662525,320.04607686407394
47,125.0,20,100.0,1.0,2.0,1,0,5.997031184387282,508.09619272662525,320.04607686407394
47,125.0,20,100.0,1.0,1.5,3,0,33.50741690329384,477.15933005907544,168.75644352843335
47,125.0,20,100.0,1.5,2.0,0,0,0.9265614682704222,371.0612359812324,152.82820705172267
47,125.0,20,100.0,1.5,2.0,4,0,1.7573541736990275,360.91134198831946,177.83829369260422
47,125.0,30,50.0,1.5,1.0,1,0,97.92442873759823,508.09619272662525,320.04607686407394
47,125.0,20,100.0,2.0,2.0,0,0,0.9265614682704222,371.0612359812324,152.82820705172267
47,125.0,20,100.0,2.0,2.0,4,0,1.7573541736990275,360.91134198831946,177.83829369260422
47,125.0,25,100.0,1.0,1.0,0,0,0.9265614682704222,371.0612359812324,152.82820705172267
47,125.0,25,100.0,1.0,1.0,4,0,1.7573541736990275,360.91134198831946,177.83829369260422
47,125.0,20,100.0,1.5,2.0,1,0,5.997031184387282,508.09619272662525,320.04607686407394
47,125.0,25,100.0,1.5,1.0,0,0,0.9265614682704222,371.0612359812324,152.82820705172267
47,125.0,20,100.0,1.5,1.5,3,0,33.50741690329384,477.15933005907544,168.75644352843335
47,125.0,25,100.0,1.5,1.0,4,0,1.7573541736990275,360.91134198831946,177.83829369260422
47,125.0,25,100.0,1.0,1.0,1,0,5.997031184387282,508.09619272662525,320.04607686407394
47,125.0,20,100.0,2.0,2.0,1,0,5.997031184387282,508.09619272662525,320.04607686407394
47,125.0,25,100.0,1.5,1.0,1,0,5.997031184387282,508.09619272662525,320.04607686407394
47,125.0,20,100.0,2.0,1.5,3,0,33.50741690329384,477.15933005907544,168.75644352843335
47,125.0,20,100.0,1.0,2.0,3,0,33.50741690329384,477.15933005907544,168.75644352843335
47,125.0,25,100.0,2.0,1.0,0,0,0.9265614682704222,371.0612359812324,152.82820705172267
47,125.0,25,100.0,2.0,1.0,4,0,1.7573541736990275,360.91134198831946,177.83829369260422
47,125.0,25,100.0,1.0,1.5,0,0,0.9265614682704222,371.0612359812324,152.82820705172267
47,125.0,25,100.0,1.0,1.5,4,0,1.7573541736990275,360.91134198831946,177.83829369260422
47,125.0,25,100.0,1.5,1.5,0,0,0.9265614682704222,371.0612359812324,152.82820705172267
47,125.0,25,100.0,2.0,1.0,1,0,5.997031184387282,508.09619272662525,320.04607686407394
47,125.0,25,100.0,2.0,1.5,0,0,0.9265614682704222,371.0612359812324,152.82820705172267
47,125.0,25,100.0,1.0,2.0,0,0,0.9265614682704222,371.0612359812324,152.82820705172267
47,125.0,25,100.0,2.0,1.5,4,0,1.7573541736990275,360.91134198831946,177.83829369260422
47,125.0,25,100.0,1.5,1.5,4,0,1.7573541736990275,360.91134198831946,177.83829369260422
47,125.0,20,100.0,1.5,2.0,3,0,33.50741690329384,477.15933005907544,168.75644352843335
47,125.0,25,100.0,1.0,2.0,4,0,1.7573541736990275,360.91134198831946,177.83829369260422
47,125.0,25,100.0,1.5,2.0,0,0,0.9265614682704222,371.0612359812324,152.82820705172267
47,125.0,25,100.0,1.5,2.0,4,0,1.7573541736990275,360.91134198831946,177.83829369260422
47,125.0,25,100.0,1.5,1.5,1,0,5.997031184387282,508.09619272662525,320.04607686407394
47,125.0,25,100.0,2.0,1.5,1,0,5.997031184387282,508.09619272662525,320.04607686407394
47,125.0,25,100.0,1.0,1.5,1,0,5.997031184387282,508.09619272662525,320.04607686407394
47,125.0,25,100.0,1.0,2.0,1,0,5.997031184387282,508.09619272662525,320.04607686407394
47,125.0,25,100.0,1.0,1.0,3,0,36.95960646264874,477.15933005907544,168.75644352843335
47,125.0,20,100.0,2.0,2.0,3,0,33.50741690329384,477.15933005907544,168.75644352843335
47,125.0,25,100.0,1.5,2.0,1,0,5.997031184387282,508.09619272662525,320.04607686407394
47,125.0,25,100.0,1.5,1.0,3,0,38.05296646989059,477.15933005907544,168.75644352843335
47,125.0,25,100.0,1.5,1.0,2,0,64.72405792808544,248.20112029920148,183.31546112497563
47,125.0,25,100.0,2.0,2.0,0,0,0.9265614682704222,371.0612359812324,152.82820705172267
47,125.0,25,100.0,2.0,1.0,3,0,38.05296646989059,477.15933005907544,168.75644352843335
47,125.0,25,100.0,2.0,2.0,4,0,1.7573541736990275,360.91134198831946,177.83829369260422
47,125.0,30,100.0,1.0,1.0,0,0,0.9265614682704222,371.0612359812324,152.82820705172267
47,125.0,30,100.0,1.0,1.0,4,0,1.7573541736990275,360.91134198831946,177.83829369260422
47,125.0,25,100.0,2.0,2.0,1,0,5.997031184387282,508.09619272662525,320.04607686407394
47,125.0,30,100.0,1.5,1.0,0,0,0.9265614682704222,371.0612359812324,152.82820705172267
47,125.0,30,100.0,1.5,1.0,4,0,1.7573541736990275,360.91134198831946,177.83829369260422
47,125.0,25,100.0,1.0,1.0,2,0,77.8056512565801,248.20112029920148,183.31546112497563
47,125.0,30,100.0,2.0,1.0,0,0,0.9265614682704222,371.0612359812324,152.82820705172267
47,125.0,30,100.0,2.0,1.0,4,0,1.7573541736990275,360.91134198831946,177.83829369260422
47,125.0,30,100.0,1.0,1.0,1,0,5.997031184387282,508.09619272662525,320.04607686407394
47,125.0,30,100.0,1.5,1.0,1,0,5.997031184387282,508.09619272662525,320.04607686407394
47,125.0,30,100.0,2.0,1.0,1,0,5.997031184387282,508.09619272662525,320.04607686407394
47,125.0,25,100.0,1.5,1.5,3,1,59.29657746828694,477.15933005907544,168.75644352843335
47,125.0,25,100.0,2.0,1.0,2,0,65.38121557918817,248.20112029920148,183.31546112497563
47,125.0,30,100.0,1.0,1.5,0,0,0.9265614682704222,371.0612359812324,152.82820705172267
47,125.0,30,100.0,1.5,1.5,0,0,0.9265614682704222,371.0612359812324,152.82820705172267
47,125.0,30,100.0,1.5,1.5,4,0,1.7573541736990275,360.91134198831946,177.83829369260422
47,125.0,30,100.0,1.0,1.5,4,0,1.7573541736990275,360.91134198831946,177.83829369260422
47,125.0,25,100.0,2.0,1.5,3,1,58.40633101152001,477.15933005907544,168.75644352843335
47,125.0,25,100.0,1.0,2.0,3,1,56.98171593052494,477.15933005907544,168.75644352843335
47,125.0,25,100.0,1.0,1.5,3,1,56.98171593052494,477.15933005907544,168.75644352843335
47,125.0,30,100.0,2.0,1.5,0,0,0.9265614682704222,371.0612359812324,152.82820705172267
47,125.0,30,100.0,1.0,2.0,0,0,0.9265614682704222,371.0612359812324,152.82820705172267
47,125.0,30,100.0,2.0,1.5,4,0,1.7573541736990275,360.91134198831946,177.83829369260422
47,125.0,30,100.0,1.5,1.5,1,0,5.997031184387282,508.09619272662525,320.04607686407394
47,125.0,25,100.0,1.5,2.0,3,1,58.40633101152001,477.15933005907544,168.75644352843335
47,125.0,30,100.0,1.0,2.0,4,0,1.7573541736990275,360.91134198831946,177.83829369260422
47,125.0,30,100.0,1.0,1.5,1,0,5.997031184387282,508.09619272662525,320.04607686407394
47,125.0,30,100.0,1.0,1.0,3,0,34.370084196041866,477.15933005907544,168.75644352843335
47,125.0,30,100.0,1.0,2.0,1,0,5.997031184387282,508.09619272662525,320.04607686407394
47,125.0,30,100.0,2.0,1.5,1,0,5.997031184387282,508.09619272662525,320.04607686407394
47,125.0,25,100.0,1.5,2.0,2,0,65.51149220031853,248.20112029920148,183.31546112497563
47,125.0,30,100.0,2.0,1.0,3,0,35.53901146308479,477.15933005907544,168.75644352843335
47,125.0,30,100.0,1.5,2.0,0,0,0.9265614682704222,371.0612359812324,152.82820705172267
47,125.0,30,100.0,1.5,2.0,4,0,1.7573541736990275,360.91134198831946,177.83829369260422
47,125.0,30,100.0,1.5,1.0,3,0,35.53901146308479,477.15933005907544,168.75644352843335
47,125.0,30,100.0,2.0,2.0,0,0,0.9265614682704222,371.0612359812324,152.82820705172267
47,125.0,30,100.0,1.5,2.0,1,0,5.997031184387282,508.09619272662525,320.04607686407394
47,125.0,30,100.0,2.0,2.0,4,0,1.7573541736990275,360.91134198831946,177.83829369260422
47,125.0,30,100.0,2.0,2.0,1,0,5.997031184387282,508.09619272662525,320.04607686407394
47,125.0,20,150.0,1.0,1.0,0,0,0.9265614682704222,371.0612359812324,152.82820705172267
47,125.0,25,100.0,2.0,2.0,3,1,60.61586031327632,477.15933005907544,168.75644352843335
47,125.0,20,150.0,1.0,1.0,2,0,3.6927770328600427,248.20112029920148,183.31546112497563
47,125.0,30,100.0,2.0,1.0,2,0,56.34661379432446,248.20112029920148,183.31546112497563
47,125.0,30,100.0,1.0,1.0,2,0,59.99848760379392,248.20112029920148,183.31546112497563
47,125.0,25,100.0,1.0,1.5,2,0,88.96397217912505,248.20112029920148,183.31546112497563
47,125.0,20,150.0,1.5,1.0,0,0,0.9265614682704222,371.0612359812324,152.82820705172267
47,125.0,20,150.0,2.0,1.0,0,0,0.9265614682704222,371.0612359812324,152.82820705172267
47,125.0,20,150.0,1.0,1.5,0,0,0.9265614682704222,371.0612359812324,152.82820705172267
47,125.0,30,100.0,1.0,1.5,3,0,34.370084196041866,477.15933005907544,168.75644352843335
47,125.0,20,150.0,1.5,1.0,2,0,3.6927770328600427,248.20112029920148,183.31546112497563
47,125.0,20,150.0,2.0,1.0,2,0,3.6927770328600427,248.20112029920148,183.31546112497563
47,125.0,20,150.0,1.0,1.5,2,0,3.6927770328600427,248.20112029920148,183.31546112497563
47,125.0,25,100.0,1.0,2.0,2,0,88.96397217912505,248.20112029920148,183.31546112497563
47,125.0,20,150.0,1.5,1.5,0,0,0.9265614682704222,371.0612359812324,152.82820705172267
47,125.0,20,150.0,2.0,1.5,0,0,0.9265614682704222,371.0612359812324,152.82820705172267
47,125.0,30,100.0,1.5,1.5,3,0,35.53901146308479,477.15933005907544,168.75644352843335
47,125.0,20,150.0,2.0,1.5,2,0,3.6927770328600427,248.20112029920148,183.31546112497563
47,125.0,20,150.0,1.5,1.5,2,0,3.6927770328600427,248.20112029920148,183.31546112497563
47,125.0,30,100.0,2.0,1.5,3,0,35.53901146308479,477.15933005907544,168.75644352843335
47,125.0,30,100.0,1.5,1.0,2,0,71.11711349130566,248.20112029920148,183.31546112497563
47,125.0,20,150.0,1.0,1.0,1,1,33.54862185343363,508.09619272662525,320.04607686407394
47,125.0,20,150.0,1.0,2.0,0,0,0.9265614682704222,371.0612359812324,152.82820705172267
47,125.0,20,150.0,1.0,2.0,2,0,3.6927770328600427,248.20112029920148,183.31546112497563
47,125.0,20,150.0,1.0,1.0,3,1,39.78808868787448,477.15933005907544,168.75644352843335
47,125.0,20,150.0,1.0,1.0,4,1,40.56056727273153,360.91134198831946,177.83829369260422
47,125.0,20,150.0,1.5,2.0,0,0,0.9265614682704222,371.0612359812324,152.82820705172267
47,125.0,20,150.0,1.5,2.0,2,0,3.6927770328600427,248.20112029920148,183.31546112497563
47,125.0,20,150.0,2.0,2.0,0,0,0.9265614682704222,371.0612359812324,152.82820705172267
47,125.0,20,150.0,1.5,1.0,1,1,44.12712035221795,508.09619272662525,320.04607686407394
47,125.0,20,150.0,2.0,2.0,2,0,3.6927770328600427,248.20112029920148,183.31546112497563
47,125.0,30,100.0,2.0,2.0,3,1,54.93083949243524,477.15933005907544,168.75644352843335
47,125.0,20,150.0,1.5,1.0,4,0,49.93747449685253,360.91134198831946,177.83829369260422
47,125.0,30,100.0,1.0,2.0,2,0,79.37827493776129,248.20112029920148,183.31546112497563
47,125.0,20,150.0,1.5,1.0,3,0,56.25236331579564,477.15933005907544,168.75644352843335
47,125.0,30,100.0,1.5,2.0,3,0,63.469574223605505,477.15933005907544,168.75644352843335
47,125.0,25,150.0,1.0,1.0,0,0,0.9265614682704222,371.0612359812324,152.82820705172267
47,125.0,25,150.0,1.0,1.0,2,0,3.6927770328600427,248.20112029920148,183.31546112497563
47,125.0,20,150.0,2.0,1.0,4,0,57.37946836374534,360.91134198831946,177.83829369260422
47,125.0,20,150.0,2.0,1.0,1,1,57.99788019091886,508.09619272662525,320.04607686407394
47,125.0,20,150.0,2.0,1.0,3,0,65.02669982285764,477.15933005907544,168.75644352843335
47,125.0,30,100.0,1.0,1.5,2,0,86.66785478867932,248.20112029920148,183.31546112497563
47,125.0,25,150.0,1.5,1.0,0,0,0.9265614682704222,371.0612359812324,152.82820705172267
47,125.0,25,150.0,2.0,1.0,0,0,0.9265614682704222,371.0612359812324,152.82820705172267
47,125.0,25,150.0,1.0,1.5,0,0,0.9265614682704222,371.0612359812324,152.82820705172267
47,125.0,20,150.0,1.0,1.5,4,0,57.37946836374534,360.91134198831946,177.83829369260422
47,125.0,25,150.0,1.5,1.0,2,0,3.6927770328600427,248.20112029920148,183.31546112497563
47,125.0,20,150.0,1.0,1.5,1,1,57.99788019091886,508.09619272662525,320.04607686407394
47,125.0,25,150.0,2.0,1.0,2,0,3.6927770328600427,248.20112029920148,183.31546112497563
47,125.0,25,150.0,1.0,1.5,2,0,3.6927770328600427,248.20112029920148,183.31546112497563
47,125.0,20,150.0,2.0,1.5,4,0,57.37946836374534,360.91134198831946,177.83829369260422
47,125.0,30,100.0,2.0,1.5,2,0,87.88817501829129,248.20112029920148,183.31546112497563
47,125.0,20,150.0,2.0,1.5,1,1,57.99788019091886,508.09619272662525,320.04607686407394
47,125.0,25,150.0,1.5,1.5,0,0,0.9265614682704222,371.0612359812324,152.82820705172267
47,125.0,20,150.0,1.0,1.5,3,0,65.02669982285764,477.15933005907544,168.75644352843335
47,125.0,20,150.0,1.5,1.5,4,0,57.37946836374534,360.91134198831946,177.83829369260422
47,125.0,20,150.0,1.5,1.5,1,1,57.99788019091886,508.09619272662525,320.04607686407394
47,125.0,25,150.0,2.0,1.5,0,0,0.9265614682704222,371.0612359812324,152.82820705172267
47,125.0,25,150.0,1.5,1.5,2,0,3.6927770328600427,248.20112029920148,183.31546112497563
47,125.0,25,150.0,2.0,1.5,2,0,3.6927770328600427,248.20112029920148,183.31546112497563
47,125.0,20,150.0,2.0,1.5,3,0,65.02669982285764,477.15933005907544,168.75644352843335
47,125.0,25,150.0,1.0,2.0,0,0,0.9265614682704222,371.0612359812324,152.82820705172267
47,125.0,25,150.0,1.0,2.0,2,0,3.6927770328600427,248.20112029920148,183.31546112497563
47,125.0,20,150.0,1.5,1.5,3,0,65.02669982285764,477.15933005907544,168.75644352843335
47,125.0,25,150.0,1.5,2.0,0,0,0.9265614682704222,371.0612359812324,152.82820705172267
47,125.0,25,150.0,1.0,1.5,4,0,23.19154848038255,360.91134198831946,177.83829369260422
47,125.0,25,150.0,1.5,2.0,2,0,3.6927770328600427,248.20112029920148,183.31546112497563
47,125.0,25,150.0,2.0,2.0,0,0,0.9265614682704222,371.0612359812324,152.82820705172267
47,125.0,30,150.0,1.0,1.0,0,0,0.9265614682704222,371.0612359812324,152.82820705172267
47,125.0,30,150.0,1.0,1.0,4,0,1.7573541736990275,360.91134198831946,177.83829369260422
47,125.0,25,150.0,1.0,1.5,3,0,27.810433808588716,477.15933005907544,168.75644352843335
47,125.0,25,150.0,2.0,2.0,2,0,3.6927770328600427,248.20112029920148,183.31546112497563
47,125.0,30,150.0,1.5,1.0,0,0,0.9265614682704222,371.0612359812324,152.82820705172267
47,125.0,20,150.0,1.0,2.0,4,0,57.37946836374534,360.91134198831946,177.83829369260422
47,125.0,20,150.0,1.5,2.0,4,0,57.37946836374534,360.91134198831946,177.83829369260422
47,125.0,20,150.0,1.0,2.0,1,1,57.99788019091886,508.09619272662525,320.04607686407394
47,125.0,30,150.0,1.5,1.0,4,0,1.7573541736990275,360.91134198831946,177.83829369260422
47,125.0,20,150.0,1.5,2.0,1,1,57.99788019091886,508.09619272662525,320.04607686407394
47,125.0,25,150.0,2.0,1.5,4,0,23.19154848038255,360.91134198831946,177.83829369260422
47,125.0,20,150.0,2.0,2.0,4,0,57.37946836374534,360.91134198831946,177.83829369260422
47,125.0,20,150.0,2.0,2.0,1,1,57.99788019091886,508.09619272662525,320.04607686407394
47,125.0,25,150.0,1.5,1.5,4,0,23.19154848038255,360.91134198831946,177.83829369260422
47,125.0,25,150.0,2.0,1.5,3,0,27.810433808588716,477.15933005907544,168.75644352843335
47,125.0,20,150.0,1.5,2.0,3,0,65.02669982285764,477.15933005907544,168.75644352843335
47,125.0,30,150.0,2.0,1.0,0,0,0.9265614682704222,371.0612359812324,152.82820705172267
47,125.0,30,150.0,1.0,1.0,3,0,11.37603483077835,477.15933005907544,168.75644352843335
47,125.0,30,150.0,2.0,1.0,4,0,1.7573541736990275,360.91134198831946,177.83829369260422
47,125.0,30,150.0,1.0,1.0,1,0,11.534092653851186,508.09619272662525,320.04607686407394
47,125.0,20,150.0,1.0,2.0,3,0,65.02669982285764,477.15933005907544,168.75644352843335
47,125.0,20,150.0,2.0,2.0,3,0,65.02669982285764,477.15933005907544,168.75644352843335
47,125.0,30,150.0,1.0,1.5,0,0,0.9265614682704222,371.0612359812324,152.82820705172267
47,125.0,30,150.0,1.0,1.5,4,0,1.7573541736990275,360.91134198831946,177.83829369260422
47,125.0,30,150.0,1.5,1.5,0,0,0.9265614682704222,371.0612359812324,152.82820705172267
47,125.0,25,150.0,1.0,1.5,1,0,39.952296784846425,508.09619272662525,320.04607686407394
47,125.0,25,150.0,1.0,2.0,4,0,23.19154848038255,360.91134198831946,177.83829369260422
47,125.0,30,150.0,1.5,1.0,3,0,11.37603483077835,477.15933005907544,168.75644352843335
47,125.0,30,150.0,1.5,1.5,4,0,1.7573541736990275,360.91134198831946,177.83829369260422
47,125.0,25,150.0,1.5,1.5,3,0,27.810433808588716,477.15933005907544,168.75644352843335
47,125.0,30,150.0,2.0,1.5,0,0,0.9265614682704222,371.0612359812324,152.82820705172267
47,125.0,30,150.0,1.5,1.0,1,0,11.534092653851186,508.09619272662525,320.04607686407394
47,125.0,30,150.0,2.0,1.5,4,0,1.7573541736990275,360.91134198831946,177.83829369260422
47,125.0,25,150.0,1.0,2.0,3,0,27.810433808588716,477.15933005907544,168.75644352843335
47,125.0,25,150.0,2.0,1.5,1,0,39.952296784846425,508.09619272662525,320.04607686407394
47,125.0,30,150.0,1.0,2.0,0,0,0.9265614682704222,371.0612359812324,152.82820705172267
47,125.0,30,150.0,1.0,2.0,4,0,1.7573541736990275,360.91134198831946,177.83829369260422
47,125.0,30,150.0,1.0,1.5,3,0,11.37603483077835,477.15933005907544,168.75644352843335
47,125.0,30,150.0,1.5,1.5,3,0,11.37603483077835,477.15933005907544,168.75644352843335
47,125.0,30,150.0,1.0,1.5,1,0,11.534092653851186,508.09619272662525,320.04607686407394
47,125.0,30,150.0,1.5,1.5,1,0,11.534092653851186,508.09619272662525,320.04607686407394
47,125.0,25,150.0,1.5,2.0,4,0,23.19154848038255,360.91134198831946,177.83829369260422
47,125.0,30,150.0,2.0,1.0,3,0,11.37603483077835,477.15933005907544,168.75644352843335
47,125.0,30,150.0,2.0,1.0,1,0,11.534092653851186,508.09619272662525,320.04607686407394
47,125.0,30,150.0,2.0,1.5,3,0,11.37603483077835,477.15933005907544,168.75644352843335
47,125.0,30,150.0,2.0,1.5,1,0,11.534092653851186,508.09619272662525,320.04607686407394
47,125.0,25,150.0,2.0,2.0,4,0,23.19154848038255,360.91134198831946,177.83829369260422
47,125.0,25,150.0,1.5,1.5,1,0,39.952296784846425,508.09619272662525,320.04607686407394
47,125.0,25,150.0,1.5,2.0,3,0,27.810433808588716,477.15933005907544,168.75644352843335
47,125.0,30,150.0,1.5,2.0,0,0,0.9265614682704222,371.0612359812324,152.82820705172267
47,125.0,30,150.0,1.5,2.0,4,0,1.7573541736990275,360.91134198831946,177.83829369260422
47,125.0,30,150.0,1.0,2.0,3,0,11.37603483077835,477.15933005907544,168.75644352843335
47,125.0,30,150.0,1.0,2.0,1,0,11.534092653851186,508.09619272662525,320.04607686407394
47,125.0,25,150.0,2.0,2.0,3,0,27.810433808588716,477.15933005907544,168.75644352843335
47,125.0,25,150.0,1.0,2.0,1,0,39.952296784846425,508.09619272662525,320.04607686407394
47,125.0,30,150.0,2.0,2.0,0,0,0.9265614682704222,371.0612359812324,152.82820705172267
47,125.0,30,150.0,2.0,2.0,4,0,1.7573541736990275,360.91134198831946,177.83829369260422
47,125.0,30,150.0,1.5,2.0,3,0,11.37603483077835,477.15933005907544,168.75644352843335
47,125.0,25,150.0,1.5,2.0,1,0,39.952296784846425,508.09619272662525,320.04607686407394
47,125.0,30,150.0,1.5,2.0,1,0,11.534092653851186,508.09619272662525,320.04607686407394
47,125.0,25,150.0,1.0,1.0,1,0,81.41440800584304,508.09619272662525,320.04607686407394
47,125.0,25,150.0,2.0,2.0,1,0,39.952296784846425,508.09619272662525,320.04607686407394
47,125.0,25,150.0,2.0,1.0,1,0,68.24734989675571,508.09619272662525,320.04607686407394
47,125.0,30,150.0,2.0,2.0,3,0,11.37603483077835,477.15933005907544,168.75644352843335
47,125.0,30,150.0,2.0,2.0,1,0,11.534092653851186,508.09619272662525,320.04607686407394
47,125.0,25,150.0,1.0,1.0,3,0,94.01591960793182,477.15933005907544,168.75644352843335
47,125.0,25,150.0,2.0,1.0,3,0,79.2535558237645,477.15933005907544,168.75644352843335
48,125.0,20,50.0,1.0,1.0,2,0,20.772448776121553,528.5102202196316,230.93993764700497
47,125.0,25,150.0,2.0,1.0,4,0,87.4517283205987,360.91134198831946,177.83829369260422
48,125.0,20,50.0,1.0,1.0,4,0,39.63231125926516,583.5392240691343,199.17625985026734
48,125.0,20,50.0,2.0,1.0,2,0,25.887044296120116,528.5102202196316,230.93993764700497
48,125.0,20,50.0,1.0,1.0,1,0,40.25690866345904,518.1255589810148,278.63545787015914
48,125.0,20,50.0,2.0,1.0,0,1,33.038692205089575,618.457843509995,210.25148704041658
48,125.0,20,50.0,2.0,1.0,4,1,33.47296092706702,583.5392240691343,199.17625985026734
48,125.0,20,50.0,2.0,1.0,1,0,34.37630061933514,518.1255589810148,278.63545787015914
47,125.0,30,150.0,2.0,1.0,2,0,88.94255176696797,248.20112029920148,183.31546112497563
47,125.0,30,150.0,1.5,1.5,2,0,88.90480064468703,248.20112029920148,183.31546112497563
48,125.0,20,50.0,1.0,1.0,0,0,50.870414308344124,618.457843509995,210.25148704041658
47,125.0,30,150.0,2.0,1.5,2,0,88.94255176696797,248.20112029920148,183.31546112497563
48,125.0,20,50.0,1.0,1.5,1,0,42.200271721512095,518.1255589810148,278.63545787015914
48,125.0,20,50.0,2.0,1.0,3,1,43.174488129065004,588.7156284192499,259.79624804328637
48,125.0,20,50.0,1.0,1.0,3,0,55.90004958177899,588.7156284192499,259.79624804328637
47,125.0,30,150.0,1.5,1.0,2,0,92.25717185923007,248.20112029920148,183.31546112497563
48,125.0,20,50.0,1.0,1.5,2,0,51.45259029751033,528.5102202196316,230.93993764700497
48,125.0,20,50.0,1.0,2.0,2,0,21.31052337314567,528.5102202196316,230.93993764700497
47,125.0,30,150.0,1.5,2.0,2,0,88.90480064468703,248.20112029920148,183.31546112497563
48,125.0,25,50.0,1.0,1.0,1,0,20.772448776121553,518.1255589810148,278.63545787015914
48,125.0,20,50.0,2.0,1.5,2,0,29.529764183098276,528.5102202196316,230.93993764700497
48,125.0,20,50.0,1.5,1.0,2,0,73.85329340976635,528.5102202196316,230.93993764700497
48,125.0,25,50.0,1.0,1.0,2,0,23.94960693359899,528.5102202196316,230.93993764700497
48,125.0,20,50.0,2.0,1.5,1,0,34.23377048839982,518.1255589810148,278.63545787015914
48,125.0,20,50.0,1.0,2.0,1,0,34.41647707864234,518.1255589810148,278.63545787015914
48,125.0,20,50.0,1.0,2.0,4,0,38.38226651618209,583.5392240691343,199.17625985026734
48,125.0,25,50.0,1.5,1.0,2,0,33.58532947717097,528.5102202196316,230.93993764700497
47,125.0,30,150.0,2.0,2.0,2,0,89.58022810235435,248.20112029920148,183.31546112497563
48,125.0,20,50.0,1.5,1.0,4,0,83.59793211214273,583.5392240691343,199.17625985026734
48,125.0,20,50.0,1.0,2.0,0,1,44.93262691434488,618.457843509995,210.25148704041658
48,125.0,20,50.0,1.0,2.0,3,0,47.579098230474884,588.7156284192499,259.79624804328637
48,125.0,25,50.0,1.5,1.0,1,0,42.0104290246363,518.1255589810148,278.63545787015914
48,125.0,20,50.0,1.5,1.0,1,0,88.39366211015809,518.1255589810148,278.63545787015914
48,125.0,25,50.0,1.5,1.5,2,0,20.772448776121553,528.5102202196316,230.93993764700497
48,125.0,25,50.0,1.0,1.0,4,0,42.51071354145916,583.5392240691343,199.17625985026734
48,125.0,20,50.0,1.5,1.0,0,0,95.42508457702291,618.457843509995,210.25148704041658
48,125.0,20,50.0,1.5,1.0,3,0,96.01261884808096,588.7156284192499,259.79624804328637
48,125.0,20,50.0,1.0,1.5,3,0,93.05912137754457,588.7156284192499,259.79624804328637
48,125.0,25,50.0,2.0,1.5,2,0,21.31052337314567,528.5102202196316,230.93993764700497
48,125.0,25,50.0,1.5,1.5,1,0,30.572901699757978,518.1255589810148,278.63545787015914
48,125.0,25,50.0,2.0,1.0,1,0,43.94912549260661,518.1255589810148,278.63545787015914
48,125.0,20,50.0,2.0,2.0,1,0,58.20406082942299,518.1255589810148,278.63545787015914
48,125.0,25,50.0,2.0,1.5,1,0,32.3843476241858,518.1255589810148,278.63545787015914
48,125.0,25,50.0,2.0,1.0,2,0,51.858303566399854,528.5102202196316,230.93993764700497
48,125.0,20,50.0,2.0,1.5,4,0,76.46543899972953,583.5392240691343,199.17625985026734
48,125.0,20,50.0,2.0,1.5,3,0,76.90394077753221,588.7156284192499,259.79624804328637
48,125.0,20,50.0,2.0,1.5,0,0,78.46026720556411,618.457843509995,210.25148704041658
48,125.0,20,50.0,2.0,2.0,2,0,66.3565740543623,528.5102202196316,230.93993764700497
48,125.0,25,50.0,1.0,2.0,2,0,28.256002080730223,528.5102202196316,230.93993764700497
48,125.0,20,50.0,1.5,1.5,1,0,96.91353819453961,518.1255589810148,278.63545787015914
48,125.0,30,50.0,1.0,1.0,2,0,20.772448776121553,528.5102202196316,230.93993764700497
48,125.0,20,50.0,1.5,1.5,2,0,97.54832773691898,528.5102202196316,230.93993764700497
48,125.0,25,50.0,1.5,1.0,3,0,80.7925722052798,588.7156284192499,259.79624804328637
48,125.0,30,50.0,1.0,1.0,1,0,31.502516900491596,518.1255589810148,278.63545787015914
48,125.0,20,50.0,2.0,2.0,3,0,91.25171000298081,588.7156284192499,259.79624804328637
48,125.0,25,50.0,1.0,1.0,3,0,77.05565814455395,588.7156284192499,259.79624804328637
48,125.0,30,50.0,1.0,1.0,4,0,39.71430786718853,583.5392240691343,199.17625985026734
48,125.0,25,50.0,1.5,2.0,2,0,55.35052534932398,528.5102202196316,230.93993764700497
48,125.0,25,50.0,2.0,1.0,3,0,75.50331850885023,588.7156284192499,259.79624804328637
48,125.0,30,50.0,1.0,1.0,3,0,51.82637509395764,588.7156284192499,259.79624804328637
48,125.0,25,50.0,1.0,1.0,0,1,89.49621660946161,618.457843509995,210.25148704041658
48,125.0,30,50.0,1.0,1.5,2,0,20.772448776121553,528.5102202196316,230.93993764700497
48,125.0,25,50.0,1.0,2.0,4,0,68.46389825997385,583.5392240691343,199.17625985026734
48,125.0,25,50.0,1.0,2.0,1,0,69.36949595612023,518.1255589810148,278.63545787015914
48,125.0,30,50.0,1.0,1.5,1,0,31.40801976971319,518.1255589810148,278.63545787015914
48,125.0,25,50.0,1.5,2.0,1,0,86.54774909077528,518.1255589810148,278.63545787015914
48,125.0,25,50.0,1.5,2.0,4,0,86.72159507985921,583.5392240691343,199.17625985026734
48,125.0,25,50.0,1.5,2.0,3,0,88.18498451687456,588.7156284192499,259.79624804328637
48,125.0,25,50.0,1.0,1.5,1,0,94.88951276598833,518.1255589810148,278.63545787015914
48,125.0,30,50.0,1.0,2.0,2,0,21.245443228757438,528.5102202196316,230.93993764700497
48,125.0,25,50.0,1.5,2.0,0,0,90.64737563087196,618.457843509995,210.25148704041658
48,125.0,25,50.0,2.0,1.5,3,0,86.8529475992967,588.7156284192499,259.79624804328637
48,125.0,30,50.0,1.0,1.5,4,0,40.4738434949032,583.5392240691343,199.17625985026734
48,125.0,30,50.0,1.0,1.0,0,0,81.37710436482196,618.457843509995,210.25148704041658
48,125.0,30,50.0,1.0,2.0,1,0,28.38918382029085,518.1255589810148,278.63545787015914
48,125.0,30,50.0,2.0,1.5,0,1,27.77923255081132,618.457843509995,210.25148704041658
48,125.0,25,50.0,2.0,1.5,0,1,96.9149190083452,618.457843509995,210.25148704041658
48,125.0,30,50.0,2.0,1.5,1,0,34.009539256765024,518.1255589810148,278.63545787015914
48,125.0,30,50.0,2.0,1.5,2,0,34.10193321796061,528.5102202196316,230.93993764700497
48,125.0,30,50.0,1.0,1.5,0,0,50.17431341193744,618.457843509995,210.25148704041658
48,125.0,20,100.0,1.0,1.0,1,0,14.429594758964884,518.1255589810148,278.63545787015914
48,125.0,30,50.0,2.0,1.5,3,1,35.71847217568404,588.7156284192499,259.79624804328637
48,125.0,30,50.0,1.0,2.0,3,0,39.658631044667786,588.7156284192499,259.79624804328637
48,125.0,25,50.0,1.0,2.0,0,0,93.80668030444083,618.457843509995,210.25148704041658
48,125.0,20,100.0,2.0,1.0,1,0,14.429594758964884,518.1255589810148,278.63545787015914
48,125.0,25,50.0,1.0,2.0,3,0,95.09943829157503,588.7156284192499,259.79624804328637
48,125.0,20,100.0,1.0,1.0,4,0,19.72224249946131,583.5392240691343,199.17625985026734
48,125.0,20,100.0,1.0,1.0,2,0,19.767336875604364,528.5102202196316,230.93993764700497
48,125.0,20,100.0,1.5,1.0,1,0,14.429594758964884,518.1255589810148,278.63545787015914
48,125.0,30,50.0,1.0,1.5,3,0,59.85328311128213,588.7156284192499,259.79624804328637
48,125.0,20,100.0,1.0,1.0,0,1,25.669121422869342,618.457843509995,210.25148704041658
48,125.0,20,100.0,1.5,1.0,4,0,19.72224249946131,583.5392240691343,199.17625985026734
48,125.0,20,100.0,1.5,1.0,2,0,19.767336875604364,528.5102202196316,230.93993764700497
48,125.0,20,100.0,2.0,1.0,4,0,19.72224249946131,583.5392240691343,199.17625985026734
48,125.0,20,100.0,2.0,1.0,2,0,19.767336875604364,528.5102202196316,230.93993764700497
48,125.0,20,100.0,1.0,1.5,1,0,14.429594758964884,518.1255589810148,278.63545787015914
48,125.0,25,50.0,2.0,2.0,1,0,89.77295494879571,518.1255589810148,278.63545787015914
48,125.0,20,100.0,1.0,1.0,3,0,32.81291141029588,588.7156284192499,259.79624804328637
48,125.0,20,100.0,1.5,1.0,0,1,25.669121422869342,618.457843509995,210.25148704041658
48,125.0,20,100.0,2.0,1.0,0,1,25.669121422869342,618.457843509995,210.25148704041658
48,125.0,30,50.0,2.0,1.5,4,1,52.78474750255814,583.5392240691343,199.17625985026734
48,125.0,20,100.0,1.0,1.5,2,0,24.37351941526569,528.5102202196316,230.93993764700497
48,125.0,20,100.0,2.0,1.5,1,0,14.429594758964884,518.1255589810148,278.63545787015914
48,125.0,20,100.0,1.5,1.5,1,0,14.429594758964884,518.1255589810148,278.63545787015914
48,125.0,30,50.0,1.0,2.0,4,0,59.003888726866144,583.5392240691343,199.17625985026734
48,125.0,20,100.0,1.5,1.0,3,0,32.81291141029588,588.7156284192499,259.79624804328637
48,125.0,20,100.0,1.0,2.0,1,0,14.429594758964884,518.1255589810148,278.63545787015914
48,125.0,20,100.0,2.0,1.0,3,0,32.81291141029588,588.7156284192499,259.79624804328637
48,125.0,20,100.0,1.0,1.5,3,1,28.383178610788423,588.7156284192499,259.79624804328637
48,125.0,20,100.0,1.5,2.0,1,0,14.429594758964884,518.1255589810148,278.63545787015914
48,125.0,20,100.0,2.0,1.5,2,0,24.37351941526569,528.5102202196316,230.93993764700497
48,125.0,20,100.0,1.5,1.5,2,0,24.37351941526569,528.5102202196316,230.93993764700497
48,125.0,30,50.0,1.5,2.0,0,1,50.07156226608872,618.457843509995,210.25148704041658
48,125.0,20,100.0,2.0,2.0,1,0,14.429594758964884,518.1255589810148,278.63545787015914
48,125.0,20,100.0,1.5,2.0,2,0,24.37351941526569,528.5102202196316,230.93993764700497
48,125.0,20,100.0,2.0,1.5,3,1,28.383178610788423,588.7156284192499,259.79624804328637
48,125.0,20,100.0,1.0,2.0,2,0,24.37351941526569,528.5102202196316,230.93993764700497
48,125.0,30,50.0,2.0,1.0,1,0,91.66972163074209,518.1255589810148,278.63545787015914
48,125.0,20,100.0,1.5,1.5,3,1,28.383178610788423,588.7156284192499,259.79624804328637
48,125.0,20,100.0,1.0,2.0,3,1,28.383178610788423,588.7156284192499,259.79624804328637
48,125.0,20,100.0,1.5,2.0,3,1,28.383178610788423,588.7156284192499,259.79624804328637
48,125.0,30,50.0,1.5,1.5,1,0,92.19764445004414,518.1255589810148,278.63545787015914
48,125.0,30,50.0,1.5,1.5,2,0,92.35476732395446,528.5102202196316,230.93993764700497
48,125.0,20,100.0,1.0,1.5,0,1,41.31378579755024,618.457843509995,210.25148704041658
48,125.0,30,50.0,1.5,1.5,3,0,95.92732897008797,588.7156284192499,259.79624804328637
48,125.0,20,100.0,1.0,1.5,4,1,43.49979218523816,583.5392240691343,199.17625985026734
48,125.0,20,100.0,2.0,1.5,0,1,41.31378579755024,618.457843509995,210.25148704041658
48,125.0,20,100.0,2.0,2.0,2,0,24.37351941526569,528.5102202196316,230.93993764700497
48,125.0,20,100.0,1.0,2.0,0,1,41.31378579755024,618.457843509995,210.25148704041658
48,125.0,20,100.0,1.5,2.0,0,1,41.31378579755024,618.457843509995,210.25148704041658
48,125.0,20,100.0,1.0,2.0,4,1,43.49979218523816,583.5392240691343,199.17625985026734
48,125.0,20,100.0,2.0,1.5,4,1,46.678783869810495,583.5392240691343,199.17625985026734
48,125.0,20,100.0,2.0,2.0,3,1,28.383178610788423,588.7156284192499,259.79624804328637
48,125.0,20,100.0,1.5,2.0,4,1,43.49979218523816,583.5392240691343,199.17625985026734
48,125.0,25,100.0,2.0,1.0,3,1,26.078871790643205,588.7156284192499,259.79624804328637
48,125.0,20,100.0,1.5,1.5,0,1,41.31378579755024,618.457843509995,210.25148704041658
48,125.0,20,100.0,1.5,1.5,4,1,43.49979218523816,583.5392240691343,199.17625985026734
48,125.0,30,50.0,1.0,2.0,0,0,89.0608447567032,618.457843509995,210.25148704041658
48,125.0,25,100.0,1.0,1.0,0,1,35.95049061623607,618.457843509995,210.25148704041658
48,125.0,25,100.0,2.0,1.0,0,1,36.09850427637031,618.457843509995,210.25148704041658
48,125.0,25,100.0,1.5,1.0,0,1,31.38893146536279,618.457843509995,210.25148704041658
48,125.0,20,100.0,2.0,2.0,0,1,41.31378579755024,618.457843509995,210.25148704041658
48,125.0,20,100.0,2.0,2.0,4,1,43.49979218523816,583.5392240691343,199.17625985026734
48,125.0,25,100.0,2.0,1.0,4,1,41.65755590949243,583.5392240691343,199.17625985026734
48,125.0,25,100.0,2.0,1.5,3,1,24.06775147870745,588.7156284192499,259.79624804328637
48,125.0,25,100.0,2.0,1.5,0,1,24.19761884611114,618.457843509995,210.25148704041658
48,125.0,30,100.0,1.0,1.0,1,0,14.429594758964884,518.1255589810148,278.63545787015914
48,125.0,25,100.0,1.5,1.0,3,1,42.92295149946101,588.7156284192499,259.79624804328637
48,125.0,25,100.0,2.0,2.0,3,1,24.06775147870745,588.7156284192499,259.79624804328637
48,125.0,30,100.0,1.5,1.0,1,0,14.429594758964884,518.1255589810148,278.63545787015914
48,125.0,25,100.0,2.0,2.0,0,1,24.19761884611114,618.457843509995,210.25148704041658
48,125.0,30,50.0,1.5,2.0,1,0,92.62700739731271,518.1255589810148,278.63545787015914
48,125.0,25,100.0,1.0,1.0,3,1,49.65687280538747,588.7156284192499,259.79624804328637
48,125.0,25,100.0,1.5,2.0,0,1,31.38893146536279,618.457843509995,210.25148704041658
48,125.0,25,100.0,1.5,1.5,0,1,31.38893146536279,618.457843509995,210.25148704041658
48,125.0,30,100.0,1.0,1.0,4,0,19.72224249946131,583.5392240691343,199.17625985026734
48,125.0,25,100.0,1.5,1.0,4,1,48.247425527698,583.5392240691343,199.17625985026734
48,125.0,30,100.0,1.0,1.0,2,0,19.767336875604364,528.5102202196316,230.93993764700497
48,125.0,25,100.0,2.0,2.0,4,1,34.662737821199684,583.5392240691343,199.17625985026734
48,125.0,30,100.0,1.5,1.0,4,0,19.72224249946131,583.5392240691343,199.17625985026734
48,125.0,30,100.0,1.5,1.0,2,0,19.767336875604364,528.5102202196316,230.93993764700497
48,125.0,25,100.0,2.0,1.5,4,1,34.662737821199684,583.5392240691343,199.17625985026734
48,125.0,25,100.0,2.0,2.0,1,1,37.21357782302734,518.1255589810148,278.63545787015914
48,125.0,25,100.0,1.0,1.5,0,1,35.95049061623607,618.457843509995,210.25148704041658
48,125.0,25,100.0,1.0,1.0,1,1,56.55057021107586,518.1255589810148,278.63545787015914
48,125.0,25,100.0,1.0,1.0,4,1,56.72535884704052,583.5392240691343,199.17625985026734
48,125.0,30,100.0,2.0,1.0,1,0,14.429594758964884,518.1255589810148,278.63545787015914
48,125.0,25,100.0,2.0,1.5,1,1,37.21357782302734,518.1255589810148,278.63545787015914
48,125.0,30,100.0,1.0,1.0,0,1,25.669121422869342,618.457843509995,210.25148704041658
48,125.0,30,100.0,1.5,1.0,0,1,25.669121422869342,618.457843509995,210.25148704041658
48,125.0,30,100.0,1.0,1.5,1,0,14.429594758964884,518.1255589810148,278.63545787015914
48,125.0,30,100.0,2.0,1.0,4,0,19.72224249946131,583.5392240691343,199.17625985026734
48,125.0,30,100.0,2.0,1.0,2,0,19.767336875604364,528.5102202196316,230.93993764700497
48,125.0,25,100.0,1.0,2.0,0,1,41.13760586841761,618.457843509995,210.25148704041658
48,125.0,25,100.0,2.0,1.0,2,1,57.74060701275879,528.5102202196316,230.93993764700497
48,125.0,25,100.0,1.5,2.0,3,1,45.93332223624802,588.7156284192499,259.79624804328637
48,125.0,30,100.0,1.0,1.0,3,0,32.09821926978743,588.7156284192499,259.79624804328637
48,125.0,25,100.0,1.0,1.5,4,1,45.94256044508212,583.5392240691343,199.17625985026734
48,125.0,25,100.0,2.0,2.0,2,1,51.39909650398472,528.5102202196316,230.93993764700497
48,125.0,25,100.0,1.5,1.5,3,1,45.30104260348007,588.7156284192499,259.79624804328637
48,125.0,30,100.0,1.5,1.0,3,0,32.09821926978743,588.7156284192499,259.79624804328637
48,125.0,30,100.0,2.0,1.0,0,1,25.669121422869342,618.457843509995,210.25148704041658
48,125.0,25,100.0,1.5,1.0,2,1,63.45501152404647,528.5102202196316,230.93993764700497
48,125.0,25,100.0,2.0,1.0,1,1,62.8410021951306,518.1255589810148,278.63545787015914
48,125.0,25,100.0,2.0,1.5,2,1,51.39909650398472,528.5102202196316,230.93993764700497
48,125.0,25,100.0,1.0,1.0,2,1,68.54066147934545,528.5102202196316,230.93993764700497
48,125.0,30,100.0,1.0,1.5,2,0,23.694318183226848,528.5102202196316,230.93993764700497
48,125.0,25,100.0,1.5,2.0,4,1,55.94040562597179,583.5392240691343,199.17625985026734
48,125.0,25,100.0,1.0,2.0,3,1,51.76324528068077,588.7156284192499,259.79624804328637
48,125.0,25,100.0,1.5,1.5,4,1,50.62200785409607,583.5392240691343,199.17625985026734
48,125.0,25,100.0,1.0,1.5,3,1,53.64543955450384,588.7156284192499,259.79624804328637
48,125.0,30,100.0,1.0,1.5,3,1,28.68390330219731,588.7156284192499,259.79624804328637
48,125.0,30,100.0,1.5,1.5,1,0,14.429594758964884,518.1255589810148,278.63545787015914
48,125.0,30,100.0,2.0,1.0,3,0,32.09821926978743,588.7156284192499,259.79624804328637
48,125.0,30,100.0,2.0,1.5,1,0,14.429594758964884,518.1255589810148,278.63545787015914
48,125.0,30,100.0,1.5,2.0,1,0,14.429594758964884,518.1255589810148,278.63545787015914
48,125.0,20,150.0,1.0,1.0,4,0,9.666828992633972,583.5392240691343,199.17625985026734
48,125.0,30,100.0,1.0,1.5,4,0,31.230767793932525,583.5392240691343,199.17625985026734
48,125.0,20,150.0,1.5,1.0,4,0,9.666828992633972,583.5392240691343,199.17625985026734
48,125.0,30,100.0,1.0,2.0,1,0,14.429594758964884,518.1255589810148,278.63545787015914
48,125.0,25,100.0,1.0,1.5,2,1,58.894645772309126,528.5102202196316,230.93993764700497
48,125.0,30,100.0,1.0,1.5,0,0,32.96045581362994,618.457843509995,210.25148704041658
48,125.0,25,100.0,1.5,2.0,2,1,64.97884958105128,528.5102202196316,230.93993764700497
48,125.0,20,150.0,1.0,1.0,0,1,13.620232575794729,618.457843509995,210.25148704041658
48,125.0,25,100.0,1.0,2.0,1,1,60.9998675804043,518.1255589810148,278.63545787015914
48,125.0,25,100.0,1.0,1.5,1,1,60.337195574586254,518.1255589810148,278.63545787015914
48,125.0,20,150.0,1.5,1.0,0,1,13.620232575794729,618.457843509995,210.25148704041658
48,125.0,30,100.0,2.0,2.0,1,0,14.429594758964884,518.1255589810148,278.63545787015914
48,125.0,25,100.0,1.0,2.0,2,1,62.54597980580039,528.5102202196316,230.93993764700497
48,125.0,20,150.0,2.0,1.0,4,0,9.666828992633972,583.5392240691343,199.17625985026734
48,125.0,30,100.0,1.5,1.5,2,0,23.694318183226848,528.5102202196316,230.93993764700497
48,125.0,20,150.0,1.0,1.5,4,0,9.666828992633972,583.5392240691343,199.17625985026734
48,125.0,30,100.0,2.0,1.5,2,0,23.694318183226848,528.5102202196316,230.93993764700497
48,125.0,30,100.0,1.0,2.0,2,0,23.694318183226848,528.5102202196316,230.93993764700497
48,125.0,25,100.0,1.5,2.0,1,1,75.17076825685348,518.1255589810148,278.63545787015914
48,125.0,20,150.0,1.0,1.5,0,1,13.620232575794729,618.457843509995,210.25148704041658
48,125.0,20,150.0,2.0,1.0,0,1,13.620232575794729,618.457843509995,210.25148704041658
48,125.0,30,100.0,1.5,2.0,2,0,23.694318183226848,528.5102202196316,230.93993764700497
48,125.0,20,150.0,1.5,1.5,4,0,9.666828992633972,583.5392240691343,199.17625985026734
48,125.0,30,100.0,2.0,2.0,2,0,23.694318183226848,528.5102202196316,230.93993764700497
48,125.0,30,100.0,1.0,2.0,3,1,28.68390330219731,588.7156284192499,259.79624804328637
48,125.0,20,150.0,1.0,1.0,1,0,31.286242604348548,518.1255589810148,278.63545787015914
48,125.0,20,150.0,1.5,1.5,0,1,13.620232575794729,618.457843509995,210.25148704041658
48,125.0,20,150.0,1.0,1.5,3,1,21.198702313573843,588.7156284192499,259.79624804328637
48,125.0,30,100.0,1.0,2.0,4,0,33.540321370580024,583.5392240691343,199.17625985026734
48,125.0,25,100.0,1.5,1.5,1,1,70.7694173174248,518.1255589810148,278.63545787015914
48,125.0,20,150.0,2.0,1.5,4,0,9.666828992633972,583.5392240691343,199.17625985026734
48,125.0,20,150.0,1.5,1.0,1,0,31.286242604348548,518.1255589810148,278.63545787015914
48,125.0,20,150.0,1.0,1.0,3,1,37.34234301816738,588.7156284192499,259.79624804328637
48,125.0,20,150.0,2.0,1.5,0,1,13.620232575794729,618.457843509995,210.25148704041658
48,125.0,25,100.0,1.5,1.0,1,1,91.93665582708634,518.1255589810148,278.63545787015914
48,125.0,30,100.0,1.0,2.0,0,0,39.30410937621549,618.457843509995,210.25148704041658
48,125.0,20,150.0,1.5,1.5,3,1,21.198702313573843,588.7156284192499,259.79624804328637
48,125.0,30,100.0,1.5,1.5,0,0,42.28802514882001,618.457843509995,210.25148704041658
48,125.0,30,100.0,1.5,2.0,0,0,38.893299570078,618.457843509995,210.25148704041658
48,125.0,20,150.0,1.0,1.5,1,1,30.072082419678377,518.1255589810148,278.63545787015914
48,125.0,20,150.0,1.5,1.0,3,1,37.34234301816738,588.7156284192499,259.79624804328637
48,125.0,20,150.0,2.0,1.5,3,1,21.198702313573843,588.7156284192499,259.79624804328637
48,125.0,20,150.0,2.0,1.0,1,0,31.286242604348548,518.1255589810148,278.63545787015914
48,125.0,30,100.0,1.5,1.5,4,0,47.31580102878136,583.5392240691343,199.17625985026734
48,125.0,30,100.0,2.0,1.5,3,0,47.11201422220162,588.7156284192499,259.79624804328637
48,125.0,30,100.0,2.0,2.0,0,0,38.893299570078,618.457843509995,210.25148704041658
48,125.0,20,150.0,1.5,2.0,4,0,9.666828992633972,583.5392240691343,199.17625985026734
48,125.0,25,100.0,1.0,2.0,4,1,93.7893614377157,583.5392240691343,199.17625985026734
48,125.0,20,150.0,1.0,2.0,4,0,9.666828992633972,583.5392240691343,199.17625985026734
48,125.0,20,150.0,1.5,1.5,1,1,30.072082419678377,518.1255589810148,278.63545787015914
48,125.0,20,150.0,1.5,2.0,0,1,13.620232575794729,618.457843509995,210.25148704041658
48,125.0,30,100.0,2.0,2.0,3,0,44.050571427891676,588.7156284192499,259.79624804328637
48,125.0,20,150.0,2.0,1.5,2,1,31.20976110795717,528.5102202196316,230.93993764700497
48,125.0,20,150.0,2.0,1.5,1,1,31.49210044298296,518.1255589810148,278.63545787015914
48,125.0,30,100.0,2.0,1.5,4,0,52.53494806918926,583.5392240691343,199.17625985026734
48,125.0,20,150.0,1.0,1.0,2,0,54.39066233372953,528.5102202196316,230.93993764700497
48,125.0,20,150.0,2.0,1.0,3,1,37.34234301816738,588.7156284192499,259.79624804328637
48,125.0,20,150.0,1.0,2.0,0,1,13.620232575794729,618.457843509995,210.25148704041658
48,125.0,25,100.0,1.5,1.5,2,1,91.81483293045319,528.5102202196316,230.93993764700497
48,125.0,30,100.0,1.5,1.5,3,0,55.25682492171891,588.7156284192499,259.79624804328637
48,125.0,20,150.0,1.5,2.0,3,1,21.198702313573843,588.7156284192499,259.79624804328637
48,125.0,20,150.0,2.0,2.0,4,0,9.666828992633972,583.5392240691343,199.17625985026734
48,125.0,25,150.0,1.0,1.0,2,0,7.697137228197227,528.5102202196316,230.93993764700497
48,125.0,25,150.0,1.0,1.0,1,0,9.200358398388133,518.1255589810148,278.63545787015914
48,125.0,25,150.0,1.5,1.0,2,0,7.697137228197227,528.5102202196316,230.93993764700497
48,125.0,25,150.0,1.0,1.0,4,0,10.147590027859794,583.5392240691343,199.17625985026734
48,125.0,20,150.0,2.0,2.0,0,1,13.620232575794729,618.457843509995,210.25148704041658
48,125.0,30,100.0,2.0,1.5,0,0,59.8613103320312,618.457843509995,210.25148704041658
48,125.0,25,150.0,1.5,1.0,1,0,9.200358398388133,518.1255589810148,278.63545787015914
48,125.0,25,150.0,1.0,1.0,3,0,10.982018103982854,588.7156284192499,259.79624804328637
48,125.0,20,150.0,1.5,1.0,2,0,54.39066233372953,528.5102202196316,230.93993764700497
48,125.0,25,150.0,1.5,1.0,4,0,10.147590027859794,583.5392240691343,199.17625985026734
48,125.0,25,150.0,1.0,1.0,0,0,11.631382100619827,618.457843509995,210.25148704041658
48,125.0,25,150.0,1.5,1.0,3,0,10.982018103982854,588.7156284192499,259.79624804328637
48,125.0,25,150.0,1.5,1.0,0,0,11.631382100619827,618.457843509995,210.25148704041658
48,125.0,20,150.0,1.0,2.0,3,1,21.198702313573843,588.7156284192499,259.79624804328637
48,125.0,25,150.0,2.0,1.0,2,0,7.697137228197227,528.5102202196316,230.93993764700497
48,125.0,20,150.0,1.5,2.0,1,1,29.435097509290348,518.1255589810148,278.63545787015914
48,125.0,25,150.0,2.0,1.0,1,0,9.200358398388133,518.1255589810148,278.63545787015914
48,125.0,25,150.0,2.0,1.0,4,0,10.147590027859794,583.5392240691343,199.17625985026734
48,125.0,20,150.0,1.0,1.5,2,1,52.793628519976735,528.5102202196316,230.93993764700497
48,125.0,25,150.0,1.5,1.5,2,0,7.697137228197227,528.5102202196316,230.93993764700497
48,125.0,25,150.0,2.0,1.0,3,0,10.982018103982854,588.7156284192499,259.79624804328637
48,125.0,20,150.0,2.0,2.0,3,1,21.198702313573843,588.7156284192499,259.79624804328637
48,125.0,25,150.0,2.0,1.0,0,0,11.631382100619827,618.457843509995,210.25148704041658
48,125.0,25,150.0,1.0,1.5,2,0,7.697137228197227,528.5102202196316,230.93993764700497
48,125.0,25,150.0,1.5,1.5,1,0,9.200358398388133,518.1255589810148,278.63545787015914
48,125.0,20,150.0,1.5,2.0,2,1,31.939471265149905,528.5102202196316,230.93993764700497
48,125.0,25,150.0,1.5,1.5,4,0,10.147590027859794,583.5392240691343,199.17625985026734
48,125.0,25,150.0,1.0,2.0,2,0,7.697137228197227,528.5102202196316,230.93993764700497
48,125.0,25,150.0,1.0,1.5,1,0,9.200358398388133,518.1255589810148,278.63545787015914
48,125.0,25,150.0,1.5,1.5,3,0,10.982018103982854,588.7156284192499,259.79624804328637
48,125.0,25,150.0,2.0,1.5,2,0,7.697137228197227,528.5102202196316,230.93993764700497
48,125.0,25,150.0,1.5,2.0,2,0,7.697137228197227,528.5102202196316,230.93993764700497
48,125.0,25,150.0,1.5,1.5,0,0,11.631382100619827,618.457843509995,210.25148704041658
48,125.0,25,150.0,1.0,2.0,1,0,9.200358398388133,518.1255589810148,278.63545787015914
48,125.0,25,150.0,2.0,1.5,1,0,9.200358398388133,518.1255589810148,278.63545787015914
48,125.0,25,150.0,1.0,1.5,4,0,10.147590027859794,583.5392240691343,199.17625985026734
48,125.0,25,150.0,2.0,1.5,4,0,10.147590027859794,583.5392240691343,199.17625985026734
48,125.0,25,150.0,1.0,2.0,4,0,10.147590027859794,583.5392240691343,199.17625985026734
48,125.0,25,150.0,1.5,2.0,1,0,9.200358398388133,518.1255589810148,278.63545787015914
48,125.0,25,150.0,1.0,1.5,3,0,10.982018103982854,588.7156284192499,259.79624804328637
48,125.0,20,150.0,2.0,1.0,2,0,54.39066233372953,528.5102202196316,230.93993764700497
48,125.0,25,150.0,1.0,2.0,3,0,10.982018103982854,588.7156284192499,259.79624804328637
48,125.0,20,150.0,1.5,1.5,2,1,50.66481022470617,528.5102202196316,230.93993764700497
48,125.0,20,150.0,1.0,2.0,1,1,29.435097509290348,518.1255589810148,278.63545787015914
48,125.0,25,150.0,2.0,1.5,3,0,10.982018103982854,588.7156284192499,259.79624804328637
48,125.0,25,150.0,1.0,2.0,0,0,11.631382100619827,618.457843509995,210.25148704041658
48,125.0,25,150.0,1.0,1.5,0,0,11.631382100619827,618.457843509995,210.25148704041658
48,125.0,25,150.0,1.5,2.0,4,0,10.147590027859794,583.5392240691343,199.17625985026734
48,125.0,30,150.0,1.0,1.0,2,0,7.697137228197227,528.5102202196316,230.93993764700497
48,125.0,25,150.0,2.0,1.5,0,0,11.631382100619827,618.457843509995,210.25148704041658
48,125.0,30,100.0,2.0,2.0,4,0,65.31240935044474,583.5392240691343,199.17625985026734
48,125.0,25,150.0,1.5,2.0,3,0,10.982018103982854,588.7156284192499,259.79624804328637
48,125.0,30,100.0,1.5,2.0,4,0,71.77111214478667,583.5392240691343,199.17625985026734
48,125.0,25,150.0,1.5,2.0,0,0,11.631382100619827,618.457843509995,210.25148704041658
48,125.0,25,150.0,2.0,2.0,2,0,7.697137228197227,528.5102202196316,230.93993764700497
48,125.0,20,150.0,2.0,2.0,1,1,29.435097509290348,518.1255589810148,278.63545787015914
48,125.0,30,150.0,1.0,1.0,4,0,9.200358398388133,583.5392240691343,199.17625985026734
48,125.0,20,150.0,1.0,2.0,2,1,31.939471265149905,528.5102202196316,230.93993764700497
48,125.0,30,150.0,1.0,1.0,1,0,10.147590027859794,518.1255589810148,278.63545787015914
49,125.0,20,50.0,1.0,1.0,1,0,0.9265614682704222,314.22539818868415,168.27731519433684
48,125.0,25,150.0,2.0,2.0,1,0,9.200358398388133,518.1255589810148,278.63545787015914
49,125.0,20,50.0,1.0,1.0,3,0,1.315679964296626,286.3322262332199,198.76373268364046
48,125.0,30,150.0,1.5,1.0,2,0,7.697137228197227,528.5102202196316,230.93993764700497
49,125.0,20,50.0,1.5,1.0,1,0,0.9265614682704222,314.22539818868415,168.27731519433684
48,125.0,30,150.0,1.0,1.0,3,0,10.982018103982854,588.7156284192499,259.79624804328637
48,125.0,25,150.0,2.0,2.0,4,0,10.147590027859794,583.5392240691343,199.17625985026734
48,125.0,30,150.0,2.0,1.0,2,0,7.697137228197227,528.5102202196316,230.93993764700497
49,125.0,20,50.0,1.5,1.0,3,0,1.315679964296626,286.3322262332199,198.76373268364046
48,125.0,30,150.0,1.0,1.0,0,0,11.631382100619827,618.457843509995,210.25148704041658
48,125.0,25,150.0,2.0,2.0,3,0,10.982018103982854,588.7156284192499,259.79624804328637
48,125.0,30,150.0,1.5,1.0,4,0,9.200358398388133,583.5392240691343,199.17625985026734
48,125.0,25,150.0,2.0,2.0,0,0,11.631382100619827,618.457843509995,210.25148704041658
48,125.0,20,150.0,2.0,2.0,2,1,31.939471265149905,528.5102202196316,230.93993764700497
48,125.0,30,150.0,2.0,1.0,4,0,9.200358398388133,583.5392240691343,199.17625985026734
49,125.0,20,50.0,2.0,1.0,1,0,0.9265614682704222,314.22539818868415,168.27731519433684
48,125.0,30,150.0,1.5,1.0,1,0,10.147590027859794,518.1255589810148,278.63545787015914
49,125.0,20,50.0,1.5,1.5,1,0,0.9265614682704222,314.22539818868415,168.27731519433684
49,125.0,20,50.0,1.0,1.5,1,0,0.9265614682704222,314.22539818868415,168.27731519433684
48,125.0,30,150.0,2.0,1.0,1,0,10.147590027859794,518.1255589810148,278.63545787015914
49,125.0,20,50.0,2.0,1.0,3,0,1.315679964296626,286.3322262332199,198.76373268364046
49,125.0,20,50.0,1.5,1.5,3,0,1.315679964296626,286.3322262332199,198.76373268364046
48,125.0,30,150.0,1.0,1.5,2,0,7.697137228197227,528.5102202196316,230.93993764700497
48,125.0,30,150.0,1.5,1.0,3,0,10.982018103982854,588.7156284192499,259.79624804328637
48,125.0,30,150.0,2.0,1.0,3,0,10.982018103982854,588.7156284192499,259.79624804328637
48,125.0,30,100.0,1.5,2.0,3,0,78.42077575838871,588.7156284192499,259.79624804328637
49,125.0,20,50.0,1.0,1.5,3,0,1.315679964296626,286.3322262332199,198.76373268364046
48,125.0,30,150.0,1.5,1.0,0,0,11.631382100619827,618.457843509995,210.25148704041658
48,125.0,30,150.0,2.0,1.0,0,0,11.631382100619827,618.457843509995,210.25148704041658
48,125.0,30,150.0,1.5,2.0,2,0,7.697137228197227,528.5102202196316,230.93993764700497
48,125.0,30,150.0,2.0,1.5,2,0,7.697137228197227,528.5102202196316,230.93993764700497
49,125.0,20,50.0,2.0,1.5,1,0,0.9265614682704222,314.22539818868415,168.27731519433684
49,125.0,20,50.0,2.0,1.5,3,0,1.315679964296626,286.3322262332199,198.76373268364046
49,125.0,20,50.0,1.0,2.0,1,0,0.9265614682704222,314.22539818868415,168.27731519433684
48,125.0,30,150.0,1.5,1.5,2,0,7.697137228197227,528.5102202196316,230.93993764700497
49,125.0,20,50.0,1.5,2.0,1,0,0.9265614682704222,314.22539818868415,168.27731519433684
48,125.0,30,150.0,1.0,1.5,4,0,9.200358398388133,583.5392240691343,199.17625985026734
49,125.0,20,50.0,1.0,2.0,3,0,1.315679964296626,286.3322262332199,198.76373268364046
49,125.0,20,50.0,1.5,2.0,3,0,1.315679964296626,286.3322262332199,198.76373268364046
48,125.0,30,150.0,1.5,2.0,4,0,9.200358398388133,583.5392240691343,199.17625985026734
48,125.0,30,150.0,2.0,2.0,2,0,7.697137228197227,528.5102202196316,230.93993764700497
48,125.0,30,150.0,1.0,1.5,1,0,10.147590027859794,518.1255589810148,278.63545787015914
48,125.0,30,150.0,2.0,1.5,4,0,9.200358398388133,583.5392240691343,199.17625985026734
48,125.0,30,150.0,1.0,1.5,3,0,10.982018103982854,588.7156284192499,259.79624804328637
48,125.0,30,150.0,2.0,1.5,1,0,10.147590027859794,518.1255589810148,278.63545787015914
48,125.0,30,150.0,1.5,2.0,1,0,10.147590027859794,518.1255589810148,278.63545787015914
48,125.0,30,150.0,1.5,1.5,4,0,9.200358398388133,583.5392240691343,199.17625985026734
48,125.0,30,150.0,1.0,1.5,0,0,11.631382100619827,618.457843509995,210.25148704041658
48,125.0,30,150.0,1.5,2.0,3,0,10.982018103982854,588.7156284192499,259.79624804328637
48,125.0,30,150.0,2.0,2.0,4,0,9.200358398388133,583.5392240691343,199.17625985026734
48,125.0,30,150.0,2.0,1.5,3,0,10.982018103982854,588.7156284192499,259.79624804328637
48,125.0,30,150.0,1.0,2.0,2,0,7.697137228197227,528.5102202196316,230.93993764700497
48,125.0,30,150.0,1.5,1.5,1,0,10.147590027859794,518.1255589810148,278.63545787015914
48,125.0,30,150.0,2.0,1.5,0,0,11.631382100619827,618.457843509995,210.25148704041658
48,125.0,30,150.0,1.5,2.0,0,0,11.631382100619827,618.457843509995,210.25148704041658
49,125.0,20,50.0,2.0,2.0,1,0,0.9265614682704222,314.22539818868415,168.27731519433684
48,125.0,30,150.0,2.0,2.0,1,0,10.147590027859794,518.1255589810148,278.63545787015914
48,125.0,30,150.0,1.5,1.5,3,0,10.982018103982854,588.7156284192499,259.79624804328637
49,125.0,20,50.0,2.0,2.0,3,0,1.315679964296626,286.3322262332199,198.76373268364046
48,125.0,30,150.0,2.0,2.0,3,0,10.982018103982854,588.7156284192499,259.79624804328637
49,125.0,25,50.0,1.0,1.0,1,0,0.9265614682704222,314.22539818868415,168.27731519433684
49,125.0,25,50.0,1.5,1.0,1,0,0.9265614682704222,314.22539818868415,168.27731519433684
48,125.0,30,150.0,2.0,2.0,0,0,11.631382100619827,618.457843509995,210.25148704041658
49,125.0,25,50.0,1.0,1.0,3,0,1.315679964296626,286.3322262332199,198.76373268364046
49,125.0,25,50.0,1.5,1.0,3,0,1.315679964296626,286.3322262332199,198.76373268364046
48,125.0,30,150.0,1.5,1.5,0,0,11.631382100619827,618.457843509995,210.25148704041658
48,125.0,30,150.0,1.0,2.0,4,0,9.200358398388133,583.5392240691343,199.17625985026734
48,125.0,30,150.0,1.0,2.0,1,0,10.147590027859794,518.1255589810148,278.63545787015914
49,125.0,25,50.0,2.0,1.0,1,0,0.9265614682704222,314.22539818868415,168.27731519433684
48,125.0,30,150.0,1.0,2.0,3,0,10.982018103982854,588.7156284192499,259.79624804328637
49,125.0,25,50.0,1.0,1.5,1,0,0.9265614682704222,314.22539818868415,168.27731519433684
49,125.0,25,50.0,1.0,1.5,3,0,1.315679964296626,286.3322262332199,198.76373268364046
49,125.0,25,50.0,2.0,1.0,3,0,1.315679964296626,286.3322262332199,198.76373268364046
48,125.0,30,150.0,1.0,2.0,0,0,11.631382100619827,618.457843509995,210.25148704041658
49,125.0,25,50.0,1.5,1.5,1,0,0.9265614682704222,314.22539818868415,168.27731519433684
49,125.0,25,50.0,1.5,1.5,3,0,1.315679964296626,286.3322262332199,198.76373268364046
49,125.0,20,50.0,1.0,1.0,4,1,24.40191427195859,848.1016041448804,419.37436044783584
49,125.0,20,50.0,1.0,1.0,2,1,27.29064465626475,818.0575419691764,455.53724495651306
49,125.0,20,50.0,1.0,1.5,4,1,24.40191427195859,848.1016041448804,419.37436044783584
49,125.0,20,50.0,1.5,1.5,4,1,24.40191427195859,848.1016041448804,419.37436044783584
49,125.0,20,50.0,1.5,1.0,4,1,24.40191427195859,848.1016041448804,419.37436044783584
49,125.0,20,50.0,1.0,2.0,4,1,23.65654984802026,848.1016041448804,419.37436044783584
49,125.0,20,50.0,1.5,1.5,2,1,27.29064465626475,818.0575419691764,455.53724495651306
49,125.0,20,50.0,1.0,1.5,2,1,27.29064465626475,818.0575419691764,455.53724495651306
49,125.0,20,50.0,2.0,1.5,4,1,24.40191427195859,848.1016041448804,419.37436044783584
49,125.0,20,50.0,1.5,1.0,2,1,26.189134838758292,818.0575419691764,455.53724495651306
49,125.0,20,50.0,1.0,2.0,2,1,26.189134838758292,818.0575419691764,455.53724495651306
49,125.0,20,50.0,2.0,1.0,4,1,23.65654984802026,848.1016041448804,419.37436044783584
49,125.0,20,50.0,2.0,1.5,2,1,27.29064465626475,818.0575419691764,455.53724495651306
49,125.0,20,50.0,1.5,2.0,4,1,23.65654984802026,848.1016041448804,419.37436044783584
49,125.0,25,50.0,1.5,1.0,4,1,24.733949089400102,848.1016041448804,419.37436044783584
49,125.0,20,50.0,1.5,2.0,2,1,26.189134838758292,818.0575419691764,455.53724495651306
49,125.0,20,50.0,2.0,1.0,2,1,26.189134838758292,818.0575419691764,455.53724495651306
49,125.0,25,50.0,2.0,1.0,4,1,24.733949089400102,848.1016041448804,419.37436044783584
49,125.0,20,50.0,2.0,2.0,4,1,23.65654984802026,848.1016041448804,419.37436044783584
49,125.0,25,50.0,1.5,1.0,2,1,27.15614789529306,818.0575419691764,455.53724495651306
49,125.0,25,50.0,1.0,1.0,4,1,24.733949089400102,848.1016041448804,419.37436044783584
49,125.0,25,50.0,2.0,1.0,2,1,27.15614789529306,818.0575419691764,455.53724495651306
49,125.0,20,50.0,2.0,2.0,2,1,26.189134838758292,818.0575419691764,455.53724495651306
49,125.0,25,50.0,1.0,1.5,4,1,22.645690685355067,848.1016041448804,419.37436044783584
49,125.0,25,50.0,1.0,1.0,2,1,27.15614789529306,818.0575419691764,455.53724495651306
49,125.0,25,50.0,1.5,1.5,4,1,23.981881449830258,848.1016041448804,419.37436044783584
49,125.0,25,50.0,1.0,1.5,2,1,24.95711751389746,818.0575419691764,455.53724495651306
49,125.0,25,50.0,1.5,1.5,2,1,25.35803479099773,818.0575419691764,455.53724495651306
49,125.0,25,50.0,1.0,1.5,0,0,39.42218126827683,411.416448139193,404.6553535842951
49,125.0,25,50.0,1.0,1.0,0,0,37.85315879100331,411.416448139193,404.6553535842951
49,125.0,25,50.0,1.0,2.0,1,0,0.9265614682704222,314.22539818868415,168.27731519433684
49,125.0,25,50.0,2.0,1.5,1,0,0.9265614682704222,314.22539818868415,168.27731519433684
49,125.0,25,50.0,2.0,1.5,3,0,1.315679964296626,286.3322262332199,198.76373268364046
49,125.0,25,50.0,1.0,2.0,3,0,1.315679964296626,286.3322262332199,198.76373268364046
49,125.0,20,50.0,1.5,1.5,0,0,66.88390062973549,411.416448139193,404.6553535842951
49,125.0,25,50.0,1.5,2.0,1,0,0.9265614682704222,314.22539818868415,168.27731519433684
49,125.0,25,50.0,1.5,2.0,3,0,1.315679964296626,286.3322262332199,198.76373268364046
49,125.0,20,50.0,1.5,1.0,0,0,68.64576050759896,411.416448139193,404.6553535842951
49,125.0,25,50.0,2.0,2.0,1,0,0.9265614682704222,314.22539818868415,168.27731519433684
49,125.0,25,50.0,2.0,2.0,3,0,1.315679964296626,286.3322262332199,198.76373268364046
49,125.0,25,50.0,1.5,1.5,0,0,58.33533780792606,411.416448139193,404.6553535842951
49,125.0,30,50.0,1.0,1.0,1,0,0.9265614682704222,314.22539818868415,168.27731519433684
49,125.0,30,50.0,1.0,1.0,3,0,1.315679964296626,286.3322262332199,198.76373268364046
49,125.0,25,50.0,1.0,2.0,4,1,21.674170840448983,848.1016041448804,419.37436044783584
49,125.0,25,50.0,1.0,2.0,2,1,23.899275594075785,818.0575419691764,455.53724495651306
49,125.0,25,50.0,2.0,1.5,4,1,23.981881449830258,848.1016041448804,419.37436044783584
49,125.0,25,50.0,2.0,1.5,2,1,25.35803479099773,818.0575419691764,455.53724495651306
49,125.0,20,50.0,2.0,2.0,0,0,71.11425408096787,411.416448139193,404.6553535842951
49,125.0,30,50.0,1.5,1.0,1,0,0.9265614682704222,314.22539818868415,168.27731519433684
49,125.0,30,50.0,1.5,1.0,3,0,1.315679964296626,286.3322262332199,198.76373268364046
49,125.0,25,50.0,1.0,2.0,0,0,31.82382016915734,411.416448139193,404.6553535842951
49,125.0,25,50.0,1.5,2.0,4,1,21.674170840448983,848.1016041448804,419.37436044783584
49,125.0,25,50.0,2.0,1.5,0,0,32.91203756481092,411.416448139193,404.6553535842951
49,125.0,30,50.0,2.0,1.0,1,0,0.9265614682704222,314.22539818868415,168.27731519433684
49,125.0,30,50.0,2.0,1.0,3,0,1.315679964296626,286.3322262332199,198.76373268364046
49,125.0,30,50.0,1.0,1.5,1,0,0.9265614682704222,314.22539818868415,168.27731519433684
49,125.0,30,50.0,1.0,1.5,3,0,1.315679964296626,286.3322262332199,198.76373268364046
49,125.0,25,50.0,1.5,2.0,2,1,23.899275594075785,818.0575419691764,455.53724495651306
49,125.0,30,50.0,1.5,1.5,1,0,0.9265614682704222,314.22539818868415,168.27731519433684
49,125.0,30,50.0,1.5,1.5,3,0,1.315679964296626,286.3322262332199,198.76373268364046
49,125.0,25,50.0,2.0,2.0,4,1,21.674170840448983,848.1016041448804,419.37436044783584
49,125.0,25,50.0,2.0,2.0,2,1,23.899275594075785,818.0575419691764,455.53724495651306
49,125.0,30,50.0,2.0,1.5,1,0,0.9265614682704222,314.22539818868415,168.27731519433684
49,125.0,30,50.0,2.0,1.5,3,0,1.315679964296626,286.3322262332199,198.76373268364046
49,125.0,30,50.0,1.0,1.0,4,1,21.87353740715799,848.1016041448804,419.37436044783584
49,125.0,30,50.0,1.0,2.0,1,0,0.9265614682704222,314.22539818868415,168.27731519433684
49,125.0,30,50.0,1.0,2.0,3,0,1.315679964296626,286.3322262332199,198.76373268364046
49,125.0,30,50.0,1.0,1.0,2,1,24.904799437930663,818.0575419691764,455.53724495651306
49,125.0,25,50.0,1.5,2.0,0,0,37.97437613414622,411.416448139193,404.6553535842951
49,125.0,30,50.0,2.0,2.0,1,0,0.9265614682704222,314.22539818868415,168.27731519433684
49,125.0,30,50.0,1.5,2.0,1,0,0.9265614682704222,314.22539818868415,168.27731519433684
49,125.0,30,50.0,1.5,2.0,3,0,1.315679964296626,286.3322262332199,198.76373268364046
49,125.0,30,50.0,2.0,2.0,3,0,1.315679964296626,286.3322262332199,198.76373268364046
49,125.0,30,50.0,1.0,1.0,0,0,28.140660006469787,411.416448139193,404.6553535842951
49,125.0,20,100.0,1.0,1.0,1,0,0.9265614682704222,314.22539818868415,168.27731519433684
49,125.0,20,100.0,1.0,1.0,3,0,1.315679964296626,286.3322262332199,198.76373268364046
49,125.0,30,50.0,1.5,1.0,4,1,23.981881449830258,848.1016041448804,419.37436044783584
49,125.0,30,50.0,1.5,1.5,4,1,22.645690685355067,848.1016041448804,419.37436044783584
49,125.0,30,50.0,1.5,1.0,2,1,25.35803479099773,818.0575419691764,455.53724495651306
49,125.0,30,50.0,1.0,1.5,4,1,22.645690685355067,848.1016041448804,419.37436044783584
49,125.0,30,50.0,1.5,1.5,2,1,24.95711751389746,818.0575419691764,455.53724495651306
49,125.0,30,50.0,1.0,1.5,2,1,24.95711751389746,818.0575419691764,455.53724495651306
49,125.0,20,100.0,1.5,1.0,1,0,0.9265614682704222,314.22539818868415,168.27731519433684
49,125.0,30,50.0,2.0,1.5,4,1,22.645690685355067,848.1016041448804,419.37436044783584
49,125.0,30,50.0,2.0,1.0,4,1,23.981881449830258,848.1016041448804,419.37436044783584
49,125.0,20,100.0,1.5,1.0,3,0,1.315679964296626,286.3322262332199,198.76373268364046
49,125.0,20,100.0,2.0,1.0,1,0,0.9265614682704222,314.22539818868415,168.27731519433684
49,125.0,30,50.0,2.0,1.0,2,1,25.35803479099773,818.0575419691764,455.53724495651306
49,125.0,20,100.0,2.0,1.0,3,0,1.315679964296626,286.3322262332199,198.76373268364046
49,125.0,30,50.0,2.0,1.5,2,1,24.95711751389746,818.0575419691764,455.53724495651306
49,125.0,20,100.0,1.0,1.5,1,0,0.9265614682704222,314.22539818868415,168.27731519433684
49,125.0,20,100.0,1.0,1.5,3,0,1.315679964296626,286.3322262332199,198.76373268364046
49,125.0,20,100.0,1.5,1.5,1,0,0.9265614682704222,314.22539818868415,168.27731519433684
49,125.0,30,50.0,1.5,1.0,0,0,34.32710703017073,411.416448139193,404.6553535842951
49,125.0,30,50.0,1.5,2.0,4,1,22.436697297514158,848.1016041448804,419.37436044783584
49,125.0,20,100.0,1.5,1.5,3,0,1.315679964296626,286.3322262332199,198.76373268364046
49,125.0,30,50.0,1.0,2.0,4,1,22.436697297514158,848.1016041448804,419.37436044783584
49,125.0,30,50.0,1.5,1.5,0,0,34.69791431256222,411.416448139193,404.6553535842951
49,125.0,20,100.0,1.0,2.0,1,0,0.9265614682704222,314.22539818868415,168.27731519433684
49,125.0,30,50.0,2.0,2.0,4,1,22.436697297514158,848.1016041448804,419.37436044783584
49,125.0,20,100.0,2.0,1.5,1,0,0.9265614682704222,314.22539818868415,168.27731519433684
49,125.0,20,100.0,1.0,2.0,3,0,1.315679964296626,286.3322262332199,198.76373268364046
49,125.0,20,100.0,2.0,1.5,3,0,1.315679964296626,286.3322262332199,198.76373268364046
49,125.0,30,50.0,1.5,2.0,2,1,25.497719111911334,818.0575419691764,455.53724495651306
49,125.0,30,50.0,1.0,2.0,2,1,25.497719111911334,818.0575419691764,455.53724495651306
49,125.0,20,100.0,1.0,1.0,4,1,20.732679037765422,848.1016041448804,419.37436044783584
49,125.0,30,50.0,2.0,2.0,2,1,25.497719111911334,818.0575419691764,455.53724495651306
49,125.0,30,50.0,2.0,1.0,0,0,32.91203756481092,411.416448139193,404.6553535842951
49,125.0,20,100.0,1.5,2.0,1,0,0.9265614682704222,314.22539818868415,168.27731519433684
49,125.0,20,100.0,1.5,2.0,3,0,1.315679964296626,286.3322262332199,198.76373268364046
49,125.0,20,100.0,1.0,1.0,2,1,22.95968892020529,818.0575419691764,455.53724495651306
49,125.0,25,50.0,2.0,2.0,0,0,57.67828411125609,411.416448139193,404.6553535842951
49,125.0,20,100.0,2.0,2.0,1,0,0.9265614682704222,314.22539818868415,168.27731519433684
49,125.0,30,50.0,2.0,2.0,0,0,33.365952061068235,411.416448139193,404.6553535842951
49,125.0,20,100.0,2.0,2.0,3,0,1.315679964296626,286.3322262332199,198.76373268364046
49,125.0,30,50.0,1.5,2.0,0,0,33.365952061068235,411.416448139193,404.6553535842951
49,125.0,25,100.0,1.0,1.0,1,0,0.9265614682704222,314.22539818868415,168.27731519433684
49,125.0,30,50.0,1.0,1.5,0,0,41.353854911403076,411.416448139193,404.6553535842951
49,125.0,25,100.0,1.5,1.0,1,0,0.9265614682704222,314.22539818868415,168.27731519433684
49,125.0,25,100.0,1.0,1.0,3,0,1.315679964296626,286.3322262332199,198.76373268364046
49,125.0,25,100.0,1.5,1.0,3,0,1.315679964296626,286.3322262332199,198.76373268364046
49,125.0,25,100.0,2.0,1.0,1,0,0.9265614682704222,314.22539818868415,168.27731519433684
49,125.0,25,100.0,2.0,1.0,3,0,1.315679964296626,286.3322262332199,198.76373268364046
49,125.0,20,100.0,1.5,1.5,4,1,20.732679037765422,848.1016041448804,419.37436044783584
49,125.0,30,50.0,1.0,2.0,0,0,41.47472826930245,411.416448139193,404.6553535842951
49,125.0,25,100.0,1.0,1.5,1,0,0.9265614682704222,314.22539818868415,168.27731519433684
49,125.0,20,100.0,1.0,1.5,4,1,20.732679037765422,848.1016041448804,419.37436044783584
49,125.0,20,100.0,1.5,1.0,4,1,20.732679037765422,848.1016041448804,419.37436044783584
49,125.0,25,100.0,1.0,1.5,3,0,1.315679964296626,286.3322262332199,198.76373268364046
49,125.0,20,100.0,1.0,2.0,4,1,20.732679037765422,848.1016041448804,419.37436044783584
49,125.0,20,100.0,1.5,1.5,2,1,22.95968892020529,818.0575419691764,455.53724495651306
49,125.0,20,100.0,2.0,1.5,4,1,20.732679037765422,848.1016041448804,419.37436044783584
49,125.0,30,50.0,2.0,1.5,0,0,48.46630437709392,411.416448139193,404.6553535842951
49,125.0,20,100.0,1.5,1.0,2,1,22.95968892020529,818.0575419691764,455.53724495651306
49,125.0,20,100.0,2.0,1.0,4,1,20.732679037765422,848.1016041448804,419.37436044783584
49,125.0,20,100.0,1.0,1.5,2,1,22.95968892020529,818.0575419691764,455.53724495651306
49,125.0,25,100.0,1.5,1.5,1,0,0.9265614682704222,314.22539818868415,168.27731519433684
49,125.0,20,100.0,1.0,2.0,2,1,22.95968892020529,818.0575419691764,455.53724495651306
49,125.0,25,100.0,1.5,1.5,3,0,1.315679964296626,286.3322262332199,198.76373268364046
49,125.0,20,100.0,2.0,1.5,2,1,22.95968892020529,818.0575419691764,455.53724495651306
49,125.0,20,100.0,2.0,1.0,2,1,22.95968892020529,818.0575419691764,455.53724495651306
49,125.0,20,100.0,1.5,2.0,4,1,20.732679037765422,848.1016041448804,419.37436044783584
49,125.0,25,100.0,1.5,1.0,4,1,18.663083283673917,848.1016041448804,419.37436044783584
49,125.0,20,100.0,1.5,2.0,2,1,22.95968892020529,818.0575419691764,455.53724495651306
49,125.0,25,100.0,1.5,1.0,2,1,20.672656535695726,818.0575419691764,455.53724495651306
49,125.0,25,100.0,2.0,1.0,4,1,17.81371123173067,848.1016041448804,419.37436044783584
49,125.0,25,100.0,1.0,1.0,4,1,19.143034137755308,848.1016041448804,419.37436044783584
49,125.0,20,100.0,2.0,2.0,4,1,20.732679037765422,848.1016041448804,419.37436044783584
49,125.0,25,100.0,1.0,1.5,4,1,19.143034137755308,848.1016041448804,419.37436044783584
49,125.0,25,100.0,2.0,1.0,2,1,20.12749573348845,818.0575419691764,455.53724495651306
49,125.0,25,100.0,1.0,1.5,2,1,22.001432016028314,818.0575419691764,455.53724495651306
49,125.0,25,100.0,1.0,1.0,2,1,22.001432016028314,818.0575419691764,455.53724495651306
49,125.0,20,100.0,2.0,2.0,2,1,22.95968892020529,818.0575419691764,455.53724495651306
49,125.0,25,100.0,1.5,1.5,4,1,18.752454140834498,848.1016041448804,419.37436044783584
49,125.0,25,100.0,1.5,1.5,2,1,20.99696879611027,818.0575419691764,455.53724495651306
49,125.0,25,100.0,1.5,1.5,0,0,45.85181391419861,411.416448139193,404.6553535842951
49,125.0,25,100.0,2.0,1.5,1,0,0.9265614682704222,314.22539818868415,168.27731519433684
49,125.0,25,100.0,2.0,1.5,3,0,1.315679964296626,286.3322262332199,198.76373268364046
49,125.0,25,100.0,1.0,1.0,0,0,54.792171914955944,411.416448139193,404.6553535842951
49,125.0,25,100.0,1.0,2.0,1,0,0.9265614682704222,314.22539818868415,168.27731519433684
49,125.0,25,100.0,1.0,1.5,0,0,56.279498394853405,411.416448139193,404.6553535842951
49,125.0,25,100.0,1.0,2.0,3,0,1.315679964296626,286.3322262332199,198.76373268364046
49,125.0,25,100.0,1.5,2.0,1,0,0.9265614682704222,314.22539818868415,168.27731519433684
49,125.0,25,100.0,1.5,2.0,3,0,1.315679964296626,286.3322262332199,198.76373268364046
49,125.0,20,100.0,1.5,1.5,0,0,72.49450547136102,411.416448139193,404.6553535842951
49,125.0,25,100.0,2.0,2.0,1,0,0.9265614682704222,314.22539818868415,168.27731519433684
49,125.0,20,100.0,2.0,1.5,0,0,77.20054599062986,411.416448139193,404.6553535842951
49,125.0,30,100.0,1.0,1.0,1,0,0.9265614682704222,314.22539818868415,168.27731519433684
49,125.0,25,100.0,2.0,2.0,3,0,1.315679964296626,286.3322262332199,198.76373268364046
49,125.0,25,100.0,2.0,1.5,4,1,17.81371123173067,848.1016041448804,419.37436044783584
49,125.0,30,100.0,1.0,1.0,3,0,1.315679964296626,286.3322262332199,198.76373268364046
49,125.0,25,100.0,2.0,1.5,2,1,20.12749573348845,818.0575419691764,455.53724495651306
49,125.0,25,100.0,1.0,2.0,4,1,19.143034137755308,848.1016041448804,419.37436044783584
49,125.0,20,100.0,2.0,1.0,0,0,76.06850864341989,411.416448139193,404.6553535842951
49,125.0,25,100.0,1.5,1.0,0,0,81.34115168142445,411.416448139193,404.6553535842951
49,125.0,30,100.0,2.0,1.0,1,0,0.9265614682704222,314.22539818868415,168.27731519433684
49,125.0,30,100.0,1.5,1.0,1,0,0.9265614682704222,314.22539818868415,168.27731519433684
49,125.0,30,100.0,2.0,1.0,3,0,1.315679964296626,286.3322262332199,198.76373268364046
49,125.0,25,100.0,1.0,2.0,2,1,22.001432016028314,818.0575419691764,455.53724495651306
49,125.0,30,100.0,1.5,1.0,3,0,1.315679964296626,286.3322262332199,198.76373268364046
49,125.0,25,100.0,1.5,2.0,4,1,18.752454140834498,848.1016041448804,419.37436044783584
49,125.0,25,100.0,1.5,2.0,2,1,20.99696879611027,818.0575419691764,455.53724495651306
49,125.0,20,100.0,1.0,1.0,0,1,95.23405426582804,411.416448139193,404.6553535842951
49,125.0,20,100.0,1.5,2.0,0,0,74.66732036639033,411.416448139193,404.6553535842951
49,125.0,30,100.0,1.5,1.5,1,0,0.9265614682704222,314.22539818868415,168.27731519433684
49,125.0,30,100.0,1.0,1.5,1,0,0.9265614682704222,314.22539818868415,168.27731519433684
49,125.0,30,100.0,1.5,1.5,3,0,1.315679964296626,286.3322262332199,198.76373268364046
49,125.0,30,100.0,1.0,1.5,3,0,1.315679964296626,286.3322262332199,198.76373268364046
49,125.0,30,100.0,2.0,1.5,1,0,0.9265614682704222,314.22539818868415,168.27731519433684
49,125.0,30,100.0,2.0,1.5,3,0,1.315679964296626,286.3322262332199,198.76373268364046
49,125.0,25,100.0,2.0,1.0,0,0,73.81686945359232,411.416448139193,404.6553535842951
49,125.0,20,100.0,2.0,2.0,0,0,77.20054599062986,411.416448139193,404.6553535842951
49,125.0,30,100.0,1.0,2.0,1,0,0.9265614682704222,314.22539818868415,168.27731519433684
49,125.0,30,100.0,1.5,2.0,1,0,0.9265614682704222,314.22539818868415,168.27731519433684
49,125.0,30,100.0,1.0,2.0,3,0,1.315679964296626,286.3322262332199,198.76373268364046
49,125.0,30,100.0,1.5,2.0,3,0,1.315679964296626,286.3322262332199,198.76373268364046
49,125.0,25,100.0,2.0,2.0,4,1,17.81371123173067,848.1016041448804,419.37436044783584
49,125.0,25,100.0,2.0,2.0,2,1,20.12749573348845,818.0575419691764,455.53724495651306
49,125.0,30,100.0,1.0,1.0,4,1,23.637984247559498,848.1016041448804,419.37436044783584
49,125.0,30,100.0,1.0,1.0,2,1,26.36503399144341,818.0575419691764,455.53724495651306
49,125.0,30,100.0,2.0,2.0,1,0,0.9265614682704222,314.22539818868415,168.27731519433684
49,125.0,30,100.0,2.0,2.0,3,0,1.315679964296626,286.3322262332199,198.76373268364046
49,125.0,30,100.0,2.0,1.0,4,1,23.637984247559498,848.1016041448804,419.37436044783584
49,125.0,25,100.0,2.0,1.5,0,0,47.35930698896633,411.416448139193,404.6553535842951
49,125.0,30,100.0,1.5,1.0,4,1,23.637984247559498,848.1016041448804,419.37436044783584
49,125.0,20,150.0,1.0,1.0,1,0,0.9265614682704222,314.22539818868415,168.27731519433684
49,125.0,30,100.0,2.0,1.0,2,1,26.36503399144341,818.0575419691764,455.53724495651306
49,125.0,20,150.0,1.0,1.0,3,0,2.3971758923348476,286.3322262332199,198.76373268364046
49,125.0,30,100.0,1.5,1.0,2,1,26.36503399144341,818.0575419691764,455.53724495651306
49,125.0,30,100.0,1.0,1.5,4,1,23.637984247559498,848.1016041448804,419.37436044783584
49,125.0,25,100.0,1.5,2.0,0,0,45.85181391419861,411.416448139193,404.6553535842951
49,125.0,30,100.0,1.0,1.0,0,0,36.010552003097764,411.416448139193,404.6553535842951
49,125.0,20,150.0,1.5,1.0,1,0,0.9265614682704222,314.22539818868415,168.27731519433684
49,125.0,30,100.0,1.0,1.5,2,1,26.36503399144341,818.0575419691764,455.53724495651306
49,125.0,20,150.0,2.0,1.0,1,0,0.9265614682704222,314.22539818868415,168.27731519433684
49,125.0,20,150.0,1.0,1.5,1,0,0.9265614682704222,314.22539818868415,168.27731519433684
49,125.0,30,100.0,1.5,1.5,4,1,23.637984247559498,848.1016041448804,419.37436044783584
49,125.0,20,150.0,1.5,1.0,3,0,2.3971758923348476,286.3322262332199,198.76373268364046
49,125.0,25,100.0,1.0,2.0,0,0,56.279498394853405,411.416448139193,404.6553535842951
49,125.0,20,150.0,2.0,1.0,3,0,2.3971758923348476,286.3322262332199,198.76373268364046
49,125.0,30,100.0,2.0,1.5,4,1,23.637984247559498,848.1016041448804,419.37436044783584
49,125.0,20,150.0,1.0,1.0,0,0,9.155545587267316,411.416448139193,404.6553535842951
49,125.0,30,100.0,2.0,1.0,0,0,36.010552003097764,411.416448139193,404.6553535842951
49,125.0,20,150.0,1.5,1.5,1,0,0.9265614682704222,314.22539818868415,168.27731519433684
49,125.0,20,150.0,1.0,1.5,3,0,2.3971758923348476,286.3322262332199,198.76373268364046
49,125.0,20,150.0,2.0,1.5,1,0,0.9265614682704222,314.22539818868415,168.27731519433684
49,125.0,30,100.0,1.5,1.5,2,1,26.36503399144341,818.0575419691764,455.53724495651306
49,125.0,30,100.0,1.0,2.0,4,1,23.637984247559498,848.1016041448804,419.37436044783584
49,125.0,30,100.0,2.0,1.5,2,1,26.36503399144341,818.0575419691764,455.53724495651306
49,125.0,20,150.0,2.0,1.5,3,0,2.3971758923348476,286.3322262332199,198.76373268364046
49,125.0,20,150.0,1.5,1.5,3,0,2.3971758923348476,286.3322262332199,198.76373268364046
49,125.0,30,100.0,1.5,2.0,4,1,23.637984247559498,848.1016041448804,419.37436044783584
49,125.0,30,100.0,1.0,2.0,2,1,26.36503399144341,818.0575419691764,455.53724495651306
49,125.0,30,100.0,1.5,2.0,2,1,26.36503399144341,818.0575419691764,455.53724495651306
49,125.0,20,150.0,1.5,1.0,0,0,9.155545587267316,411.416448139193,404.6553535842951
49,125.0,20,150.0,1.0,1.5,0,0,9.155545587267316,411.416448139193,404.6553535842951
49,125.0,20,150.0,2.0,1.0,0,0,9.155545587267316,411.416448139193,404.6553535842951
49,125.0,30,100.0,1.5,1.0,0,0,36.010552003097764,411.416448139193,404.6553535842951
49,125.0,20,150.0,1.0,2.0,1,0,0.9265614682704222,314.22539818868415,168.27731519433684
49,125.0,20,150.0,2.0,1.5,0,0,9.155545587267316,411.416448139193,404.6553535842951
49,125.0,20,150.0,1.0,2.0,3,0,2.3971758923348476,286.3322262332199,198.76373268364046
49,125.0,20,150.0,1.5,1.5,0,0,9.155545587267316,411.416448139193,404.6553535842951
49,125.0,30,100.0,2.0,2.0,4,1,23.637984247559498,848.1016041448804,419.37436044783584
49,125.0,25,100.0,2.0,2.0,0,0,47.35930698896633,411.416448139193,404.6553535842951
49,125.0,20,150.0,1.0,1.0,4,1,25.73885652156152,848.1016041448804,419.37436044783584
49,125.0,20,150.0,1.5,2.0,1,0,0.9265614682704222,314.22539818868415,168.27731519433684
49,125.0,30,100.0,2.0,2.0,2,1,26.36503399144341,818.0575419691764,455.53724495651306
49,125.0,20,150.0,1.0,2.0,0,0,9.155545587267316,411.416448139193,404.6553535842951
49,125.0,20,150.0,1.5,2.0,3,0,2.3971758923348476,286.3322262332199,198.76373268364046
49,125.0,20,150.0,1.0,1.0,2,1,28.917417852645567,818.0575419691764,455.53724495651306
49,125.0,20,150.0,2.0,2.0,1,0,0.9265614682704222,314.22539818868415,168.27731519433684
49,125.0,20,150.0,2.0,2.0,3,0,2.3971758923348476,286.3322262332199,198.76373268364046
49,125.0,20,150.0,1.5,1.5,4,1,25.73885652156152,848.1016041448804,419.37436044783584
49,125.0,20,150.0,1.5,1.0,4,1,25.73885652156152,848.1016041448804,419.37436044783584
49,125.0,20,150.0,1.5,2.0,0,0,9.155545587267316,411.416448139193,404.6553535842951
49,125.0,20,150.0,2.0,1.5,4,1,25.73885652156152,848.1016041448804,419.37436044783584
49,125.0,20,150.0,2.0,2.0,0,0,9.155545587267316,411.416448139193,404.6553535842951
49,125.0,20,150.0,1.0,1.5,4,1,25.73885652156152,848.1016041448804,419.37436044783584
49,125.0,20,150.0,1.5,1.0,2,1,28.917417852645567,818.0575419691764,455.53724495651306
49,125.0,20,150.0,2.0,1.0,4,1,25.73885652156152,848.1016041448804,419.37436044783584
49,125.0,20,150.0,1.5,1.5,2,1,28.917417852645567,818.0575419691764,455.53724495651306
49,125.0,25,150.0,1.0,1.0,1,0,0.9265614682704222,314.22539818868415,168.27731519433684
49,125.0,25,150.0,1.0,1.0,3,0,1.315679964296626,286.3322262332199,198.76373268364046
49,125.0,20,150.0,2.0,1.5,2,1,28.917417852645567,818.0575419691764,455.53724495651306
49,125.0,25,150.0,1.5,1.0,1,0,0.9265614682704222,314.22539818868415,168.27731519433684
49,125.0,25,150.0,1.5,1.0,3,0,1.315679964296626,286.3322262332199,198.76373268364046
49,125.0,20,150.0,1.0,1.5,2,1,28.917417852645567,818.0575419691764,455.53724495651306
49,125.0,20,150.0,2.0,1.0,2,1,28.917417852645567,818.0575419691764,455.53724495651306
49,125.0,25,150.0,2.0,1.0,1,0,0.9265614682704222,314.22539818868415,168.27731519433684
49,125.0,25,150.0,1.0,1.5,1,0,0.9265614682704222,314.22539818868415,168.27731519433684
49,125.0,25,150.0,1.5,1.5,1,0,0.9265614682704222,314.22539818868415,168.27731519433684
49,125.0,25,150.0,2.0,1.0,3,0,1.315679964296626,286.3322262332199,198.76373268364046
49,125.0,25,150.0,1.0,1.5,3,0,1.315679964296626,286.3322262332199,198.76373268364046
49,125.0,25,150.0,1.5,1.5,3,0,1.315679964296626,286.3322262332199,198.76373268364046
49,125.0,30,100.0,2.0,1.5,0,0,54.19389880061968,411.416448139193,404.6553535842951
49,125.0,30,100.0,1.0,2.0,0,0,54.19389880061968,411.416448139193,404.6553535842951
49,125.0,25,150.0,1.0,2.0,1,0,0.9265614682704222,314.22539818868415,168.27731519433684
49,125.0,25,150.0,2.0,1.5,1,0,0.9265614682704222,314.22539818868415,168.27731519433684
49,125.0,25,150.0,1.0,2.0,3,0,1.315679964296626,286.3322262332199,198.76373268364046
49,125.0,25,150.0,2.0,1.5,3,0,1.315679964296626,286.3322262332199,198.76373268364046
49,125.0,30,100.0,1.5,1.5,0,0,54.19389880061968,411.416448139193,404.6553535842951
49,125.0,25,150.0,1.5,2.0,1,0,0.9265614682704222,314.22539818868415,168.27731519433684
49,125.0,25,150.0,1.5,2.0,3,0,1.315679964296626,286.3322262332199,198.76373268364046
49,125.0,30,100.0,1.5,2.0,0,0,54.19389880061968,411.416448139193,404.6553535842951
49,125.0,25,150.0,2.0,2.0,1,0,0.9265614682704222,314.22539818868415,168.27731519433684
49,125.0,25,150.0,2.0,2.0,3,0,1.315679964296626,286.3322262332199,198.76373268364046
49,125.0,20,150.0,1.0,2.0,4,1,25.73885652156152,848.1016041448804,419.37436044783584
49,125.0,20,150.0,2.0,2.0,4,1,25.73885652156152,848.1016041448804,419.37436044783584
49,125.0,20,150.0,1.0,2.0,2,1,28.917417852645567,818.0575419691764,455.53724495651306
49,125.0,25,150.0,1.0,1.0,4,1,18.03818773469503,848.1016041448804,419.37436044783584
49,125.0,30,150.0,1.0,1.0,1,0,0.9265614682704222,314.22539818868415,168.27731519433684
49,125.0,30,150.0,1.0,1.0,3,0,1.315679964296626,286.3322262332199,198.76373268364046
49,125.0,20,150.0,2.0,2.0,2,1,28.917417852645567,818.0575419691764,455.53724495651306
49,125.0,25,150.0,1.5,1.0,4,1,18.03818773469503,848.1016041448804,419.37436044783584
49,125.0,25,150.0,1.0,1.0,2,1,20.74734707297525,818.0575419691764,455.53724495651306
49,125.0,25,150.0,2.0,1.0,4,1,18.03818773469503,848.1016041448804,419.37436044783584
49,125.0,30,150.0,1.5,1.0,1,0,0.9265614682704222,314.22539818868415,168.27731519433684
49,125.0,20,150.0,1.5,2.0,4,1,25.73885652156152,848.1016041448804,419.37436044783584
49,125.0,30,150.0,1.5,1.0,3,0,1.315679964296626,286.3322262332199,198.76373268364046
49,125.0,25,150.0,1.5,1.0,2,1,20.74734707297525,818.0575419691764,455.53724495651306
49,125.0,25,150.0,1.0,1.5,4,1,18.03818773469503,848.1016041448804,419.37436044783584
49,125.0,25,150.0,2.0,1.0,2,1,20.74734707297525,818.0575419691764,455.53724495651306
49,125.0,30,100.0,2.0,2.0,0,0,54.19389880061968,411.416448139193,404.6553535842951
49,125.0,25,150.0,1.0,2.0,4,1,18.03818773469503,848.1016041448804,419.37436044783584
49,125.0,20,150.0,1.5,2.0,2,1,28.917417852645567,818.0575419691764,455.53724495651306
49,125.0,30,150.0,1.0,1.5,1,0,0.9265614682704222,314.22539818868415,168.27731519433684
49,125.0,25,150.0,2.0,1.5,4,1,18.03818773469503,848.1016041448804,419.37436044783584
49,125.0,25,150.0,2.0,2.0,4,1,18.03818773469503,848.1016041448804,419.37436044783584
49,125.0,25,150.0,1.0,1.5,2,1,20.74734707297525,818.0575419691764,455.53724495651306
49,125.0,30,150.0,1.0,1.5,3,0,1.315679964296626,286.3322262332199,198.76373268364046
49,125.0,30,150.0,2.0,1.0,1,0,0.9265614682704222,314.22539818868415,168.27731519433684
49,125.0,25,150.0,1.5,1.5,4,1,18.03818773469503,848.1016041448804,419.37436044783584
49,125.0,30,150.0,2.0,1.0,3,0,1.315679964296626,286.3322262332199,198.76373268364046
49,125.0,25,150.0,1.0,2.0,2,1,20.74734707297525,818.0575419691764,455.53724495651306
49,125.0,25,150.0,1.5,2.0,4,1,18.03818773469503,848.1016041448804,419.37436044783584
49,125.0,25,150.0,2.0,1.5,2,1,20.74734707297525,818.0575419691764,455.53724495651306
49,125.0,25,150.0,2.0,2.0,2,1,20.74734707297525,818.0575419691764,455.53724495651306
49,125.0,25,150.0,1.5,1.5,2,1,20.74734707297525,818.0575419691764,455.53724495651306
49,125.0,30,100.0,1.0,1.5,0,0,84.31240876091461,411.416448139193,404.6553535842951
49,125.0,30,150.0,1.5,1.5,1,0,0.9265614682704222,314.22539818868415,168.27731519433684
49,125.0,30,150.0,1.5,1.5,3,0,1.315679964296626,286.3322262332199,198.76373268364046
49,125.0,25,150.0,1.5,2.0,2,1,20.74734707297525,818.0575419691764,455.53724495651306
49,125.0,30,150.0,1.0,1.0,4,1,16.977767805903785,848.1016041448804,419.37436044783584
49,125.0,30,150.0,1.5,1.0,4,1,16.977767805903785,848.1016041448804,419.37436044783584
49,125.0,30,150.0,1.0,1.0,2,1,19.457641252953884,818.0575419691764,455.53724495651306
49,125.0,30,150.0,1.5,1.0,2,1,19.457641252953884,818.0575419691764,455.53724495651306
49,125.0,30,150.0,2.0,1.0,4,1,16.977767805903785,848.1016041448804,419.37436044783584
49,125.0,25,150.0,1.0,1.0,0,0,46.16746951506801,411.416448139193,404.6553535842951
49,125.0,30,150.0,1.0,1.5,4,1,16.977767805903785,848.1016041448804,419.37436044783584
49,125.0,30,150.0,1.5,1.5,4,1,16.977767805903785,848.1016041448804,419.37436044783584
49,125.0,30,150.0,2.0,1.5,1,0,0.9265614682704222,314.22539818868415,168.27731519433684
49,125.0,25,150.0,1.5,1.0,0,0,46.16746951506801,411.416448139193,404.6553535842951
49,125.0,30,150.0,2.0,1.5,3,0,1.315679964296626,286.3322262332199,198.76373268364046
49,125.0,30,150.0,2.0,1.0,2,1,19.457641252953884,818.0575419691764,455.53724495651306
49,125.0,30,150.0,1.5,1.5,2,1,19.457641252953884,818.0575419691764,455.53724495651306
49,125.0,30,150.0,1.0,1.5,2,1,19.457641252953884,818.0575419691764,455.53724495651306
49,125.0,30,150.0,1.0,2.0,1,0,0.9265614682704222,314.22539818868415,168.27731519433684
49,125.0,30,150.0,1.0,2.0,3,0,1.315679964296626,286.3322262332199,198.76373268364046
49,125.0,25,150.0,1.0,1.5,0,0,46.16746951506801,411.416448139193,404.6553535842951
49,125.0,25,150.0,2.0,1.0,0,0,51.35446175933869,411.416448139193,404.6553535842951
49,125.0,30,150.0,1.5,2.0,1,0,0.9265614682704222,314.22539818868415,168.27731519433684
49,125.0,30,150.0,1.5,2.0,3,0,1.315679964296626,286.3322262332199,198.76373268364046
49,125.0,30,150.0,2.0,2.0,1,0,0.9265614682704222,314.22539818868415,168.27731519433684
49,125.0,30,150.0,2.0,2.0,3,0,1.315679964296626,286.3322262332199,198.76373268364046
49,125.0,25,150.0,2.0,1.5,0,0,51.35446175933869,411.416448139193,404.6553535842951
49,125.0,30,150.0,1.0,2.0,4,1,16.977767805903785,848.1016041448804,419.37436044783584
49,125.0,30,150.0,2.0,1.5,4,1,16.977767805903785,848.1016041448804,419.37436044783584
49,125.0,25,150.0,1.5,1.5,0,0,51.35446175933869,411.416448139193,404.6553535842951
49,125.0,30,150.0,1.0,2.0,2,1,19.457641252953884,818.0575419691764,455.53724495651306
49,125.0,30,150.0,2.0,1.5,2,1,19.457641252953884,818.0575419691764,455.53724495651306
49,125.0,30,150.0,2.0,2.0,4,1,16.977767805903785,848.1016041448804,419.37436044783584
49,125.0,30,150.0,1.5,2.0,4,1,16.977767805903785,848.1016041448804,419.37436044783584
50,125.0,20,50.0,1.0,1.0,1,0,6.6699231959600835,491.6143682701822,201.09815262649167
49,125.0,30,150.0,2.0,2.0,2,1,19.457641252953884,818.0575419691764,455.53724495651306
49,125.0,30,150.0,1.5,2.0,2,1,19.457641252953884,818.0575419691764,455.53724495651306
50,125.0,20,50.0,1.5,1.0,1,0,6.6699231959600835,491.6143682701822,201.09815262649167
50,125.0,20,50.0,1.0,1.0,0,0,10.829362880862863,470.64839563165447,234.17356719079964
50,125.0,20,50.0,1.5,1.0,0,0,10.829362880862863,470.64839563165447,234.17356719079964
49,125.0,30,150.0,1.5,1.5,0,0,59.94450793569451,411.416448139193,404.6553535842951
49,125.0,30,150.0,1.5,1.0,0,0,70.90617224195624,411.416448139193,404.6553535842951
50,125.0,20,50.0,1.0,1.0,2,0,25.616537208598377,505.447760502256,245.70114898511096
50,125.0,20,50.0,2.0,1.0,1,0,6.6699231959600835,491.6143682701822,201.09815262649167
50,125.0,20,50.0,1.0,1.5,1,0,6.6699231959600835,491.6143682701822,201.09815262649167
50,125.0,20,50.0,2.0,1.0,0,0,10.829362880862863,470.64839563165447,234.17356719079964
49,125.0,30,150.0,1.0,1.5,0,0,59.94450793569451,411.416448139193,404.6553535842951
49,125.0,25,150.0,1.5,2.0,0,0,77.8705135040904,411.416448139193,404.6553535842951
50,125.0,20,50.0,1.5,1.0,2,0,30.555976685915216,505.447760502256,245.70114898511096
49,125.0,25,150.0,1.0,2.0,0,0,88.19449022426795,411.416448139193,404.6553535842951
49,125.0,30,150.0,2.0,1.5,0,0,59.94450793569451,411.416448139193,404.6553535842951
50,125.0,20,50.0,1.5,1.5,1,0,6.6699231959600835,491.6143682701822,201.09815262649167
49,125.0,30,150.0,2.0,1.0,0,0,70.90617224195624,411.416448139193,404.6553535842951
50,125.0,20,50.0,2.0,1.0,2,0,23.090553666906025,505.447760502256,245.70114898511096
50,125.0,20,50.0,1.0,2.0,1,0,6.6699231959600835,491.6143682701822,201.09815262649167
50,125.0,20,50.0,2.0,1.5,1,0,6.6699231959600835,491.6143682701822,201.09815262649167
50,125.0,20,50.0,1.5,2.0,1,0,6.6699231959600835,491.6143682701822,201.09815262649167
50,125.0,20,50.0,2.0,2.0,1,0,6.6699231959600835,491.6143682701822,201.09815262649167
50,125.0,20,50.0,1.5,2.0,0,0,17.55389905331839,470.64839563165447,234.17356719079964
50,125.0,20,50.0,1.5,1.5,0,0,19.874674576700794,470.64839563165447,234.17356719079964
50,125.0,20,50.0,2.0,1.5,0,0,19.874674576700794,470.64839563165447,234.17356719079964
50,125.0,25,50.0,1.0,1.0,1,0,6.6699231959600835,491.6143682701822,201.09815262649167
50,125.0,20,50.0,1.0,2.0,0,0,24.732409209498194,470.64839563165447,234.17356719079964
50,125.0,20,50.0,1.5,1.5,3,0,26.13968900162707,469.64832458738795,284.35811599372937
50,125.0,20,50.0,1.5,2.0,3,0,27.75566997347122,469.64832458738795,284.35811599372937
50,125.0,25,50.0,1.0,1.0,0,0,10.829362880862863,470.64839563165447,234.17356719079964
50,125.0,20,50.0,2.0,2.0,0,0,17.55389905331839,470.64839563165447,234.17356719079964
50,125.0,20,50.0,2.0,1.5,3,0,26.84114278437032,469.64832458738795,284.35811599372937
49,125.0,30,150.0,1.0,2.0,0,0,91.14921524542717,411.416448139193,404.6553535842951
49,125.0,30,150.0,2.0,2.0,0,0,92.89570838212994,411.416448139193,404.6553535842951
50,125.0,25,50.0,1.5,1.0,1,0,6.6699231959600835,491.6143682701822,201.09815262649167
50,125.0,20,50.0,2.0,1.0,3,0,60.523313000554474,469.64832458738795,284.35811599372937
50,125.0,20,50.0,2.0,2.0,3,0,27.75566997347122,469.64832458738795,284.35811599372937
49,125.0,30,150.0,1.5,2.0,0,0,94.94065626064568,411.416448139193,404.6553535842951
50,125.0,25,50.0,2.0,1.0,1,0,6.6699231959600835,491.6143682701822,201.09815262649167
50,125.0,20,50.0,1.5,1.0,3,0,71.45390882776469,469.64832458738795,284.35811599372937
50,125.0,25,50.0,1.5,1.0,0,0,10.829362880862863,470.64839563165447,234.17356719079964
50,125.0,20,50.0,1.5,1.5,2,0,43.183542442672824,505.447760502256,245.70114898511096
50,125.0,25,50.0,2.0,1.0,0,0,10.829362880862863,470.64839563165447,234.17356719079964
50,125.0,20,50.0,1.0,1.5,2,1,66.1342306901952,505.447760502256,245.70114898511096
50,125.0,20,50.0,1.0,1.5,0,1,67.07914841538467,470.64839563165447,234.17356719079964
50,125.0,25,50.0,1.0,1.5,1,0,6.6699231959600835,491.6143682701822,201.09815262649167
50,125.0,25,50.0,1.5,1.5,1,0,6.6699231959600835,491.6143682701822,201.09815262649167
50,125.0,25,50.0,1.0,1.5,0,0,10.829362880862863,470.64839563165447,234.17356719079964
50,125.0,25,50.0,1.5,1.5,0,0,10.829362880862863,470.64839563165447,234.17356719079964
50,125.0,20,50.0,2.0,2.0,2,0,45.483407212996724,505.447760502256,245.70114898511096
50,125.0,20,50.0,1.5,2.0,2,0,66.9171590004442,505.447760502256,245.70114898511096
50,125.0,20,50.0,1.0,1.0,4,0,94.0956541666994,576.3868486491798,316.5884017606026
50,125.0,20,50.0,1.5,1.0,4,0,88.58235244527386,576.3868486491798,316.5884017606026
50,125.0,25,50.0,1.5,1.0,2,0,40.419002925798154,505.447760502256,245.70114898511096
50,125.0,25,50.0,1.0,1.0,3,0,49.63816914776786,469.64832458738795,284.35811599372937
50,125.0,25,50.0,2.0,1.5,1,0,6.6699231959600835,491.6143682701822,201.09815262649167
50,125.0,25,50.0,1.0,1.0,2,0,55.11664970650892,505.447760502256,245.70114898511096
50,125.0,20,50.0,1.0,1.5,3,0,97.92757246298935,469.64832458738795,284.35811599372937
50,125.0,25,50.0,1.0,2.0,1,0,6.6699231959600835,491.6143682701822,201.09815262649167
50,125.0,25,50.0,1.0,1.5,2,0,33.2254571145002,505.447760502256,245.70114898511096
50,125.0,25,50.0,2.0,1.5,0,0,10.829362880862863,470.64839563165447,234.17356719079964
50,125.0,20,50.0,1.0,2.0,3,0,76.22286779989214,469.64832458738795,284.35811599372937
50,125.0,20,50.0,2.0,2.0,4,1,62.06468902447969,576.3868486491798,316.5884017606026
50,125.0,25,50.0,2.0,1.0,2,0,52.2625199261169,505.447760502256,245.70114898511096
50,125.0,20,50.0,1.0,2.0,4,1,79.6229973865994,576.3868486491798,316.5884017606026
50,125.0,25,50.0,1.0,2.0,0,0,10.829362880862863,470.64839563165447,234.17356719079964
50,125.0,25,50.0,1.5,2.0,1,0,6.6699231959600835,491.6143682701822,201.09815262649167
50,125.0,20,50.0,1.5,2.0,4,0,93.74621428841482,576.3868486491798,316.5884017606026
50,125.0,25,50.0,1.5,1.0,3,0,58.172657156994106,469.64832458738795,284.35811599372937
50,125.0,25,50.0,2.0,1.0,3,0,57.276963395798454,469.64832458738795,284.35811599372937
50,125.0,25,50.0,1.5,2.0,0,0,10.829362880862863,470.64839563165447,234.17356719079964
50,125.0,25,50.0,2.0,2.0,1,0,6.6699231959600835,491.6143682701822,201.09815262649167
50,125.0,25,50.0,2.0,1.5,3,0,20.12059788892685,469.64832458738795,284.35811599372937
50,125.0,30,50.0,1.5,1.0,0,0,6.6699231959600835,470.64839563165447,234.17356719079964
50,125.0,25,50.0,1.0,1.5,3,0,44.866233732239394,469.64832458738795,284.35811599372937
50,125.0,25,50.0,2.0,2.0,0,0,10.829362880862863,470.64839563165447,234.17356719079964
50,125.0,30,50.0,1.0,1.0,0,0,6.6699231959600835,470.64839563165447,234.17356719079964
50,125.0,25,50.0,1.5,2.0,3,0,20.12059788892685,469.64832458738795,284.35811599372937
50,125.0,20,50.0,2.0,1.5,2,0,87.06292224219872,505.447760502256,245.70114898511096
50,125.0,25,50.0,2.0,2.0,3,0,20.12059788892685,469.64832458738795,284.35811599372937
50,125.0,25,50.0,2.0,1.5,2,0,30.309574531265696,505.447760502256,245.70114898511096
50,125.0,25,50.0,1.5,1.5,3,0,49.93535899449739,469.64832458738795,284.35811599372937
50,125.0,25,50.0,2.0,2.0,2,0,30.309574531265696,505.447760502256,245.70114898511096
50,125.0,30,50.0,2.0,1.0,0,0,6.6699231959600835,470.64839563165447,234.17356719079964
50,125.0,25,50.0,1.5,1.5,2,0,55.585883558919164,505.447760502256,245.70114898511096
50,125.0,25,50.0,1.0,1.0,4,0,97.82011456570395,576.3868486491798,316.5884017606026
50,125.0,30,50.0,1.0,1.5,0,0,6.6699231959600835,470.64839563165447,234.17356719079964
50,125.0,25,50.0,1.0,2.0,2,0,53.45946324312431,505.447760502256,245.70114898511096
50,125.0,30,50.0,1.5,1.5,0,0,6.6699231959600835,470.64839563165447,234.17356719079964
50,125.0,30,50.0,1.5,2.0,0,0,6.6699231959600835,470.64839563165447,234.17356719079964
50,125.0,30,50.0,1.0,2.0,0,0,6.6699231959600835,470.64839563165447,234.17356719079964
50,125.0,30,50.0,2.0,1.5,0,0,6.6699231959600835,470.64839563165447,234.17356719079964
50,125.0,30,50.0,1.5,1.5,3,0,18.74102127512603,469.64832458738795,284.35811599372937
50,125.0,30,50.0,1.5,2.0,3,0,18.74102127512603,469.64832458738795,284.35811599372937
50,125.0,30,50.0,1.0,1.5,3,0,18.74102127512603,469.64832458738795,284.35811599372937
50,125.0,25,50.0,1.5,2.0,2,0,73.47557797512738,505.447760502256,245.70114898511096
50,125.0,30,50.0,1.5,2.0,1,0,19.339219440156725,491.6143682701822,201.09815262649167
50,125.0,30,50.0,1.0,2.0,3,0,18.74102127512603,469.64832458738795,284.35811599372937
50,125.0,30,50.0,1.0,2.0,1,0,19.339219440156725,491.6143682701822,201.09815262649167
50,125.0,25,50.0,1.0,2.0,3,0,70.28522815495745,469.64832458738795,284.35811599372937
50,125.0,30,50.0,1.5,1.5,1,0,24.895115667280376,491.6143682701822,201.09815262649167
50,125.0,30,50.0,1.0,1.5,1,0,24.920836923066048,491.6143682701822,201.09815262649167
50,125.0,30,50.0,1.5,2.0,2,0,28.05769913473003,505.447760502256,245.70114898511096
50,125.0,30,50.0,1.0,2.0,2,0,28.05769913473003,505.447760502256,245.70114898511096
50,125.0,30,50.0,2.0,2.0,0,0,6.6699231959600835,470.64839563165447,234.17356719079964
50,125.0,25,50.0,1.5,2.0,4,0,95.90242837436116,576.3868486491798,316.5884017606026
50,125.0,30,50.0,2.0,1.5,1,0,32.904156813086836,491.6143682701822,201.09815262649167
50,125.0,30,50.0,1.5,1.0,3,0,98.10619392061182,469.64832458738795,284.35811599372937
50,125.0,30,50.0,2.0,2.0,3,0,18.74102127512603,469.64832458738795,284.35811599372937
50,125.0,30,50.0,1.5,1.0,1,0,98.9214844515371,491.6143682701822,201.09815262649167
50,125.0,30,50.0,2.0,2.0,1,0,19.339219440156725,491.6143682701822,201.09815262649167
50,125.0,20,100.0,1.0,1.0,0,0,11.453904545885768,470.64839563165447,234.17356719079964
50,125.0,30,50.0,1.5,1.0,2,0,99.71018515586462,505.447760502256,245.70114898511096
50,125.0,20,100.0,1.0,1.0,1,0,12.587564857403011,491.6143682701822,201.09815262649167
50,125.0,20,100.0,1.0,1.0,3,0,12.717189727337042,469.64832458738795,284.35811599372937
50,125.0,20,100.0,2.0,1.0,0,0,11.453904545885768,470.64839563165447,234.17356719079964
50,125.0,30,50.0,2.0,2.0,2,0,28.05769913473003,505.447760502256,245.70114898511096
50,125.0,30,50.0,2.0,1.0,3,0,70.76401957285047,469.64832458738795,284.35811599372937
50,125.0,20,100.0,1.0,1.5,0,0,11.453904545885768,470.64839563165447,234.17356719079964
50,125.0,20,100.0,2.0,1.0,1,0,12.587564857403011,491.6143682701822,201.09815262649167
50,125.0,20,100.0,2.0,1.0,3,0,12.717189727337042,469.64832458738795,284.35811599372937
50,125.0,20,100.0,1.5,1.5,0,0,11.453904545885768,470.64839563165447,234.17356719079964
50,125.0,20,100.0,1.5,1.0,0,0,11.453904545885768,470.64839563165447,234.17356719079964
50,125.0,20,100.0,1.0,1.5,1,0,12.587564857403011,491.6143682701822,201.09815262649167
50,125.0,20,100.0,1.0,1.0,2,0,24.974431264014868,505.447760502256,245.70114898511096
50,125.0,20,100.0,1.5,1.5,1,0,12.587564857403011,491.6143682701822,201.09815262649167
50,125.0,20,100.0,1.5,1.0,1,0,12.587564857403011,491.6143682701822,201.09815262649167
50,125.0,20,100.0,1.5,1.0,3,0,12.717189727337042,469.64832458738795,284.35811599372937
50,125.0,20,100.0,1.0,1.5,3,0,17.656798172667784,469.64832458738795,284.35811599372937
50,125.0,20,100.0,1.5,1.5,3,0,17.656798172667784,469.64832458738795,284.35811599372937
50,125.0,20,100.0,1.0,1.0,4,0,35.21373925929642,576.3868486491798,316.5884017606026
50,125.0,20,100.0,2.0,1.0,2,0,24.974431264014868,505.447760502256,245.70114898511096
50,125.0,20,100.0,1.0,1.5,2,0,29.609988667308098,505.447760502256,245.70114898511096
50,125.0,20,100.0,1.0,1.5,4,1,29.84198264127291,576.3868486491798,316.5884017606026
50,125.0,30,50.0,1.0,1.0,1,0,89.40175439394248,491.6143682701822,201.09815262649167
50,125.0,30,50.0,1.0,1.0,4,1,90.46417305403344,576.3868486491798,316.5884017606026
50,125.0,30,50.0,1.0,1.5,2,0,71.18113641771916,505.447760502256,245.70114898511096
50,125.0,20,100.0,2.0,1.5,0,0,11.453904545885768,470.64839563165447,234.17356719079964
50,125.0,30,50.0,2.0,1.5,3,0,61.904696556110295,469.64832458738795,284.35811599372937
50,125.0,20,100.0,1.5,1.0,2,0,24.974431264014868,505.447760502256,245.70114898511096
50,125.0,30,50.0,2.0,1.5,2,0,61.91079292529528,505.447760502256,245.70114898511096
50,125.0,20,100.0,1.5,1.5,2,0,29.609988667308098,505.447760502256,245.70114898511096
50,125.0,20,100.0,2.0,1.5,1,0,12.587564857403011,491.6143682701822,201.09815262649167
50,125.0,20,100.0,1.5,1.5,4,1,29.84198264127291,576.3868486491798,316.5884017606026
50,125.0,20,100.0,2.0,1.0,4,0,35.21373925929642,576.3868486491798,316.5884017606026
50,125.0,20,100.0,1.0,2.0,0,0,11.453904545885768,470.64839563165447,234.17356719079964
50,125.0,20,100.0,1.0,2.0,1,0,12.587564857403011,491.6143682701822,201.09815262649167
50,125.0,30,50.0,2.0,1.0,2,0,93.76168423032766,505.447760502256,245.70114898511096
50,125.0,30,50.0,2.0,1.0,4,0,97.29253265022021,576.3868486491798,316.5884017606026
50,125.0,20,100.0,2.0,1.5,3,0,17.656798172667784,469.64832458738795,284.35811599372937
50,125.0,20,100.0,1.5,2.0,0,0,11.453904545885768,470.64839563165447,234.17356719079964
50,125.0,30,50.0,1.0,1.0,2,0,98.30289673429458,505.447760502256,245.70114898511096
50,125.0,30,50.0,1.5,1.5,2,0,91.72328980578659,505.447760502256,245.70114898511096
50,125.0,30,50.0,1.0,1.0,3,0,98.43283797200394,469.64832458738795,284.35811599372937
50,125.0,20,100.0,1.5,2.0,1,0,12.587564857403011,491.6143682701822,201.09815262649167
50,125.0,30,50.0,2.0,2.0,4,0,57.808666846048695,576.3868486491798,316.5884017606026
50,125.0,20,100.0,2.0,2.0,0,0,11.453904545885768,470.64839563165447,234.17356719079964
50,125.0,20,100.0,2.0,2.0,1,0,12.587564857403011,491.6143682701822,201.09815262649167
50,125.0,20,100.0,1.5,1.0,4,0,35.21373925929642,576.3868486491798,316.5884017606026
50,125.0,20,100.0,1.0,2.0,3,0,22.97913705951012,469.64832458738795,284.35811599372937
50,125.0,25,100.0,1.0,1.0,3,0,10.651539054439102,469.64832458738795,284.35811599372937
50,125.0,25,100.0,1.0,1.0,0,0,11.119610371961482,470.64839563165447,234.17356719079964
50,125.0,20,100.0,1.5,2.0,2,0,24.33413122611737,505.447760502256,245.70114898511096
50,125.0,25,100.0,1.5,1.0,3,0,10.651539054439102,469.64832458738795,284.35811599372937
50,125.0,25,100.0,1.0,1.5,3,0,10.651539054439102,469.64832458738795,284.35811599372937
50,125.0,20,100.0,2.0,1.5,2,0,29.609988667308098,505.447760502256,245.70114898511096
50,125.0,25,100.0,2.0,1.0,3,0,10.651539054439102,469.64832458738795,284.35811599372937
50,125.0,20,100.0,2.0,1.5,4,1,29.84198264127291,576.3868486491798,316.5884017606026
50,125.0,25,100.0,1.0,1.5,0,0,11.119610371961482,470.64839563165447,234.17356719079964
50,125.0,25,100.0,2.0,1.0,0,0,11.119610371961482,470.64839563165447,234.17356719079964
50,125.0,20,100.0,1.5,2.0,4,1,29.197230333230575,576.3868486491798,316.5884017606026
50,125.0,20,100.0,2.0,2.0,2,0,24.33413122611737,505.447760502256,245.70114898511096
50,125.0,25,100.0,1.5,1.0,0,0,11.119610371961482,470.64839563165447,234.17356719079964
50,125.0,25,100.0,2.0,1.5,3,0,10.651539054439102,469.64832458738795,284.35811599372937
50,125.0,25,100.0,2.0,1.5,0,0,11.119610371961482,470.64839563165447,234.17356719079964
50,125.0,25,100.0,1.5,1.5,3,0,10.651539054439102,469.64832458738795,284.35811599372937
50,125.0,25,100.0,1.5,1.5,0,0,11.119610371961482,470.64839563165447,234.17356719079964
50,125.0,25,100.0,1.5,2.0,3,0,10.651539054439102,469.64832458738795,284.35811599372937
50,125.0,20,100.0,2.0,2.0,4,1,29.197230333230575,576.3868486491798,316.5884017606026
50,125.0,25,100.0,1.0,1.5,1,0,19.18451658724495,491.6143682701822,201.09815262649167
50,125.0,25,100.0,1.5,2.0,0,0,11.119610371961482,470.64839563165447,234.17356719079964
50,125.0,25,100.0,1.0,2.0,3,0,10.651539054439102,469.64832458738795,284.35811599372937
50,125.0,20,100.0,1.5,2.0,3,0,35.34259644728889,469.64832458738795,284.35811599372937
50,125.0,25,100.0,1.0,2.0,0,0,11.119610371961482,470.64839563165447,234.17356719079964
50,125.0,30,50.0,1.0,1.5,4,0,98.5145669344009,576.3868486491798,316.5884017606026
50,125.0,20,100.0,1.0,2.0,2,0,41.88223383494432,505.447760502256,245.70114898511096
50,125.0,20,100.0,2.0,2.0,3,0,35.34259644728889,469.64832458738795,284.35811599372937
50,125.0,25,100.0,2.0,2.0,3,0,10.651539054439102,469.64832458738795,284.35811599372937
50,125.0,25,100.0,2.0,2.0,0,0,11.119610371961482,470.64839563165447,234.17356719079964
50,125.0,25,100.0,1.0,1.5,2,0,25.542546885498354,505.447760502256,245.70114898511096
50,125.0,20,100.0,1.0,2.0,4,0,47.96939527364729,576.3868486491798,316.5884017606026
50,125.0,25,100.0,1.0,1.0,2,0,32.04153753518469,505.447760502256,245.70114898511096
50,125.0,25,100.0,2.0,1.5,2,0,26.51797142669267,505.447760502256,245.70114898511096
50,125.0,30,100.0,1.0,1.0,3,0,11.728055118207285,469.64832458738795,284.35811599372937
50,125.0,25,100.0,2.0,1.5,1,0,27.26034000404713,491.6143682701822,201.09815262649167
50,125.0,25,100.0,2.0,1.0,2,0,32.04153753518469,505.447760502256,245.70114898511096
50,125.0,30,100.0,1.5,1.0,3,0,11.728055118207285,469.64832458738795,284.35811599372937
50,125.0,25,100.0,1.0,1.0,4,0,37.18541094614575,576.3868486491798,316.5884017606026
50,125.0,30,100.0,2.0,1.0,3,0,11.728055118207285,469.64832458738795,284.35811599372937
50,125.0,25,100.0,1.5,2.0,1,0,28.561600028252197,491.6143682701822,201.09815262649167
50,125.0,25,100.0,1.5,1.5,2,0,26.51797142669267,505.447760502256,245.70114898511096
50,125.0,25,100.0,1.0,1.5,4,1,36.04696570933258,576.3868486491798,316.5884017606026
50,125.0,25,100.0,2.0,1.0,4,0,37.18541094614575,576.3868486491798,316.5884017606026
50,125.0,25,100.0,1.0,2.0,1,0,28.561600028252197,491.6143682701822,201.09815262649167
50,125.0,25,100.0,1.5,1.5,1,0,27.26034000404713,491.6143682701822,201.09815262649167
50,125.0,30,100.0,1.0,1.0,0,0,16.810834546699958,470.64839563165447,234.17356719079964
50,125.0,25,100.0,1.5,1.0,2,0,32.04153753518469,505.447760502256,245.70114898511096
50,125.0,30,100.0,1.5,1.0,0,0,16.810834546699958,470.64839563165447,234.17356719079964
50,125.0,25,100.0,2.0,1.5,4,1,36.015878289028,576.3868486491798,316.5884017606026
50,125.0,30,50.0,2.0,1.5,4,0,98.49476619645182,576.3868486491798,316.5884017606026
50,125.0,30,100.0,1.0,1.5,3,0,11.728055118207285,469.64832458738795,284.35811599372937
50,125.0,30,100.0,2.0,1.0,0,0,16.810834546699958,470.64839563165447,234.17356719079964
50,125.0,25,100.0,1.5,1.0,4,0,37.18541094614575,576.3868486491798,316.5884017606026
50,125.0,30,100.0,1.0,1.5,0,0,12.551310661287328,470.64839563165447,234.17356719079964
50,125.0,25,100.0,1.5,1.5,4,1,36.015878289028,576.3868486491798,316.5884017606026
50,125.0,25,100.0,1.5,2.0,4,1,36.11662000539471,576.3868486491798,316.5884017606026
50,125.0,30,100.0,1.0,1.5,2,0,13.465296331032446,505.447760502256,245.70114898511096
50,125.0,25,100.0,2.0,2.0,1,0,28.561600028252197,491.6143682701822,201.09815262649167
50,125.0,25,100.0,1.0,2.0,4,1,36.11662000539471,576.3868486491798,316.5884017606026
50,125.0,30,100.0,1.5,1.0,1,0,26.019433847629866,491.6143682701822,201.09815262649167
50,125.0,30,100.0,1.5,1.5,3,0,11.728055118207285,469.64832458738795,284.35811599372937
50,125.0,30,100.0,1.0,1.0,1,0,26.252994741757117,491.6143682701822,201.09815262649167
50,125.0,25,100.0,1.5,2.0,2,0,39.67313492126518,505.447760502256,245.70114898511096
50,125.0,30,100.0,1.5,1.5,0,0,12.551310661287328,470.64839563165447,234.17356719079964
50,125.0,30,100.0,2.0,1.5,3,0,11.728055118207285,469.64832458738795,284.35811599372937
50,125.0,25,100.0,1.0,2.0,2,0,39.67313492126518,505.447760502256,245.70114898511096
50,125.0,25,100.0,1.0,1.0,1,0,51.750221163536665,491.6143682701822,201.09815262649167
50,125.0,30,100.0,1.5,1.0,2,0,31.156404188339096,505.447760502256,245.70114898511096
50,125.0,30,100.0,1.5,1.5,1,0,12.81415550795779,491.6143682701822,201.09815262649167
50,125.0,30,100.0,2.0,1.5,0,0,12.551310661287328,470.64839563165447,234.17356719079964
50,125.0,30,100.0,2.0,1.5,1,0,12.81415550795779,491.6143682701822,201.09815262649167
50,125.0,25,100.0,2.0,1.0,1,0,51.750221163536665,491.6143682701822,201.09815262649167
50,125.0,30,100.0,1.0,1.5,4,0,22.3486034285793,576.3868486491798,316.5884017606026
50,125.0,30,100.0,1.0,2.0,3,0,11.728055118207285,469.64832458738795,284.35811599372937
50,125.0,25,100.0,2.0,2.0,4,1,36.11662000539471,576.3868486491798,316.5884017606026
50,125.0,30,100.0,1.0,2.0,0,0,12.551310661287328,470.64839563165447,234.17356719079964
50,125.0,30,100.0,1.5,2.0,3,0,11.728055118207285,469.64832458738795,284.35811599372937
50,125.0,30,100.0,1.0,1.5,1,0,25.250522766001392,491.6143682701822,201.09815262649167
50,125.0,30,100.0,1.5,2.0,0,0,12.551310661287328,470.64839563165447,234.17356719079964
50,125.0,25,100.0,2.0,2.0,2,0,39.67313492126518,505.447760502256,245.70114898511096
50,125.0,30,100.0,2.0,2.0,3,0,11.728055118207285,469.64832458738795,284.35811599372937
50,125.0,30,100.0,2.0,2.0,0,0,12.551310661287328,470.64839563165447,234.17356719079964
50,125.0,30,100.0,2.0,1.0,1,0,34.760410047966616,491.6143682701822,201.09815262649167
50,125.0,25,100.0,1.5,1.0,1,0,51.750221163536665,491.6143682701822,201.09815262649167
50,125.0,30,100.0,2.0,1.5,2,0,25.21659668233189,505.447760502256,245.70114898511096
50,125.0,30,100.0,1.5,1.5,2,0,25.21659668233189,505.447760502256,245.70114898511096
50,125.0,30,100.0,1.0,1.0,2,0,45.01496052114201,505.447760502256,245.70114898511096
50,125.0,30,100.0,1.0,2.0,2,0,23.772715270953984,505.447760502256,245.70114898511096
50,125.0,30,100.0,1.0,1.0,4,1,46.761360995995034,576.3868486491798,316.5884017606026
50,125.0,30,100.0,2.0,1.0,4,1,43.48564677293287,576.3868486491798,316.5884017606026
50,125.0,30,100.0,1.5,2.0,2,0,23.772715270953984,505.447760502256,245.70114898511096
50,125.0,30,100.0,2.0,1.0,2,0,45.55644686233741,505.447760502256,245.70114898511096
50,125.0,30,100.0,1.5,1.0,4,0,48.00555110431384,576.3868486491798,316.5884017606026
50,125.0,30,100.0,2.0,2.0,2,0,23.772715270953984,505.447760502256,245.70114898511096
50,125.0,30,100.0,1.0,2.0,1,0,31.43464536632925,491.6143682701822,201.09815262649167
50,125.0,30,100.0,2.0,2.0,1,0,31.43464536632925,491.6143682701822,201.09815262649167
50,125.0,30,100.0,1.5,2.0,1,0,31.43464536632925,491.6143682701822,201.09815262649167
50,125.0,30,100.0,2.0,1.5,4,1,49.5044295448836,576.3868486491798,316.5884017606026
50,125.0,30,100.0,1.0,2.0,4,1,44.59752398553465,576.3868486491798,316.5884017606026
50,125.0,30,100.0,1.5,1.5,4,1,50.36283001005709,576.3868486491798,316.5884017606026
50,125.0,20,150.0,1.0,1.5,3,1,44.4603533903729,469.64832458738795,284.35811599372937
50,125.0,20,150.0,1.0,1.5,2,1,45.128046969287574,505.447760502256,245.70114898511096
50,125.0,20,150.0,1.0,1.5,4,1,45.74889217859828,576.3868486491798,316.5884017606026
50,125.0,20,150.0,1.0,1.5,0,1,46.59801459259395,470.64839563165447,234.17356719079964
50,125.0,30,100.0,1.5,2.0,4,1,45.17473046205366,576.3868486491798,316.5884017606026
50,125.0,20,150.0,1.0,1.0,3,1,44.4603533903729,469.64832458738795,284.35811599372937
50,125.0,20,150.0,1.0,1.0,2,1,45.128046969287574,505.447760502256,245.70114898511096
50,125.0,20,150.0,1.0,1.5,1,1,47.93250111305525,491.6143682701822,201.09815262649167
50,125.0,20,150.0,1.0,1.0,4,1,45.74889217859828,576.3868486491798,316.5884017606026
50,125.0,20,150.0,1.0,1.0,0,1,46.59801459259395,470.64839563165447,234.17356719079964
50,125.0,20,150.0,1.5,1.0,3,1,44.4603533903729,469.64832458738795,284.35811599372937
50,125.0,20,150.0,1.5,1.0,2,1,45.128046969287574,505.447760502256,245.70114898511096
50,125.0,20,150.0,1.0,1.0,1,1,47.93250111305525,491.6143682701822,201.09815262649167
50,125.0,20,150.0,1.5,1.0,4,1,45.74889217859828,576.3868486491798,316.5884017606026
50,125.0,20,150.0,1.5,1.0,0,1,46.59801459259395,470.64839563165447,234.17356719079964
50,125.0,20,150.0,2.0,1.0,3,0,46.37212117982181,469.64832458738795,284.35811599372937
50,125.0,20,150.0,1.5,1.0,1,1,47.93250111305525,491.6143682701822,201.09815262649167
50,125.0,20,150.0,1.0,2.0,3,0,46.37212117982181,469.64832458738795,284.35811599372937
50,125.0,30,100.0,2.0,2.0,4,1,66.70221147185175,576.3868486491798,316.5884017606026
50,125.0,20,150.0,1.5,2.0,3,0,46.37212117982181,469.64832458738795,284.35811599372937
50,125.0,20,150.0,2.0,1.0,4,1,52.752546271219096,576.3868486491798,316.5884017606026
50,125.0,20,150.0,1.0,2.0,4,1,52.752546271219096,576.3868486491798,316.5884017606026
50,125.0,20,150.0,2.0,1.5,3,0,46.37212117982181,469.64832458738795,284.35811599372937
50,125.0,20,150.0,1.5,1.5,3,0,46.37212117982181,469.64832458738795,284.35811599372937
50,125.0,20,150.0,1.5,2.0,4,1,52.752546271219096,576.3868486491798,316.5884017606026
50,125.0,20,150.0,2.0,2.0,3,0,46.37212117982181,469.64832458738795,284.35811599372937
50,125.0,20,150.0,1.0,2.0,0,1,58.33786892087893,470.64839563165447,234.17356719079964
50,125.0,20,150.0,2.0,1.0,0,1,58.33786892087893,470.64839563165447,234.17356719079964
50,125.0,20,150.0,1.0,2.0,1,1,58.68191570627377,491.6143682701822,201.09815262649167
50,125.0,20,150.0,1.0,2.0,2,1,58.73187992272178,505.447760502256,245.70114898511096
50,125.0,20,150.0,2.0,1.0,1,1,58.68191570627377,491.6143682701822,201.09815262649167
50,125.0,20,150.0,2.0,1.0,2,1,58.73187992272178,505.447760502256,245.70114898511096
50,125.0,20,150.0,1.5,2.0,0,1,58.33786892087893,470.64839563165447,234.17356719079964
50,125.0,20,150.0,1.5,2.0,1,1,58.68191570627377,491.6143682701822,201.09815262649167
50,125.0,20,150.0,1.5,1.5,4,1,52.752546271219096,576.3868486491798,316.5884017606026
50,125.0,20,150.0,1.5,2.0,2,1,58.73187992272178,505.447760502256,245.70114898511096
50,125.0,20,150.0,2.0,1.5,4,1,52.752546271219096,576.3868486491798,316.5884017606026
50,125.0,25,150.0,1.0,1.0,4,1,40.834447705152336,576.3868486491798,316.5884017606026
50,125.0,20,150.0,2.0,2.0,4,1,52.752546271219096,576.3868486491798,316.5884017606026
50,125.0,20,150.0,1.5,1.5,0,1,58.33786892087893,470.64839563165447,234.17356719079964
50,125.0,20,150.0,1.5,1.5,1,1,58.68191570627377,491.6143682701822,201.09815262649167
50,125.0,20,150.0,1.5,1.5,2,1,58.73187992272178,505.447760502256,245.70114898511096
50,125.0,20,150.0,2.0,1.5,0,1,58.33786892087893,470.64839563165447,234.17356719079964
50,125.0,25,150.0,1.0,1.0,0,0,48.94663704883265,470.64839563165447,234.17356719079964
50,125.0,20,150.0,2.0,1.5,1,1,58.68191570627377,491.6143682701822,201.09815262649167
50,125.0,20,150.0,2.0,1.5,2,1,58.73187992272178,505.447760502256,245.70114898511096
50,125.0,25,150.0,1.5,1.5,3,0,40.29533226503681,469.64832458738795,284.35811599372937
50,125.0,20,150.0,2.0,2.0,0,1,58.33786892087893,470.64839563165447,234.17356719079964
50,125.0,25,150.0,1.0,1.0,3,0,49.52384352535166,469.64832458738795,284.35811599372937
50,125.0,25,150.0,1.5,1.5,4,1,40.6662095806346,576.3868486491798,316.5884017606026
50,125.0,20,150.0,2.0,2.0,1,1,58.68191570627377,491.6143682701822,201.09815262649167
50,125.0,20,150.0,2.0,2.0,2,1,58.73187992272178,505.447760502256,245.70114898511096
50,125.0,25,150.0,2.0,1.0,0,0,38.74140221411552,470.64839563165447,234.17356719079964
50,125.0,25,150.0,1.0,1.0,1,0,50.71723932503298,491.6143682701822,201.09815262649167
50,125.0,25,150.0,1.5,1.0,4,1,40.6662095806346,576.3868486491798,316.5884017606026
50,125.0,25,150.0,2.0,1.0,1,0,40.20689878292446,491.6143682701822,201.09815262649167
50,125.0,25,150.0,1.5,1.5,2,1,43.90218632857136,505.447760502256,245.70114898511096
50,125.0,25,150.0,2.0,1.0,4,1,41.409208419003896,576.3868486491798,316.5884017606026
50,125.0,25,150.0,1.5,1.0,2,1,44.07920059353101,505.447760502256,245.70114898511096
50,125.0,25,150.0,1.5,1.0,3,1,44.163258048057095,469.64832458738795,284.35811599372937
50,125.0,25,150.0,2.0,1.0,2,1,44.027679337177915,505.447760502256,245.70114898511096
50,125.0,25,150.0,2.0,1.5,0,0,38.74140221411552,470.64839563165447,234.17356719079964
50,125.0,25,150.0,1.5,1.5,1,1,51.731204274221525,491.6143682701822,201.09815262649167
50,125.0,25,150.0,1.0,1.5,4,1,40.6662095806346,576.3868486491798,316.5884017606026
50,125.0,25,150.0,2.0,1.5,1,0,40.20689878292446,491.6143682701822,201.09815262649167
50,125.0,25,150.0,1.5,2.0,0,0,40.13626488014874,470.64839563165447,234.17356719079964
50,125.0,25,150.0,2.0,1.5,4,1,41.409208419003896,576.3868486491798,316.5884017606026
50,125.0,25,150.0,1.5,2.0,4,1,40.879417892914745,576.3868486491798,316.5884017606026
50,125.0,25,150.0,1.5,2.0,1,0,41.584046144827305,491.6143682701822,201.09815262649167
50,125.0,25,150.0,1.0,1.5,3,1,42.78456250726656,469.64832458738795,284.35811599372937
50,125.0,25,150.0,1.5,1.0,1,1,52.902113882716,491.6143682701822,201.09815262649167
50,125.0,25,150.0,1.5,2.0,3,0,42.830658993113715,469.64832458738795,284.35811599372937
50,125.0,25,150.0,1.0,2.0,0,0,40.13626488014874,470.64839563165447,234.17356719079964
50,125.0,25,150.0,1.5,2.0,2,1,44.03164921319712,505.447760502256,245.70114898511096
50,125.0,25,150.0,1.5,1.0,0,1,53.94135519769305,470.64839563165447,234.17356719079964
50,125.0,25,150.0,2.0,1.0,3,0,53.08212387042286,469.64832458738795,284.35811599372937
50,125.0,25,150.0,2.0,1.5,2,1,44.027679337177915,505.447760502256,245.70114898511096
50,125.0,25,150.0,1.0,2.0,4,1,40.879417892914745,576.3868486491798,316.5884017606026
50,125.0,25,150.0,1.0,2.0,1,0,41.584046144827305,491.6143682701822,201.09815262649167
50,125.0,25,150.0,1.5,1.5,0,0,63.47197433835686,470.64839563165447,234.17356719079964
50,125.0,25,150.0,1.0,2.0,3,0,42.830658993113715,469.64832458738795,284.35811599372937
50,125.0,25,150.0,2.0,2.0,0,0,40.13626488014874,470.64839563165447,234.17356719079964
50,125.0,25,150.0,2.0,2.0,4,1,40.879417892914745,576.3868486491798,316.5884017606026
50,125.0,25,150.0,2.0,2.0,1,0,41.584046144827305,491.6143682701822,201.09815262649167
50,125.0,25,150.0,1.0,2.0,2,1,44.03164921319712,505.447760502256,245.70114898511096
50,125.0,25,150.0,2.0,2.0,3,0,42.830658993113715,469.64832458738795,284.35811599372937
50,125.0,25,150.0,2.0,1.5,3,0,53.08212387042286,469.64832458738795,284.35811599372937
50,125.0,25,150.0,2.0,2.0,2,1,44.03164921319712,505.447760502256,245.70114898511096
50,125.0,25,150.0,1.0,1.5,0,0,52.65160726841866,470.64839563165447,234.17356719079964
40,150.0,20,50.0,1.5,1.0,2,0,6.582104923942083,357.3820174025494,170.075846905503
40,150.0,20,50.0,1.0,1.0,2,0,6.582104923942083,357.3820174025494,170.075846905503
50,125.0,25,150.0,1.0,1.0,2,0,82.45593265419579,505.447760502256,245.70114898511096
40,150.0,20,50.0,1.5,1.0,0,0,6.806848608086251,463.7091657830143,173.94983411973146
40,150.0,20,50.0,1.0,1.0,0,0,6.806848608086251,463.7091657830143,173.94983411973146
40,150.0,20,50.0,2.0,1.0,2,0,6.582104923942083,357.3820174025494,170.075846905503
40,150.0,20,50.0,2.0,1.0,0,0,6.806848608086251,463.7091657830143,173.94983411973146
50,125.0,30,150.0,1.5,1.0,3,1,49.7419089378022,469.64832458738795,284.35811599372937
40,150.0,20,50.0,1.5,1.0,1,0,12.204064332183568,507.078922744844,189.28912608156344
40,150.0,20,50.0,1.0,1.0,1,0,12.204064332183568,507.078922744844,189.28912608156344
40,150.0,20,50.0,1.0,1.5,2,0,6.582104923942083,357.3820174025494,170.075846905503
40,150.0,20,50.0,1.0,1.5,0,0,6.806848608086251,463.7091657830143,173.94983411973146
50,125.0,30,150.0,1.0,1.0,3,1,49.36947918762126,469.64832458738795,284.35811599372937
40,150.0,20,50.0,2.0,1.0,1,0,12.204064332183568,507.078922744844,189.28912608156344
50,125.0,30,150.0,1.0,1.0,2,1,52.226434791015414,505.447760502256,245.70114898511096
50,125.0,30,150.0,1.5,1.0,0,1,58.16005534921517,470.64839563165447,234.17356719079964
50,125.0,30,150.0,1.0,1.0,4,1,52.80984261498809,576.3868486491798,316.5884017606026
50,125.0,25,150.0,1.0,1.5,2,0,67.65515001949358,505.447760502256,245.70114898511096
50,125.0,25,150.0,1.0,1.5,1,0,69.73536333492555,491.6143682701822,201.09815262649167
50,125.0,30,150.0,1.5,1.0,1,1,64.91942926974285,491.6143682701822,201.09815262649167
40,150.0,20,50.0,1.0,1.5,3,0,22.429706421258764,498.79533806064467,183.5757899808681
50,125.0,30,150.0,1.5,1.0,2,0,68.67816061392804,505.447760502256,245.70114898511096
50,125.0,30,150.0,2.0,1.0,3,1,49.123131982727514,469.64832458738795,284.35811599372937
50,125.0,30,150.0,1.5,1.0,4,0,69.50585809602956,576.3868486491798,316.5884017606026
50,125.0,30,150.0,1.0,1.5,3,1,49.321453949643214,469.64832458738795,284.35811599372937
50,125.0,30,150.0,1.5,1.5,3,1,49.06189046859109,469.64832458738795,284.35811599372937
50,125.0,30,150.0,2.0,1.0,4,1,52.99617097812506,576.3868486491798,316.5884017606026
50,125.0,30,150.0,2.0,1.0,0,1,53.994972648446534,470.64839563165447,234.17356719079964
50,125.0,30,150.0,1.0,1.5,0,1,51.68635687618373,470.64839563165447,234.17356719079964
40,150.0,20,50.0,1.5,1.5,2,0,6.582104923942083,357.3820174025494,170.075846905503
50,125.0,30,150.0,1.0,1.5,2,1,52.066854419693506,505.447760502256,245.70114898511096
50,125.0,30,150.0,2.0,1.0,1,1,54.550439257262965,491.6143682701822,201.09815262649167
40,150.0,20,50.0,1.5,1.5,0,0,6.806848608086251,463.7091657830143,173.94983411973146
40,150.0,20,50.0,2.0,1.5,2,0,6.582104923942083,357.3820174025494,170.075846905503
40,150.0,20,50.0,2.0,1.5,0,0,6.806848608086251,463.7091657830143,173.94983411973146
50,125.0,30,150.0,2.0,1.0,2,1,54.943417299223256,505.447760502256,245.70114898511096
50,125.0,30,150.0,1.5,1.5,4,1,52.7089370551894,576.3868486491798,316.5884017606026
50,125.0,30,150.0,1.0,1.5,1,1,53.8153618031284,491.6143682701822,201.09815262649167
50,125.0,30,150.0,1.5,2.0,3,1,49.06189046859109,469.64832458738795,284.35811599372937
50,125.0,30,150.0,1.5,1.5,0,1,53.70773872551088,470.64839563165447,234.17356719079964
50,125.0,30,150.0,2.0,2.0,3,1,49.06189046859109,469.64832458738795,284.35811599372937
50,125.0,30,150.0,1.5,1.5,2,1,54.26320533432731,505.447760502256,245.70114898511096
50,125.0,30,150.0,1.5,1.5,1,1,54.6561833762876,491.6143682701822,201.09815262649167
50,125.0,30,150.0,2.0,1.5,3,1,49.7419089378022,469.64832458738795,284.35811599372937
50,125.0,30,150.0,2.0,2.0,4,1,52.7089370551894,576.3868486491798,316.5884017606026
50,125.0,30,150.0,1.5,2.0,4,1,52.7089370551894,576.3868486491798,316.5884017606026
40,150.0,20,50.0,1.0,2.0,2,0,6.582104923942083,357.3820174025494,170.075846905503
40,150.0,20,50.0,1.0,2.0,0,0,6.806848608086251,463.7091657830143,173.94983411973146
50,125.0,30,150.0,2.0,2.0,0,1,53.70773872551088,470.64839563165447,234.17356719079964
50,125.0,30,150.0,1.5,2.0,0,1,53.70773872551088,470.64839563165447,234.17356719079964
50,125.0,30,150.0,1.0,2.0,3,1,49.321453949643214,469.64832458738795,284.35811599372937
50,125.0,30,150.0,2.0,2.0,2,1,54.26320533432731,505.447760502256,245.70114898511096
50,125.0,30,150.0,1.5,2.0,2,1,54.26320533432731,505.447760502256,245.70114898511096
50,125.0,30,150.0,2.0,2.0,1,1,54.6561833762876,491.6143682701822,201.09815262649167
50,125.0,30,150.0,1.5,2.0,1,1,54.6561833762876,491.6143682701822,201.09815262649167
50,125.0,30,150.0,1.0,1.0,0,0,78.17295155795703,470.64839563165447,234.17356719079964
50,125.0,30,150.0,1.0,1.5,4,0,64.0410130473421,576.3868486491798,316.5884017606026
50,125.0,30,150.0,1.0,2.0,0,1,51.68635687618373,470.64839563165447,234.17356719079964
50,125.0,30,150.0,1.0,2.0,2,1,52.066854419693506,505.447760502256,245.70114898511096
40,150.0,20,50.0,1.5,2.0,2,0,6.582104923942083,357.3820174025494,170.075846905503
40,150.0,20,50.0,2.0,1.5,3,0,16.780882701427466,498.79533806064467,183.5757899808681
40,150.0,20,50.0,1.5,2.0,0,0,6.806848608086251,463.7091657830143,173.94983411973146
50,125.0,30,150.0,2.0,1.5,0,1,58.16005534921517,470.64839563165447,234.17356719079964
50,125.0,30,150.0,1.0,2.0,1,1,53.8153618031284,491.6143682701822,201.09815262649167
40,150.0,20,50.0,1.5,1.5,3,0,16.53779622423875,498.79533806064467,183.5757899808681
40,150.0,20,50.0,2.0,2.0,2,0,6.582104923942083,357.3820174025494,170.075846905503
40,150.0,25,50.0,1.0,1.0,2,0,6.582104923942083,357.3820174025494,170.075846905503
40,150.0,20,50.0,2.0,2.0,0,0,6.806848608086251,463.7091657830143,173.94983411973146
40,150.0,25,50.0,1.0,1.0,0,0,6.806848608086251,463.7091657830143,173.94983411973146
40,150.0,25,50.0,1.5,1.0,2,0,6.582104923942083,357.3820174025494,170.075846905503
50,125.0,30,150.0,1.0,1.0,1,0,85.68414321206808,491.6143682701822,201.09815262649167
40,150.0,25,50.0,1.5,1.0,0,0,6.806848608086251,463.7091657830143,173.94983411973146
50,125.0,30,150.0,2.0,1.5,1,1,64.91942926974285,491.6143682701822,201.09815262649167
40,150.0,20,50.0,1.0,2.0,3,0,14.829543474207382,498.79533806064467,183.5757899808681
40,150.0,25,50.0,1.0,1.0,3,0,12.204064332183568,498.79533806064467,183.5757899808681
40,150.0,20,50.0,1.5,2.0,3,0,14.829543474207382,498.79533806064467,183.5757899808681
50,125.0,30,150.0,2.0,1.5,2,0,68.67816061392804,505.447760502256,245.70114898511096
50,125.0,30,150.0,2.0,1.5,4,0,69.50585809602956,576.3868486491798,316.5884017606026
50,125.0,30,150.0,1.0,2.0,4,0,64.0410130473421,576.3868486491798,316.5884017606026
40,150.0,20,50.0,2.0,2.0,3,0,14.829543474207382,498.79533806064467,183.5757899808681
40,150.0,25,50.0,2.0,1.0,2,0,6.582104923942083,357.3820174025494,170.075846905503
40,150.0,25,50.0,2.0,1.0,0,0,6.806848608086251,463.7091657830143,173.94983411973146
40,150.0,25,50.0,1.5,1.0,3,0,12.204064332183568,498.79533806064467,183.5757899808681
40,150.0,25,50.0,1.0,1.5,2,0,6.582104923942083,357.3820174025494,170.075846905503
40,150.0,25,50.0,1.5,1.5,2,0,6.582104923942083,357.3820174025494,170.075846905503
40,150.0,25,50.0,1.0,1.5,0,0,6.806848608086251,463.7091657830143,173.94983411973146
40,150.0,25,50.0,1.5,1.5,0,0,6.806848608086251,463.7091657830143,173.94983411973146
40,150.0,25,50.0,2.0,1.0,3,0,12.204064332183568,498.79533806064467,183.5757899808681
40,150.0,25,50.0,1.0,1.5,3,0,15.789142485022973,498.79533806064467,183.5757899808681
40,150.0,25,50.0,1.5,1.5,3,0,15.789142485022973,498.79533806064467,183.5757899808681
40,150.0,20,50.0,2.0,1.5,4,0,63.867891276974596,459.33607136727795,411.8215105565725
40,150.0,25,50.0,2.0,1.0,4,0,38.870859893913696,459.33607136727795,411.8215105565725
40,150.0,25,50.0,2.0,1.5,2,0,6.582104923942083,357.3820174025494,170.075846905503
40,150.0,25,50.0,2.0,1.5,0,0,6.806848608086251,463.7091657830143,173.94983411973146
40,150.0,25,50.0,1.0,2.0,2,0,6.582104923942083,357.3820174025494,170.075846905503
40,150.0,25,50.0,1.0,2.0,0,0,6.806848608086251,463.7091657830143,173.94983411973146
40,150.0,25,50.0,2.0,1.5,3,0,15.789142485022973,498.79533806064467,183.5757899808681
40,150.0,25,50.0,1.0,2.0,3,0,14.533418850107271,498.79533806064467,183.5757899808681
40,150.0,25,50.0,1.5,2.0,2,0,6.582104923942083,357.3820174025494,170.075846905503
40,150.0,25,50.0,1.5,2.0,0,0,6.806848608086251,463.7091657830143,173.94983411973146
40,150.0,25,50.0,2.0,2.0,2,0,6.582104923942083,357.3820174025494,170.075846905503
40,150.0,25,50.0,2.0,2.0,0,0,6.806848608086251,463.7091657830143,173.94983411973146
40,150.0,30,50.0,1.0,1.0,2,0,6.582104923942083,357.3820174025494,170.075846905503
40,150.0,30,50.0,1.0,1.0,0,0,6.806848608086251,463.7091657830143,173.94983411973146
40,150.0,25,50.0,1.5,2.0,3,0,14.533418850107271,498.79533806064467,183.5757899808681
40,150.0,25,50.0,2.0,2.0,3,0,14.533418850107271,498.79533806064467,183.5757899808681
40,150.0,30,50.0,1.0,1.0,1,0,12.204064332183568,507.078922744844,189.28912608156344
40,150.0,30,50.0,1.5,1.0,2,0,6.582104923942083,357.3820174025494,170.075846905503
40,150.0,30,50.0,1.5,1.0,0,0,6.806848608086251,463.7091657830143,173.94983411973146
40,150.0,30,50.0,1.5,1.0,1,0,12.204064332183568,507.078922744844,189.28912608156344
40,150.0,30,50.0,2.0,1.0,2,0,6.582104923942083,357.3820174025494,170.075846905503
40,150.0,30,50.0,2.0,1.0,0,0,6.806848608086251,463.7091657830143,173.94983411973146
40,150.0,30,50.0,2.0,1.0,1,0,12.204064332183568,507.078922744844,189.28912608156344
40,150.0,30,50.0,1.0,1.5,2,0,6.582104923942083,357.3820174025494,170.075846905503
40,150.0,30,50.0,1.0,1.5,0,0,6.806848608086251,463.7091657830143,173.94983411973146
40,150.0,30,50.0,2.0,1.5,2,0,6.582104923942083,357.3820174025494,170.075846905503
40,150.0,30,50.0,1.5,1.5,2,0,6.582104923942083,357.3820174025494,170.075846905503
40,150.0,30,50.0,2.0,1.5,0,0,6.806848608086251,463.7091657830143,173.94983411973146
40,150.0,30,50.0,1.0,1.5,1,0,17.034799888158023,507.078922744844,189.28912608156344
40,150.0,30,50.0,1.5,1.5,0,0,6.806848608086251,463.7091657830143,173.94983411973146
40,150.0,30,50.0,1.0,2.0,2,0,6.582104923942083,357.3820174025494,170.075846905503
40,150.0,30,50.0,1.0,2.0,0,0,6.806848608086251,463.7091657830143,173.94983411973146
40,150.0,30,50.0,1.5,2.0,2,0,6.582104923942083,357.3820174025494,170.075846905503
40,150.0,30,50.0,1.5,2.0,0,0,6.806848608086251,463.7091657830143,173.94983411973146
40,150.0,30,50.0,2.0,1.5,3,0,15.538607369749709,498.79533806064467,183.5757899808681
40,150.0,30,50.0,1.5,1.5,1,0,17.034799888158023,507.078922744844,189.28912608156344
40,150.0,30,50.0,2.0,2.0,2,0,6.582104923942083,357.3820174025494,170.075846905503
40,150.0,30,50.0,2.0,2.0,0,0,6.806848608086251,463.7091657830143,173.94983411973146
40,150.0,30,50.0,1.5,2.0,3,0,14.533418850107271,498.79533806064467,183.5757899808681
40,150.0,30,50.0,1.0,2.0,1,0,17.034799888158023,507.078922744844,189.28912608156344
40,150.0,30,50.0,2.0,2.0,3,0,14.533418850107271,498.79533806064467,183.5757899808681
40,150.0,25,50.0,2.0,2.0,4,0,80.95658630352908,459.33607136727795,411.8215105565725
40,150.0,30,50.0,1.5,1.0,4,0,80.2419432851157,459.33607136727795,411.8215105565725
40,150.0,20,100.0,1.5,1.0,2,0,48.51512519585008,357.3820174025494,170.075846905503
40,150.0,20,100.0,2.0,1.0,2,0,48.51512519585008,357.3820174025494,170.075846905503
40,150.0,20,100.0,1.0,1.5,2,0,32.38225866347449,357.3820174025494,170.075846905503
40,150.0,30,50.0,1.5,1.5,4,0,56.328453381421845,459.33607136727795,411.8215105565725
40,150.0,20,100.0,1.0,1.5,0,0,41.28617321474197,463.7091657830143,173.94983411973146
40,150.0,20,100.0,2.0,1.0,1,1,61.662227416499384,507.078922744844,189.28912608156344
40,150.0,20,100.0,2.0,1.0,0,0,64.4031575061685,463.7091657830143,173.94983411973146
40,150.0,20,100.0,1.0,1.0,2,0,48.51512519585008,357.3820174025494,170.075846905503
40,150.0,20,100.0,1.5,1.0,0,0,69.57803313914332,463.7091657830143,173.94983411973146
40,150.0,30,50.0,1.0,1.5,4,0,83.68944276836844,459.33607136727795,411.8215105565725
40,150.0,20,100.0,1.5,1.0,1,1,70.39792609069126,507.078922744844,189.28912608156344
40,150.0,20,100.0,1.0,1.5,3,0,53.33814592420402,498.79533806064467,183.5757899808681
40,150.0,20,100.0,1.5,1.5,2,0,32.38225866347449,357.3820174025494,170.075846905503
40,150.0,20,100.0,1.5,2.0,2,0,32.38225866347449,357.3820174025494,170.075846905503
40,150.0,20,100.0,2.0,1.5,2,0,32.38225866347449,357.3820174025494,170.075846905503
40,150.0,20,100.0,1.5,1.5,0,0,41.28617321474197,463.7091657830143,173.94983411973146
40,150.0,20,100.0,1.5,2.0,0,0,41.28617321474197,463.7091657830143,173.94983411973146
40,150.0,20,100.0,1.0,2.0,2,0,32.38225866347449,357.3820174025494,170.075846905503
40,150.0,20,100.0,2.0,1.0,4,1,92.19190906187085,459.33607136727795,411.8215105565725
40,150.0,20,100.0,2.0,1.5,0,0,41.28617321474197,463.7091657830143,173.94983411973146
40,150.0,20,100.0,1.0,1.0,0,0,67.67713273557179,463.7091657830143,173.94983411973146
40,150.0,20,100.0,1.5,1.5,3,0,53.33814592420402,498.79533806064467,183.5757899808681
40,150.0,20,100.0,1.0,1.5,4,0,73.89410809360956,459.33607136727795,411.8215105565725
40,150.0,20,100.0,1.0,2.0,0,0,41.28617321474197,463.7091657830143,173.94983411973146
40,150.0,25,100.0,1.0,1.0,2,0,9.200877865516937,357.3820174025494,170.075846905503
40,150.0,25,100.0,1.0,1.0,0,0,9.380768288484914,463.7091657830143,173.94983411973146
40,150.0,20,100.0,2.0,1.5,3,0,53.33814592420402,498.79533806064467,183.5757899808681
40,150.0,20,100.0,1.0,1.0,1,0,78.60250604649161,507.078922744844,189.28912608156344
40,150.0,20,100.0,1.5,2.0,3,0,64.18771025770504,498.79533806064467,183.5757899808681
40,150.0,25,100.0,1.5,1.0,2,0,9.200877865516937,357.3820174025494,170.075846905503
40,150.0,25,100.0,1.5,1.0,0,0,9.380768288484914,463.7091657830143,173.94983411973146
40,150.0,25,100.0,1.0,1.0,1,0,14.661920270458515,507.078922744844,189.28912608156344
40,150.0,25,100.0,2.0,1.0,2,0,9.200877865516937,357.3820174025494,170.075846905503
40,150.0,25,100.0,2.0,1.0,0,0,9.380768288484914,463.7091657830143,173.94983411973146
40,150.0,25,100.0,1.5,1.0,1,0,14.661920270458515,507.078922744844,189.28912608156344
40,150.0,25,100.0,2.0,1.0,1,0,14.661920270458515,507.078922744844,189.28912608156344
40,150.0,20,100.0,1.0,2.0,3,0,64.18771025770504,498.79533806064467,183.5757899808681
40,150.0,25,100.0,1.0,1.5,2,0,9.200877865516937,357.3820174025494,170.075846905503
40,150.0,25,100.0,1.0,1.5,0,0,9.380768288484914,463.7091657830143,173.94983411973146
40,150.0,20,100.0,2.0,2.0,2,0,32.38225866347449,357.3820174025494,170.075846905503
40,150.0,25,100.0,1.5,1.5,2,0,9.200877865516937,357.3820174025494,170.075846905503
40,150.0,20,100.0,1.5,1.5,4,1,82.85118203804704,459.33607136727795,411.8215105565725
40,150.0,25,100.0,1.5,1.5,0,0,9.380768288484914,463.7091657830143,173.94983411973146
40,150.0,20,100.0,1.5,2.0,4,0,81.55882375615508,459.33607136727795,411.8215105565725
40,150.0,25,100.0,1.0,1.5,1,0,14.661920270458515,507.078922744844,189.28912608156344
40,150.0,25,100.0,2.0,1.5,2,0,9.200877865516937,357.3820174025494,170.075846905503
40,150.0,25,100.0,2.0,1.5,0,0,9.380768288484914,463.7091657830143,173.94983411973146
40,150.0,25,100.0,1.0,2.0,2,0,9.200877865516937,357.3820174025494,170.075846905503
40,150.0,25,100.0,1.0,2.0,0,0,9.380768288484914,463.7091657830143,173.94983411973146
40,150.0,25,100.0,1.0,1.0,4,0,31.032493276370232,459.33607136727795,411.8215105565725
40,150.0,25,100.0,1.5,1.0,4,0,31.032493276370232,459.33607136727795,411.8215105565725
40,150.0,20,100.0,2.0,2.0,0,0,41.28617321474197,463.7091657830143,173.94983411973146
40,150.0,25,100.0,1.5,1.5,1,0,14.661920270458515,507.078922744844,189.28912608156344
40,150.0,25,100.0,2.0,1.5,1,0,14.661920270458515,507.078922744844,189.28912608156344
40,150.0,25,100.0,2.0,1.0,4,0,31.032493276370232,459.33607136727795,411.8215105565725
40,150.0,25,100.0,1.0,2.0,1,0,14.661920270458515,507.078922744844,189.28912608156344
40,150.0,20,100.0,1.0,2.0,4,0,83.19963071210276,459.33607136727795,411.8215105565725
40,150.0,25,100.0,1.5,2.0,2,0,9.200877865516937,357.3820174025494,170.075846905503
40,150.0,25,100.0,1.5,2.0,0,0,9.380768288484914,463.7091657830143,173.94983411973146
40,150.0,25,100.0,1.0,1.5,4,0,31.032493276370232,459.33607136727795,411.8215105565725
40,150.0,30,100.0,1.0,1.0,2,0,4.667740890007865,357.3820174025494,170.075846905503
40,150.0,30,100.0,1.5,1.0,2,0,4.667740890007865,357.3820174025494,170.075846905503
40,150.0,25,100.0,1.5,2.0,1,0,14.661920270458515,507.078922744844,189.28912608156344
40,150.0,25,100.0,2.0,1.5,4,0,31.032493276370232,459.33607136727795,411.8215105565725
40,150.0,25,100.0,2.0,2.0,2,0,9.200877865516937,357.3820174025494,170.075846905503
40,150.0,25,100.0,2.0,2.0,0,0,9.380768288484914,463.7091657830143,173.94983411973146
40,150.0,25,100.0,1.5,1.5,4,0,31.032493276370232,459.33607136727795,411.8215105565725
40,150.0,30,100.0,1.5,1.0,0,0,11.399676334303313,463.7091657830143,173.94983411973146
40,150.0,30,100.0,1.0,1.0,0,0,11.399676334303313,463.7091657830143,173.94983411973146
40,150.0,20,100.0,2.0,2.0,3,0,64.18771025770504,498.79533806064467,183.5757899808681
40,150.0,30,100.0,1.5,1.0,3,0,17.65086896325167,498.79533806064467,183.5757899808681
40,150.0,25,100.0,2.0,2.0,1,0,14.661920270458515,507.078922744844,189.28912608156344
40,150.0,30,100.0,1.0,1.0,3,0,17.65086896325167,498.79533806064467,183.5757899808681
40,150.0,30,100.0,1.5,1.0,4,0,23.307815575888192,459.33607136727795,411.8215105565725
40,150.0,30,100.0,1.0,1.5,2,0,4.667740890007865,357.3820174025494,170.075846905503
40,150.0,30,100.0,2.0,1.0,2,0,4.667740890007865,357.3820174025494,170.075846905503
40,150.0,30,100.0,1.0,1.0,4,0,23.307815575888192,459.33607136727795,411.8215105565725
40,150.0,30,100.0,1.0,1.5,0,0,11.399676334303313,463.7091657830143,173.94983411973146
40,150.0,30,100.0,2.0,1.0,0,0,11.399676334303313,463.7091657830143,173.94983411973146
40,150.0,30,100.0,1.0,1.5,3,0,17.65086896325167,498.79533806064467,183.5757899808681
40,150.0,30,100.0,2.0,1.0,3,0,17.65086896325167,498.79533806064467,183.5757899808681
40,150.0,30,100.0,2.0,1.0,4,0,23.307815575888192,459.33607136727795,411.8215105565725
40,150.0,25,100.0,1.0,2.0,4,1,77.6118603152368,459.33607136727795,411.8215105565725
40,150.0,30,100.0,1.5,1.5,2,0,4.667740890007865,357.3820174025494,170.075846905503
40,150.0,30,100.0,2.0,1.5,2,0,4.667740890007865,357.3820174025494,170.075846905503
40,150.0,30,100.0,1.5,1.5,0,0,11.399676334303313,463.7091657830143,173.94983411973146
40,150.0,30,100.0,1.0,2.0,2,0,4.667740890007865,357.3820174025494,170.075846905503
40,150.0,30,100.0,1.5,1.5,3,0,17.65086896325167,498.79533806064467,183.5757899808681
40,150.0,30,100.0,2.0,1.5,0,0,11.399676334303313,463.7091657830143,173.94983411973146
40,150.0,25,100.0,2.0,2.0,4,0,56.01233682944016,459.33607136727795,411.8215105565725
40,150.0,30,100.0,2.0,1.5,3,0,17.65086896325167,498.79533806064467,183.5757899808681
40,150.0,30,100.0,1.5,2.0,2,0,4.667740890007865,357.3820174025494,170.075846905503
40,150.0,30,100.0,1.0,2.0,0,0,18.955414869816817,463.7091657830143,173.94983411973146
40,150.0,25,100.0,1.5,2.0,4,0,73.75285751226797,459.33607136727795,411.8215105565725
40,150.0,30,100.0,2.0,2.0,2,0,4.667740890007865,357.3820174025494,170.075846905503
40,150.0,30,100.0,1.0,2.0,3,0,26.591663819909872,498.79533806064467,183.5757899808681
40,150.0,30,100.0,1.5,2.0,0,0,18.955414869816817,463.7091657830143,173.94983411973146
40,150.0,20,150.0,1.0,1.0,2,0,4.667740890007865,357.3820174025494,170.075846905503
40,150.0,30,100.0,2.0,2.0,0,0,18.955414869816817,463.7091657830143,173.94983411973146
40,150.0,20,150.0,1.5,1.0,2,0,4.667740890007865,357.3820174025494,170.075846905503
40,150.0,30,100.0,1.0,2.0,4,0,40.89636378871173,459.33607136727795,411.8215105565725
40,150.0,20,150.0,2.0,1.0,2,0,4.667740890007865,357.3820174025494,170.075846905503
40,150.0,30,100.0,1.5,2.0,3,0,26.591663819909872,498.79533806064467,183.5757899808681
40,150.0,30,100.0,2.0,2.0,3,0,26.591663819909872,498.79533806064467,183.5757899808681
40,150.0,20,150.0,1.5,1.5,2,0,4.667740890007865,357.3820174025494,170.075846905503
40,150.0,20,150.0,1.0,1.5,2,0,4.667740890007865,357.3820174025494,170.075846905503
40,150.0,20,150.0,1.5,1.0,0,0,13.719599949459118,463.7091657830143,173.94983411973146
40,150.0,20,150.0,1.0,1.0,0,0,13.719599949459118,463.7091657830143,173.94983411973146
40,150.0,20,150.0,2.0,1.0,0,0,13.719599949459118,463.7091657830143,173.94983411973146
40,150.0,20,150.0,1.5,1.5,0,0,13.719599949459118,463.7091657830143,173.94983411973146
40,150.0,30,100.0,1.5,1.5,4,0,65.81622071974766,459.33607136727795,411.8215105565725
40,150.0,20,150.0,2.0,1.0,4,0,23.419707849367395,459.33607136727795,411.8215105565725
40,150.0,20,150.0,1.0,1.5,0,0,13.719599949459118,463.7091657830143,173.94983411973146
40,150.0,30,100.0,2.0,1.5,4,0,60.06612633729532,459.33607136727795,411.8215105565725
40,150.0,20,150.0,1.5,1.5,4,0,23.419707849367395,459.33607136727795,411.8215105565725
40,150.0,20,150.0,1.0,1.0,4,0,23.419707849367395,459.33607136727795,411.8215105565725
40,150.0,20,150.0,1.5,1.0,4,0,23.419707849367395,459.33607136727795,411.8215105565725
40,150.0,20,150.0,2.0,1.0,1,0,37.2728445189378,507.078922744844,189.28912608156344
40,150.0,20,150.0,1.0,1.5,4,0,23.419707849367395,459.33607136727795,411.8215105565725
40,150.0,20,150.0,2.0,1.5,2,0,4.667740890007865,357.3820174025494,170.075846905503
40,150.0,20,150.0,1.0,2.0,2,0,4.667740890007865,357.3820174025494,170.075846905503
40,150.0,20,150.0,1.0,1.0,1,0,37.2728445189378,507.078922744844,189.28912608156344
40,150.0,20,150.0,1.5,2.0,2,0,4.667740890007865,357.3820174025494,170.075846905503
40,150.0,20,150.0,1.5,1.0,1,0,37.2728445189378,507.078922744844,189.28912608156344
40,150.0,20,150.0,2.0,2.0,2,0,4.667740890007865,357.3820174025494,170.075846905503
40,150.0,20,150.0,2.0,1.5,0,0,13.719599949459118,463.7091657830143,173.94983411973146
40,150.0,20,150.0,1.0,2.0,0,0,13.719599949459118,463.7091657830143,173.94983411973146
40,150.0,20,150.0,1.5,1.5,1,1,56.776048664309414,507.078922744844,189.28912608156344
40,150.0,25,150.0,1.0,1.0,2,0,4.667740890007865,357.3820174025494,170.075846905503
40,150.0,20,150.0,2.0,2.0,0,0,13.719599949459118,463.7091657830143,173.94983411973146
40,150.0,20,150.0,1.5,2.0,0,0,13.719599949459118,463.7091657830143,173.94983411973146
40,150.0,20,150.0,1.0,2.0,4,0,23.419707849367395,459.33607136727795,411.8215105565725
40,150.0,25,150.0,1.5,1.0,2,0,4.667740890007865,357.3820174025494,170.075846905503
40,150.0,20,150.0,2.0,1.5,4,0,23.419707849367395,459.33607136727795,411.8215105565725
40,150.0,20,150.0,2.0,2.0,4,0,23.419707849367395,459.33607136727795,411.8215105565725
40,150.0,25,150.0,1.0,1.0,0,0,16.60562892408488,463.7091657830143,173.94983411973146
40,150.0,25,150.0,1.0,1.0,3,0,18.44632211574204,498.79533806064467,183.5757899808681
40,150.0,30,100.0,1.5,2.0,4,0,81.02024188879587,459.33607136727795,411.8215105565725
40,150.0,20,150.0,1.5,2.0,4,0,23.419707849367395,459.33607136727795,411.8215105565725
40,150.0,20,150.0,1.0,1.5,1,1,56.776048664309414,507.078922744844,189.28912608156344
40,150.0,25,150.0,1.0,1.0,4,0,24.5745849727789,459.33607136727795,411.8215105565725
40,150.0,25,150.0,1.5,1.0,0,0,16.60562892408488,463.7091657830143,173.94983411973146
40,150.0,25,150.0,1.5,1.0,3,0,18.44632211574204,498.79533806064467,183.5757899808681
40,150.0,25,150.0,2.0,1.0,2,0,4.667740890007865,357.3820174025494,170.075846905503
40,150.0,25,150.0,1.0,1.5,2,0,4.667740890007865,357.3820174025494,170.075846905503
40,150.0,25,150.0,1.5,1.0,4,0,24.5745849727789,459.33607136727795,411.8215105565725
40,150.0,25,150.0,1.5,1.5,2,0,4.667740890007865,357.3820174025494,170.075846905503
40,150.0,25,150.0,2.0,1.0,0,0,16.60562892408488,463.7091657830143,173.94983411973146
40,150.0,25,150.0,1.0,1.5,0,0,19.370535538939688,463.7091657830143,173.94983411973146
40,150.0,25,150.0,2.0,1.0,3,0,18.44632211574204,498.79533806064467,183.5757899808681
40,150.0,25,150.0,2.0,1.5,2,0,4.667740890007865,357.3820174025494,170.075846905503
40,150.0,25,150.0,1.0,2.0,2,0,4.667740890007865,357.3820174025494,170.075846905503
40,150.0,20,150.0,1.0,2.0,1,1,56.746624086708074,507.078922744844,189.28912608156344
40,150.0,25,150.0,2.0,1.0,4,0,24.5745849727789,459.33607136727795,411.8215105565725
40,150.0,20,150.0,2.0,2.0,1,1,56.746624086708074,507.078922744844,189.28912608156344
40,150.0,25,150.0,1.5,1.5,0,0,19.370535538939688,463.7091657830143,173.94983411973146
40,150.0,25,150.0,1.0,1.5,1,0,36.15206772751344,507.078922744844,189.28912608156344
40,150.0,20,150.0,2.0,1.5,1,1,56.776048664309414,507.078922744844,189.28912608156344
40,150.0,25,150.0,2.0,1.5,0,0,19.370535538939688,463.7091657830143,173.94983411973146
40,150.0,20,150.0,1.5,2.0,1,1,56.746624086708074,507.078922744844,189.28912608156344
40,150.0,25,150.0,1.0,1.5,4,0,43.32497556566048,459.33607136727795,411.8215105565725
40,150.0,25,150.0,1.5,1.5,1,0,36.15206772751344,507.078922744844,189.28912608156344
40,150.0,25,150.0,1.0,2.0,0,0,35.03561404644314,463.7091657830143,173.94983411973146
40,150.0,25,150.0,1.5,2.0,2,0,4.667740890007865,357.3820174025494,170.075846905503
40,150.0,25,150.0,1.5,1.5,4,0,43.32497556566048,459.33607136727795,411.8215105565725
40,150.0,25,150.0,1.0,2.0,3,0,45.38737227262401,498.79533806064467,183.5757899808681
40,150.0,25,150.0,2.0,2.0,2,0,4.667740890007865,357.3820174025494,170.075846905503
40,150.0,25,150.0,2.0,1.5,1,0,36.15206772751344,507.078922744844,189.28912608156344
40,150.0,30,150.0,1.5,1.0,2,0,4.667740890007865,357.3820174025494,170.075846905503
40,150.0,30,150.0,1.0,1.0,2,0,4.667740890007865,357.3820174025494,170.075846905503
40,150.0,25,150.0,2.0,1.5,4,0,43.32497556566048,459.33607136727795,411.8215105565725
40,150.0,30,150.0,2.0,1.0,2,0,4.667740890007865,357.3820174025494,170.075846905503
40,150.0,30,150.0,1.5,1.0,0,0,15.606821124633173,463.7091657830143,173.94983411973146
40,150.0,30,150.0,1.5,1.0,4,0,20.368582310171774,459.33607136727795,411.8215105565725
40,150.0,30,150.0,1.0,1.5,2,0,4.667740890007865,357.3820174025494,170.075846905503
40,150.0,30,150.0,1.0,1.0,0,0,15.606821124633173,463.7091657830143,173.94983411973146
40,150.0,25,150.0,1.5,2.0,0,0,35.03561404644314,463.7091657830143,173.94983411973146
40,150.0,30,150.0,2.0,1.0,0,0,15.606821124633173,463.7091657830143,173.94983411973146
40,150.0,30,150.0,1.5,1.5,2,0,4.667740890007865,357.3820174025494,170.075846905503
40,150.0,30,150.0,2.0,1.5,2,0,4.667740890007865,357.3820174025494,170.075846905503
40,150.0,30,150.0,2.0,1.0,4,0,20.368582310171774,459.33607136727795,411.8215105565725
40,150.0,30,150.0,1.0,1.0,4,0,20.368582310171774,459.33607136727795,411.8215105565725
40,150.0,25,150.0,2.0,2.0,0,0,35.03561404644314,463.7091657830143,173.94983411973146
40,150.0,30,150.0,1.0,1.5,0,0,20.357754026565434,463.7091657830143,173.94983411973146
40,150.0,30,150.0,1.0,1.5,3,0,20.640414545078603,498.79533806064467,183.5757899808681
40,150.0,30,150.0,2.0,1.5,0,0,20.357754026565434,463.7091657830143,173.94983411973146
40,150.0,30,150.0,2.0,1.5,3,0,20.640414545078603,498.79533806064467,183.5757899808681
40,150.0,25,150.0,1.5,2.0,3,0,45.38737227262401,498.79533806064467,183.5757899808681
40,150.0,30,150.0,1.5,1.5,0,0,20.357754026565434,463.7091657830143,173.94983411973146
40,150.0,30,150.0,1.5,1.5,3,0,20.640414545078603,498.79533806064467,183.5757899808681
40,150.0,25,150.0,2.0,2.0,3,0,45.38737227262401,498.79533806064467,183.5757899808681
40,150.0,30,150.0,1.0,2.0,2,0,4.667740890007865,357.3820174025494,170.075846905503
40,150.0,30,150.0,1.5,2.0,2,0,4.667740890007865,357.3820174025494,170.075846905503
40,150.0,25,150.0,1.0,2.0,4,1,98.94033950705848,459.33607136727795,411.8215105565725
40,150.0,30,150.0,2.0,1.5,4,0,29.816921350379854,459.33607136727795,411.8215105565725
40,150.0,30,150.0,1.0,1.5,4,0,29.816921350379854,459.33607136727795,411.8215105565725
40,150.0,30,150.0,2.0,2.0,2,0,4.667740890007865,357.3820174025494,170.075846905503
40,150.0,30,150.0,1.5,1.5,4,0,29.816921350379854,459.33607136727795,411.8215105565725
40,150.0,30,150.0,1.5,1.0,1,1,56.52122862672824,507.078922744844,189.28912608156344
40,150.0,30,150.0,2.0,1.0,1,1,56.52122862672824,507.078922744844,189.28912608156344
40,150.0,25,150.0,2.0,2.0,4,0,68.25264862799867,459.33607136727795,411.8215105565725
41,150.0,20,50.0,1.0,1.0,3,1,24.229101214552404,782.7905121440356,448.8951647729029
40,150.0,30,150.0,2.0,2.0,0,0,26.624682202563886,463.7091657830143,173.94983411973146
40,150.0,25,150.0,1.5,2.0,4,0,68.25264862799867,459.33607136727795,411.8215105565725
40,150.0,30,150.0,2.0,2.0,1,0,29.157786126730997,507.078922744844,189.28912608156344
41,150.0,20,50.0,1.5,1.0,0,1,19.848185169260955,771.2855690062817,390.54541544306136
41,150.0,20,50.0,1.0,1.0,0,1,39.557504969794344,771.2855690062817,390.54541544306136
41,150.0,20,50.0,1.5,1.0,3,1,23.71392123609513,782.7905121440356,448.8951647729029
40,150.0,30,150.0,1.0,1.0,1,1,56.52122862672824,507.078922744844,189.28912608156344
41,150.0,20,50.0,1.0,1.0,4,1,59.35839234930549,688.6002716449726,456.5169056717902
41,150.0,20,50.0,2.0,1.0,0,1,19.740914393888694,771.2855690062817,390.54541544306136
40,150.0,30,150.0,1.0,2.0,0,0,26.624682202563886,463.7091657830143,173.94983411973146
40,150.0,30,150.0,1.5,2.0,0,0,26.624682202563886,463.7091657830143,173.94983411973146
40,150.0,30,150.0,1.0,2.0,1,0,29.157786126730997,507.078922744844,189.28912608156344
40,150.0,30,150.0,1.5,2.0,1,0,29.157786126730997,507.078922744844,189.28912608156344
41,150.0,20,50.0,2.0,1.0,2,0,22.19777237801728,203.03436347978428,155.4830260820167
41,150.0,20,50.0,2.0,1.0,3,1,23.71392123609513,782.7905121440356,448.8951647729029
40,150.0,30,150.0,2.0,2.0,4,0,70.64904996711918,459.33607136727795,411.8215105565725
41,150.0,20,50.0,1.5,1.0,4,1,46.08361899909529,688.6002716449726,456.5169056717902
41,150.0,20,50.0,1.0,1.5,0,1,20.77576165810597,771.2855690062817,390.54541544306136
41,150.0,20,50.0,1.0,1.5,3,1,23.71392123609513,782.7905121440356,448.8951647729029
41,150.0,20,50.0,1.5,1.5,0,1,20.77576165810597,771.2855690062817,390.54541544306136
41,150.0,20,50.0,1.5,1.5,3,1,23.71392123609513,782.7905121440356,448.8951647729029
41,150.0,20,50.0,1.5,1.5,2,0,24.332058145992555,203.03436347978428,155.4830260820167
41,150.0,20,50.0,2.0,1.0,4,1,40.32643850576521,688.6002716449726,456.5169056717902
41,150.0,20,50.0,1.0,1.5,2,0,42.327054336750955,203.03436347978428,155.4830260820167
41,150.0,20,50.0,2.0,1.5,0,1,20.77576165810597,771.2855690062817,390.54541544306136
41,150.0,20,50.0,2.0,1.5,3,1,23.71392123609513,782.7905121440356,448.8951647729029
41,150.0,20,50.0,2.0,1.5,2,0,24.332058145992555,203.03436347978428,155.4830260820167
41,150.0,20,50.0,1.0,2.0,2,0,24.332058145992555,203.03436347978428,155.4830260820167
41,150.0,20,50.0,1.0,2.0,3,1,24.637994076338025,782.7905121440356,448.8951647729029
41,150.0,20,50.0,1.5,1.5,4,1,50.88389304017038,688.6002716449726,456.5169056717902
41,150.0,20,50.0,1.5,2.0,3,1,24.637994076338025,782.7905121440356,448.8951647729029
41,150.0,25,50.0,1.0,1.0,0,1,19.36371144489063,771.2855690062817,390.54541544306136
41,150.0,20,50.0,1.5,2.0,2,0,29.352424642975297,203.03436347978428,155.4830260820167
41,150.0,25,50.0,1.0,1.0,3,1,22.409141798252048,782.7905121440356,448.8951647729029
41,150.0,25,50.0,1.5,1.0,0,1,19.68725428007201,771.2855690062817,390.54541544306136
41,150.0,25,50.0,1.5,1.0,3,1,22.574213589485563,782.7905121440356,448.8951647729029
41,150.0,20,50.0,1.0,1.5,4,1,74.1682502257751,688.6002716449726,456.5169056717902
41,150.0,25,50.0,2.0,1.0,0,1,22.409141798252048,771.2855690062817,390.54541544306136
40,150.0,30,150.0,1.0,2.0,4,0,70.64904996711918,459.33607136727795,411.8215105565725
41,150.0,20,50.0,2.0,2.0,0,1,23.71392123609513,771.2855690062817,390.54541544306136
41,150.0,20,50.0,2.0,2.0,2,0,24.332058145992555,203.03436347978428,155.4830260820167
41,150.0,25,50.0,2.0,1.0,3,1,25.313050957296525,782.7905121440356,448.8951647729029
41,150.0,20,50.0,2.0,1.5,4,1,58.77933343225606,688.6002716449726,456.5169056717902
41,150.0,20,50.0,2.0,2.0,3,1,26.342248179880183,782.7905121440356,448.8951647729029
41,150.0,20,50.0,1.5,2.0,0,1,41.29954805665345,771.2855690062817,390.54541544306136
40,150.0,30,150.0,1.5,2.0,4,0,70.64904996711918,459.33607136727795,411.8215105565725
41,150.0,25,50.0,1.0,1.0,4,1,41.543192398622054,688.6002716449726,456.5169056717902
41,150.0,20,50.0,1.0,2.0,0,1,50.194669468869854,771.2855690062817,390.54541544306136
41,150.0,25,50.0,1.5,1.0,2,0,44.34494972454921,203.03436347978428,155.4830260820167
41,150.0,20,50.0,1.0,2.0,4,1,56.05875381300572,688.6002716449726,456.5169056717902
41,150.0,25,50.0,2.0,1.0,2,0,41.21466262749244,203.03436347978428,155.4830260820167
41,150.0,25,50.0,2.0,1.0,4,1,41.86754254632995,688.6002716449726,456.5169056717902
41,150.0,25,50.0,1.0,1.5,0,1,19.68725428007201,771.2855690062817,390.54541544306136
41,150.0,25,50.0,1.5,1.0,4,1,53.205277810673195,688.6002716449726,456.5169056717902
41,150.0,25,50.0,1.0,1.5,3,1,22.574213589485563,782.7905121440356,448.8951647729029
41,150.0,25,50.0,1.5,1.5,0,1,22.409141798252048,771.2855690062817,390.54541544306136
41,150.0,25,50.0,1.5,1.5,3,1,25.313050957296525,782.7905121440356,448.8951647729029
41,150.0,25,50.0,2.0,1.5,0,1,22.409141798252048,771.2855690062817,390.54541544306136
41,150.0,25,50.0,2.0,1.5,3,1,25.313050957296525,782.7905121440356,448.8951647729029
41,150.0,25,50.0,1.0,2.0,0,1,22.709866576992717,771.2855690062817,390.54541544306136
41,150.0,25,50.0,1.0,2.0,3,1,26.60437290302961,782.7905121440356,448.8951647729029
41,150.0,25,50.0,2.0,2.0,3,1,23.599376614146394,782.7905121440356,448.8951647729029
41,150.0,25,50.0,1.5,2.0,0,1,22.409141798252048,771.2855690062817,390.54541544306136
41,150.0,25,50.0,1.5,1.0,1,0,89.93652780567902,128.09185532690785,360.07796807860166
41,150.0,30,50.0,1.0,1.0,0,1,24.59932887310684,771.2855690062817,390.54541544306136
41,150.0,20,50.0,2.0,2.0,1,1,77.7647021587,128.09185532690785,360.07796807860166
41,150.0,25,50.0,1.5,2.0,3,1,25.313050957296525,782.7905121440356,448.8951647729029
41,150.0,30,50.0,1.0,1.0,3,1,27.458434822615295,782.7905121440356,448.8951647729029
41,150.0,25,50.0,2.0,1.0,1,0,83.88759305966109,128.09185532690785,360.07796807860166
41,150.0,25,50.0,2.0,2.0,0,1,37.592830921268096,771.2855690062817,390.54541544306136
41,150.0,20,50.0,1.5,2.0,4,1,99.7630111946742,688.6002716449726,456.5169056717902
41,150.0,30,50.0,1.5,1.0,0,1,24.229101214552404,771.2855690062817,390.54541544306136
41,150.0,25,50.0,2.0,2.0,4,1,49.45263672278617,688.6002716449726,456.5169056717902
41,150.0,30,50.0,1.5,1.0,3,1,26.80411090685123,782.7905121440356,448.8951647729029
41,150.0,30,50.0,2.0,1.0,2,0,22.19777237801728,203.03436347978428,155.4830260820167
41,150.0,30,50.0,2.0,1.0,0,1,23.71392123609513,771.2855690062817,390.54541544306136
41,150.0,30,50.0,1.0,1.0,4,1,43.32270469151222,688.6002716449726,456.5169056717902
41,150.0,25,50.0,1.5,2.0,4,1,41.973777466232185,688.6002716449726,456.5169056717902
41,150.0,30,50.0,2.0,1.0,3,1,26.41796679405167,782.7905121440356,448.8951647729029
41,150.0,30,50.0,2.0,1.5,0,1,23.71392123609513,771.2855690062817,390.54541544306136
41,150.0,25,50.0,2.0,1.5,4,1,73.84886093224267,688.6002716449726,456.5169056717902
41,150.0,30,50.0,2.0,1.5,3,1,26.80411090685123,782.7905121440356,448.8951647729029
41,150.0,30,50.0,1.5,1.5,0,1,24.229101214552404,771.2855690062817,390.54541544306136
41,150.0,30,50.0,1.5,1.0,4,1,43.861599034953244,688.6002716449726,456.5169056717902
41,150.0,30,50.0,1.0,2.0,2,0,23.579717930198026,203.03436347978428,155.4830260820167
41,150.0,30,50.0,2.0,1.5,2,0,30.391757647358954,203.03436347978428,155.4830260820167
41,150.0,30,50.0,1.0,2.0,0,1,23.71392123609513,771.2855690062817,390.54541544306136
41,150.0,30,50.0,1.5,1.5,3,1,26.80411090685123,782.7905121440356,448.8951647729029
41,150.0,30,50.0,1.0,1.5,0,1,24.229101214552404,771.2855690062817,390.54541544306136
41,150.0,30,50.0,1.0,2.0,3,1,26.347014717421537,782.7905121440356,448.8951647729029
41,150.0,30,50.0,1.0,1.5,3,1,26.80411090685123,782.7905121440356,448.8951647729029
41,150.0,30,50.0,2.0,1.0,4,1,57.338372944363,688.6002716449726,456.5169056717902
41,150.0,25,50.0,1.5,1.5,4,1,95.79208648054505,688.6002716449726,456.5169056717902
41,150.0,25,50.0,1.0,2.0,4,1,77.95788723532559,688.6002716449726,456.5169056717902
41,150.0,30,50.0,1.5,2.0,2,0,23.579717930198026,203.03436347978428,155.4830260820167
41,150.0,30,50.0,1.5,2.0,0,1,23.71392123609513,771.2855690062817,390.54541544306136
41,150.0,30,50.0,1.5,1.5,4,1,48.69588272746871,688.6002716449726,456.5169056717902
41,150.0,30,50.0,1.5,2.0,3,1,26.347014717421537,782.7905121440356,448.8951647729029
41,150.0,30,50.0,2.0,1.5,4,1,56.823978111645026,688.6002716449726,456.5169056717902
41,150.0,25,50.0,1.0,1.5,4,1,92.68044401509384,688.6002716449726,456.5169056717902
41,150.0,30,50.0,2.0,1.5,1,0,62.74484356534621,128.09185532690785,360.07796807860166
41,150.0,30,50.0,1.0,1.5,4,1,47.53747728937599,688.6002716449726,456.5169056717902
41,150.0,20,100.0,1.0,1.0,2,0,9.162914059936453,203.03436347978428,155.4830260820167
41,150.0,30,50.0,1.0,2.0,4,1,50.61702892861982,688.6002716449726,456.5169056717902
41,150.0,30,50.0,2.0,2.0,0,1,23.71392123609513,771.2855690062817,390.54541544306136
41,150.0,20,100.0,1.5,1.0,2,0,9.162914059936453,203.03436347978428,155.4830260820167
41,150.0,30,50.0,2.0,2.0,3,1,26.80411090685123,782.7905121440356,448.8951647729029
41,150.0,20,100.0,1.0,1.5,2,0,9.162914059936453,203.03436347978428,155.4830260820167
41,150.0,20,100.0,2.0,1.0,2,0,9.162914059936453,203.03436347978428,155.4830260820167
41,150.0,20,100.0,1.0,1.0,0,1,20.111827474526315,771.2855690062817,390.54541544306136
41,150.0,20,100.0,1.5,1.5,2,0,9.162914059936453,203.03436347978428,155.4830260820167
41,150.0,20,100.0,1.5,1.0,0,1,20.111827474526315,771.2855690062817,390.54541544306136
41,150.0,30,50.0,1.5,2.0,4,1,50.61702892861982,688.6002716449726,456.5169056717902
41,150.0,20,100.0,1.5,1.0,3,1,23.28059198173044,782.7905121440356,448.8951647729029
41,150.0,20,100.0,1.0,1.0,3,1,23.28059198173044,782.7905121440356,448.8951647729029
41,150.0,20,100.0,1.0,1.5,0,1,23.914196160168466,771.2855690062817,390.54541544306136
41,150.0,20,100.0,1.0,1.5,3,1,26.51378202306723,782.7905121440356,448.8951647729029
41,150.0,20,100.0,2.0,1.0,0,1,20.42102065274606,771.2855690062817,390.54541544306136
41,150.0,20,100.0,2.0,1.5,2,0,9.162914059936453,203.03436347978428,155.4830260820167
41,150.0,20,100.0,1.5,1.5,0,1,20.745431652964342,771.2855690062817,390.54541544306136
41,150.0,20,100.0,1.5,1.5,3,1,23.914196160168466,782.7905121440356,448.8951647729029
41,150.0,20,100.0,2.0,1.0,3,1,23.98305231399118,782.7905121440356,448.8951647729029
41,150.0,20,100.0,1.0,2.0,2,0,9.162914059936453,203.03436347978428,155.4830260820167
41,150.0,20,100.0,1.0,1.5,1,0,36.876641378910115,128.09185532690785,360.07796807860166
41,150.0,20,100.0,1.5,1.0,1,0,36.019583788605274,128.09185532690785,360.07796807860166
41,150.0,20,100.0,1.0,1.0,1,0,36.019583788605274,128.09185532690785,360.07796807860166
41,150.0,30,50.0,2.0,2.0,4,1,58.98134011301582,688.6002716449726,456.5169056717902
41,150.0,20,100.0,1.5,1.5,1,0,36.896241101015754,128.09185532690785,360.07796807860166
41,150.0,20,100.0,1.5,2.0,2,0,9.162914059936453,203.03436347978428,155.4830260820167
41,150.0,20,100.0,2.0,1.5,0,1,23.914196160168466,771.2855690062817,390.54541544306136
41,150.0,20,100.0,2.0,1.5,3,1,25.549601964873798,782.7905121440356,448.8951647729029
41,150.0,20,100.0,2.0,1.0,1,0,36.098522346904076,128.09185532690785,360.07796807860166
41,150.0,20,100.0,1.0,1.5,4,1,51.01414448721734,688.6002716449726,456.5169056717902
41,150.0,20,100.0,1.0,2.0,0,1,23.914196160168466,771.2855690062817,390.54541544306136
41,150.0,20,100.0,1.0,2.0,3,1,26.51378202306723,782.7905121440356,448.8951647729029
41,150.0,20,100.0,1.5,1.5,4,1,47.02309816434869,688.6002716449726,456.5169056717902
41,150.0,20,100.0,2.0,2.0,2,0,9.162914059936453,203.03436347978428,155.4830260820167
41,150.0,20,100.0,1.5,1.0,4,1,53.676800837166326,688.6002716449726,456.5169056717902
41,150.0,20,100.0,2.0,1.0,4,1,43.80436627465784,688.6002716449726,456.5169056717902
41,150.0,20,100.0,2.0,1.5,1,0,36.876641378910115,128.09185532690785,360.07796807860166
41,150.0,25,100.0,1.0,1.0,2,0,9.162914059936453,203.03436347978428,155.4830260820167
41,150.0,20,100.0,1.5,2.0,0,1,20.745431652964342,771.2855690062817,390.54541544306136
41,150.0,20,100.0,1.0,2.0,1,0,36.876641378910115,128.09185532690785,360.07796807860166
41,150.0,20,100.0,1.0,1.0,4,1,53.676800837166326,688.6002716449726,456.5169056717902
41,150.0,25,100.0,1.5,1.0,2,0,9.162914059936453,203.03436347978428,155.4830260820167
41,150.0,20,100.0,1.5,2.0,3,1,23.914196160168466,782.7905121440356,448.8951647729029
41,150.0,25,100.0,2.0,1.0,2,0,9.162914059936453,203.03436347978428,155.4830260820167
41,150.0,25,100.0,1.0,1.5,2,0,9.162914059936453,203.03436347978428,155.4830260820167
41,150.0,20,100.0,2.0,1.5,4,1,45.19985210449623,688.6002716449726,456.5169056717902
41,150.0,25,100.0,1.5,1.5,2,0,9.162914059936453,203.03436347978428,155.4830260820167
41,150.0,20,100.0,2.0,2.0,0,1,20.745431652964342,771.2855690062817,390.54541544306136
41,150.0,20,100.0,2.0,2.0,3,1,23.914196160168466,782.7905121440356,448.8951647729029
41,150.0,25,100.0,1.0,1.0,3,1,25.308005112988813,782.7905121440356,448.8951647729029
41,150.0,25,100.0,2.0,1.0,0,1,20.503834801079357,771.2855690062817,390.54541544306136
41,150.0,25,100.0,2.0,1.5,2,0,9.162914059936453,203.03436347978428,155.4830260820167
41,150.0,25,100.0,1.0,2.0,2,0,9.162914059936453,203.03436347978428,155.4830260820167
41,150.0,25,100.0,1.5,1.0,0,1,20.503834801079357,771.2855690062817,390.54541544306136
41,150.0,25,100.0,1.5,2.0,2,0,9.162914059936453,203.03436347978428,155.4830260820167
41,150.0,20,100.0,1.5,2.0,1,0,36.896241101015754,128.09185532690785,360.07796807860166
41,150.0,25,100.0,2.0,1.0,3,1,24.375059640544222,782.7905121440356,448.8951647729029
41,150.0,25,100.0,1.5,1.0,3,1,24.375059640544222,782.7905121440356,448.8951647729029
41,150.0,25,100.0,1.0,1.5,3,1,25.549601964873798,782.7905121440356,448.8951647729029
41,150.0,20,100.0,1.0,2.0,4,1,52.684963245131826,688.6002716449726,456.5169056717902
41,150.0,25,100.0,2.0,2.0,2,0,9.162914059936453,203.03436347978428,155.4830260820167
41,150.0,25,100.0,1.5,1.5,3,1,25.549601964873798,782.7905121440356,448.8951647729029
41,150.0,25,100.0,1.0,1.5,1,0,30.220301149390043,128.09185532690785,360.07796807860166
41,150.0,20,100.0,2.0,2.0,1,0,36.896241101015754,128.09185532690785,360.07796807860166
41,150.0,25,100.0,1.5,1.5,1,0,30.220301149390043,128.09185532690785,360.07796807860166
41,150.0,20,100.0,1.5,2.0,4,1,47.02309816434869,688.6002716449726,456.5169056717902
41,150.0,30,100.0,1.5,1.0,2,0,9.223023127894946,203.03436347978428,155.4830260820167
41,150.0,25,100.0,1.0,1.0,1,0,40.70111162273813,128.09185532690785,360.07796807860166
41,150.0,25,100.0,2.0,1.0,1,0,36.33829947194407,128.09185532690785,360.07796807860166
41,150.0,30,100.0,1.0,1.0,2,0,9.223023127894946,203.03436347978428,155.4830260820167
41,150.0,25,100.0,2.0,1.5,3,1,25.549601964873798,782.7905121440356,448.8951647729029
41,150.0,30,100.0,2.0,1.0,2,0,9.223023127894946,203.03436347978428,155.4830260820167
41,150.0,25,100.0,1.0,1.0,4,1,44.387108488097184,688.6002716449726,456.5169056717902
41,150.0,25,100.0,1.0,1.0,0,1,44.399135415364576,771.2855690062817,390.54541544306136
41,150.0,25,100.0,1.0,2.0,3,1,25.549601964873798,782.7905121440356,448.8951647729029
41,150.0,25,100.0,1.0,1.5,0,1,41.16248974926808,771.2855690062817,390.54541544306136
41,150.0,25,100.0,1.5,1.0,1,0,36.33829947194407,128.09185532690785,360.07796807860166
41,150.0,20,100.0,2.0,2.0,4,1,47.02309816434869,688.6002716449726,456.5169056717902
41,150.0,25,100.0,1.5,2.0,3,1,25.549601964873798,782.7905121440356,448.8951647729029
41,150.0,25,100.0,2.0,1.5,1,0,30.220301149390043,128.09185532690785,360.07796807860166
41,150.0,30,100.0,1.5,1.0,0,1,18.90929897047384,771.2855690062817,390.54541544306136
41,150.0,25,100.0,1.0,2.0,1,0,30.220301149390043,128.09185532690785,360.07796807860166
41,150.0,25,100.0,1.5,1.5,0,1,41.16248974926808,771.2855690062817,390.54541544306136
41,150.0,25,100.0,2.0,1.0,4,1,45.340605315882826,688.6002716449726,456.5169056717902
41,150.0,30,100.0,1.0,1.5,2,0,9.223023127894946,203.03436347978428,155.4830260820167
41,150.0,25,100.0,2.0,2.0,3,1,25.549601964873798,782.7905121440356,448.8951647729029
41,150.0,30,100.0,1.0,1.0,0,1,18.90929897047384,771.2855690062817,390.54541544306136
41,150.0,30,100.0,2.0,1.0,0,1,18.90929897047384,771.2855690062817,390.54541544306136
41,150.0,30,100.0,1.5,1.5,2,0,9.223023127894946,203.03436347978428,155.4830260820167
41,150.0,25,100.0,1.5,2.0,1,0,30.220301149390043,128.09185532690785,360.07796807860166
41,150.0,30,100.0,2.0,1.5,2,0,9.223023127894946,203.03436347978428,155.4830260820167
41,150.0,30,100.0,1.5,1.0,3,1,24.005232282508477,782.7905121440356,448.8951647729029
41,150.0,25,100.0,1.0,1.5,4,1,50.71856590713377,688.6002716449726,456.5169056717902
41,150.0,25,100.0,1.5,1.0,4,1,45.340605315882826,688.6002716449726,456.5169056717902
41,150.0,25,100.0,2.0,2.0,1,0,30.220301149390043,128.09185532690785,360.07796807860166
41,150.0,30,100.0,1.0,1.0,3,1,24.005232282508477,782.7905121440356,448.8951647729029
41,150.0,30,100.0,2.0,1.0,3,1,24.005232282508477,782.7905121440356,448.8951647729029
41,150.0,25,100.0,1.0,2.0,0,1,41.16248974926808,771.2855690062817,390.54541544306136
41,150.0,25,100.0,2.0,1.5,0,1,41.16248974926808,771.2855690062817,390.54541544306136
41,150.0,30,100.0,1.5,1.0,1,0,28.906017588337832,128.09185532690785,360.07796807860166
41,150.0,30,100.0,1.0,2.0,2,0,9.223023127894946,203.03436347978428,155.4830260820167
41,150.0,30,100.0,1.5,1.5,0,1,18.90929897047384,771.2855690062817,390.54541544306136
41,150.0,30,100.0,1.0,1.0,1,0,28.906017588337832,128.09185532690785,360.07796807860166
41,150.0,25,100.0,1.5,1.5,4,1,50.71856590713377,688.6002716449726,456.5169056717902
41,150.0,30,100.0,2.0,1.0,1,0,28.906017588337832,128.09185532690785,360.07796807860166
41,150.0,30,100.0,1.0,1.5,0,1,18.90929897047384,771.2855690062817,390.54541544306136
41,150.0,30,100.0,2.0,2.0,2,0,9.223023127894946,203.03436347978428,155.4830260820167
41,150.0,25,100.0,1.5,2.0,0,1,41.16248974926808,771.2855690062817,390.54541544306136
41,150.0,30,100.0,1.5,2.0,2,0,9.223023127894946,203.03436347978428,155.4830260820167
41,150.0,30,100.0,2.0,1.5,0,1,18.90929897047384,771.2855690062817,390.54541544306136
41,150.0,30,100.0,1.5,1.5,3,1,24.005232282508477,782.7905121440356,448.8951647729029
41,150.0,30,100.0,1.0,2.0,0,1,18.90929897047384,771.2855690062817,390.54541544306136
41,150.0,25,100.0,2.0,2.0,0,1,41.16248974926808,771.2855690062817,390.54541544306136
41,150.0,30,100.0,1.0,1.5,3,1,24.005232282508477,782.7905121440356,448.8951647729029
41,150.0,30,100.0,1.5,1.5,1,0,28.906017588337832,128.09185532690785,360.07796807860166
41,150.0,30,100.0,1.5,2.0,0,1,18.90929897047384,771.2855690062817,390.54541544306136
41,150.0,30,100.0,2.0,1.5,3,1,24.005232282508477,782.7905121440356,448.8951647729029
41,150.0,30,100.0,2.0,2.0,0,1,18.90929897047384,771.2855690062817,390.54541544306136
41,150.0,25,100.0,2.0,1.5,4,1,50.71856590713377,688.6002716449726,456.5169056717902
41,150.0,30,100.0,1.5,1.0,4,1,44.26203683939559,688.6002716449726,456.5169056717902
41,150.0,25,100.0,1.0,2.0,4,1,56.157248371935914,688.6002716449726,456.5169056717902
41,150.0,30,100.0,1.0,2.0,3,1,24.005232282508477,782.7905121440356,448.8951647729029
41,150.0,20,150.0,1.0,1.0,2,0,6.2010619437492895,203.03436347978428,155.4830260820167
41,150.0,30,100.0,1.0,1.0,4,1,44.26203683939559,688.6002716449726,456.5169056717902
41,150.0,30,100.0,1.0,1.5,1,0,28.906017588337832,128.09185532690785,360.07796807860166
41,150.0,25,100.0,1.5,2.0,4,1,54.489673443507996,688.6002716449726,456.5169056717902
41,150.0,30,100.0,2.0,1.0,4,1,44.26203683939559,688.6002716449726,456.5169056717902
41,150.0,30,100.0,1.5,2.0,3,1,24.005232282508477,782.7905121440356,448.8951647729029
41,150.0,30,100.0,2.0,2.0,3,1,24.005232282508477,782.7905121440356,448.8951647729029
41,150.0,20,150.0,1.0,1.5,2,0,6.2010619437492895,203.03436347978428,155.4830260820167
41,150.0,20,150.0,2.0,1.0,2,0,6.2010619437492895,203.03436347978428,155.4830260820167
41,150.0,30,100.0,1.0,2.0,1,0,28.906017588337832,128.09185532690785,360.07796807860166
41,150.0,30,100.0,2.0,1.5,1,0,28.906017588337832,128.09185532690785,360.07796807860166
41,150.0,20,150.0,1.5,1.5,2,0,6.2010619437492895,203.03436347978428,155.4830260820167
41,150.0,20,150.0,1.5,1.0,2,0,6.2010619437492895,203.03436347978428,155.4830260820167
41,150.0,20,150.0,2.0,1.5,2,0,6.2010619437492895,203.03436347978428,155.4830260820167
41,150.0,30,100.0,2.0,2.0,1,0,28.906017588337832,128.09185532690785,360.07796807860166
41,150.0,30,100.0,1.5,2.0,1,0,28.906017588337832,128.09185532690785,360.07796807860166
41,150.0,20,150.0,1.0,2.0,2,0,6.2010619437492895,203.03436347978428,155.4830260820167
41,150.0,20,150.0,1.0,1.5,1,0,14.004091733747645,128.09185532690785,360.07796807860166
41,150.0,25,100.0,2.0,2.0,4,1,54.489673443507996,688.6002716449726,456.5169056717902
41,150.0,20,150.0,1.5,1.5,1,0,14.004091733747645,128.09185532690785,360.07796807860166
41,150.0,20,150.0,2.0,1.5,1,0,14.004091733747645,128.09185532690785,360.07796807860166
41,150.0,30,100.0,1.5,1.5,4,1,47.211430973817556,688.6002716449726,456.5169056717902
41,150.0,20,150.0,1.0,2.0,1,0,14.004091733747645,128.09185532690785,360.07796807860166
41,150.0,20,150.0,2.0,2.0,2,0,6.2010619437492895,203.03436347978428,155.4830260820167
41,150.0,20,150.0,1.5,2.0,2,0,6.2010619437492895,203.03436347978428,155.4830260820167
41,150.0,20,150.0,2.0,1.0,0,1,26.053350381663265,771.2855690062817,390.54541544306136
41,150.0,30,100.0,1.0,2.0,4,1,47.427585626584886,688.6002716449726,456.5169056717902
41,150.0,30,100.0,1.5,2.0,4,1,47.211430973817556,688.6002716449726,456.5169056717902
41,150.0,30,100.0,1.0,1.5,4,1,47.427585626584886,688.6002716449726,456.5169056717902
41,150.0,20,150.0,1.0,1.5,0,1,25.738411003031455,771.2855690062817,390.54541544306136
41,150.0,20,150.0,1.5,1.5,0,1,25.738411003031455,771.2855690062817,390.54541544306136
41,150.0,30,100.0,2.0,2.0,4,1,47.211430973817556,688.6002716449726,456.5169056717902
41,150.0,20,150.0,1.0,1.0,0,1,26.053350381663265,771.2855690062817,390.54541544306136
41,150.0,20,150.0,2.0,1.5,0,1,25.738411003031455,771.2855690062817,390.54541544306136
41,150.0,20,150.0,1.0,1.5,3,1,28.611485415228884,782.7905121440356,448.8951647729029
41,150.0,20,150.0,1.5,2.0,1,0,14.004091733747645,128.09185532690785,360.07796807860166
41,150.0,20,150.0,1.5,1.5,3,1,28.611485415228884,782.7905121440356,448.8951647729029
41,150.0,20,150.0,2.0,2.0,1,0,14.004091733747645,128.09185532690785,360.07796807860166
41,150.0,20,150.0,1.0,2.0,0,1,25.738411003031455,771.2855690062817,390.54541544306136
41,150.0,25,150.0,2.0,1.0,2,0,6.2010619437492895,203.03436347978428,155.4830260820167
41,150.0,25,150.0,1.5,1.0,2,0,6.2010619437492895,203.03436347978428,155.4830260820167
41,150.0,30,100.0,2.0,1.5,4,1,47.211430973817556,688.6002716449726,456.5169056717902
41,150.0,25,150.0,1.0,1.0,2,0,6.2010619437492895,203.03436347978428,155.4830260820167
41,150.0,20,150.0,2.0,1.5,3,1,28.611485415228884,782.7905121440356,448.8951647729029
41,150.0,20,150.0,1.0,2.0,3,1,28.611485415228884,782.7905121440356,448.8951647729029
41,150.0,20,150.0,1.5,1.0,0,1,26.053350381663265,771.2855690062817,390.54541544306136
41,150.0,25,150.0,1.0,1.5,2,0,6.2010619437492895,203.03436347978428,155.4830260820167
41,150.0,25,150.0,1.5,1.5,2,0,6.2010619437492895,203.03436347978428,155.4830260820167
41,150.0,20,150.0,2.0,2.0,0,1,25.738411003031455,771.2855690062817,390.54541544306136
41,150.0,20,150.0,1.5,2.0,0,1,25.738411003031455,771.2855690062817,390.54541544306136
41,150.0,20,150.0,2.0,2.0,3,1,28.611485415228884,782.7905121440356,448.8951647729029
41,150.0,20,150.0,1.5,2.0,3,1,28.611485415228884,782.7905121440356,448.8951647729029
41,150.0,20,150.0,2.0,1.0,3,1,50.933816633820705,782.7905121440356,448.8951647729029
41,150.0,25,150.0,1.5,1.0,0,1,26.212903201256196,771.2855690062817,390.54541544306136
41,150.0,20,150.0,1.0,2.0,4,1,50.04512091690471,688.6002716449726,456.5169056717902
41,150.0,25,150.0,1.0,1.0,0,1,26.212903201256196,771.2855690062817,390.54541544306136
41,150.0,20,150.0,1.0,1.5,4,1,54.34834608839821,688.6002716449726,456.5169056717902
41,150.0,20,150.0,2.0,1.0,4,1,59.62095393644841,688.6002716449726,456.5169056717902
41,150.0,20,150.0,1.5,1.5,4,1,54.34834608839821,688.6002716449726,456.5169056717902
41,150.0,25,150.0,1.0,1.5,0,1,26.212903201256196,771.2855690062817,390.54541544306136
41,150.0,25,150.0,2.0,1.0,0,1,26.212903201256196,771.2855690062817,390.54541544306136
41,150.0,20,150.0,1.0,1.0,3,1,50.933816633820705,782.7905121440356,448.8951647729029
41,150.0,25,150.0,2.0,1.5,2,0,6.2010619437492895,203.03436347978428,155.4830260820167
41,150.0,20,150.0,2.0,1.5,4,1,54.34834608839821,688.6002716449726,456.5169056717902
41,150.0,20,150.0,2.0,2.0,4,1,50.04512091690471,688.6002716449726,456.5169056717902
41,150.0,25,150.0,1.0,2.0,2,0,6.2010619437492895,203.03436347978428,155.4830260820167
41,150.0,25,150.0,1.5,2.0,2,0,6.2010619437492895,203.03436347978428,155.4830260820167
41,150.0,20,150.0,1.5,1.0,3,1,50.933816633820705,782.7905121440356,448.8951647729029
41,150.0,25,150.0,2.0,2.0,2,0,6.2010619437492895,203.03436347978428,155.4830260820167
41,150.0,30,150.0,1.0,1.0,2,0,6.2010619437492895,203.03436347978428,155.4830260820167
41,150.0,20,150.0,1.0,1.0,4,1,59.62095393644841,688.6002716449726,456.5169056717902
41,150.0,25,150.0,1.5,1.5,0,1,26.212903201256196,771.2855690062817,390.54541544306136
41,150.0,25,150.0,1.5,1.0,3,1,44.62920417452004,782.7905121440356,448.8951647729029
41,150.0,25,150.0,1.0,1.0,3,1,44.62920417452004,782.7905121440356,448.8951647729029
41,150.0,20,150.0,1.5,2.0,4,1,50.04512091690471,688.6002716449726,456.5169056717902
41,150.0,25,150.0,1.0,1.0,1,0,49.821382377361786,128.09185532690785,360.07796807860166
41,150.0,20,150.0,1.5,1.0,4,1,59.62095393644841,688.6002716449726,456.5169056717902
41,150.0,25,150.0,2.0,1.5,0,1,26.212903201256196,771.2855690062817,390.54541544306136
41,150.0,30,150.0,1.0,1.0,1,0,15.645781848726829,128.09185532690785,360.07796807860166
41,150.0,25,150.0,2.0,1.0,3,1,44.62920417452004,782.7905121440356,448.8951647729029
41,150.0,30,150.0,1.5,1.0,2,0,6.2010619437492895,203.03436347978428,155.4830260820167
41,150.0,25,150.0,1.5,1.0,1,0,55.999000984118666,128.09185532690785,360.07796807860166
41,150.0,20,150.0,2.0,1.0,1,0,83.21769640306503,128.09185532690785,360.07796807860166
41,150.0,25,150.0,1.0,1.5,3,1,44.62920417452004,782.7905121440356,448.8951647729029
41,150.0,25,150.0,1.0,1.0,4,1,60.63842172841449,688.6002716449726,456.5169056717902
41,150.0,25,150.0,1.0,2.0,0,1,26.212903201256196,771.2855690062817,390.54541544306136
41,150.0,25,150.0,1.5,1.0,4,1,61.43752044387514,688.6002716449726,456.5169056717902
41,150.0,25,150.0,1.0,1.5,1,0,49.821382377361786,128.09185532690785,360.07796807860166
41,150.0,25,150.0,1.5,2.0,0,1,26.212903201256196,771.2855690062817,390.54541544306136
41,150.0,30,150.0,1.0,1.0,0,1,26.220450821384865,771.2855690062817,390.54541544306136
41,150.0,25,150.0,2.0,1.0,1,0,55.999000984118666,128.09185532690785,360.07796807860166
41,150.0,30,150.0,2.0,1.0,2,0,6.2010619437492895,203.03436347978428,155.4830260820167
41,150.0,20,150.0,1.0,1.0,1,0,77.06915907142934,128.09185532690785,360.07796807860166
41,150.0,25,150.0,2.0,2.0,0,1,26.212903201256196,771.2855690062817,390.54541544306136
41,150.0,25,150.0,1.5,1.5,3,1,44.62920417452004,782.7905121440356,448.8951647729029
41,150.0,30,150.0,1.5,1.0,1,0,15.645781848726829,128.09185532690785,360.07796807860166
41,150.0,30,150.0,1.0,1.5,2,0,6.2010619437492895,203.03436347978428,155.4830260820167
41,150.0,30,150.0,1.5,1.5,2,0,6.2010619437492895,203.03436347978428,155.4830260820167
41,150.0,25,150.0,2.0,1.5,3,1,44.62920417452004,782.7905121440356,448.8951647729029
41,150.0,25,150.0,2.0,1.0,4,1,61.43752044387514,688.6002716449726,456.5169056717902
41,150.0,30,150.0,2.0,1.0,1,0,15.645781848726829,128.09185532690785,360.07796807860166
41,150.0,30,150.0,1.0,1.5,1,0,15.645781848726829,128.09185532690785,360.07796807860166
41,150.0,30,150.0,2.0,1.5,2,0,6.2010619437492895,203.03436347978428,155.4830260820167
41,150.0,30,150.0,1.5,1.5,1,0,15.645781848726829,128.09185532690785,360.07796807860166
41,150.0,25,150.0,1.0,1.5,4,1,62.19478257467876,688.6002716449726,456.5169056717902
41,150.0,25,150.0,1.5,1.5,1,0,56.09403768405533,128.09185532690785,360.07796807860166
41,150.0,30,150.0,1.0,2.0,2,0,6.2010619437492895,203.03436347978428,155.4830260820167
41,150.0,25,150.0,1.5,1.5,4,1,57.169513221822434,688.6002716449726,456.5169056717902
41,150.0,25,150.0,1.0,2.0,3,1,44.62920417452004,782.7905121440356,448.8951647729029
41,150.0,30,150.0,1.5,1.0,0,1,26.220450821384865,771.2855690062817,390.54541544306136
41,150.0,20,150.0,1.5,1.0,1,0,83.21769640306503,128.09185532690785,360.07796807860166
41,150.0,25,150.0,2.0,1.5,1,0,56.09403768405533,128.09185532690785,360.07796807860166
41,150.0,25,150.0,2.0,1.5,4,1,57.169513221822434,688.6002716449726,456.5169056717902
41,150.0,30,150.0,2.0,1.0,0,1,26.220450821384865,771.2855690062817,390.54541544306136
41,150.0,30,150.0,1.0,1.5,0,1,26.220450821384865,771.2855690062817,390.54541544306136
41,150.0,25,150.0,1.5,2.0,3,1,44.62920417452004,782.7905121440356,448.8951647729029
41,150.0,30,150.0,1.5,2.0,2,0,6.2010619437492895,203.03436347978428,155.4830260820167
41,150.0,30,150.0,2.0,1.5,1,0,15.645781848726829,128.09185532690785,360.07796807860166
41,150.0,30,150.0,2.0,2.0,2,0,6.2010619437492895,203.03436347978428,155.4830260820167
41,150.0,30,150.0,1.5,1.5,0,1,26.220450821384865,771.2855690062817,390.54541544306136
41,150.0,25,150.0,2.0,2.0,3,1,44.62920417452004,782.7905121440356,448.8951647729029
41,150.0,30,150.0,1.0,2.0,1,0,15.645781848726829,128.09185532690785,360.07796807860166
42,150.0,20,50.0,1.0,1.0,4,0,6.213566119763437,400.8859527423264,235.34949005368534
42,150.0,20,50.0,1.5,1.0,4,0,6.213566119763437,400.8859527423264,235.34949005368534
41,150.0,25,150.0,1.0,2.0,1,0,55.956321922002076,128.09185532690785,360.07796807860166
41,150.0,25,150.0,1.0,2.0,4,1,57.55419089171717,688.6002716449726,456.5169056717902
42,150.0,20,50.0,1.0,1.0,2,0,8.955768104499452,379.3332067053114,284.2215042110388
42,150.0,20,50.0,1.5,1.0,2,0,8.955768104499452,379.3332067053114,284.2215042110388
41,150.0,30,150.0,1.0,1.0,4,1,57.376766455439586,688.6002716449726,456.5169056717902
41,150.0,30,150.0,1.5,2.0,1,0,15.645781848726829,128.09185532690785,360.07796807860166
41,150.0,30,150.0,2.0,2.0,1,0,15.645781848726829,128.09185532690785,360.07796807860166
41,150.0,25,150.0,1.5,2.0,1,0,55.956321922002076,128.09185532690785,360.07796807860166
41,150.0,30,150.0,2.0,1.5,0,1,26.220450821384865,771.2855690062817,390.54541544306136
41,150.0,25,150.0,2.0,2.0,1,0,55.956321922002076,128.09185532690785,360.07796807860166
41,150.0,25,150.0,1.5,2.0,4,1,57.55419089171717,688.6002716449726,456.5169056717902
41,150.0,30,150.0,1.0,2.0,0,1,26.220450821384865,771.2855690062817,390.54541544306136
41,150.0,30,150.0,1.5,1.5,3,1,42.10656280066384,782.7905121440356,448.8951647729029
41,150.0,25,150.0,2.0,2.0,4,1,57.55419089171717,688.6002716449726,456.5169056717902
41,150.0,30,150.0,1.0,1.5,3,1,42.10656280066384,782.7905121440356,448.8951647729029
41,150.0,30,150.0,1.5,1.5,4,1,44.03482009203592,688.6002716449726,456.5169056717902
42,150.0,20,50.0,2.0,1.0,4,0,6.213566119763437,400.8859527423264,235.34949005368534
41,150.0,30,150.0,1.0,1.5,4,1,44.03482009203592,688.6002716449726,456.5169056717902
42,150.0,20,50.0,1.5,1.0,0,1,18.49971616210928,593.8861596597515,355.74663700204866
42,150.0,20,50.0,2.0,1.0,2,0,8.955768104499452,379.3332067053114,284.2215042110388
42,150.0,20,50.0,1.0,1.5,4,0,6.213566119763437,400.8859527423264,235.34949005368534
41,150.0,30,150.0,2.0,2.0,0,1,26.220450821384865,771.2855690062817,390.54541544306136
41,150.0,30,150.0,1.5,2.0,0,1,26.220450821384865,771.2855690062817,390.54541544306136
42,150.0,20,50.0,1.5,1.0,1,1,20.808790370453703,588.181748884054,475.697077667746
42,150.0,20,50.0,1.0,1.0,3,1,21.710359517545808,603.1280032848717,431.27084149390015
42,150.0,20,50.0,1.0,1.0,0,1,21.790966142943407,593.8861596597515,355.74663700204866
42,150.0,20,50.0,1.5,1.5,4,0,6.213566119763437,400.8859527423264,235.34949005368534
42,150.0,20,50.0,2.0,1.5,4,0,6.213566119763437,400.8859527423264,235.34949005368534
42,150.0,20,50.0,1.0,2.0,4,0,6.213566119763437,400.8859527423264,235.34949005368534
42,150.0,20,50.0,1.0,1.5,2,0,8.955768104499452,379.3332067053114,284.2215042110388
42,150.0,20,50.0,1.5,1.5,2,0,8.955768104499452,379.3332067053114,284.2215042110388
42,150.0,20,50.0,2.0,1.5,2,0,8.955768104499452,379.3332067053114,284.2215042110388
42,150.0,20,50.0,1.5,1.0,3,1,25.862642804671037,603.1280032848717,431.27084149390015
41,150.0,30,150.0,2.0,1.0,4,1,57.376766455439586,688.6002716449726,456.5169056717902
42,150.0,20,50.0,1.0,1.0,1,1,26.897968800949002,588.181748884054,475.697077667746
41,150.0,30,150.0,2.0,1.5,3,1,42.10656280066384,782.7905121440356,448.8951647729029
41,150.0,30,150.0,1.5,1.0,4,1,57.376766455439586,688.6002716449726,456.5169056717902
42,150.0,20,50.0,2.0,1.0,1,1,21.710359517545808,588.181748884054,475.697077667746
42,150.0,20,50.0,2.0,1.0,0,1,21.790966142943407,593.8861596597515,355.74663700204866
41,150.0,30,150.0,2.0,1.5,4,1,44.03482009203592,688.6002716449726,456.5169056717902
41,150.0,30,150.0,1.0,2.0,3,1,42.10656280066384,782.7905121440356,448.8951647729029
42,150.0,20,50.0,1.0,2.0,2,0,13.11579029380845,379.3332067053114,284.2215042110388
41,150.0,30,150.0,1.0,1.0,3,1,78.28404813908885,782.7905121440356,448.8951647729029
42,150.0,20,50.0,1.5,2.0,4,0,6.213566119763437,400.8859527423264,235.34949005368534
42,150.0,20,50.0,2.0,1.0,3,1,24.311002372125163,603.1280032848717,431.27084149390015
41,150.0,30,150.0,1.0,2.0,4,1,44.03482009203592,688.6002716449726,456.5169056717902
42,150.0,20,50.0,2.0,2.0,4,0,6.213566119763437,400.8859527423264,235.34949005368534
42,150.0,25,50.0,1.5,1.0,4,0,7.028011386959363,400.8859527423264,235.34949005368534
42,150.0,25,50.0,1.0,1.0,4,0,7.028011386959363,400.8859527423264,235.34949005368534
41,150.0,30,150.0,1.5,2.0,3,1,42.10656280066384,782.7905121440356,448.8951647729029
42,150.0,20,50.0,1.5,2.0,2,0,13.11579029380845,379.3332067053114,284.2215042110388
41,150.0,30,150.0,1.5,2.0,4,1,44.03482009203592,688.6002716449726,456.5169056717902
42,150.0,25,50.0,2.0,1.0,4,0,7.028011386959363,400.8859527423264,235.34949005368534
41,150.0,30,150.0,2.0,2.0,3,1,42.10656280066384,782.7905121440356,448.8951647729029
42,150.0,25,50.0,1.0,1.5,4,0,7.028011386959363,400.8859527423264,235.34949005368534
42,150.0,20,50.0,2.0,2.0,2,0,13.11579029380845,379.3332067053114,284.2215042110388
41,150.0,30,150.0,2.0,2.0,4,1,44.03482009203592,688.6002716449726,456.5169056717902
42,150.0,25,50.0,1.5,1.5,4,0,7.028011386959363,400.8859527423264,235.34949005368534
42,150.0,25,50.0,1.5,1.0,2,0,20.838013246329005,379.3332067053114,284.2215042110388
42,150.0,25,50.0,2.0,1.5,4,0,7.028011386959363,400.8859527423264,235.34949005368534
42,150.0,25,50.0,1.0,1.0,2,0,20.867498387961227,379.3332067053114,284.2215042110388
41,150.0,30,150.0,2.0,1.0,3,1,92.45182543187272,782.7905121440356,448.8951647729029
42,150.0,25,50.0,1.0,1.5,2,0,20.52586902566394,379.3332067053114,284.2215042110388
42,150.0,25,50.0,1.5,1.0,0,0,37.95389812687074,593.8861596597515,355.74663700204866
42,150.0,25,50.0,1.0,2.0,4,0,7.028011386959363,400.8859527423264,235.34949005368534
42,150.0,25,50.0,1.5,1.5,2,0,25.37223093057825,379.3332067053114,284.2215042110388
42,150.0,25,50.0,1.5,1.0,3,0,45.788296786429676,603.1280032848717,431.27084149390015
42,150.0,25,50.0,1.0,2.0,2,0,14.915591432785593,379.3332067053114,284.2215042110388
42,150.0,25,50.0,1.5,1.0,1,0,46.76201613014216,588.181748884054,475.697077667746
41,150.0,30,150.0,1.5,1.0,3,1,90.20806637416175,782.7905121440356,448.8951647729029
42,150.0,25,50.0,2.0,1.5,2,0,25.37223093057825,379.3332067053114,284.2215042110388
42,150.0,20,50.0,2.0,2.0,0,1,38.91234870993803,593.8861596597515,355.74663700204866
42,150.0,20,50.0,2.0,2.0,1,1,39.01103269783969,588.181748884054,475.697077667746
42,150.0,25,50.0,1.5,2.0,4,0,7.028011386959363,400.8859527423264,235.34949005368534
42,150.0,25,50.0,2.0,2.0,4,0,7.028011386959363,400.8859527423264,235.34949005368534
42,150.0,20,50.0,1.5,2.0,0,1,60.76931967316424,593.8861596597515,355.74663700204866
42,150.0,20,50.0,2.0,2.0,3,1,41.940668747333454,603.1280032848717,431.27084149390015
42,150.0,25,50.0,1.5,2.0,2,0,14.915591432785593,379.3332067053114,284.2215042110388
42,150.0,25,50.0,2.0,2.0,2,0,14.915591432785593,379.3332067053114,284.2215042110388
42,150.0,30,50.0,1.0,1.0,4,0,7.028011386959363,400.8859527423264,235.34949005368534
42,150.0,25,50.0,1.0,1.0,0,0,51.544342344827925,593.8861596597515,355.74663700204866
42,150.0,30,50.0,1.0,1.0,2,0,9.03269891016701,379.3332067053114,284.2215042110388
42,150.0,20,50.0,1.0,2.0,0,0,88.65080582018297,593.8861596597515,355.74663700204866
42,150.0,20,50.0,2.0,1.5,0,0,91.42340577282626,593.8861596597515,355.74663700204866
42,150.0,25,50.0,2.0,1.0,2,0,64.39976766905893,379.3332067053114,284.2215042110388
42,150.0,20,50.0,1.5,1.5,0,0,86.28628441092461,593.8861596597515,355.74663700204866
42,150.0,20,50.0,1.5,1.5,3,0,88.64899392435512,603.1280032848717,431.27084149390015
42,150.0,20,50.0,1.5,2.0,3,0,87.56951507938788,603.1280032848717,431.27084149390015
42,150.0,30,50.0,1.5,1.0,4,0,7.028011386959363,400.8859527423264,235.34949005368534
42,150.0,30,50.0,1.5,1.0,2,0,9.03269891016701,379.3332067053114,284.2215042110388
42,150.0,30,50.0,2.0,1.0,4,0,7.028011386959363,400.8859527423264,235.34949005368534
42,150.0,30,50.0,2.0,1.0,2,0,9.03269891016701,379.3332067053114,284.2215042110388
42,150.0,25,50.0,2.0,1.0,0,0,76.44357241872301,593.8861596597515,355.74663700204866
42,150.0,25,50.0,1.0,1.5,0,0,72.98587855377924,593.8861596597515,355.74663700204866
42,150.0,25,50.0,2.0,1.0,3,0,83.7715123073703,603.1280032848717,431.27084149390015
42,150.0,30,50.0,1.5,1.5,4,0,7.028011386959363,400.8859527423264,235.34949005368534
42,150.0,30,50.0,1.0,1.5,4,0,7.028011386959363,400.8859527423264,235.34949005368534
42,150.0,30,50.0,1.5,1.5,2,0,9.03269891016701,379.3332067053114,284.2215042110388
42,150.0,30,50.0,1.0,1.5,2,0,9.03269891016701,379.3332067053114,284.2215042110388
42,150.0,30,50.0,2.0,1.5,4,0,7.028011386959363,400.8859527423264,235.34949005368534
42,150.0,30,50.0,2.0,1.5,2,0,9.03269891016701,379.3332067053114,284.2215042110388
42,150.0,25,50.0,1.0,1.5,3,0,80.53055077947313,603.1280032848717,431.27084149390015
42,150.0,25,50.0,1.0,2.0,0,0,82.49107509130637,593.8861596597515,355.74663700204866
42,150.0,25,50.0,1.0,1.0,3,0,81.32023973422358,603.1280032848717,431.27084149390015
42,150.0,25,50.0,1.0,1.0,1,0,81.80412796488892,588.181748884054,475.697077667746
42,150.0,25,50.0,1.0,2.0,3,0,87.04352006210368,603.1280032848717,431.27084149390015
42,150.0,25,50.0,1.5,1.5,0,0,91.31610385335681,593.8861596597515,355.74663700204866
42,150.0,25,50.0,2.0,1.5,0,0,76.4815544017064,593.8861596597515,355.74663700204866
42,150.0,25,50.0,1.5,1.5,3,0,94.99070411074959,603.1280032848717,431.27084149390015
42,150.0,25,50.0,2.0,1.5,3,0,80.20355633094843,603.1280032848717,431.27084149390015
42,150.0,30,50.0,1.5,2.0,4,0,7.028011386959363,400.8859527423264,235.34949005368534
42,150.0,30,50.0,1.0,2.0,4,0,7.028011386959363,400.8859527423264,235.34949005368534
42,150.0,30,50.0,1.0,2.0,2,0,9.03269891016701,379.3332067053114,284.2215042110388
42,150.0,30,50.0,1.5,2.0,2,0,9.03269891016701,379.3332067053114,284.2215042110388
42,150.0,20,100.0,1.0,1.0,4,0,8.655499225926434,400.8859527423264,235.34949005368534
42,150.0,25,50.0,1.5,2.0,0,0,90.77556541482369,593.8861596597515,355.74663700204866
42,150.0,30,50.0,2.0,2.0,4,0,7.028011386959363,400.8859527423264,235.34949005368534
42,150.0,20,100.0,1.0,1.0,2,0,10.640958624917893,379.3332067053114,284.2215042110388
42,150.0,25,50.0,1.5,2.0,3,0,93.55651793803214,603.1280032848717,431.27084149390015
42,150.0,30,50.0,2.0,2.0,2,0,9.03269891016701,379.3332067053114,284.2215042110388
42,150.0,20,100.0,1.5,1.0,4,0,8.655499225926434,400.8859527423264,235.34949005368534
42,150.0,20,100.0,1.5,1.0,2,0,10.640958624917893,379.3332067053114,284.2215042110388
42,150.0,25,50.0,2.0,2.0,0,0,84.72593322058786,593.8861596597515,355.74663700204866
42,150.0,20,100.0,2.0,1.0,4,0,8.655499225926434,400.8859527423264,235.34949005368534
42,150.0,25,50.0,2.0,2.0,3,0,87.1608432573301,603.1280032848717,431.27084149390015
42,150.0,20,100.0,2.0,1.0,2,0,10.640958624917893,379.3332067053114,284.2215042110388
42,150.0,30,50.0,1.5,1.0,0,0,86.4481145020376,593.8861596597515,355.74663700204866
42,150.0,20,100.0,1.0,1.5,4,0,8.655499225926434,400.8859527423264,235.34949005368534
42,150.0,30,50.0,1.5,1.0,3,0,89.75066449734946,603.1280032848717,431.27084149390015
42,150.0,20,100.0,1.0,1.5,2,0,10.640958624917893,379.3332067053114,284.2215042110388
42,150.0,20,100.0,1.0,1.0,0,1,38.74338168648672,593.8861596597515,355.74663700204866
42,150.0,30,50.0,1.0,1.0,0,0,89.39831293641033,593.8861596597515,355.74663700204866
42,150.0,30,50.0,2.0,1.0,0,0,88.59696288945574,593.8861596597515,355.74663700204866
42,150.0,30,50.0,1.0,1.0,3,0,91.01482228791612,603.1280032848717,431.27084149390015
42,150.0,20,100.0,1.0,1.0,3,1,53.46227925231505,603.1280032848717,431.27084149390015
42,150.0,20,100.0,1.5,1.5,4,0,8.655499225926434,400.8859527423264,235.34949005368534
42,150.0,20,100.0,1.5,1.5,2,0,10.640958624917893,379.3332067053114,284.2215042110388
42,150.0,30,50.0,1.0,1.5,0,0,89.6545600680749,593.8861596597515,355.74663700204866
42,150.0,30,50.0,1.0,1.5,3,0,92.86739190246188,603.1280032848717,431.27084149390015
42,150.0,20,100.0,2.0,1.5,4,0,8.655499225926434,400.8859527423264,235.34949005368534
42,150.0,20,100.0,1.0,1.0,1,1,59.186577916609444,588.181748884054,475.697077667746
42,150.0,20,100.0,2.0,1.5,2,0,10.640958624917893,379.3332067053114,284.2215042110388
42,150.0,20,100.0,1.0,2.0,4,0,8.655499225926434,400.8859527423264,235.34949005368534
42,150.0,20,100.0,2.0,2.0,4,0,8.655499225926434,400.8859527423264,235.34949005368534
42,150.0,20,100.0,1.0,2.0,2,0,10.640958624917893,379.3332067053114,284.2215042110388
42,150.0,20,100.0,1.5,2.0,4,0,8.655499225926434,400.8859527423264,235.34949005368534
42,150.0,30,50.0,2.0,1.5,0,0,79.07874677782107,593.8861596597515,355.74663700204866
42,150.0,20,100.0,2.0,2.0,2,0,10.640958624917893,379.3332067053114,284.2215042110388
42,150.0,20,100.0,1.5,2.0,2,0,10.640958624917893,379.3332067053114,284.2215042110388
42,150.0,30,50.0,2.0,1.5,3,0,81.1391659618973,603.1280032848717,431.27084149390015
42,150.0,30,50.0,1.5,1.5,0,0,87.46751643325555,593.8861596597515,355.74663700204866
42,150.0,20,100.0,2.0,1.0,1,0,50.86643159115873,588.181748884054,475.697077667746
42,150.0,25,100.0,1.0,1.0,4,0,8.655499225926434,400.8859527423264,235.34949005368534
42,150.0,30,50.0,1.5,1.5,1,0,90.57429808252908,588.181748884054,475.697077667746
42,150.0,30,50.0,1.5,1.5,3,0,91.55870303264363,603.1280032848717,431.27084149390015
42,150.0,20,100.0,2.0,1.0,0,0,56.47655550826931,593.8861596597515,355.74663700204866
42,150.0,25,100.0,1.0,1.0,2,0,14.13490534636002,379.3332067053114,284.2215042110388
42,150.0,20,100.0,1.5,1.0,1,0,56.12837656252968,588.181748884054,475.697077667746
42,150.0,25,100.0,1.5,1.0,4,0,8.655499225926434,400.8859527423264,235.34949005368534
42,150.0,20,100.0,2.0,1.0,3,0,67.63712108847288,603.1280032848717,431.27084149390015
42,150.0,25,100.0,1.5,1.0,2,0,14.3783672444375,379.3332067053114,284.2215042110388
42,150.0,30,50.0,1.5,2.0,0,0,87.68558600956328,593.8861596597515,355.74663700204866
42,150.0,20,100.0,1.5,1.5,1,0,50.880112890151416,588.181748884054,475.697077667746
42,150.0,30,50.0,2.0,2.0,0,0,82.05349600833425,593.8861596597515,355.74663700204866
42,150.0,25,100.0,1.0,1.0,0,0,32.175518737457,593.8861596597515,355.74663700204866
42,150.0,25,100.0,2.0,1.0,4,0,8.655499225926434,400.8859527423264,235.34949005368534
42,150.0,30,50.0,2.0,2.0,3,0,85.91756939076295,603.1280032848717,431.27084149390015
42,150.0,20,100.0,1.5,1.0,3,0,66.38402518202442,603.1280032848717,431.27084149390015
42,150.0,20,100.0,1.5,1.5,3,1,56.3431108601818,603.1280032848717,431.27084149390015
42,150.0,20,100.0,1.5,1.5,0,0,56.490236807261994,593.8861596597515,355.74663700204866
42,150.0,25,100.0,1.0,1.0,3,0,40.210053156998086,603.1280032848717,431.27084149390015
42,150.0,25,100.0,2.0,1.0,2,0,14.3783672444375,379.3332067053114,284.2215042110388
42,150.0,25,100.0,1.0,1.5,4,0,8.655499225926434,400.8859527423264,235.34949005368534
42,150.0,20,100.0,1.5,1.0,0,0,73.50828407590632,593.8861596597515,355.74663700204866
42,150.0,20,100.0,1.0,1.5,1,0,60.52286539949302,588.181748884054,475.697077667746
42,150.0,20,100.0,1.0,2.0,1,0,55.12502581146228,588.181748884054,475.697077667746
42,150.0,20,100.0,2.0,2.0,1,0,50.880112890151416,588.181748884054,475.697077667746
42,150.0,25,100.0,1.0,1.0,1,0,46.884508173191335,588.181748884054,475.697077667746
42,150.0,25,100.0,1.5,1.5,4,0,8.655499225926434,400.8859527423264,235.34949005368534
42,150.0,20,100.0,1.0,1.5,0,0,63.48640056863811,593.8861596597515,355.74663700204866
42,150.0,20,100.0,1.0,1.5,3,0,63.63157793519747,603.1280032848717,431.27084149390015
42,150.0,20,100.0,2.0,1.5,1,0,50.880112890151416,588.181748884054,475.697077667746
42,150.0,20,100.0,1.0,2.0,0,0,61.05095700472764,593.8861596597515,355.74663700204866
42,150.0,30,50.0,1.0,2.0,0,0,93.09962754928858,593.8861596597515,355.74663700204866
42,150.0,25,100.0,2.0,1.5,4,0,8.655499225926434,400.8859527423264,235.34949005368534
42,150.0,20,100.0,2.0,2.0,0,0,56.490236807261994,593.8861596597515,355.74663700204866
42,150.0,25,100.0,1.0,1.5,2,0,19.209002323257835,379.3332067053114,284.2215042110388
42,150.0,20,100.0,2.0,2.0,3,1,57.65396347836292,603.1280032848717,431.27084149390015
42,150.0,20,100.0,1.0,2.0,3,0,64.80066275931328,603.1280032848717,431.27084149390015
42,150.0,25,100.0,1.0,2.0,4,0,8.655499225926434,400.8859527423264,235.34949005368534
42,150.0,25,100.0,1.5,2.0,4,0,8.655499225926434,400.8859527423264,235.34949005368534
42,150.0,25,100.0,1.5,1.5,2,0,19.209002323257835,379.3332067053114,284.2215042110388
42,150.0,25,100.0,1.0,2.0,2,0,10.560281604689886,379.3332067053114,284.2215042110388
42,150.0,20,100.0,2.0,1.5,0,0,56.490236807261994,593.8861596597515,355.74663700204866
42,150.0,25,100.0,1.5,2.0,2,0,10.560281604689886,379.3332067053114,284.2215042110388
42,150.0,30,100.0,1.0,1.0,4,0,8.655499225926434,400.8859527423264,235.34949005368534
42,150.0,20,100.0,2.0,1.5,3,1,57.65396347836292,603.1280032848717,431.27084149390015
42,150.0,25,100.0,2.0,2.0,4,0,8.655499225926434,400.8859527423264,235.34949005368534
42,150.0,30,100.0,1.0,1.0,2,0,10.640958624917893,379.3332067053114,284.2215042110388
42,150.0,25,100.0,1.5,1.0,0,1,40.662047716895685,593.8861596597515,355.74663700204866
42,150.0,30,100.0,1.5,1.0,4,0,8.655499225926434,400.8859527423264,235.34949005368534
42,150.0,25,100.0,2.0,2.0,2,0,10.560281604689886,379.3332067053114,284.2215042110388
42,150.0,30,100.0,1.5,1.0,2,0,10.640958624917893,379.3332067053114,284.2215042110388
42,150.0,30,100.0,2.0,1.0,4,0,8.655499225926434,400.8859527423264,235.34949005368534
42,150.0,25,100.0,2.0,1.5,2,0,19.209002323257835,379.3332067053114,284.2215042110388
42,150.0,30,100.0,2.0,1.0,2,0,10.640958624917893,379.3332067053114,284.2215042110388
42,150.0,20,100.0,1.5,2.0,1,0,50.880112890151416,588.181748884054,475.697077667746
42,150.0,30,100.0,1.5,1.5,4,0,8.655499225926434,400.8859527423264,235.34949005368534
42,150.0,30,100.0,1.0,1.5,4,0,8.655499225926434,400.8859527423264,235.34949005368534
42,150.0,25,100.0,1.0,1.5,0,1,34.940814174995396,593.8861596597515,355.74663700204866
42,150.0,30,100.0,1.0,1.5,2,0,10.640958624917893,379.3332067053114,284.2215042110388
42,150.0,30,100.0,1.5,1.5,2,0,10.640958624917893,379.3332067053114,284.2215042110388
42,150.0,25,100.0,1.5,1.0,3,1,50.12314528239658,603.1280032848717,431.27084149390015
42,150.0,25,100.0,1.5,1.5,0,1,35.481747059197964,593.8861596597515,355.74663700204866
42,150.0,20,100.0,1.5,2.0,3,1,56.3431108601818,603.1280032848717,431.27084149390015
42,150.0,20,100.0,1.5,2.0,0,0,56.490236807261994,593.8861596597515,355.74663700204866
42,150.0,25,100.0,1.0,2.0,0,1,34.110553167067465,593.8861596597515,355.74663700204866
42,150.0,25,100.0,1.5,1.5,3,1,46.14550668772384,603.1280032848717,431.27084149390015
42,150.0,25,100.0,1.5,2.0,0,1,35.54496482302959,593.8861596597515,355.74663700204866
42,150.0,25,100.0,1.5,1.0,1,1,62.73837507984538,588.181748884054,475.697077667746
42,150.0,30,100.0,2.0,1.5,4,0,8.655499225926434,400.8859527423264,235.34949005368534
42,150.0,30,100.0,2.0,1.5,2,0,10.640958624917893,379.3332067053114,284.2215042110388
42,150.0,25,100.0,1.0,1.5,3,1,52.73980225080671,603.1280032848717,431.27084149390015
42,150.0,30,100.0,2.0,1.0,0,1,33.62338122186795,593.8861596597515,355.74663700204866
42,150.0,25,100.0,1.5,1.5,1,1,54.71754149671846,588.181748884054,475.697077667746
42,150.0,30,100.0,1.0,2.0,4,0,8.655499225926434,400.8859527423264,235.34949005368534
42,150.0,25,100.0,1.0,1.5,1,1,57.743537344868955,588.181748884054,475.697077667746
42,150.0,30,100.0,2.0,1.0,3,0,40.20177028431768,603.1280032848717,431.27084149390015
42,150.0,30,100.0,1.0,2.0,2,0,10.640958624917893,379.3332067053114,284.2215042110388
42,150.0,30,100.0,1.5,2.0,4,0,8.655499225926434,400.8859527423264,235.34949005368534
42,150.0,25,100.0,1.5,2.0,3,1,50.84627184297926,603.1280032848717,431.27084149390015
42,150.0,30,100.0,1.5,2.0,2,0,10.640958624917893,379.3332067053114,284.2215042110388
42,150.0,30,100.0,2.0,1.0,1,1,46.07530043396681,588.181748884054,475.697077667746
42,150.0,30,100.0,1.5,1.5,0,1,33.62338122186795,593.8861596597515,355.74663700204866
42,150.0,25,100.0,1.0,2.0,3,1,49.78772181576115,603.1280032848717,431.27084149390015
42,150.0,25,100.0,1.0,2.0,1,1,50.77759061356185,588.181748884054,475.697077667746
42,150.0,30,100.0,2.0,2.0,4,0,8.655499225926434,400.8859527423264,235.34949005368534
42,150.0,25,100.0,2.0,1.5,3,1,48.006056177678914,603.1280032848717,431.27084149390015
42,150.0,25,100.0,2.0,1.5,1,1,48.29444902739138,588.181748884054,475.697077667746
42,150.0,30,100.0,2.0,2.0,2,0,10.640958624917893,379.3332067053114,284.2215042110388
42,150.0,25,100.0,2.0,1.0,0,0,84.50867276669571,593.8861596597515,355.74663700204866
42,150.0,30,100.0,1.0,1.0,1,0,50.73247519066456,588.181748884054,475.697077667746
42,150.0,25,100.0,1.5,2.0,1,1,61.480018108127815,588.181748884054,475.697077667746
42,150.0,30,100.0,1.0,1.0,0,0,52.50702499981949,593.8861596597515,355.74663700204866
42,150.0,30,100.0,1.0,1.0,3,0,52.70368237928255,603.1280032848717,431.27084149390015
42,150.0,30,100.0,1.5,1.5,3,1,42.53976975014561,603.1280032848717,431.27084149390015
42,150.0,30,100.0,2.0,1.5,0,1,33.62338122186795,593.8861596597515,355.74663700204866
42,150.0,30,100.0,1.0,2.0,0,1,30.664884421336726,593.8861596597515,355.74663700204866
42,150.0,30,100.0,1.5,2.0,0,1,30.664884421336726,593.8861596597515,355.74663700204866
42,150.0,25,100.0,2.0,1.5,0,1,60.03853717995598,593.8861596597515,355.74663700204866
42,150.0,20,150.0,1.0,1.0,0,0,20.882791823034488,593.8861596597515,355.74663700204866
42,150.0,20,150.0,1.0,1.0,3,0,25.514310261196936,603.1280032848717,431.27084149390015
42,150.0,30,100.0,1.0,1.5,0,0,53.237461423425934,593.8861596597515,355.74663700204866
42,150.0,30,100.0,1.5,1.5,1,0,49.6508431575536,588.181748884054,475.697077667746
42,150.0,25,100.0,2.0,2.0,0,1,63.06563593464813,593.8861596597515,355.74663700204866
42,150.0,30,100.0,2.0,1.5,3,1,41.18349509891533,603.1280032848717,431.27084149390015
42,150.0,20,150.0,1.5,1.0,0,0,20.882791823034488,593.8861596597515,355.74663700204866
42,150.0,20,150.0,1.0,1.0,4,0,27.727127781656257,400.8859527423264,235.34949005368534
42,150.0,20,150.0,2.0,1.0,0,0,20.882791823034488,593.8861596597515,355.74663700204866
42,150.0,20,150.0,1.0,1.0,2,0,28.712166183096862,379.3332067053114,284.2215042110388
42,150.0,20,150.0,1.5,1.0,3,0,25.514310261196936,603.1280032848717,431.27084149390015
42,150.0,30,100.0,2.0,2.0,0,1,33.62338122186795,593.8861596597515,355.74663700204866
42,150.0,30,100.0,1.5,2.0,3,1,46.49646390809941,603.1280032848717,431.27084149390015
42,150.0,20,150.0,1.0,1.5,0,0,20.882791823034488,593.8861596597515,355.74663700204866
42,150.0,20,150.0,1.5,1.0,4,0,27.727127781656257,400.8859527423264,235.34949005368534
42,150.0,20,150.0,2.0,1.0,3,0,25.514310261196936,603.1280032848717,431.27084149390015
42,150.0,30,100.0,2.0,1.5,1,0,48.83818468156284,588.181748884054,475.697077667746
42,150.0,20,150.0,1.5,1.0,2,0,28.712166183096862,379.3332067053114,284.2215042110388
42,150.0,20,150.0,2.0,1.0,4,0,27.727127781656257,400.8859527423264,235.34949005368534
42,150.0,20,150.0,2.0,1.0,2,0,28.712166183096862,379.3332067053114,284.2215042110388
42,150.0,20,150.0,1.0,1.5,3,0,25.514310261196936,603.1280032848717,431.27084149390015
42,150.0,20,150.0,2.0,1.5,0,0,20.882791823034488,593.8861596597515,355.74663700204866
42,150.0,30,100.0,1.0,2.0,3,1,53.75087742036762,603.1280032848717,431.27084149390015
42,150.0,20,150.0,1.0,1.0,1,1,42.839807627972014,588.181748884054,475.697077667746
42,150.0,20,150.0,1.0,1.5,4,0,27.727127781656257,400.8859527423264,235.34949005368534
42,150.0,30,100.0,1.5,2.0,1,1,56.93704766321223,588.181748884054,475.697077667746
42,150.0,20,150.0,1.0,1.5,2,0,28.712166183096862,379.3332067053114,284.2215042110388
42,150.0,30,100.0,1.0,1.5,3,0,68.26926689659041,603.1280032848717,431.27084149390015
42,150.0,20,150.0,2.0,1.5,3,0,25.514310261196936,603.1280032848717,431.27084149390015
42,150.0,30,100.0,2.0,2.0,3,1,43.697023395196176,603.1280032848717,431.27084149390015
42,150.0,30,100.0,1.5,1.0,0,0,93.0339093603102,593.8861596597515,355.74663700204866
42,150.0,20,150.0,1.5,1.5,0,0,20.882791823034488,593.8861596597515,355.74663700204866
42,150.0,20,150.0,2.0,1.5,4,0,27.727127781656257,400.8859527423264,235.34949005368534
42,150.0,30,100.0,1.5,1.0,3,0,93.85074112574515,603.1280032848717,431.27084149390015
42,150.0,20,150.0,2.0,1.5,2,0,28.712166183096862,379.3332067053114,284.2215042110388
42,150.0,30,100.0,1.5,1.0,1,0,94.9326867902915,588.181748884054,475.697077667746
42,150.0,30,100.0,1.0,1.5,1,0,73.74881578266574,588.181748884054,475.697077667746
42,150.0,30,100.0,1.0,2.0,1,1,61.64524069893836,588.181748884054,475.697077667746
42,150.0,20,150.0,2.0,1.0,1,1,42.839807627972014,588.181748884054,475.697077667746
42,150.0,20,150.0,1.5,1.5,3,0,25.514310261196936,603.1280032848717,431.27084149390015
42,150.0,20,150.0,1.0,2.0,0,0,20.882791823034488,593.8861596597515,355.74663700204866
42,150.0,25,150.0,1.0,1.0,4,0,10.310932880256038,400.8859527423264,235.34949005368534
42,150.0,20,150.0,1.5,1.0,1,1,42.839807627972014,588.181748884054,475.697077667746
42,150.0,20,150.0,1.5,1.5,4,0,27.727127781656257,400.8859527423264,235.34949005368534
42,150.0,25,100.0,2.0,2.0,1,0,89.36049575411727,588.181748884054,475.697077667746
42,150.0,25,150.0,1.0,1.0,2,0,12.562446134324267,379.3332067053114,284.2215042110388
42,150.0,25,100.0,2.0,2.0,3,0,89.36177923851294,603.1280032848717,431.27084149390015
42,150.0,20,150.0,1.5,1.5,2,0,28.712166183096862,379.3332067053114,284.2215042110388
42,150.0,20,150.0,1.0,2.0,3,0,25.514310261196936,603.1280032848717,431.27084149390015
42,150.0,20,150.0,1.0,1.5,1,1,42.839807627972014,588.181748884054,475.697077667746
42,150.0,20,150.0,1.0,2.0,4,0,27.727127781656257,400.8859527423264,235.34949005368534
42,150.0,25,150.0,1.0,1.5,4,0,10.310932880256038,400.8859527423264,235.34949005368534
42,150.0,30,100.0,2.0,2.0,1,1,58.86947107928198,588.181748884054,475.697077667746
42,150.0,25,150.0,1.5,1.0,4,0,10.310932880256038,400.8859527423264,235.34949005368534
42,150.0,20,150.0,1.0,2.0,2,0,28.712166183096862,379.3332067053114,284.2215042110388
42,150.0,25,150.0,1.5,1.5,4,0,10.310932880256038,400.8859527423264,235.34949005368534
42,150.0,25,150.0,1.5,1.0,2,0,12.562446134324267,379.3332067053114,284.2215042110388
42,150.0,25,150.0,1.0,1.5,2,0,12.562446134324267,379.3332067053114,284.2215042110388
42,150.0,20,150.0,1.5,2.0,0,0,20.882791823034488,593.8861596597515,355.74663700204866
42,150.0,25,150.0,2.0,1.5,4,0,10.310932880256038,400.8859527423264,235.34949005368534
42,150.0,20,150.0,2.0,1.5,1,1,42.839807627972014,588.181748884054,475.697077667746
42,150.0,20,150.0,2.0,2.0,0,0,20.882791823034488,593.8861596597515,355.74663700204866
42,150.0,25,150.0,1.5,1.5,2,0,12.562446134324267,379.3332067053114,284.2215042110388
42,150.0,25,150.0,2.0,1.5,2,0,12.562446134324267,379.3332067053114,284.2215042110388
42,150.0,25,150.0,2.0,1.0,4,0,10.310932880256038,400.8859527423264,235.34949005368534
42,150.0,25,150.0,1.5,2.0,4,0,10.310932880256038,400.8859527423264,235.34949005368534
42,150.0,20,150.0,2.0,2.0,3,0,25.514310261196936,603.1280032848717,431.27084149390015
42,150.0,25,150.0,1.0,2.0,4,0,10.310932880256038,400.8859527423264,235.34949005368534
42,150.0,20,150.0,1.5,2.0,3,0,25.514310261196936,603.1280032848717,431.27084149390015
42,150.0,25,150.0,2.0,2.0,4,0,10.310932880256038,400.8859527423264,235.34949005368534
42,150.0,20,150.0,2.0,2.0,4,0,27.727127781656257,400.8859527423264,235.34949005368534
42,150.0,25,150.0,1.5,2.0,2,0,12.562446134324267,379.3332067053114,284.2215042110388
42,150.0,20,150.0,2.0,2.0,2,0,28.712166183096862,379.3332067053114,284.2215042110388
42,150.0,20,150.0,1.5,2.0,4,0,27.727127781656257,400.8859527423264,235.34949005368534
42,150.0,25,150.0,2.0,2.0,2,0,12.562446134324267,379.3332067053114,284.2215042110388
42,150.0,25,150.0,2.0,1.0,2,0,12.562446134324267,379.3332067053114,284.2215042110388
42,150.0,25,150.0,1.0,2.0,2,0,12.562446134324267,379.3332067053114,284.2215042110388
42,150.0,20,150.0,1.5,2.0,2,0,28.712166183096862,379.3332067053114,284.2215042110388
42,150.0,30,150.0,1.0,1.0,4,0,10.310932880256038,400.8859527423264,235.34949005368534
42,150.0,30,150.0,1.0,1.0,2,0,11.937377785799546,379.3332067053114,284.2215042110388
42,150.0,20,150.0,1.5,1.5,1,1,42.839807627972014,588.181748884054,475.697077667746
42,150.0,25,150.0,1.0,1.0,0,1,34.58151272110877,593.8861596597515,355.74663700204866
42,150.0,20,150.0,1.0,2.0,1,1,42.839807627972014,588.181748884054,475.697077667746
42,150.0,25,150.0,1.5,1.5,0,1,32.5816554414558,593.8861596597515,355.74663700204866
42,150.0,25,150.0,1.5,1.0,0,1,32.5816554414558,593.8861596597515,355.74663700204866
42,150.0,20,150.0,2.0,2.0,1,1,42.839807627972014,588.181748884054,475.697077667746
42,150.0,25,150.0,1.5,1.0,3,1,35.826763371131975,603.1280032848717,431.27084149390015
42,150.0,25,150.0,1.0,1.5,0,1,32.5816554414558,593.8861596597515,355.74663700204866
42,150.0,30,150.0,1.5,1.0,4,0,10.310932880256038,400.8859527423264,235.34949005368534
42,150.0,25,150.0,1.5,1.5,3,1,40.864060471001125,603.1280032848717,431.27084149390015
42,150.0,30,150.0,1.5,1.0,2,0,11.937377785799546,379.3332067053114,284.2215042110388
42,150.0,25,150.0,1.0,1.0,3,0,45.58586072101412,603.1280032848717,431.27084149390015
42,150.0,30,150.0,2.0,1.0,4,0,10.310932880256038,400.8859527423264,235.34949005368534
42,150.0,25,150.0,1.0,1.5,3,1,35.826763371131975,603.1280032848717,431.27084149390015
42,150.0,25,150.0,1.0,1.0,1,0,46.752601498738805,588.181748884054,475.697077667746
42,150.0,30,150.0,1.0,1.5,4,0,10.310932880256038,400.8859527423264,235.34949005368534
42,150.0,25,150.0,2.0,1.5,0,1,32.5816554414558,593.8861596597515,355.74663700204866
42,150.0,20,150.0,1.5,2.0,1,1,42.839807627972014,588.181748884054,475.697077667746
42,150.0,30,150.0,2.0,1.0,2,0,11.937377785799546,379.3332067053114,284.2215042110388
42,150.0,30,150.0,1.0,1.5,2,0,11.937377785799546,379.3332067053114,284.2215042110388
42,150.0,25,150.0,1.5,2.0,0,1,32.5816554414558,593.8861596597515,355.74663700204866
42,150.0,25,150.0,1.0,2.0,0,1,32.5816554414558,593.8861596597515,355.74663700204866
42,150.0,25,150.0,2.0,1.0,0,1,32.5816554414558,593.8861596597515,355.74663700204866
42,150.0,25,150.0,1.5,1.0,1,1,44.07820288580867,588.181748884054,475.697077667746
42,150.0,25,150.0,2.0,2.0,0,1,32.5816554414558,593.8861596597515,355.74663700204866
42,150.0,25,150.0,1.5,1.5,1,1,48.99266194697665,588.181748884054,475.697077667746
42,150.0,30,150.0,1.5,1.5,4,0,10.310932880256038,400.8859527423264,235.34949005368534
42,150.0,25,150.0,2.0,1.5,3,1,40.864060471001125,603.1280032848717,431.27084149390015
42,150.0,25,150.0,1.0,2.0,3,1,40.864060471001125,603.1280032848717,431.27084149390015
42,150.0,30,150.0,1.5,1.5,2,0,11.937377785799546,379.3332067053114,284.2215042110388
42,150.0,25,150.0,1.5,2.0,3,1,40.864060471001125,603.1280032848717,431.27084149390015
42,150.0,25,150.0,2.0,1.0,3,1,41.225033758772014,603.1280032848717,431.27084149390015
42,150.0,30,150.0,2.0,1.5,4,0,10.310932880256038,400.8859527423264,235.34949005368534
42,150.0,25,150.0,2.0,2.0,3,1,40.864060471001125,603.1280032848717,431.27084149390015
42,150.0,30,150.0,1.5,2.0,4,0,10.310932880256038,400.8859527423264,235.34949005368534
42,150.0,30,150.0,1.0,2.0,4,0,10.310932880256038,400.8859527423264,235.34949005368534
42,150.0,30,150.0,2.0,1.5,2,0,11.937377785799546,379.3332067053114,284.2215042110388
42,150.0,30,150.0,1.5,2.0,2,0,11.937377785799546,379.3332067053114,284.2215042110388
42,150.0,30,150.0,1.0,2.0,2,0,11.937377785799546,379.3332067053114,284.2215042110388
42,150.0,25,150.0,2.0,1.5,1,1,48.99266194697665,588.181748884054,475.697077667746
42,150.0,30,150.0,1.5,2.0,0,0,16.981567967218087,593.8861596597515,355.74663700204866
42,150.0,30,150.0,1.0,2.0,0,0,16.981567967218087,593.8861596597515,355.74663700204866
42,150.0,25,150.0,1.0,1.5,1,1,61.337627612178665,588.181748884054,475.697077667746
43,150.0,20,50.0,1.0,1.0,2,1,0.9839047084170335,819.8666605311931,180.2912745247739
42,150.0,30,150.0,1.0,1.0,1,1,55.61531235899062,588.181748884054,475.697077667746
42,150.0,30,150.0,1.0,1.0,3,1,55.80109853286617,603.1280032848717,431.27084149390015
42,150.0,30,150.0,2.0,2.0,4,0,10.310932880256038,400.8859527423264,235.34949005368534
42,150.0,30,150.0,1.0,1.0,0,1,56.80365066180182,593.8861596597515,355.74663700204866
42,150.0,30,150.0,2.0,2.0,2,0,11.937377785799546,379.3332067053114,284.2215042110388
42,150.0,30,150.0,1.5,2.0,1,0,25.59924578263583,588.181748884054,475.697077667746
43,150.0,20,50.0,1.5,1.0,2,1,0.9839047084170335,819.8666605311931,180.2912745247739
42,150.0,30,150.0,1.0,2.0,1,0,25.59924578263583,588.181748884054,475.697077667746
42,150.0,25,150.0,2.0,1.0,1,1,55.097627054617114,588.181748884054,475.697077667746
43,150.0,20,50.0,2.0,1.0,2,1,0.9839047084170335,819.8666605311931,180.2912745247739
43,150.0,20,50.0,1.0,1.0,1,1,7.0773351421564445,875.2029988316564,190.60977692679975
42,150.0,25,150.0,1.5,2.0,1,1,61.90453700656219,588.181748884054,475.697077667746
42,150.0,30,150.0,2.0,2.0,0,0,16.981567967218087,593.8861596597515,355.74663700204866
42,150.0,25,150.0,1.0,2.0,1,1,61.90453700656219,588.181748884054,475.697077667746
43,150.0,20,50.0,1.0,1.5,2,1,0.9839047084170335,819.8666605311931,180.2912745247739
42,150.0,25,150.0,2.0,2.0,1,1,61.90453700656219,588.181748884054,475.697077667746
43,150.0,20,50.0,1.0,1.0,4,1,9.891816309798742,832.5996279945615,225.69767399024778
43,150.0,20,50.0,1.5,1.5,2,1,0.9839047084170335,819.8666605311931,180.2912745247739
43,150.0,20,50.0,1.5,1.0,1,1,7.0773351421564445,875.2029988316564,190.60977692679975
43,150.0,20,50.0,2.0,1.5,2,1,0.9839047084170335,819.8666605311931,180.2912745247739
43,150.0,20,50.0,2.0,1.0,1,1,7.0773351421564445,875.2029988316564,190.60977692679975
43,150.0,20,50.0,1.5,1.0,4,1,9.891816309798742,832.5996279945615,225.69767399024778
43,150.0,20,50.0,1.0,1.5,1,1,7.0773351421564445,875.2029988316564,190.60977692679975
43,150.0,20,50.0,1.0,1.5,4,1,9.891816309798742,832.5996279945615,225.69767399024778
43,150.0,20,50.0,2.0,1.5,1,1,7.0773351421564445,875.2029988316564,190.60977692679975
42,150.0,30,150.0,1.0,1.5,3,1,52.452127971952685,603.1280032848717,431.27084149390015
42,150.0,30,150.0,2.0,2.0,1,0,25.59924578263583,588.181748884054,475.697077667746
43,150.0,20,50.0,2.0,1.0,4,1,9.891816309798742,832.5996279945615,225.69767399024778
42,150.0,30,150.0,1.5,2.0,3,0,38.53097297074516,603.1280032848717,431.27084149390015
42,150.0,30,150.0,1.0,1.5,0,1,53.83297112861632,593.8861596597515,355.74663700204866
43,150.0,20,50.0,1.5,1.5,1,1,7.0773351421564445,875.2029988316564,190.60977692679975
43,150.0,20,50.0,2.0,1.5,4,1,9.891816309798742,832.5996279945615,225.69767399024778
43,150.0,20,50.0,1.0,2.0,2,1,0.9839047084170335,819.8666605311931,180.2912745247739
42,150.0,30,150.0,1.0,2.0,3,0,38.53097297074516,603.1280032848717,431.27084149390015
42,150.0,30,150.0,2.0,1.0,0,1,50.89794767809798,593.8861596597515,355.74663700204866
43,150.0,20,50.0,1.5,2.0,2,1,0.9839047084170335,819.8666605311931,180.2912745247739
43,150.0,20,50.0,1.5,1.5,4,1,9.891816309798742,832.5996279945615,225.69767399024778
42,150.0,30,150.0,1.5,1.0,1,1,55.61531235899062,588.181748884054,475.697077667746
42,150.0,30,150.0,1.5,1.0,3,1,55.80109853286617,603.1280032848717,431.27084149390015
42,150.0,30,150.0,1.5,1.0,0,1,56.80365066180182,593.8861596597515,355.74663700204866
43,150.0,20,50.0,1.0,2.0,1,1,7.0773351421564445,875.2029988316564,190.60977692679975
43,150.0,20,50.0,2.0,2.0,2,1,0.9839047084170335,819.8666605311931,180.2912745247739
43,150.0,20,50.0,1.5,2.0,1,1,7.0773351421564445,875.2029988316564,190.60977692679975
42,150.0,30,150.0,1.5,1.5,3,1,57.69047124128288,603.1280032848717,431.27084149390015
43,150.0,20,50.0,1.5,2.0,3,1,9.891816309798742,827.6301294279203,237.93484674766788
43,150.0,20,50.0,1.0,2.0,3,1,9.891816309798742,827.6301294279203,237.93484674766788
43,150.0,20,50.0,2.0,2.0,1,1,7.0773351421564445,875.2029988316564,190.60977692679975
42,150.0,30,150.0,2.0,2.0,3,0,38.53097297074516,603.1280032848717,431.27084149390015
43,150.0,25,50.0,1.0,1.0,2,1,0.9839047084170335,819.8666605311931,180.2912745247739
43,150.0,20,50.0,2.0,2.0,3,1,9.891816309798742,827.6301294279203,237.93484674766788
42,150.0,30,150.0,1.5,1.5,0,1,65.6965512491753,593.8861596597515,355.74663700204866
42,150.0,30,150.0,1.0,1.5,1,1,72.16378616033083,588.181748884054,475.697077667746
43,150.0,25,50.0,1.5,1.0,2,1,0.9839047084170335,819.8666605311931,180.2912745247739
42,150.0,30,150.0,1.5,1.5,1,1,68.42462342899455,588.181748884054,475.697077667746
42,150.0,30,150.0,2.0,1.5,0,1,50.5748993485519,593.8861596597515,355.74663700204866
43,150.0,25,50.0,2.0,1.0,2,1,0.9839047084170335,819.8666605311931,180.2912745247739
43,150.0,25,50.0,1.0,1.0,1,1,7.0773351421564445,875.2029988316564,190.60977692679975
43,150.0,25,50.0,1.0,1.0,3,1,10.363697187412578,827.6301294279203,237.93484674766788
43,150.0,25,50.0,1.5,1.0,1,1,7.0773351421564445,875.2029988316564,190.60977692679975
42,150.0,30,150.0,2.0,1.5,3,1,53.93867954631158,603.1280032848717,431.27084149390015
43,150.0,25,50.0,2.0,1.0,1,1,7.0773351421564445,875.2029988316564,190.60977692679975
43,150.0,25,50.0,1.5,1.0,3,1,10.363697187412578,827.6301294279203,237.93484674766788
43,150.0,25,50.0,2.0,1.0,3,1,10.363697187412578,827.6301294279203,237.93484674766788
42,150.0,30,150.0,2.0,1.0,3,0,76.63637959557633,603.1280032848717,431.27084149390015
42,150.0,30,150.0,2.0,1.5,1,1,61.45159627152087,588.181748884054,475.697077667746
43,150.0,25,50.0,1.0,1.5,2,1,0.9839047084170335,819.8666605311931,180.2912745247739
42,150.0,30,150.0,2.0,1.0,1,0,79.8243438231617,588.181748884054,475.697077667746
43,150.0,25,50.0,1.5,1.5,2,1,0.9839047084170335,819.8666605311931,180.2912745247739
43,150.0,25,50.0,1.0,1.5,1,1,7.0773351421564445,875.2029988316564,190.60977692679975
43,150.0,25,50.0,1.5,1.5,1,1,7.0773351421564445,875.2029988316564,190.60977692679975
43,150.0,25,50.0,1.0,1.5,3,1,10.363697187412578,827.6301294279203,237.93484674766788
43,150.0,25,50.0,1.5,1.5,3,1,10.363697187412578,827.6301294279203,237.93484674766788
43,150.0,25,50.0,1.5,1.0,0,0,32.80902238534725,176.75205447072287,377.91046598232964
43,150.0,20,50.0,2.0,1.0,0,0,55.5703141268391,176.75205447072287,377.91046598232964
43,150.0,25,50.0,2.0,1.5,2,1,0.9839047084170335,819.8666605311931,180.2912745247739
43,150.0,25,50.0,2.0,1.5,1,1,7.0773351421564445,875.2029988316564,190.60977692679975
43,150.0,25,50.0,2.0,1.5,3,1,10.363697187412578,827.6301294279203,237.93484674766788
43,150.0,25,50.0,1.0,2.0,2,1,0.9839047084170335,819.8666605311931,180.2912745247739
43,150.0,25,50.0,1.5,2.0,2,1,0.9839047084170335,819.8666605311931,180.2912745247739
43,150.0,25,50.0,1.0,2.0,1,1,7.0773351421564445,875.2029988316564,190.60977692679975
43,150.0,25,50.0,2.0,2.0,2,1,0.9839047084170335,819.8666605311931,180.2912745247739
43,150.0,25,50.0,1.5,2.0,1,1,7.0773351421564445,875.2029988316564,190.60977692679975
43,150.0,30,50.0,1.0,1.0,2,1,0.9839047084170335,819.8666605311931,180.2912745247739
43,150.0,25,50.0,1.0,2.0,3,1,10.363697187412578,827.6301294279203,237.93484674766788
43,150.0,30,50.0,1.5,1.0,2,1,0.9839047084170335,819.8666605311931,180.2912745247739
43,150.0,25,50.0,1.5,2.0,3,1,10.363697187412578,827.6301294279203,237.93484674766788
43,150.0,30,50.0,1.0,1.0,1,1,5.862895869502118,875.2029988316564,190.60977692679975
43,150.0,25,50.0,2.0,2.0,1,1,7.0773351421564445,875.2029988316564,190.60977692679975
43,150.0,30,50.0,1.5,1.0,1,1,5.862895869502118,875.2029988316564,190.60977692679975
43,150.0,30,50.0,1.0,1.0,3,1,8.500924038114709,827.6301294279203,237.93484674766788
43,150.0,30,50.0,2.0,1.0,2,1,0.9839047084170335,819.8666605311931,180.2912745247739
43,150.0,25,50.0,2.0,2.0,3,1,10.363697187412578,827.6301294279203,237.93484674766788
43,150.0,30,50.0,1.5,1.0,3,1,8.500924038114709,827.6301294279203,237.93484674766788
43,150.0,30,50.0,1.0,1.5,2,1,0.9839047084170335,819.8666605311931,180.2912745247739
43,150.0,30,50.0,1.5,1.5,2,1,0.9839047084170335,819.8666605311931,180.2912745247739
43,150.0,30,50.0,2.0,1.0,1,1,5.862895869502118,875.2029988316564,190.60977692679975
43,150.0,30,50.0,2.0,1.0,3,1,8.500924038114709,827.6301294279203,237.93484674766788
43,150.0,30,50.0,1.0,1.5,1,1,7.0773351421564445,875.2029988316564,190.60977692679975
43,150.0,30,50.0,1.5,1.5,1,1,7.0773351421564445,875.2029988316564,190.60977692679975
43,150.0,30,50.0,2.0,1.5,2,1,0.9839047084170335,819.8666605311931,180.2912745247739
43,150.0,25,50.0,2.0,1.5,0,0,45.959947972551646,176.75205447072287,377.91046598232964
43,150.0,30,50.0,1.0,1.5,3,1,12.433024556912633,827.6301294279203,237.93484674766788
43,150.0,30,50.0,1.5,1.5,3,1,12.433024556912633,827.6301294279203,237.93484674766788
43,150.0,30,50.0,1.0,2.0,2,1,0.9839047084170335,819.8666605311931,180.2912745247739
43,150.0,30,50.0,2.0,1.5,1,1,7.0773351421564445,875.2029988316564,190.60977692679975
43,150.0,30,50.0,1.5,2.0,2,1,0.9839047084170335,819.8666605311931,180.2912745247739
43,150.0,30,50.0,1.0,2.0,1,1,7.0773351421564445,875.2029988316564,190.60977692679975
43,150.0,30,50.0,2.0,1.5,3,1,12.433024556912633,827.6301294279203,237.93484674766788
43,150.0,30,50.0,1.5,2.0,1,1,7.0773351421564445,875.2029988316564,190.60977692679975
43,150.0,30,50.0,1.0,2.0,3,1,12.461506462017253,827.6301294279203,237.93484674766788
43,150.0,30,50.0,1.5,2.0,3,1,12.461506462017253,827.6301294279203,237.93484674766788
43,150.0,25,50.0,1.5,2.0,0,0,60.523684024393795,176.75205447072287,377.91046598232964
43,150.0,30,50.0,2.0,2.0,2,1,0.9839047084170335,819.8666605311931,180.2912745247739
43,150.0,20,100.0,1.0,1.0,2,1,0.9839047084170335,819.8666605311931,180.2912745247739
43,150.0,20,100.0,1.5,1.0,2,1,0.9839047084170335,819.8666605311931,180.2912745247739
43,150.0,30,50.0,2.0,2.0,1,1,7.0773351421564445,875.2029988316564,190.60977692679975
43,150.0,20,100.0,1.0,1.0,1,1,6.27502879598039,875.2029988316564,190.60977692679975
43,150.0,20,100.0,1.5,1.0,1,1,6.27502879598039,875.2029988316564,190.60977692679975
43,150.0,30,50.0,2.0,2.0,3,1,12.461506462017253,827.6301294279203,237.93484674766788
43,150.0,20,100.0,1.0,1.0,3,1,11.712914881775935,827.6301294279203,237.93484674766788
43,150.0,20,100.0,1.5,1.0,3,1,11.712914881775935,827.6301294279203,237.93484674766788
43,150.0,20,100.0,2.0,1.0,2,1,0.9839047084170335,819.8666605311931,180.2912745247739
43,150.0,20,100.0,1.0,1.0,0,0,21.808918764085185,176.75205447072287,377.91046598232964
43,150.0,20,100.0,1.5,1.0,0,0,21.808918764085185,176.75205447072287,377.91046598232964
43,150.0,20,100.0,1.0,1.5,2,1,0.9839047084170335,819.8666605311931,180.2912745247739
43,150.0,20,100.0,2.0,1.0,1,1,6.27502879598039,875.2029988316564,190.60977692679975
43,150.0,30,50.0,1.5,1.5,0,0,92.76568114731738,176.75205447072287,377.91046598232964
43,150.0,20,100.0,1.0,1.5,1,1,6.27502879598039,875.2029988316564,190.60977692679975
43,150.0,20,100.0,2.0,1.0,3,1,11.712914881775935,827.6301294279203,237.93484674766788
43,150.0,20,100.0,1.5,1.5,2,1,0.9839047084170335,819.8666605311931,180.2912745247739
43,150.0,20,100.0,1.0,1.5,3,1,11.712914881775935,827.6301294279203,237.93484674766788
43,150.0,20,100.0,2.0,1.5,2,1,0.9839047084170335,819.8666605311931,180.2912745247739
43,150.0,20,100.0,1.5,1.5,1,1,6.27502879598039,875.2029988316564,190.60977692679975
43,150.0,20,100.0,2.0,1.5,1,1,6.27502879598039,875.2029988316564,190.60977692679975
43,150.0,20,100.0,2.0,1.0,0,0,21.808918764085185,176.75205447072287,377.91046598232964
43,150.0,20,100.0,1.0,2.0,2,1,0.9839047084170335,819.8666605311931,180.2912745247739
43,150.0,20,100.0,1.5,1.5,3,1,11.712914881775935,827.6301294279203,237.93484674766788
43,150.0,20,100.0,1.0,1.5,0,0,21.787570584692464,176.75205447072287,377.91046598232964
43,150.0,20,100.0,2.0,1.5,3,1,11.712914881775935,827.6301294279203,237.93484674766788
43,150.0,20,100.0,1.5,2.0,2,1,0.9839047084170335,819.8666605311931,180.2912745247739
43,150.0,20,100.0,1.0,2.0,1,1,6.27502879598039,875.2029988316564,190.60977692679975
43,150.0,20,100.0,1.0,2.0,3,1,6.986987077404415,827.6301294279203,237.93484674766788
43,150.0,20,100.0,2.0,2.0,2,1,0.9839047084170335,819.8666605311931,180.2912745247739
43,150.0,20,100.0,1.5,1.5,0,0,21.787570584692464,176.75205447072287,377.91046598232964
43,150.0,20,100.0,2.0,1.5,0,0,21.787570584692464,176.75205447072287,377.91046598232964
43,150.0,20,100.0,1.5,2.0,1,1,6.27502879598039,875.2029988316564,190.60977692679975
43,150.0,20,100.0,2.0,2.0,1,1,6.27502879598039,875.2029988316564,190.60977692679975
43,150.0,20,100.0,2.0,2.0,3,1,6.986987077404415,827.6301294279203,237.93484674766788
43,150.0,20,100.0,1.5,2.0,3,1,6.986987077404415,827.6301294279203,237.93484674766788
43,150.0,25,100.0,1.0,1.0,2,1,0.9839047084170335,819.8666605311931,180.2912745247739
43,150.0,25,100.0,1.0,1.0,1,1,6.27502879598039,875.2029988316564,190.60977692679975
43,150.0,25,100.0,1.5,1.0,2,1,0.9839047084170335,819.8666605311931,180.2912745247739
43,150.0,25,100.0,2.0,1.0,2,1,0.9839047084170335,819.8666605311931,180.2912745247739
43,150.0,25,100.0,1.0,1.5,2,1,0.9839047084170335,819.8666605311931,180.2912745247739
43,150.0,25,100.0,1.5,1.0,1,1,6.27502879598039,875.2029988316564,190.60977692679975
43,150.0,25,100.0,2.0,1.0,1,1,6.27502879598039,875.2029988316564,190.60977692679975
43,150.0,25,100.0,1.0,1.0,0,0,19.437040827836448,176.75205447072287,377.91046598232964
43,150.0,25,100.0,1.0,1.0,3,1,19.457640359597786,827.6301294279203,237.93484674766788
43,150.0,25,100.0,1.0,1.5,1,1,6.27502879598039,875.2029988316564,190.60977692679975
43,150.0,25,100.0,1.0,1.5,3,1,6.986987077404415,827.6301294279203,237.93484674766788
43,150.0,20,100.0,1.5,2.0,0,0,38.069732732568255,176.75205447072287,377.91046598232964
43,150.0,25,100.0,1.5,1.5,2,1,0.9839047084170335,819.8666605311931,180.2912745247739
43,150.0,25,100.0,1.5,1.5,1,1,6.27502879598039,875.2029988316564,190.60977692679975
43,150.0,25,100.0,1.5,1.5,3,1,6.986987077404415,827.6301294279203,237.93484674766788
43,150.0,25,100.0,2.0,1.0,3,1,19.457640359597786,827.6301294279203,237.93484674766788
43,150.0,25,100.0,1.5,1.0,3,1,19.457640359597786,827.6301294279203,237.93484674766788
43,150.0,25,100.0,2.0,1.0,0,0,21.548645552661377,176.75205447072287,377.91046598232964
43,150.0,25,100.0,1.5,1.0,0,0,21.548645552661377,176.75205447072287,377.91046598232964
43,150.0,25,100.0,2.0,1.5,2,1,0.9839047084170335,819.8666605311931,180.2912745247739
43,150.0,25,100.0,1.0,2.0,2,1,0.9839047084170335,819.8666605311931,180.2912745247739
43,150.0,25,100.0,2.0,1.5,1,1,6.27502879598039,875.2029988316564,190.60977692679975
43,150.0,25,100.0,1.5,2.0,2,1,0.9839047084170335,819.8666605311931,180.2912745247739
43,150.0,25,100.0,2.0,1.5,3,1,6.986987077404415,827.6301294279203,237.93484674766788
43,150.0,25,100.0,2.0,2.0,2,1,0.9839047084170335,819.8666605311931,180.2912745247739
43,150.0,25,100.0,1.0,2.0,1,1,6.27502879598039,875.2029988316564,190.60977692679975
43,150.0,25,100.0,1.0,2.0,3,1,6.986987077404415,827.6301294279203,237.93484674766788
43,150.0,30,100.0,1.0,1.0,2,1,0.9839047084170335,819.8666605311931,180.2912745247739
43,150.0,25,100.0,2.0,2.0,1,1,6.27502879598039,875.2029988316564,190.60977692679975
43,150.0,25,100.0,2.0,2.0,3,1,6.986987077404415,827.6301294279203,237.93484674766788
43,150.0,20,100.0,2.0,2.0,0,0,64.39764154527566,176.75205447072287,377.91046598232964
43,150.0,25,100.0,1.5,2.0,1,1,6.27502879598039,875.2029988316564,190.60977692679975
43,150.0,25,100.0,1.5,2.0,3,1,6.986987077404415,827.6301294279203,237.93484674766788
43,150.0,30,100.0,1.5,1.0,2,1,0.9839047084170335,819.8666605311931,180.2912745247739
43,150.0,30,100.0,1.0,1.0,1,1,6.27502879598039,875.2029988316564,190.60977692679975
43,150.0,30,100.0,1.5,1.0,1,1,6.27502879598039,875.2029988316564,190.60977692679975
43,150.0,30,100.0,1.0,1.0,3,1,17.942010991723134,827.6301294279203,237.93484674766788
43,150.0,30,100.0,1.5,1.0,3,1,17.942010991723134,827.6301294279203,237.93484674766788
43,150.0,30,100.0,1.0,1.0,0,0,20.407688968310012,176.75205447072287,377.91046598232964
43,150.0,20,100.0,1.0,2.0,0,0,84.02896828438006,176.75205447072287,377.91046598232964
43,150.0,30,100.0,1.5,1.0,0,0,20.407688968310012,176.75205447072287,377.91046598232964
43,150.0,25,100.0,2.0,2.0,0,0,38.5570051282227,176.75205447072287,377.91046598232964
43,150.0,30,100.0,2.0,1.0,2,1,0.9839047084170335,819.8666605311931,180.2912745247739
43,150.0,25,100.0,1.5,2.0,0,0,38.97063335572902,176.75205447072287,377.91046598232964
43,150.0,30,100.0,1.0,1.5,2,1,0.9839047084170335,819.8666605311931,180.2912745247739
43,150.0,30,100.0,2.0,1.0,1,1,6.27502879598039,875.2029988316564,190.60977692679975
43,150.0,30,100.0,1.5,1.5,2,1,0.9839047084170335,819.8666605311931,180.2912745247739
43,150.0,30,100.0,1.0,1.5,1,1,6.27502879598039,875.2029988316564,190.60977692679975
43,150.0,25,100.0,1.5,1.5,0,0,80.04955016944933,176.75205447072287,377.91046598232964
43,150.0,25,100.0,2.0,1.5,0,0,52.047271991935595,176.75205447072287,377.91046598232964
43,150.0,30,100.0,1.0,1.5,3,1,6.986987077404415,827.6301294279203,237.93484674766788
43,150.0,30,100.0,1.5,1.5,1,1,6.27502879598039,875.2029988316564,190.60977692679975
43,150.0,30,100.0,1.5,1.5,3,1,6.986987077404415,827.6301294279203,237.93484674766788
43,150.0,30,100.0,2.0,1.0,3,1,17.942010991723134,827.6301294279203,237.93484674766788
43,150.0,30,100.0,2.0,1.0,0,0,20.407688968310012,176.75205447072287,377.91046598232964
43,150.0,30,100.0,2.0,1.5,2,1,0.9839047084170335,819.8666605311931,180.2912745247739
43,150.0,30,100.0,2.0,1.5,1,1,6.27502879598039,875.2029988316564,190.60977692679975
43,150.0,30,100.0,2.0,1.5,3,1,6.986987077404415,827.6301294279203,237.93484674766788
43,150.0,30,100.0,1.0,2.0,2,1,0.9839047084170335,819.8666605311931,180.2912745247739
43,150.0,30,100.0,1.5,2.0,2,1,0.9839047084170335,819.8666605311931,180.2912745247739
43,150.0,30,100.0,2.0,2.0,2,1,0.9839047084170335,819.8666605311931,180.2912745247739
43,150.0,20,150.0,1.0,1.0,2,1,0.9839047084170335,819.8666605311931,180.2912745247739
43,150.0,30,100.0,1.5,2.0,1,1,6.27502879598039,875.2029988316564,190.60977692679975
43,150.0,30,100.0,1.5,2.0,3,1,6.986987077404415,827.6301294279203,237.93484674766788
43,150.0,30,100.0,1.0,2.0,1,1,6.27502879598039,875.2029988316564,190.60977692679975
43,150.0,30,100.0,1.0,2.0,3,1,6.986987077404415,827.6301294279203,237.93484674766788
43,150.0,30,100.0,2.0,2.0,1,1,6.27502879598039,875.2029988316564,190.60977692679975
43,150.0,30,100.0,2.0,2.0,3,1,6.986987077404415,827.6301294279203,237.93484674766788
43,150.0,20,150.0,1.5,1.0,2,1,0.9839047084170335,819.8666605311931,180.2912745247739
43,150.0,30,100.0,1.0,1.5,0,0,33.496544212297536,176.75205447072287,377.91046598232964
43,150.0,20,150.0,2.0,1.0,2,1,0.9839047084170335,819.8666605311931,180.2912745247739
43,150.0,20,150.0,1.0,1.0,3,1,8.840366520223979,827.6301294279203,237.93484674766788
43,150.0,20,150.0,1.0,1.0,1,1,9.59713272161415,875.2029988316564,190.60977692679975
43,150.0,20,150.0,1.0,1.5,2,1,0.9839047084170335,819.8666605311931,180.2912745247739
43,150.0,20,150.0,1.5,1.0,3,1,8.840366520223979,827.6301294279203,237.93484674766788
43,150.0,20,150.0,1.5,1.5,2,1,0.9839047084170335,819.8666605311931,180.2912745247739
43,150.0,20,150.0,1.5,1.0,1,1,9.59713272161415,875.2029988316564,190.60977692679975
43,150.0,20,150.0,2.0,1.0,3,1,8.840366520223979,827.6301294279203,237.93484674766788
43,150.0,20,150.0,2.0,1.0,1,1,9.59713272161415,875.2029988316564,190.60977692679975
43,150.0,30,100.0,2.0,1.5,0,0,33.17961898985818,176.75205447072287,377.91046598232964
43,150.0,20,150.0,1.0,1.5,3,1,8.840366520223979,827.6301294279203,237.93484674766788
43,150.0,20,150.0,1.0,1.5,1,1,9.59713272161415,875.2029988316564,190.60977692679975
43,150.0,20,150.0,1.5,1.5,3,1,8.840366520223979,827.6301294279203,237.93484674766788
43,150.0,20,150.0,1.5,1.5,1,1,9.59713272161415,875.2029988316564,190.60977692679975
43,150.0,20,150.0,2.0,1.5,2,1,0.9839047084170335,819.8666605311931,180.2912745247739
43,150.0,20,150.0,1.0,2.0,2,1,0.9839047084170335,819.8666605311931,180.2912745247739
43,150.0,20,150.0,2.0,1.5,3,1,8.840366520223979,827.6301294279203,237.93484674766788
43,150.0,20,150.0,2.0,1.5,1,1,9.59713272161415,875.2029988316564,190.60977692679975
43,150.0,30,100.0,2.0,2.0,0,0,48.22355225500168,176.75205447072287,377.91046598232964
43,150.0,20,150.0,1.0,2.0,3,1,8.840366520223979,827.6301294279203,237.93484674766788
43,150.0,20,150.0,1.0,2.0,1,1,9.59713272161415,875.2029988316564,190.60977692679975
43,150.0,20,150.0,1.5,1.0,0,0,49.62939463659334,176.75205447072287,377.91046598232964
43,150.0,20,150.0,1.5,2.0,2,1,0.9839047084170335,819.8666605311931,180.2912745247739
43,150.0,30,100.0,1.0,2.0,0,0,53.80428218133397,176.75205447072287,377.91046598232964
43,150.0,20,150.0,1.5,1.5,0,0,49.62939463659334,176.75205447072287,377.91046598232964
43,150.0,20,150.0,2.0,1.0,0,0,49.62939463659334,176.75205447072287,377.91046598232964
43,150.0,20,150.0,1.5,2.0,3,1,8.840366520223979,827.6301294279203,237.93484674766788
43,150.0,20,150.0,1.5,2.0,1,1,9.59713272161415,875.2029988316564,190.60977692679975
43,150.0,20,150.0,2.0,2.0,2,1,0.9839047084170335,819.8666605311931,180.2912745247739
43,150.0,25,150.0,1.0,1.0,2,1,0.9839047084170335,819.8666605311931,180.2912745247739
43,150.0,20,150.0,1.0,1.5,0,0,71.48962892490968,176.75205447072287,377.91046598232964
43,150.0,25,150.0,1.0,1.0,3,1,1.073912374291137,827.6301294279203,237.93484674766788
43,150.0,20,150.0,2.0,2.0,3,1,8.840366520223979,827.6301294279203,237.93484674766788
43,150.0,25,150.0,1.0,1.0,1,1,1.1620931936375705,875.2029988316564,190.60977692679975
43,150.0,20,150.0,2.0,2.0,1,1,9.59713272161415,875.2029988316564,190.60977692679975
43,150.0,25,150.0,1.5,1.0,2,1,0.9839047084170335,819.8666605311931,180.2912745247739
43,150.0,25,150.0,1.5,1.0,3,1,1.073912374291137,827.6301294279203,237.93484674766788
43,150.0,25,150.0,1.5,1.0,1,1,1.1620931936375705,875.2029988316564,190.60977692679975
43,150.0,25,150.0,2.0,1.0,2,1,0.9839047084170335,819.8666605311931,180.2912745247739
43,150.0,20,150.0,2.0,1.5,0,0,49.62939463659334,176.75205447072287,377.91046598232964
43,150.0,25,150.0,2.0,1.0,3,1,1.073912374291137,827.6301294279203,237.93484674766788
43,150.0,25,150.0,2.0,1.0,1,1,1.1620931936375705,875.2029988316564,190.60977692679975
43,150.0,20,150.0,1.0,1.0,0,0,66.74645113475002,176.75205447072287,377.91046598232964
43,150.0,25,150.0,1.0,1.5,2,1,0.9839047084170335,819.8666605311931,180.2912745247739
43,150.0,25,150.0,1.0,1.5,3,1,1.073912374291137,827.6301294279203,237.93484674766788
43,150.0,25,150.0,2.0,1.5,2,1,0.9839047084170335,819.8666605311931,180.2912745247739
43,150.0,25,150.0,1.0,1.5,1,1,1.1620931936375705,875.2029988316564,190.60977692679975
43,150.0,25,150.0,2.0,1.5,3,1,1.073912374291137,827.6301294279203,237.93484674766788
43,150.0,25,150.0,1.5,1.5,2,1,0.9839047084170335,819.8666605311931,180.2912745247739
43,150.0,25,150.0,1.5,1.5,3,1,1.073912374291137,827.6301294279203,237.93484674766788
43,150.0,25,150.0,2.0,1.5,1,1,1.1620931936375705,875.2029988316564,190.60977692679975
43,150.0,25,150.0,1.5,1.5,1,1,1.1620931936375705,875.2029988316564,190.60977692679975
43,150.0,25,150.0,1.0,2.0,2,1,0.9839047084170335,819.8666605311931,180.2912745247739
43,150.0,25,150.0,1.0,2.0,3,1,1.073912374291137,827.6301294279203,237.93484674766788
43,150.0,25,150.0,1.0,2.0,1,1,1.1620931936375705,875.2029988316564,190.60977692679975
43,150.0,20,150.0,1.5,2.0,0,0,51.49704248215208,176.75205447072287,377.91046598232964
43,150.0,25,150.0,1.5,2.0,2,1,0.9839047084170335,819.8666605311931,180.2912745247739
43,150.0,25,150.0,1.5,2.0,3,1,1.073912374291137,827.6301294279203,237.93484674766788
43,150.0,25,150.0,1.5,2.0,1,1,1.1620931936375705,875.2029988316564,190.60977692679975
43,150.0,20,150.0,2.0,2.0,0,0,49.62939463659334,176.75205447072287,377.91046598232964
43,150.0,20,150.0,1.0,2.0,0,0,71.48962892490968,176.75205447072287,377.91046598232964
43,150.0,25,150.0,1.5,1.0,0,0,43.447259795282775,176.75205447072287,377.91046598232964
43,150.0,25,150.0,2.0,1.0,0,0,43.447259795282775,176.75205447072287,377.91046598232964
43,150.0,25,150.0,2.0,2.0,2,1,0.9839047084170335,819.8666605311931,180.2912745247739
43,150.0,25,150.0,2.0,2.0,3,1,1.073912374291137,827.6301294279203,237.93484674766788
43,150.0,25,150.0,2.0,2.0,1,1,1.1620931936375705,875.2029988316564,190.60977692679975
43,150.0,30,150.0,1.0,1.0,2,1,0.9839047084170335,819.8666605311931,180.2912745247739
43,150.0,25,150.0,1.0,1.0,0,0,43.628138768525446,176.75205447072287,377.91046598232964
43,150.0,25,150.0,1.5,1.5,0,0,41.5558298914084,176.75205447072287,377.91046598232964
43,150.0,25,150.0,2.0,1.5,0,0,41.5558298914084,176.75205447072287,377.91046598232964
43,150.0,30,150.0,1.0,1.0,1,1,12.027698875450483,875.2029988316564,190.60977692679975
43,150.0,25,150.0,1.0,2.0,0,0,41.5558298914084,176.75205447072287,377.91046598232964
43,150.0,30,150.0,1.0,1.0,3,1,12.616627030981007,827.6301294279203,237.93484674766788
43,150.0,25,150.0,1.0,1.5,0,0,41.5558298914084,176.75205447072287,377.91046598232964
43,150.0,30,150.0,1.5,1.0,2,1,0.9839047084170335,819.8666605311931,180.2912745247739
43,150.0,30,150.0,2.0,1.0,2,1,0.9839047084170335,819.8666605311931,180.2912745247739
43,150.0,30,150.0,1.5,1.0,1,1,12.027698875450483,875.2029988316564,190.60977692679975
43,150.0,30,150.0,1.5,1.0,3,1,12.616627030981007,827.6301294279203,237.93484674766788
43,150.0,30,150.0,1.5,1.5,2,1,0.9839047084170335,819.8666605311931,180.2912745247739
43,150.0,30,150.0,1.0,1.5,2,1,0.9839047084170335,819.8666605311931,180.2912745247739
43,150.0,25,150.0,1.5,2.0,0,0,41.5558298914084,176.75205447072287,377.91046598232964
43,150.0,30,150.0,2.0,1.0,1,1,12.027698875450483,875.2029988316564,190.60977692679975
43,150.0,30,150.0,2.0,1.5,2,1,0.9839047084170335,819.8666605311931,180.2912745247739
43,150.0,30,150.0,1.0,2.0,2,1,0.9839047084170335,819.8666605311931,180.2912745247739
43,150.0,30,150.0,2.0,1.0,3,1,12.616627030981007,827.6301294279203,237.93484674766788
43,150.0,30,150.0,1.5,1.5,1,1,12.027698875450483,875.2029988316564,190.60977692679975
43,150.0,30,150.0,1.5,1.5,3,1,12.616627030981007,827.6301294279203,237.93484674766788
43,150.0,30,150.0,1.0,1.5,1,1,12.027698875450483,875.2029988316564,190.60977692679975
43,150.0,30,150.0,1.0,1.5,3,1,12.616627030981007,827.6301294279203,237.93484674766788
43,150.0,30,150.0,2.0,1.5,1,1,12.027698875450483,875.2029988316564,190.60977692679975
43,150.0,30,150.0,2.0,1.5,3,1,12.616627030981007,827.6301294279203,237.93484674766788
43,150.0,30,150.0,1.5,2.0,2,1,0.9839047084170335,819.8666605311931,180.2912745247739
43,150.0,25,150.0,2.0,2.0,0,0,41.5558298914084,176.75205447072287,377.91046598232964
43,150.0,30,150.0,1.0,2.0,1,1,12.027698875450483,875.2029988316564,190.60977692679975
43,150.0,30,150.0,1.0,2.0,3,1,12.616627030981007,827.6301294279203,237.93484674766788
43,150.0,30,150.0,2.0,2.0,2,1,0.9839047084170335,819.8666605311931,180.2912745247739
44,150.0,20,50.0,1.0,1.0,0,1,0.9839047084170335,788.4493762348953,153.86806925688055
44,150.0,20,50.0,1.0,1.0,1,1,2.566451460448304,752.3773847972193,122.02656721507343
44,150.0,20,50.0,1.5,1.0,0,1,0.9839047084170335,788.4493762348953,153.86806925688055
44,150.0,20,50.0,1.5,1.0,1,1,2.566451460448304,752.3773847972193,122.02656721507343
43,150.0,30,150.0,1.5,2.0,1,1,12.027698875450483,875.2029988316564,190.60977692679975
43,150.0,30,150.0,1.5,2.0,3,1,12.616627030981007,827.6301294279203,237.93484674766788
44,150.0,20,50.0,1.0,1.0,2,1,9.044149758747226,745.0541440219217,209.8367668300027
44,150.0,20,50.0,1.5,1.0,2,1,4.833425988951398,745.0541440219217,209.8367668300027
43,150.0,30,150.0,2.0,2.0,1,1,12.027698875450483,875.2029988316564,190.60977692679975
43,150.0,30,150.0,2.0,2.0,3,1,12.616627030981007,827.6301294279203,237.93484674766788
44,150.0,20,50.0,2.0,1.0,0,1,0.9839047084170335,788.4493762348953,153.86806925688055
43,150.0,30,150.0,1.5,1.5,0,0,54.95969374403841,176.75205447072287,377.91046598232964
44,150.0,20,50.0,2.0,1.0,1,1,2.566451460448304,752.3773847972193,122.02656721507343
44,150.0,20,50.0,2.0,1.0,2,1,4.833425988951398,745.0541440219217,209.8367668300027
44,150.0,20,50.0,1.0,1.0,4,1,37.245801105198204,734.6851396397549,309.8459047274205
44,150.0,20,50.0,1.0,1.0,3,1,37.30850117753741,686.8045684486611,388.6643174232488
44,150.0,20,50.0,1.0,1.5,0,1,0.9839047084170335,788.4493762348953,153.86806925688055
44,150.0,20,50.0,1.0,1.5,1,1,2.566451460448304,752.3773847972193,122.02656721507343
44,150.0,20,50.0,1.5,1.0,4,1,30.63587184382446,734.6851396397549,309.8459047274205
44,150.0,20,50.0,1.0,1.5,2,1,4.833425988951398,745.0541440219217,209.8367668300027
43,150.0,30,150.0,1.0,1.5,0,0,55.91351946756658,176.75205447072287,377.91046598232964
43,150.0,30,150.0,2.0,1.5,0,0,64.04623165000419,176.75205447072287,377.91046598232964
43,150.0,30,150.0,1.5,1.0,0,0,73.64677665580398,176.75205447072287,377.91046598232964
43,150.0,30,150.0,2.0,1.0,0,0,70.8501625202399,176.75205447072287,377.91046598232964
43,150.0,30,150.0,1.5,2.0,0,0,67.90766025975414,176.75205447072287,377.91046598232964
44,150.0,20,50.0,1.5,1.5,0,1,0.9839047084170335,788.4493762348953,153.86806925688055
43,150.0,30,150.0,2.0,2.0,0,0,71.12655164696437,176.75205447072287,377.91046598232964
44,150.0,20,50.0,1.5,1.5,1,1,2.566451460448304,752.3773847972193,122.02656721507343
44,150.0,20,50.0,1.5,1.5,2,1,4.833425988951398,745.0541440219217,209.8367668300027
44,150.0,20,50.0,2.0,1.5,0,1,0.9839047084170335,788.4493762348953,153.86806925688055
44,150.0,20,50.0,2.0,1.5,1,1,2.566451460448304,752.3773847972193,122.02656721507343
44,150.0,20,50.0,1.0,2.0,0,1,0.9839047084170335,788.4493762348953,153.86806925688055
44,150.0,20,50.0,2.0,1.5,2,1,4.833425988951398,745.0541440219217,209.8367668300027
44,150.0,20,50.0,1.0,2.0,1,1,2.566451460448304,752.3773847972193,122.02656721507343
44,150.0,20,50.0,1.0,2.0,2,1,4.833425988951398,745.0541440219217,209.8367668300027
44,150.0,20,50.0,1.5,2.0,0,1,0.9839047084170335,788.4493762348953,153.86806925688055
44,150.0,20,50.0,1.5,2.0,1,1,2.566451460448304,752.3773847972193,122.02656721507343
44,150.0,20,50.0,2.0,2.0,0,1,0.9839047084170335,788.4493762348953,153.86806925688055
44,150.0,20,50.0,1.5,1.5,4,1,15.406472618425685,734.6851396397549,309.8459047274205
44,150.0,20,50.0,1.5,2.0,2,1,4.833425988951398,745.0541440219217,209.8367668300027
44,150.0,20,50.0,2.0,2.0,1,1,2.566451460448304,752.3773847972193,122.02656721507343
44,150.0,25,50.0,1.0,1.0,0,1,0.9839047084170335,788.4493762348953,153.86806925688055
44,150.0,20,50.0,1.5,1.0,3,1,72.73852281086859,686.8045684486611,388.6643174232488
44,150.0,20,50.0,2.0,1.5,4,1,15.406472618425685,734.6851396397549,309.8459047274205
44,150.0,20,50.0,2.0,1.0,4,1,57.944761933946836,734.6851396397549,309.8459047274205
44,150.0,20,50.0,2.0,2.0,2,1,4.833425988951398,745.0541440219217,209.8367668300027
44,150.0,25,50.0,1.5,1.0,0,1,0.9839047084170335,788.4493762348953,153.86806925688055
44,150.0,25,50.0,1.0,1.0,1,1,2.566451460448304,752.3773847972193,122.02656721507343
44,150.0,25,50.0,1.5,1.0,1,1,2.566451460448304,752.3773847972193,122.02656721507343
44,150.0,25,50.0,2.0,1.0,0,1,0.9839047084170335,788.4493762348953,153.86806925688055
44,150.0,25,50.0,1.0,1.5,0,1,0.9839047084170335,788.4493762348953,153.86806925688055
44,150.0,25,50.0,1.5,1.5,0,1,0.9839047084170335,788.4493762348953,153.86806925688055
44,150.0,25,50.0,2.0,1.0,1,1,2.566451460448304,752.3773847972193,122.02656721507343
44,150.0,25,50.0,2.0,1.5,0,1,0.9839047084170335,788.4493762348953,153.86806925688055
44,150.0,25,50.0,1.5,1.0,2,1,6.172524822718603,745.0541440219217,209.8367668300027
44,150.0,20,50.0,1.0,2.0,4,1,15.09732274715466,734.6851396397549,309.8459047274205
44,150.0,25,50.0,1.0,1.5,1,1,2.566451460448304,752.3773847972193,122.02656721507343
44,150.0,25,50.0,1.5,1.5,1,1,2.566451460448304,752.3773847972193,122.02656721507343
44,150.0,25,50.0,1.0,1.0,2,1,6.172524822718603,745.0541440219217,209.8367668300027
44,150.0,25,50.0,2.0,1.5,1,1,2.566451460448304,752.3773847972193,122.02656721507343
44,150.0,25,50.0,2.0,1.0,2,1,6.172524822718603,745.0541440219217,209.8367668300027
44,150.0,25,50.0,1.0,2.0,0,1,0.9839047084170335,788.4493762348953,153.86806925688055
44,150.0,20,50.0,1.5,2.0,4,1,15.09732274715466,734.6851396397549,309.8459047274205
44,150.0,25,50.0,1.0,2.0,1,1,2.566451460448304,752.3773847972193,122.02656721507343
44,150.0,20,50.0,2.0,2.0,4,1,15.09732274715466,734.6851396397549,309.8459047274205
44,150.0,25,50.0,1.5,1.0,4,1,20.077726133605726,734.6851396397549,309.8459047274205
44,150.0,25,50.0,1.0,2.0,2,1,15.471335682202545,745.0541440219217,209.8367668300027
44,150.0,25,50.0,1.0,1.0,4,1,20.077726133605726,734.6851396397549,309.8459047274205
44,150.0,20,50.0,1.5,2.0,3,1,34.80342925598383,686.8045684486611,388.6643174232488
44,150.0,25,50.0,1.5,2.0,0,1,0.9839047084170335,788.4493762348953,153.86806925688055
44,150.0,25,50.0,1.5,2.0,1,1,2.566451460448304,752.3773847972193,122.02656721507343
44,150.0,25,50.0,1.0,1.5,2,1,23.777656434203823,745.0541440219217,209.8367668300027
44,150.0,25,50.0,1.5,1.5,2,1,23.777656434203823,745.0541440219217,209.8367668300027
44,150.0,25,50.0,2.0,1.5,2,1,23.777656434203823,745.0541440219217,209.8367668300027
44,150.0,25,50.0,1.0,2.0,4,1,29.340119219587034,734.6851396397549,309.8459047274205
44,150.0,25,50.0,1.5,2.0,2,1,15.471335682202545,745.0541440219217,209.8367668300027
44,150.0,25,50.0,2.0,2.0,0,1,0.9839047084170335,788.4493762348953,153.86806925688055
44,150.0,25,50.0,2.0,2.0,1,1,2.566451460448304,752.3773847972193,122.02656721507343
44,150.0,30,50.0,1.0,1.0,0,1,0.9839047084170335,788.4493762348953,153.86806925688055
44,150.0,30,50.0,1.0,1.0,1,1,2.566451460448304,752.3773847972193,122.02656721507343
44,150.0,25,50.0,1.0,2.0,3,1,49.581223326960995,686.8045684486611,388.6643174232488
44,150.0,30,50.0,1.5,1.0,0,1,0.9839047084170335,788.4493762348953,153.86806925688055
44,150.0,30,50.0,1.5,1.0,1,1,2.566451460448304,752.3773847972193,122.02656721507343
44,150.0,30,50.0,1.0,1.0,2,1,9.200607429568304,745.0541440219217,209.8367668300027
44,150.0,25,50.0,1.0,1.5,4,1,46.857342955884505,734.6851396397549,309.8459047274205
44,150.0,25,50.0,2.0,2.0,2,1,16.005391536337687,745.0541440219217,209.8367668300027
44,150.0,20,50.0,1.0,2.0,3,1,56.775352042189404,686.8045684486611,388.6643174232488
44,150.0,30,50.0,2.0,1.0,0,1,0.9839047084170335,788.4493762348953,153.86806925688055
44,150.0,30,50.0,2.0,1.0,1,1,2.566451460448304,752.3773847972193,122.02656721507343
44,150.0,30,50.0,1.5,1.0,2,1,8.176429588152773,745.0541440219217,209.8367668300027
44,150.0,25,50.0,1.5,1.5,4,1,55.82197073911487,734.6851396397549,309.8459047274205
44,150.0,30,50.0,2.0,1.0,2,1,8.176429588152773,745.0541440219217,209.8367668300027
44,150.0,25,50.0,1.0,1.0,3,1,56.88304820879193,686.8045684486611,388.6643174232488
44,150.0,30,50.0,1.0,1.5,0,1,0.9839047084170335,788.4493762348953,153.86806925688055
44,150.0,25,50.0,1.5,2.0,4,1,51.28119097586345,734.6851396397549,309.8459047274205
44,150.0,30,50.0,1.0,1.5,1,1,2.566451460448304,752.3773847972193,122.02656721507343
44,150.0,30,50.0,1.0,1.0,4,1,33.1675044316134,734.6851396397549,309.8459047274205
44,150.0,30,50.0,1.0,1.5,2,1,8.176429588152773,745.0541440219217,209.8367668300027
44,150.0,30,50.0,1.5,1.5,0,1,0.9839047084170335,788.4493762348953,153.86806925688055
44,150.0,30,50.0,1.5,1.5,1,1,2.566451460448304,752.3773847972193,122.02656721507343
44,150.0,30,50.0,1.5,1.5,2,1,8.176429588152773,745.0541440219217,209.8367668300027
44,150.0,30,50.0,1.0,1.0,3,1,40.88560367766528,686.8045684486611,388.6643174232488
44,150.0,25,50.0,2.0,1.0,3,0,96.30207586151089,686.8045684486611,388.6643174232488
44,150.0,30,50.0,2.0,1.5,0,1,0.9839047084170335,788.4493762348953,153.86806925688055
44,150.0,30,50.0,1.0,2.0,0,1,0.9839047084170335,788.4493762348953,153.86806925688055
44,150.0,30,50.0,2.0,1.5,1,1,2.566451460448304,752.3773847972193,122.02656721507343
44,150.0,30,50.0,1.0,2.0,1,1,2.566451460448304,752.3773847972193,122.02656721507343
44,150.0,30,50.0,2.0,1.5,2,1,6.027418383241686,745.0541440219217,209.8367668300027
44,150.0,30,50.0,1.0,2.0,2,1,8.176429588152773,745.0541440219217,209.8367668300027
44,150.0,30,50.0,1.5,2.0,0,1,0.9839047084170335,788.4493762348953,153.86806925688055
44,150.0,30,50.0,2.0,2.0,0,1,0.9839047084170335,788.4493762348953,153.86806925688055
44,150.0,30,50.0,1.5,2.0,1,1,2.566451460448304,752.3773847972193,122.02656721507343
44,150.0,30,50.0,1.5,1.0,4,1,61.65283377878479,734.6851396397549,309.8459047274205
44,150.0,30,50.0,2.0,2.0,1,1,2.566451460448304,752.3773847972193,122.02656721507343
44,150.0,25,50.0,2.0,2.0,4,1,76.07269174657381,734.6851396397549,309.8459047274205
44,150.0,20,100.0,1.0,1.0,0,1,0.9839047084170335,788.4493762348953,153.86806925688055
44,150.0,20,50.0,2.0,2.0,3,0,90.05698575570817,686.8045684486611,388.6643174232488
44,150.0,25,50.0,2.0,1.5,3,0,97.19263552534849,686.8045684486611,388.6643174232488
44,150.0,20,100.0,1.0,1.0,1,1,2.566451460448304,752.3773847972193,122.02656721507343
44,150.0,30,50.0,2.0,2.0,2,1,8.176429588152773,745.0541440219217,209.8367668300027
44,150.0,25,50.0,1.0,1.5,3,0,97.25320635044238,686.8045684486611,388.6643174232488
44,150.0,20,100.0,1.5,1.0,0,1,0.9839047084170335,788.4493762348953,153.86806925688055
44,150.0,20,100.0,1.0,1.5,0,1,0.9839047084170335,788.4493762348953,153.86806925688055
44,150.0,30,50.0,1.5,2.0,2,1,8.176429588152773,745.0541440219217,209.8367668300027
44,150.0,20,100.0,2.0,1.0,0,1,0.9839047084170335,788.4493762348953,153.86806925688055
44,150.0,20,100.0,1.0,1.0,2,1,7.708016667162241,745.0541440219217,209.8367668300027
44,150.0,30,50.0,1.5,1.5,4,1,41.42351780760184,734.6851396397549,309.8459047274205
44,150.0,20,100.0,1.0,1.5,1,1,2.566451460448304,752.3773847972193,122.02656721507343
44,150.0,30,50.0,2.0,1.0,4,1,40.83212116051395,734.6851396397549,309.8459047274205
44,150.0,30,50.0,1.0,1.5,4,1,31.86180117092781,734.6851396397549,309.8459047274205
44,150.0,20,100.0,1.5,1.0,1,1,2.566451460448304,752.3773847972193,122.02656721507343
44,150.0,25,50.0,1.5,2.0,3,0,98.51784326249091,686.8045684486611,388.6643174232488
44,150.0,20,100.0,2.0,1.0,1,1,2.566451460448304,752.3773847972193,122.02656721507343
44,150.0,20,100.0,1.5,1.5,0,1,0.9839047084170335,788.4493762348953,153.86806925688055
44,150.0,20,100.0,1.5,1.5,1,1,2.566451460448304,752.3773847972193,122.02656721507343
44,150.0,20,100.0,1.0,1.5,2,1,7.708016667162241,745.0541440219217,209.8367668300027
44,150.0,20,100.0,2.0,1.0,2,1,7.708016667162241,745.0541440219217,209.8367668300027
44,150.0,20,100.0,1.5,1.0,2,1,7.708016667162241,745.0541440219217,209.8367668300027
44,150.0,20,100.0,1.5,1.5,2,1,7.708016667162241,745.0541440219217,209.8367668300027
44,150.0,20,100.0,1.0,1.0,4,1,16.507207712888313,734.6851396397549,309.8459047274205
44,150.0,30,50.0,2.0,2.0,4,1,21.45644911534067,734.6851396397549,309.8459047274205
44,150.0,25,50.0,2.0,2.0,3,0,93.61553530876334,686.8045684486611,388.6643174232488
44,150.0,20,100.0,2.0,1.5,0,1,0.9839047084170335,788.4493762348953,153.86806925688055
44,150.0,20,100.0,2.0,1.5,1,1,2.566451460448304,752.3773847972193,122.02656721507343
44,150.0,20,100.0,1.0,1.5,4,1,16.507207712888313,734.6851396397549,309.8459047274205
44,150.0,30,50.0,1.5,1.5,3,1,56.51510989596692,686.8045684486611,388.6643174232488
44,150.0,20,100.0,1.5,1.5,4,1,16.507207712888313,734.6851396397549,309.8459047274205
44,150.0,20,100.0,2.0,1.0,4,1,16.507207712888313,734.6851396397549,309.8459047274205
44,150.0,30,50.0,1.5,2.0,4,1,21.45644911534067,734.6851396397549,309.8459047274205
44,150.0,20,100.0,1.5,1.0,4,1,16.507207712888313,734.6851396397549,309.8459047274205
44,150.0,20,100.0,1.0,2.0,0,1,0.9839047084170335,788.4493762348953,153.86806925688055
44,150.0,20,100.0,2.0,1.5,2,1,7.708016667162241,745.0541440219217,209.8367668300027
44,150.0,20,100.0,1.0,2.0,1,1,2.566451460448304,752.3773847972193,122.02656721507343
44,150.0,30,50.0,2.0,1.0,3,0,59.88584701830174,686.8045684486611,388.6643174232488
44,150.0,30,50.0,1.5,1.0,3,1,91.38986802970085,686.8045684486611,388.6643174232488
44,150.0,20,100.0,1.5,2.0,0,1,0.9839047084170335,788.4493762348953,153.86806925688055
44,150.0,20,100.0,1.0,1.0,3,0,27.470990787938582,686.8045684486611,388.6643174232488
44,150.0,20,100.0,1.5,2.0,1,1,2.566451460448304,752.3773847972193,122.02656721507343
44,150.0,20,100.0,2.0,2.0,0,1,0.9839047084170335,788.4493762348953,153.86806925688055
44,150.0,25,100.0,1.0,1.0,0,1,0.9839047084170335,788.4493762348953,153.86806925688055
44,150.0,20,100.0,1.0,2.0,2,1,7.708016667162241,745.0541440219217,209.8367668300027
44,150.0,20,100.0,2.0,2.0,1,1,2.566451460448304,752.3773847972193,122.02656721507343
44,150.0,20,100.0,1.0,1.5,3,0,27.470990787938582,686.8045684486611,388.6643174232488
44,150.0,25,100.0,1.0,1.0,1,1,2.566451460448304,752.3773847972193,122.02656721507343
44,150.0,20,100.0,2.0,1.5,4,1,16.507207712888313,734.6851396397549,309.8459047274205
44,150.0,25,100.0,1.5,1.0,0,1,0.9839047084170335,788.4493762348953,153.86806925688055
44,150.0,30,50.0,1.0,1.5,3,1,53.46179001541689,686.8045684486611,388.6643174232488
44,150.0,25,100.0,2.0,1.0,0,1,0.9839047084170335,788.4493762348953,153.86806925688055
44,150.0,20,100.0,1.5,2.0,2,1,7.708016667162241,745.0541440219217,209.8367668300027
44,150.0,25,100.0,1.5,1.0,1,1,2.566451460448304,752.3773847972193,122.02656721507343
44,150.0,25,100.0,2.0,1.0,1,1,2.566451460448304,752.3773847972193,122.02656721507343
44,150.0,20,100.0,1.5,1.0,3,0,27.470990787938582,686.8045684486611,388.6643174232488
44,150.0,30,50.0,2.0,1.5,4,0,54.15968329519347,734.6851396397549,309.8459047274205
44,150.0,20,100.0,1.5,1.5,3,0,27.470990787938582,686.8045684486611,388.6643174232488
44,150.0,20,100.0,2.0,2.0,2,1,7.708016667162241,745.0541440219217,209.8367668300027
44,150.0,20,100.0,2.0,1.0,3,0,27.470990787938582,686.8045684486611,388.6643174232488
44,150.0,25,100.0,1.0,1.5,0,1,0.9839047084170335,788.4493762348953,153.86806925688055
44,150.0,25,100.0,1.5,1.5,0,1,0.9839047084170335,788.4493762348953,153.86806925688055
44,150.0,25,100.0,1.0,1.5,1,1,2.566451460448304,752.3773847972193,122.02656721507343
44,150.0,25,100.0,1.5,1.5,1,1,2.566451460448304,752.3773847972193,122.02656721507343
44,150.0,20,100.0,1.0,2.0,4,1,16.507207712888313,734.6851396397549,309.8459047274205
44,150.0,25,100.0,2.0,1.5,0,1,0.9839047084170335,788.4493762348953,153.86806925688055
44,150.0,25,100.0,2.0,1.5,1,1,2.566451460448304,752.3773847972193,122.02656721507343
44,150.0,20,100.0,2.0,2.0,4,1,16.507207712888313,734.6851396397549,309.8459047274205
44,150.0,25,100.0,1.0,1.0,2,1,16.518460021553345,745.0541440219217,209.8367668300027
44,150.0,20,100.0,1.5,2.0,4,1,16.507207712888313,734.6851396397549,309.8459047274205
44,150.0,20,100.0,2.0,1.5,3,0,33.9310134536755,686.8045684486611,388.6643174232488
44,150.0,20,100.0,1.0,2.0,3,0,27.470990787938582,686.8045684486611,388.6643174232488
44,150.0,25,100.0,1.5,1.5,2,1,14.372393955038486,745.0541440219217,209.8367668300027
44,150.0,25,100.0,1.0,2.0,0,1,0.9839047084170335,788.4493762348953,153.86806925688055
44,150.0,25,100.0,1.5,1.0,2,1,14.372393955038486,745.0541440219217,209.8367668300027
44,150.0,25,100.0,1.5,2.0,0,1,0.9839047084170335,788.4493762348953,153.86806925688055
44,150.0,25,100.0,1.0,2.0,1,1,2.566451460448304,752.3773847972193,122.02656721507343
44,150.0,25,100.0,2.0,1.0,2,1,14.372393955038486,745.0541440219217,209.8367668300027
44,150.0,25,100.0,1.5,2.0,1,1,2.566451460448304,752.3773847972193,122.02656721507343
44,150.0,25,100.0,1.0,1.5,2,1,14.372393955038486,745.0541440219217,209.8367668300027
44,150.0,25,100.0,1.0,1.0,4,1,25.881066351971135,734.6851396397549,309.8459047274205
44,150.0,25,100.0,1.0,2.0,2,1,10.384675620334912,745.0541440219217,209.8367668300027
44,150.0,25,100.0,1.5,2.0,2,1,10.384675620334912,745.0541440219217,209.8367668300027
44,150.0,25,100.0,2.0,1.5,2,1,14.372393955038486,745.0541440219217,209.8367668300027
44,150.0,20,100.0,2.0,2.0,3,0,33.9310134536755,686.8045684486611,388.6643174232488
44,150.0,25,100.0,2.0,2.0,0,1,0.9839047084170335,788.4493762348953,153.86806925688055
44,150.0,25,100.0,2.0,2.0,1,1,2.566451460448304,752.3773847972193,122.02656721507343
44,150.0,30,50.0,2.0,1.5,3,1,82.11529447392356,686.8045684486611,388.6643174232488
44,150.0,30,100.0,1.0,1.0,0,1,0.9839047084170335,788.4493762348953,153.86806925688055
44,150.0,30,100.0,1.0,1.0,1,1,2.566451460448304,752.3773847972193,122.02656721507343
44,150.0,20,100.0,1.5,2.0,3,0,33.9310134536755,686.8045684486611,388.6643174232488
44,150.0,30,50.0,1.0,2.0,4,0,97.31231820968412,734.6851396397549,309.8459047274205
44,150.0,25,100.0,2.0,2.0,2,1,10.384675620334912,745.0541440219217,209.8367668300027
44,150.0,30,100.0,1.5,1.0,0,1,0.9839047084170335,788.4493762348953,153.86806925688055
44,150.0,25,100.0,1.0,1.0,3,1,38.59095741270283,686.8045684486611,388.6643174232488
44,150.0,30,100.0,2.0,1.0,0,1,0.9839047084170335,788.4493762348953,153.86806925688055
44,150.0,30,100.0,1.5,1.0,1,1,2.566451460448304,752.3773847972193,122.02656721507343
44,150.0,30,100.0,2.0,1.0,1,1,2.566451460448304,752.3773847972193,122.02656721507343
44,150.0,30,100.0,1.0,1.0,2,1,9.353969600179367,745.0541440219217,209.8367668300027
44,150.0,25,100.0,1.5,1.5,4,1,42.40252475633384,734.6851396397549,309.8459047274205
44,150.0,25,100.0,1.5,2.0,4,1,27.332508419845343,734.6851396397549,309.8459047274205
44,150.0,30,100.0,1.0,1.5,0,1,0.9839047084170335,788.4493762348953,153.86806925688055
44,150.0,30,100.0,2.0,1.0,2,1,6.027418383241686,745.0541440219217,209.8367668300027
44,150.0,30,100.0,1.0,1.5,1,1,2.566451460448304,752.3773847972193,122.02656721507343
44,150.0,25,100.0,1.0,2.0,4,1,27.332508419845343,734.6851396397549,309.8459047274205
44,150.0,30,100.0,1.0,1.0,4,1,13.259590558223657,734.6851396397549,309.8459047274205
44,150.0,30,100.0,1.0,1.5,2,1,6.027418383241686,745.0541440219217,209.8367668300027
44,150.0,30,100.0,1.5,1.0,2,1,9.353969600179367,745.0541440219217,209.8367668300027
44,150.0,30,100.0,2.0,1.0,4,1,15.295485148666915,734.6851396397549,309.8459047274205
44,150.0,30,100.0,1.0,1.5,4,1,15.80501010692179,734.6851396397549,309.8459047274205
44,150.0,25,100.0,1.0,1.5,4,1,41.01751011284277,734.6851396397549,309.8459047274205
44,150.0,30,100.0,1.0,1.0,3,1,25.922958747014214,686.8045684486611,388.6643174232488
44,150.0,25,100.0,1.5,1.5,3,1,57.96123830410969,686.8045684486611,388.6643174232488
44,150.0,30,100.0,1.5,1.5,0,1,0.9839047084170335,788.4493762348953,153.86806925688055
44,150.0,25,100.0,1.0,2.0,3,1,43.14017444141457,686.8045684486611,388.6643174232488
44,150.0,30,100.0,2.0,1.5,0,1,0.9839047084170335,788.4493762348953,153.86806925688055
44,150.0,30,100.0,1.0,2.0,0,1,0.9839047084170335,788.4493762348953,153.86806925688055
44,150.0,30,100.0,1.5,1.5,1,1,2.566451460448304,752.3773847972193,122.02656721507343
44,150.0,30,100.0,2.0,1.5,1,1,2.566451460448304,752.3773847972193,122.02656721507343
44,150.0,30,100.0,1.0,2.0,1,1,2.566451460448304,752.3773847972193,122.02656721507343
44,150.0,30,100.0,1.5,1.5,2,1,6.027418383241686,745.0541440219217,209.8367668300027
44,150.0,30,100.0,2.0,1.5,2,1,6.37645776607143,745.0541440219217,209.8367668300027
44,150.0,30,100.0,1.0,2.0,2,1,6.027418383241686,745.0541440219217,209.8367668300027
44,150.0,30,100.0,1.5,2.0,0,1,0.9839047084170335,788.4493762348953,153.86806925688055
44,150.0,25,100.0,2.0,1.0,4,1,55.95456703320714,734.6851396397549,309.8459047274205
44,150.0,30,100.0,2.0,1.0,3,1,27.490245640171143,686.8045684486611,388.6643174232488
44,150.0,30,100.0,2.0,2.0,0,1,0.9839047084170335,788.4493762348953,153.86806925688055
44,150.0,30,100.0,1.5,2.0,1,1,2.566451460448304,752.3773847972193,122.02656721507343
44,150.0,25,100.0,2.0,1.0,3,1,59.571433825530626,686.8045684486611,388.6643174232488
44,150.0,30,100.0,2.0,2.0,1,1,2.566451460448304,752.3773847972193,122.02656721507343
44,150.0,25,100.0,1.0,1.5,3,0,51.6819347106172,686.8045684486611,388.6643174232488
44,150.0,30,100.0,2.0,1.5,4,1,13.0071158334679,734.6851396397549,309.8459047274205
44,150.0,20,150.0,1.0,1.0,0,1,0.9839047084170335,788.4493762348953,153.86806925688055
44,150.0,30,100.0,1.5,2.0,2,1,6.027418383241686,745.0541440219217,209.8367668300027
44,150.0,25,100.0,1.5,1.0,4,1,61.99933997933852,734.6851396397549,309.8459047274205
44,150.0,20,150.0,1.5,1.0,0,1,0.9839047084170335,788.4493762348953,153.86806925688055
44,150.0,30,100.0,2.0,2.0,2,1,6.37645776607143,745.0541440219217,209.8367668300027
44,150.0,30,100.0,1.5,1.5,4,1,16.305100300710265,734.6851396397549,309.8459047274205
44,150.0,20,150.0,1.5,1.0,1,1,2.566451460448304,752.3773847972193,122.02656721507343
44,150.0,20,150.0,1.0,1.0,1,1,2.566451460448304,752.3773847972193,122.02656721507343
44,150.0,30,100.0,1.0,1.5,3,1,36.339369628016804,686.8045684486611,388.6643174232488
44,150.0,25,100.0,2.0,2.0,4,1,50.61842125676053,734.6851396397549,309.8459047274205
44,150.0,25,100.0,2.0,2.0,3,1,50.77357050253959,686.8045684486611,388.6643174232488
44,150.0,20,150.0,2.0,1.0,0,1,0.9839047084170335,788.4493762348953,153.86806925688055
44,150.0,20,150.0,1.0,1.5,0,1,0.9839047084170335,788.4493762348953,153.86806925688055
44,150.0,30,100.0,1.5,1.0,4,1,35.848947916340165,734.6851396397549,309.8459047274205
44,150.0,30,100.0,1.0,2.0,4,1,18.978174211006397,734.6851396397549,309.8459047274205
44,150.0,20,150.0,1.5,1.0,2,1,5.803826161542696,745.0541440219217,209.8367668300027
44,150.0,25,100.0,2.0,1.5,4,1,64.14663321323334,734.6851396397549,309.8459047274205
44,150.0,20,150.0,2.0,1.0,1,1,2.566451460448304,752.3773847972193,122.02656721507343
44,150.0,20,150.0,1.0,1.5,1,1,2.566451460448304,752.3773847972193,122.02656721507343
44,150.0,20,150.0,1.0,1.0,2,1,5.803826161542696,745.0541440219217,209.8367668300027
44,150.0,30,100.0,2.0,2.0,4,1,13.0071158334679,734.6851396397549,309.8459047274205
44,150.0,20,150.0,1.5,1.0,4,1,9.629621967796945,734.6851396397549,309.8459047274205
44,150.0,25,100.0,1.5,2.0,3,1,67.21356546677413,686.8045684486611,388.6643174232488
44,150.0,20,150.0,1.0,1.5,2,1,5.803826161542696,745.0541440219217,209.8367668300027
44,150.0,20,150.0,2.0,1.0,2,1,5.803826161542696,745.0541440219217,209.8367668300027
44,150.0,20,150.0,2.0,1.5,0,1,0.9839047084170335,788.4493762348953,153.86806925688055
44,150.0,25,100.0,1.5,1.0,3,1,72.75849548501381,686.8045684486611,388.6643174232488
44,150.0,20,150.0,1.5,1.5,0,1,0.9839047084170335,788.4493762348953,153.86806925688055
44,150.0,20,150.0,1.0,2.0,0,1,0.9839047084170335,788.4493762348953,153.86806925688055
44,150.0,20,150.0,2.0,1.5,1,1,2.566451460448304,752.3773847972193,122.02656721507343
44,150.0,20,150.0,1.0,1.0,4,1,9.629621967796945,734.6851396397549,309.8459047274205
44,150.0,20,150.0,1.0,2.0,1,1,2.566451460448304,752.3773847972193,122.02656721507343
44,150.0,20,150.0,1.5,1.5,1,1,2.566451460448304,752.3773847972193,122.02656721507343
44,150.0,20,150.0,1.0,1.5,4,1,9.629621967796945,734.6851396397549,309.8459047274205
44,150.0,30,100.0,1.5,2.0,4,1,16.305100300710265,734.6851396397549,309.8459047274205
44,150.0,20,150.0,2.0,1.0,4,1,9.629621967796945,734.6851396397549,309.8459047274205
44,150.0,20,150.0,2.0,1.5,2,1,5.803826161542696,745.0541440219217,209.8367668300027
44,150.0,20,150.0,1.5,1.0,3,1,13.726759116354161,686.8045684486611,388.6643174232488
44,150.0,20,150.0,1.5,1.5,2,1,5.803826161542696,745.0541440219217,209.8367668300027
44,150.0,30,100.0,1.0,2.0,3,1,28.664389701314494,686.8045684486611,388.6643174232488
44,150.0,20,150.0,2.0,2.0,0,1,0.9839047084170335,788.4493762348953,153.86806925688055
44,150.0,20,150.0,1.5,2.0,0,1,0.9839047084170335,788.4493762348953,153.86806925688055
44,150.0,20,150.0,1.0,1.0,3,1,13.726759116354161,686.8045684486611,388.6643174232488
44,150.0,20,150.0,1.0,2.0,2,1,5.803826161542696,745.0541440219217,209.8367668300027
44,150.0,20,150.0,1.0,1.5,3,1,13.726759116354161,686.8045684486611,388.6643174232488
44,150.0,25,150.0,1.0,1.0,0,1,0.9839047084170335,788.4493762348953,153.86806925688055
44,150.0,20,150.0,2.0,2.0,1,1,2.566451460448304,752.3773847972193,122.02656721507343
44,150.0,20,150.0,2.0,1.0,3,1,13.726759116354161,686.8045684486611,388.6643174232488
44,150.0,30,100.0,1.5,1.5,3,1,31.892983120007628,686.8045684486611,388.6643174232488
44,150.0,25,150.0,1.5,1.0,0,1,0.9839047084170335,788.4493762348953,153.86806925688055
44,150.0,25,150.0,1.0,1.0,1,1,2.566451460448304,752.3773847972193,122.02656721507343
44,150.0,25,150.0,2.0,1.0,0,1,0.9839047084170335,788.4493762348953,153.86806925688055
44,150.0,25,150.0,1.0,1.5,0,1,0.9839047084170335,788.4493762348953,153.86806925688055
44,150.0,20,150.0,1.5,1.5,4,1,9.629621967796945,734.6851396397549,309.8459047274205
44,150.0,25,150.0,1.5,1.0,1,1,2.566451460448304,752.3773847972193,122.02656721507343
44,150.0,20,150.0,1.5,2.0,1,1,2.566451460448304,752.3773847972193,122.02656721507343
44,150.0,20,150.0,2.0,1.5,4,1,9.629621967796945,734.6851396397549,309.8459047274205
44,150.0,25,150.0,2.0,1.0,1,1,2.566451460448304,752.3773847972193,122.02656721507343
44,150.0,25,150.0,1.0,1.0,2,1,5.803826161542696,745.0541440219217,209.8367668300027
44,150.0,20,150.0,2.0,2.0,2,1,5.803826161542696,745.0541440219217,209.8367668300027
44,150.0,25,150.0,1.0,1.5,1,1,2.566451460448304,752.3773847972193,122.02656721507343
44,150.0,20,150.0,1.5,1.5,3,1,13.726759116354161,686.8045684486611,388.6643174232488
44,150.0,25,150.0,1.5,1.0,2,1,5.803826161542696,745.0541440219217,209.8367668300027
44,150.0,20,150.0,1.0,2.0,4,1,9.629621967796945,734.6851396397549,309.8459047274205
44,150.0,25,150.0,2.0,1.0,2,1,5.803826161542696,745.0541440219217,209.8367668300027
44,150.0,20,150.0,1.5,2.0,2,1,5.803826161542696,745.0541440219217,209.8367668300027
44,150.0,25,150.0,1.0,1.0,4,1,8.482127130123565,734.6851396397549,309.8459047274205
44,150.0,25,150.0,1.5,1.5,0,1,0.9839047084170335,788.4493762348953,153.86806925688055
44,150.0,20,150.0,2.0,1.5,3,1,13.726759116354161,686.8045684486611,388.6643174232488
44,150.0,30,100.0,1.5,1.0,3,1,53.599916990968445,686.8045684486611,388.6643174232488
44,150.0,25,150.0,2.0,1.5,0,1,0.9839047084170335,788.4493762348953,153.86806925688055
44,150.0,20,150.0,2.0,2.0,4,1,9.629621967796945,734.6851396397549,309.8459047274205
44,150.0,25,150.0,2.0,1.0,4,1,8.482127130123565,734.6851396397549,309.8459047274205
44,150.0,25,150.0,1.0,1.5,2,1,5.803826161542696,745.0541440219217,209.8367668300027
44,150.0,25,150.0,1.5,1.0,4,1,8.482127130123565,734.6851396397549,309.8459047274205
44,150.0,25,150.0,1.0,2.0,0,1,0.9839047084170335,788.4493762348953,153.86806925688055
44,150.0,25,150.0,1.5,1.5,1,1,2.566451460448304,752.3773847972193,122.02656721507343
44,150.0,20,150.0,1.5,2.0,4,1,9.629621967796945,734.6851396397549,309.8459047274205
44,150.0,30,100.0,2.0,1.5,3,1,40.10919962945846,686.8045684486611,388.6643174232488
44,150.0,25,150.0,2.0,1.5,1,1,2.566451460448304,752.3773847972193,122.02656721507343
44,150.0,20,150.0,1.0,2.0,3,1,13.726759116354161,686.8045684486611,388.6643174232488
44,150.0,25,150.0,1.5,1.5,2,1,5.803826161542696,745.0541440219217,209.8367668300027
44,150.0,25,150.0,1.5,2.0,0,1,0.9839047084170335,788.4493762348953,153.86806925688055
44,150.0,20,150.0,2.0,2.0,3,1,13.726759116354161,686.8045684486611,388.6643174232488
44,150.0,25,150.0,1.0,1.5,4,1,8.482127130123565,734.6851396397549,309.8459047274205
44,150.0,25,150.0,1.0,1.0,3,1,13.143294291723894,686.8045684486611,388.6643174232488
44,150.0,25,150.0,1.0,2.0,1,1,2.566451460448304,752.3773847972193,122.02656721507343
44,150.0,20,150.0,1.5,2.0,3,1,13.726759116354161,686.8045684486611,388.6643174232488
44,150.0,25,150.0,2.0,2.0,0,1,0.9839047084170335,788.4493762348953,153.86806925688055
44,150.0,25,150.0,2.0,1.0,3,1,13.143294291723894,686.8045684486611,388.6643174232488
44,150.0,25,150.0,1.5,1.0,3,1,13.143294291723894,686.8045684486611,388.6643174232488
44,150.0,30,150.0,1.5,1.0,0,1,0.9839047084170335,788.4493762348953,153.86806925688055
44,150.0,25,150.0,2.0,1.5,2,1,5.803826161542696,745.0541440219217,209.8367668300027
44,150.0,30,150.0,1.0,1.0,0,1,0.9839047084170335,788.4493762348953,153.86806925688055
44,150.0,25,150.0,1.5,2.0,1,1,2.566451460448304,752.3773847972193,122.02656721507343
44,150.0,30,150.0,2.0,1.0,0,1,0.9839047084170335,788.4493762348953,153.86806925688055
44,150.0,30,150.0,1.5,1.5,0,1,0.9839047084170335,788.4493762348953,153.86806925688055
44,150.0,30,150.0,1.0,1.5,0,1,0.9839047084170335,788.4493762348953,153.86806925688055
44,150.0,30,150.0,1.5,1.0,1,1,2.566451460448304,752.3773847972193,122.02656721507343
44,150.0,25,150.0,2.0,2.0,1,1,2.566451460448304,752.3773847972193,122.02656721507343
44,150.0,25,150.0,1.5,1.5,4,1,8.482127130123565,734.6851396397549,309.8459047274205
44,150.0,30,150.0,1.5,1.5,1,1,2.566451460448304,752.3773847972193,122.02656721507343
44,150.0,30,150.0,2.0,1.0,1,1,2.566451460448304,752.3773847972193,122.02656721507343
44,150.0,25,150.0,1.0,2.0,2,1,5.803826161542696,745.0541440219217,209.8367668300027
44,150.0,25,150.0,2.0,1.5,4,1,8.482127130123565,734.6851396397549,309.8459047274205
44,150.0,30,150.0,1.0,1.5,1,1,2.566451460448304,752.3773847972193,122.02656721507343
44,150.0,25,150.0,1.5,2.0,2,1,5.803826161542696,745.0541440219217,209.8367668300027
44,150.0,25,150.0,1.0,1.5,3,1,13.143294291723894,686.8045684486611,388.6643174232488
44,150.0,30,150.0,1.0,1.0,1,1,2.566451460448304,752.3773847972193,122.02656721507343
44,150.0,25,150.0,2.0,2.0,2,1,5.803826161542696,745.0541440219217,209.8367668300027
44,150.0,25,150.0,1.0,2.0,4,1,8.482127130123565,734.6851396397549,309.8459047274205
44,150.0,30,150.0,1.5,1.5,2,1,5.803826161542696,745.0541440219217,209.8367668300027
44,150.0,30,150.0,2.0,1.5,0,1,0.9839047084170335,788.4493762348953,153.86806925688055
44,150.0,25,150.0,1.5,2.0,4,1,8.482127130123565,734.6851396397549,309.8459047274205
44,150.0,30,150.0,1.0,1.5,2,1,5.803826161542696,745.0541440219217,209.8367668300027
44,150.0,30,150.0,2.0,1.5,1,1,2.566451460448304,752.3773847972193,122.02656721507343
44,150.0,25,150.0,1.5,1.5,3,1,13.143294291723894,686.8045684486611,388.6643174232488
44,150.0,25,150.0,2.0,1.5,3,1,13.143294291723894,686.8045684486611,388.6643174232488
44,150.0,30,150.0,1.0,2.0,0,1,0.9839047084170335,788.4493762348953,153.86806925688055
44,150.0,25,150.0,2.0,2.0,4,1,8.482127130123565,734.6851396397549,309.8459047274205
44,150.0,30,150.0,1.5,2.0,0,1,0.9839047084170335,788.4493762348953,153.86806925688055
44,150.0,30,100.0,1.5,2.0,3,1,37.17253841009656,686.8045684486611,388.6643174232488
44,150.0,25,150.0,1.0,2.0,3,1,13.143294291723894,686.8045684486611,388.6643174232488
44,150.0,30,150.0,1.0,1.5,4,1,8.729094922975904,734.6851396397549,309.8459047274205
44,150.0,30,150.0,1.0,2.0,1,1,2.566451460448304,752.3773847972193,122.02656721507343
44,150.0,30,150.0,1.5,2.0,1,1,2.566451460448304,752.3773847972193,122.02656721507343
44,150.0,30,150.0,2.0,2.0,0,1,0.9839047084170335,788.4493762348953,153.86806925688055
44,150.0,30,150.0,1.5,1.5,4,1,8.729094922975904,734.6851396397549,309.8459047274205
44,150.0,30,150.0,2.0,1.5,2,1,5.803826161542696,745.0541440219217,209.8367668300027
44,150.0,25,150.0,1.5,2.0,3,1,13.143294291723894,686.8045684486611,388.6643174232488
44,150.0,30,150.0,2.0,2.0,1,1,2.566451460448304,752.3773847972193,122.02656721507343
44,150.0,30,150.0,1.0,2.0,2,1,5.803826161542696,745.0541440219217,209.8367668300027
44,150.0,30,150.0,1.5,2.0,2,1,5.803826161542696,745.0541440219217,209.8367668300027
44,150.0,30,150.0,2.0,1.5,4,1,8.729094922975904,734.6851396397549,309.8459047274205
44,150.0,30,150.0,1.5,1.0,2,1,15.825831711729737,745.0541440219217,209.8367668300027
44,150.0,25,150.0,2.0,2.0,3,1,13.143294291723894,686.8045684486611,388.6643174232488
44,150.0,30,150.0,2.0,2.0,2,1,5.803826161542696,745.0541440219217,209.8367668300027
44,150.0,30,150.0,1.0,1.0,2,1,15.825831711729737,745.0541440219217,209.8367668300027
44,150.0,30,150.0,1.5,2.0,4,1,8.729094922975904,734.6851396397549,309.8459047274205
44,150.0,30,150.0,1.0,2.0,4,1,8.729094922975904,734.6851396397549,309.8459047274205
44,150.0,30,150.0,1.0,1.5,3,1,16.360671669459098,686.8045684486611,388.6643174232488
44,150.0,30,150.0,2.0,2.0,4,1,8.729094922975904,734.6851396397549,309.8459047274205
44,150.0,30,150.0,1.5,1.5,3,1,16.360671669459098,686.8045684486611,388.6643174232488
44,150.0,30,150.0,2.0,1.0,2,1,15.825831711729737,745.0541440219217,209.8367668300027
44,150.0,30,150.0,1.5,1.0,4,1,23.78608056661098,734.6851396397549,309.8459047274205
44,150.0,30,150.0,2.0,1.5,3,1,16.360671669459098,686.8045684486611,388.6643174232488
44,150.0,30,150.0,1.5,2.0,3,1,16.360671669459098,686.8045684486611,388.6643174232488
44,150.0,30,150.0,1.0,1.0,4,1,23.78608056661098,734.6851396397549,309.8459047274205
44,150.0,30,150.0,1.5,1.0,3,1,27.27508089486897,686.8045684486611,388.6643174232488
44,150.0,30,150.0,1.0,2.0,3,1,16.360671669459098,686.8045684486611,388.6643174232488
44,150.0,30,150.0,2.0,2.0,3,1,16.360671669459098,686.8045684486611,388.6643174232488
44,150.0,30,150.0,1.0,1.0,3,1,27.27508089486897,686.8045684486611,388.6643174232488
44,150.0,30,150.0,2.0,1.0,4,1,23.78608056661098,734.6851396397549,309.8459047274205
44,150.0,30,150.0,2.0,1.0,3,1,27.27508089486897,686.8045684486611,388.6643174232488
45,150.0,20,50.0,2.0,2.0,4,0,59.807797362654554,193.21787773488995,349.28331424337426
45,150.0,20,50.0,2.0,1.5,2,0,48.13492463514172,343.95004067289904,372.82388238836154
45,150.0,20,50.0,2.0,2.0,2,0,68.0900655396189,343.95004067289904,372.82388238836154
45,150.0,20,50.0,2.0,1.5,3,0,52.37420151200471,364.07676440146815,410.7050473391629
45,150.0,20,50.0,2.0,2.0,3,0,77.07661646841277,364.07676440146815,410.7050473391629
45,150.0,20,50.0,1.5,2.0,2,0,81.56210537766844,343.95004067289904,372.82388238836154
45,150.0,20,50.0,2.0,1.0,4,0,77.72698690809577,193.21787773488995,349.28331424337426
45,150.0,20,50.0,2.0,1.5,0,0,63.57732382839951,461.5319590599432,480.4590412867985
45,150.0,20,50.0,1.0,2.0,2,0,69.69528809513619,343.95004067289904,372.82388238836154
45,150.0,20,50.0,2.0,2.0,0,0,86.54730437350892,461.5319590599432,480.4590412867985
45,150.0,20,50.0,2.0,1.0,2,0,85.53130141989236,343.95004067289904,372.82388238836154
45,150.0,25,50.0,1.5,1.5,2,0,63.74759327755147,343.95004067289904,372.82388238836154
45,150.0,25,50.0,1.5,1.5,3,0,71.42935747399301,364.07676440146815,410.7050473391629
45,150.0,25,50.0,2.0,1.5,2,0,67.91020491313931,343.95004067289904,372.82388238836154
45,150.0,25,50.0,2.0,1.5,3,0,68.03260194340403,364.07676440146815,410.7050473391629
45,150.0,25,50.0,2.0,2.0,2,0,59.695158921092606,343.95004067289904,372.82388238836154
45,150.0,25,50.0,1.5,1.5,0,1,90.8402909167551,461.5319590599432,480.4590412867985
45,150.0,30,50.0,1.5,1.5,2,0,30.313881006511604,343.95004067289904,372.82388238836154
45,150.0,25,50.0,2.0,2.0,3,0,77.95290069284013,364.07676440146815,410.7050473391629
45,150.0,30,50.0,1.5,1.5,3,0,34.20432201006797,364.07676440146815,410.7050473391629
45,150.0,30,50.0,1.0,1.5,2,0,51.11819242985196,343.95004067289904,372.82388238836154
45,150.0,30,50.0,2.0,1.0,2,0,51.929502612909566,343.95004067289904,372.82388238836154
45,150.0,30,50.0,1.5,2.0,2,0,23.938160006005305,343.95004067289904,372.82388238836154
45,150.0,30,50.0,1.0,1.5,3,0,61.276880475492675,364.07676440146815,410.7050473391629
45,150.0,30,50.0,2.0,1.5,2,0,45.78063134438487,343.95004067289904,372.82388238836154
45,150.0,30,50.0,1.5,1.5,4,0,51.03130306455401,193.21787773488995,349.28331424337426
45,150.0,30,50.0,1.5,2.0,4,0,35.24066498888709,193.21787773488995,349.28331424337426
45,150.0,30,50.0,2.0,1.0,4,0,74.30810642057648,193.21787773488995,349.28331424337426
45,150.0,20,100.0,2.0,1.0,2,0,35.71050897838896,343.95004067289904,372.82388238836154
45,150.0,20,100.0,2.0,1.0,0,0,39.207051167034194,461.5319590599432,480.4590412867985
45,150.0,20,100.0,2.0,1.0,3,0,44.44991405401203,364.07676440146815,410.7050473391629
45,150.0,30,50.0,1.5,2.0,3,0,43.461663218460735,364.07676440146815,410.7050473391629
45,150.0,30,50.0,2.0,1.0,3,0,84.51002301267786,364.07676440146815,410.7050473391629
45,150.0,20,100.0,2.0,1.0,4,0,49.79130439044569,193.21787773488995,349.28331424337426
45,150.0,30,50.0,1.5,1.5,0,0,67.71813048859167,461.5319590599432,480.4590412867985
45,150.0,30,50.0,2.0,1.5,3,0,67.69816068440339,364.07676440146815,410.7050473391629
45,150.0,20,100.0,2.0,1.5,2,0,34.365380387106306,343.95004067289904,372.82388238836154
45,150.0,20,100.0,1.0,1.5,0,1,51.27691829879386,461.5319590599432,480.4590412867985
45,150.0,30,50.0,1.5,2.0,0,0,55.67648875075737,461.5319590599432,480.4590412867985
45,150.0,20,100.0,2.0,1.5,3,0,40.59801792596165,364.07676440146815,410.7050473391629
45,150.0,20,100.0,2.0,1.5,4,0,42.896380885274645,193.21787773488995,349.28331424337426
45,150.0,20,100.0,1.0,1.0,4,0,52.11951650659283,193.21787773488995,349.28331424337426
45,150.0,20,100.0,1.0,1.0,2,0,54.13791929871669,343.95004067289904,372.82388238836154
45,150.0,30,50.0,2.0,1.5,1,0,79.87793538860069,461.24474712233257,477.36327074940897
45,150.0,20,100.0,1.0,1.0,3,0,64.77182022983581,364.07676440146815,410.7050473391629
45,150.0,20,100.0,1.0,1.0,1,0,71.34949351942896,461.24474712233257,477.36327074940897
45,150.0,20,100.0,2.0,1.5,0,1,78.09192082902251,461.5319590599432,480.4590412867985
45,150.0,25,100.0,1.5,1.0,2,0,19.280190175403956,343.95004067289904,372.82388238836154
45,150.0,20,100.0,1.5,2.0,3,0,36.33656219207523,364.07676440146815,410.7050473391629
45,150.0,30,50.0,2.0,2.0,2,0,79.14183718127349,343.95004067289904,372.82388238836154
45,150.0,20,100.0,1.5,2.0,2,0,36.47342234323388,343.95004067289904,372.82388238836154
45,150.0,25,100.0,1.0,1.0,2,0,19.280190175403956,343.95004067289904,372.82388238836154
45,150.0,25,100.0,1.5,1.0,4,0,23.02867160694355,193.21787773488995,349.28331424337426
45,150.0,25,100.0,2.0,1.0,2,0,19.280190175403956,343.95004067289904,372.82388238836154
45,150.0,25,100.0,2.0,1.0,4,0,23.02867160694355,193.21787773488995,349.28331424337426
45,150.0,25,100.0,1.0,1.0,4,0,23.383270526343974,193.21787773488995,349.28331424337426
45,150.0,25,100.0,1.5,1.5,2,0,19.280190175403956,343.95004067289904,372.82388238836154
45,150.0,25,100.0,1.0,1.5,2,0,19.280190175403956,343.95004067289904,372.82388238836154
45,150.0,25,100.0,2.0,1.5,2,0,19.280190175403956,343.95004067289904,372.82388238836154
45,150.0,25,100.0,2.0,1.5,4,0,22.707510411221698,193.21787773488995,349.28331424337426
45,150.0,25,100.0,1.5,1.5,4,0,22.707510411221698,193.21787773488995,349.28331424337426
45,150.0,25,100.0,2.0,1.5,3,0,23.06210933062212,364.07676440146815,410.7050473391629
45,150.0,25,100.0,1.5,1.5,3,0,23.06210933062212,364.07676440146815,410.7050473391629
45,150.0,25,100.0,1.0,1.5,4,0,23.383270526343974,193.21787773488995,349.28331424337426
45,150.0,25,100.0,1.0,2.0,2,0,19.280190175403956,343.95004067289904,372.82388238836154
45,150.0,25,100.0,1.5,1.0,3,0,42.21327297800633,364.07676440146815,410.7050473391629
45,150.0,25,100.0,2.0,1.0,3,0,40.42722250915568,364.07676440146815,410.7050473391629
45,150.0,20,100.0,1.5,2.0,0,0,55.33392491234443,461.5319590599432,480.4590412867985
45,150.0,25,100.0,1.5,2.0,2,0,19.280190175403956,343.95004067289904,372.82388238836154
45,150.0,25,100.0,1.0,2.0,3,0,31.638237626671906,364.07676440146815,410.7050473391629
45,150.0,25,100.0,2.0,2.0,2,0,19.280190175403956,343.95004067289904,372.82388238836154
45,150.0,20,100.0,1.0,2.0,2,0,66.29956390115656,343.95004067289904,372.82388238836154
45,150.0,25,100.0,1.5,2.0,3,0,25.52688286458925,364.07676440146815,410.7050473391629
45,150.0,25,100.0,2.0,2.0,3,0,25.52688286458925,364.07676440146815,410.7050473391629
45,150.0,25,100.0,1.5,1.0,0,0,56.8099968442733,461.5319590599432,480.4590412867985
45,150.0,25,100.0,2.0,1.5,0,0,44.322424143718536,461.5319590599432,480.4590412867985
45,150.0,25,100.0,2.0,1.0,0,0,56.26285073001073,461.5319590599432,480.4590412867985
45,150.0,25,100.0,1.0,1.0,3,0,45.46551935018249,364.07676440146815,410.7050473391629
45,150.0,25,100.0,1.5,1.5,1,0,46.998221367592684,461.24474712233257,477.36327074940897
45,150.0,20,100.0,1.0,2.0,4,0,74.1644476283905,193.21787773488995,349.28331424337426
45,150.0,20,100.0,2.0,2.0,2,0,69.22182970783162,343.95004067289904,372.82388238836154
45,150.0,20,100.0,2.0,2.0,1,0,69.33788698348218,461.24474712233257,477.36327074940897
45,150.0,20,100.0,1.5,2.0,4,0,72.98637289621519,193.21787773488995,349.28331424337426
45,150.0,25,100.0,1.0,2.0,1,0,44.896822814662784,461.24474712233257,477.36327074940897
45,150.0,25,100.0,1.0,2.0,4,0,45.68557182716591,193.21787773488995,349.28331424337426
45,150.0,20,100.0,2.0,2.0,3,0,74.8565524576549,364.07676440146815,410.7050473391629
45,150.0,25,100.0,1.5,2.0,1,0,42.99559240930894,461.24474712233257,477.36327074940897
45,150.0,25,100.0,2.0,2.0,1,0,42.99559240930894,461.24474712233257,477.36327074940897
45,150.0,25,100.0,1.0,1.5,3,0,60.56282325651583,364.07676440146815,410.7050473391629
45,150.0,30,100.0,1.0,1.0,1,0,47.87439300631473,461.24474712233257,477.36327074940897
45,150.0,25,100.0,1.0,1.0,0,0,65.75636165012476,461.5319590599432,480.4590412867985
45,150.0,30,100.0,1.0,1.0,2,0,49.17161386879156,343.95004067289904,372.82388238836154
45,150.0,25,100.0,1.0,1.5,0,0,73.58984710696767,461.5319590599432,480.4590412867985
45,150.0,30,100.0,1.0,1.0,3,0,59.49373066601073,364.07676440146815,410.7050473391629
45,150.0,30,100.0,1.0,1.0,4,0,61.79025687126455,193.21787773488995,349.28331424337426
45,150.0,30,100.0,1.5,1.0,2,0,54.82451068210099,343.95004067289904,372.82388238836154
45,150.0,30,100.0,1.5,1.0,3,0,56.44355068813578,364.07676440146815,410.7050473391629
45,150.0,30,100.0,1.0,2.0,2,0,34.27108529790513,343.95004067289904,372.82388238836154
45,150.0,30,100.0,1.5,1.0,0,0,60.56487413529936,461.5319590599432,480.4590412867985
45,150.0,30,100.0,1.5,2.0,2,0,34.27108529790513,343.95004067289904,372.82388238836154
45,150.0,30,100.0,1.0,2.0,3,0,46.57679962741544,364.07676440146815,410.7050473391629
45,150.0,30,100.0,1.0,2.0,0,0,51.661768308903945,461.5319590599432,480.4590412867985
45,150.0,30,100.0,1.5,2.0,3,0,45.6674066394683,364.07676440146815,410.7050473391629
45,150.0,30,100.0,1.5,2.0,0,0,48.06140875496955,461.5319590599432,480.4590412867985
45,150.0,30,100.0,2.0,1.0,0,0,61.532095016681964,461.5319590599432,480.4590412867985
45,150.0,30,100.0,2.0,1.5,0,0,53.44824158316448,461.5319590599432,480.4590412867985
45,150.0,20,150.0,1.0,1.0,4,0,40.77767682186537,193.21787773488995,349.28331424337426
45,150.0,30,100.0,1.5,1.0,4,0,82.60650809549354,193.21787773488995,349.28331424337426
45,150.0,30,100.0,1.5,1.5,3,0,72.53410913391949,364.07676440146815,410.7050473391629
45,150.0,30,100.0,1.5,1.5,0,0,72.65650616418421,461.5319590599432,480.4590412867985
45,150.0,30,100.0,1.5,2.0,4,0,62.112834816156656,193.21787773488995,349.28331424337426
45,150.0,30,100.0,1.5,1.5,2,0,86.84256454777994,343.95004067289904,372.82388238836154
45,150.0,30,100.0,2.0,1.5,2,0,67.2276588040848,343.95004067289904,372.82388238836154
45,150.0,30,100.0,1.0,1.5,0,0,73.1555516277138,461.5319590599432,480.4590412867985
45,150.0,30,100.0,1.0,1.5,2,0,75.07328881188697,343.95004067289904,372.82388238836154
45,150.0,20,150.0,1.5,1.0,4,0,40.77767682186537,193.21787773488995,349.28331424337426
45,150.0,20,150.0,2.0,1.0,4,0,40.77767682186537,193.21787773488995,349.28331424337426
45,150.0,20,150.0,1.0,1.0,2,0,64.26265132615134,343.95004067289904,372.82388238836154
45,150.0,30,100.0,1.0,1.5,3,0,81.31007879472536,364.07676440146815,410.7050473391629
45,150.0,20,150.0,1.0,1.0,3,0,66.18179740898054,364.07676440146815,410.7050473391629
45,150.0,20,150.0,1.0,1.5,4,0,40.77767682186537,193.21787773488995,349.28331424337426
45,150.0,30,100.0,2.0,1.5,3,0,77.66441697734217,364.07676440146815,410.7050473391629
45,150.0,20,150.0,1.0,1.0,1,0,73.80912062665085,461.24474712233257,477.36327074940897
45,150.0,30,100.0,1.0,1.5,4,0,91.45683455492997,193.21787773488995,349.28331424337426
45,150.0,20,150.0,1.5,1.5,4,0,40.77767682186537,193.21787773488995,349.28331424337426
45,150.0,20,150.0,2.0,1.5,4,0,40.77767682186537,193.21787773488995,349.28331424337426
45,150.0,20,150.0,1.0,1.5,2,0,57.683104089495835,343.95004067289904,372.82388238836154
45,150.0,20,150.0,1.0,1.5,3,0,57.84133910424276,364.07676440146815,410.7050473391629
45,150.0,20,150.0,1.5,1.0,2,0,64.26265132615134,343.95004067289904,372.82388238836154
45,150.0,20,150.0,2.0,1.0,2,0,64.3057248568446,343.95004067289904,372.82388238836154
45,150.0,20,150.0,1.5,1.0,3,0,66.18179740898054,364.07676440146815,410.7050473391629
45,150.0,20,150.0,1.5,1.0,1,0,73.80912062665085,461.24474712233257,477.36327074940897
45,150.0,20,150.0,1.5,1.5,2,0,57.683104089495835,343.95004067289904,372.82388238836154
45,150.0,20,150.0,1.5,1.5,3,0,57.84133910424276,364.07676440146815,410.7050473391629
45,150.0,20,150.0,1.0,1.5,0,0,71.78108311968842,461.5319590599432,480.4590412867985
45,150.0,25,150.0,1.5,1.0,4,0,26.000255032402467,193.21787773488995,349.28331424337426
45,150.0,20,150.0,1.5,2.0,4,0,40.77767682186537,193.21787773488995,349.28331424337426
45,150.0,20,150.0,2.0,2.0,4,0,40.77767682186537,193.21787773488995,349.28331424337426
45,150.0,25,150.0,1.0,1.0,4,0,26.000255032402467,193.21787773488995,349.28331424337426
45,150.0,20,150.0,2.0,1.5,2,0,57.683104089495835,343.95004067289904,372.82388238836154
45,150.0,20,150.0,2.0,1.5,3,0,57.84133910424276,364.07676440146815,410.7050473391629
45,150.0,25,150.0,2.0,1.0,4,0,26.000255032402467,193.21787773488995,349.28331424337426
45,150.0,20,150.0,1.0,2.0,4,0,40.77767682186537,193.21787773488995,349.28331424337426
45,150.0,25,150.0,1.0,1.5,4,0,26.000255032402467,193.21787773488995,349.28331424337426
45,150.0,25,150.0,1.0,1.0,2,0,40.370080622202515,343.95004067289904,372.82388238836154
45,150.0,20,150.0,1.5,2.0,2,0,57.683104089495835,343.95004067289904,372.82388238836154
45,150.0,20,150.0,1.5,2.0,3,0,57.84133910424276,364.07676440146815,410.7050473391629
45,150.0,25,150.0,1.5,1.0,2,0,40.370080622202515,343.95004067289904,372.82388238836154
45,150.0,25,150.0,1.0,1.0,3,0,41.99839269329612,364.07676440146815,410.7050473391629
45,150.0,20,150.0,1.5,1.5,0,0,74.04929714578664,461.5319590599432,480.4590412867985
45,150.0,25,150.0,1.5,1.0,3,0,41.99839269329612,364.07676440146815,410.7050473391629
45,150.0,20,150.0,2.0,2.0,2,0,57.683104089495835,343.95004067289904,372.82388238836154
45,150.0,20,150.0,2.0,2.0,3,0,57.84133910424276,364.07676440146815,410.7050473391629
45,150.0,25,150.0,1.5,1.5,4,0,26.000255032402467,193.21787773488995,349.28331424337426
45,150.0,25,150.0,2.0,1.5,4,0,26.000255032402467,193.21787773488995,349.28331424337426
45,150.0,25,150.0,2.0,1.0,2,0,40.370080622202515,343.95004067289904,372.82388238836154
45,150.0,25,150.0,1.0,1.0,0,0,49.811616780605455,461.5319590599432,480.4590412867985
45,150.0,25,150.0,2.0,1.0,3,0,41.99839269329612,364.07676440146815,410.7050473391629
45,150.0,20,150.0,2.0,1.5,0,0,71.78108311968842,461.5319590599432,480.4590412867985
45,150.0,25,150.0,1.5,1.0,0,0,49.811616780605455,461.5319590599432,480.4590412867985
45,150.0,20,150.0,1.5,2.0,0,0,71.78108311968842,461.5319590599432,480.4590412867985
45,150.0,20,150.0,2.0,2.0,0,0,71.78108311968842,461.5319590599432,480.4590412867985
45,150.0,20,150.0,1.0,2.0,2,0,57.683104089495835,343.95004067289904,372.82388238836154
45,150.0,20,150.0,1.0,2.0,3,0,57.84133910424276,364.07676440146815,410.7050473391629
45,150.0,25,150.0,2.0,1.0,0,1,51.817042366915985,461.5319590599432,480.4590412867985
45,150.0,25,150.0,1.0,1.5,3,0,49.301680053622434,364.07676440146815,410.7050473391629
45,150.0,25,150.0,1.0,1.5,2,0,49.662619171212086,343.95004067289904,372.82388238836154
45,150.0,25,150.0,2.0,1.5,3,0,49.301680053622434,364.07676440146815,410.7050473391629
45,150.0,25,150.0,2.0,1.5,2,0,49.662619171212086,343.95004067289904,372.82388238836154
45,150.0,20,150.0,1.0,2.0,0,0,71.78108311968842,461.5319590599432,480.4590412867985
45,150.0,25,150.0,1.5,1.5,3,0,49.301680053622434,364.07676440146815,410.7050473391629
45,150.0,25,150.0,1.5,1.5,2,0,49.662619171212086,343.95004067289904,372.82388238836154
45,150.0,25,150.0,1.0,2.0,4,0,26.000255032402467,193.21787773488995,349.28331424337426
45,150.0,25,150.0,1.5,2.0,4,0,26.000255032402467,193.21787773488995,349.28331424337426
45,150.0,25,150.0,2.0,2.0,4,0,26.000255032402467,193.21787773488995,349.28331424337426
45,150.0,30,150.0,1.0,1.0,0,0,27.685441584225035,461.5319590599432,480.4590412867985
45,150.0,30,150.0,2.0,1.0,0,0,27.685441584225035,461.5319590599432,480.4590412867985
45,150.0,25,150.0,2.0,1.5,1,0,87.97423201597171,461.24474712233257,477.36327074940897
45,150.0,30,150.0,1.5,1.0,0,0,27.685441584225035,461.5319590599432,480.4590412867985
45,150.0,25,150.0,1.0,1.5,1,0,87.97423201597171,461.24474712233257,477.36327074940897
45,150.0,25,150.0,1.0,2.0,3,0,49.301680053622434,364.07676440146815,410.7050473391629
45,150.0,25,150.0,1.0,2.0,2,0,49.662619171212086,343.95004067289904,372.82388238836154
45,150.0,25,150.0,1.5,1.5,1,0,87.97423201597171,461.24474712233257,477.36327074940897
45,150.0,25,150.0,1.5,2.0,3,0,49.301680053622434,364.07676440146815,410.7050473391629
45,150.0,25,150.0,1.5,2.0,2,0,49.662619171212086,343.95004067289904,372.82388238836154
45,150.0,25,150.0,2.0,2.0,3,0,49.301680053622434,364.07676440146815,410.7050473391629
45,150.0,25,150.0,2.0,2.0,2,0,49.662619171212086,343.95004067289904,372.82388238836154
45,150.0,30,150.0,1.5,1.5,0,0,27.685441584225035,461.5319590599432,480.4590412867985
45,150.0,30,150.0,2.0,1.0,3,1,49.234112500419116,364.07676440146815,410.7050473391629
45,150.0,30,150.0,2.0,1.0,2,1,50.49546894517148,343.95004067289904,372.82388238836154
45,150.0,30,150.0,2.0,1.5,0,0,27.685441584225035,461.5319590599432,480.4590412867985
45,150.0,30,150.0,1.0,1.5,0,0,27.685441584225035,461.5319590599432,480.4590412867985
45,150.0,30,150.0,1.5,1.0,3,1,49.234112500419116,364.07676440146815,410.7050473391629
45,150.0,30,150.0,1.0,1.0,3,1,49.234112500419116,364.07676440146815,410.7050473391629
45,150.0,30,150.0,1.5,1.0,2,1,50.49546894517148,343.95004067289904,372.82388238836154
45,150.0,30,150.0,1.0,1.0,2,1,50.49546894517148,343.95004067289904,372.82388238836154
45,150.0,30,150.0,2.0,1.0,4,1,58.4660011579421,193.21787773488995,349.28331424337426
46,150.0,20,50.0,1.0,1.0,2,0,9.920389639566942,327.8825195895662,312.99656063755816
45,150.0,30,150.0,1.5,1.0,4,1,58.4660011579421,193.21787773488995,349.28331424337426
46,150.0,20,50.0,1.0,1.0,0,1,12.733704670649415,678.2835324348376,147.7690664040261
46,150.0,20,50.0,1.5,1.0,2,0,9.920389639566942,327.8825195895662,312.99656063755816
45,150.0,30,150.0,1.0,1.0,4,1,58.4660011579421,193.21787773488995,349.28331424337426
45,150.0,30,150.0,1.5,2.0,0,0,27.685441584225035,461.5319590599432,480.4590412867985
45,150.0,30,150.0,1.5,1.5,3,1,49.234112500419116,364.07676440146815,410.7050473391629
45,150.0,30,150.0,1.5,1.5,2,1,50.49546894517148,343.95004067289904,372.82388238836154
45,150.0,30,150.0,1.0,2.0,0,0,27.685441584225035,461.5319590599432,480.4590412867985
46,150.0,20,50.0,1.5,1.0,0,1,12.733704670649415,678.2835324348376,147.7690664040261
45,150.0,30,150.0,2.0,1.5,3,1,49.234112500419116,364.07676440146815,410.7050473391629
46,150.0,20,50.0,1.0,1.0,1,0,18.213729612254717,158.98603715452512,242.9556153847198
45,150.0,30,150.0,2.0,1.5,2,1,50.49546894517148,343.95004067289904,372.82388238836154
46,150.0,20,50.0,1.5,1.0,1,0,18.213729612254717,158.98603715452512,242.9556153847198
45,150.0,30,150.0,1.5,1.5,4,1,57.94493976231928,193.21787773488995,349.28331424337426
45,150.0,30,150.0,2.0,2.0,0,0,27.685441584225035,461.5319590599432,480.4590412867985
46,150.0,20,50.0,1.0,1.0,3,1,23.53690280383362,642.2989802428633,197.77052436735875
45,150.0,30,150.0,2.0,1.5,4,1,57.94493976231928,193.21787773488995,349.28331424337426
46,150.0,20,50.0,1.5,1.0,3,1,23.568609708858848,642.2989802428633,197.77052436735875
45,150.0,30,150.0,1.5,2.0,3,1,49.234112500419116,364.07676440146815,410.7050473391629
45,150.0,25,150.0,2.0,2.0,1,0,87.97423201597171,461.24474712233257,477.36327074940897
45,150.0,30,150.0,1.5,2.0,2,1,50.49546894517148,343.95004067289904,372.82388238836154
45,150.0,25,150.0,1.0,2.0,1,0,87.35275286636626,461.24474712233257,477.36327074940897
45,150.0,25,150.0,1.5,2.0,1,0,87.97423201597171,461.24474712233257,477.36327074940897
45,150.0,30,150.0,1.0,1.5,2,1,53.00165246438716,343.95004067289904,372.82388238836154
45,150.0,30,150.0,1.0,1.5,3,0,54.846058939483896,364.07676440146815,410.7050473391629
45,150.0,30,150.0,1.5,2.0,4,1,57.94493976231928,193.21787773488995,349.28331424337426
45,150.0,30,150.0,1.0,2.0,2,1,53.00165246438716,343.95004067289904,372.82388238836154
46,150.0,20,50.0,1.0,1.0,4,0,41.841646676976524,265.0637616104509,347.72670708802843
45,150.0,30,150.0,1.0,2.0,3,0,54.846058939483896,364.07676440146815,410.7050473391629
46,150.0,20,50.0,1.0,1.5,2,0,9.920389639566942,327.8825195895662,312.99656063755816
45,150.0,30,150.0,2.0,2.0,3,1,49.234112500419116,364.07676440146815,410.7050473391629
45,150.0,30,150.0,1.0,1.5,4,1,68.68147098849457,193.21787773488995,349.28331424337426
46,150.0,20,50.0,2.0,1.0,2,0,9.920389639566942,327.8825195895662,312.99656063755816
45,150.0,30,150.0,2.0,2.0,2,1,50.49546894517148,343.95004067289904,372.82388238836154
46,150.0,20,50.0,1.5,1.5,2,0,9.920389639566942,327.8825195895662,312.99656063755816
46,150.0,20,50.0,1.0,2.0,2,0,9.920389639566942,327.8825195895662,312.99656063755816
46,150.0,20,50.0,2.0,1.0,0,1,12.733704670649415,678.2835324348376,147.7690664040261
45,150.0,30,150.0,1.0,2.0,4,1,68.68147098849457,193.21787773488995,349.28331424337426
46,150.0,20,50.0,2.0,1.5,2,0,9.920389639566942,327.8825195895662,312.99656063755816
46,150.0,20,50.0,1.5,2.0,2,0,9.920389639566942,327.8825195895662,312.99656063755816
46,150.0,20,50.0,2.0,1.0,1,0,18.213729612254717,158.98603715452512,242.9556153847198
45,150.0,30,150.0,2.0,2.0,4,1,57.94493976231928,193.21787773488995,349.28331424337426
46,150.0,20,50.0,2.0,2.0,2,0,9.920389639566942,327.8825195895662,312.99656063755816
46,150.0,20,50.0,1.5,1.5,0,1,20.76696833513196,678.2835324348376,147.7690664040261
46,150.0,20,50.0,1.0,2.0,4,0,16.949990513520852,265.0637616104509,347.72670708802843
46,150.0,20,50.0,1.5,2.0,4,0,16.949990513520852,265.0637616104509,347.72670708802843
46,150.0,20,50.0,1.0,1.5,0,1,26.705000770366414,678.2835324348376,147.7690664040261
46,150.0,20,50.0,1.5,1.5,1,0,24.87718486377638,158.98603715452512,242.9556153847198
46,150.0,20,50.0,2.0,1.5,0,1,20.76696833513196,678.2835324348376,147.7690664040261
46,150.0,20,50.0,1.5,2.0,0,1,18.995186343244438,678.2835324348376,147.7690664040261
46,150.0,25,50.0,1.0,1.0,0,1,7.714366756371931,678.2835324348376,147.7690664040261
46,150.0,20,50.0,1.5,1.5,4,0,26.246306559456297,265.0637616104509,347.72670708802843
46,150.0,20,50.0,2.0,2.0,4,0,16.949990513520852,265.0637616104509,347.72670708802843
46,150.0,25,50.0,1.5,1.0,0,1,7.714366756371931,678.2835324348376,147.7690664040261
46,150.0,20,50.0,1.0,1.5,3,1,33.235743368809324,642.2989802428633,197.77052436735875
46,150.0,20,50.0,2.0,1.0,3,1,29.175969897229315,642.2989802428633,197.77052436735875
46,150.0,20,50.0,2.0,2.0,0,1,18.995186343244438,678.2835324348376,147.7690664040261
46,150.0,20,50.0,2.0,1.5,1,0,24.87718486377638,158.98603715452512,242.9556153847198
46,150.0,25,50.0,1.0,1.0,2,0,12.274062793616185,327.8825195895662,312.99656063755816
46,150.0,20,50.0,2.0,1.5,4,0,26.246306559456297,265.0637616104509,347.72670708802843
46,150.0,25,50.0,1.5,1.0,2,0,11.501611729887435,327.8825195895662,312.99656063755816
46,150.0,25,50.0,1.5,1.0,3,1,13.74562964008392,642.2989802428633,197.77052436735875
46,150.0,20,50.0,2.0,1.0,4,0,39.08245326290729,265.0637616104509,347.72670708802843
46,150.0,25,50.0,1.5,1.0,1,0,21.44671274859212,158.98603715452512,242.9556153847198
46,150.0,20,50.0,2.0,1.5,3,1,35.27443591362566,642.2989802428633,197.77052436735875
46,150.0,20,50.0,1.5,1.0,4,0,81.97092856406282,265.0637616104509,347.72670708802843
46,150.0,25,50.0,2.0,1.0,0,1,7.714366756371931,678.2835324348376,147.7690664040261
46,150.0,25,50.0,2.0,1.0,2,0,11.501611729887435,327.8825195895662,312.99656063755816
46,150.0,25,50.0,2.0,1.0,3,1,13.74562964008392,642.2989802428633,197.77052436735875
46,150.0,25,50.0,1.0,1.5,0,1,7.714366756371931,678.2835324348376,147.7690664040261
46,150.0,25,50.0,1.5,1.5,0,1,7.714366756371931,678.2835324348376,147.7690664040261
46,150.0,25,50.0,2.0,1.5,0,1,7.714366756371931,678.2835324348376,147.7690664040261
46,150.0,25,50.0,1.0,2.0,0,1,7.714366756371931,678.2835324348376,147.7690664040261
46,150.0,25,50.0,2.0,1.5,2,0,11.775194044118972,327.8825195895662,312.99656063755816
46,150.0,25,50.0,2.0,1.0,1,0,21.345975901040546,158.98603715452512,242.9556153847198
46,150.0,25,50.0,1.5,1.5,2,0,12.512708143464033,327.8825195895662,312.99656063755816
46,150.0,25,50.0,1.5,2.0,0,1,7.714366756371931,678.2835324348376,147.7690664040261
46,150.0,25,50.0,2.0,1.5,3,1,14.424559896190633,642.2989802428633,197.77052436735875
46,150.0,25,50.0,1.0,1.5,2,0,16.87534696504675,327.8825195895662,312.99656063755816
46,150.0,25,50.0,2.0,1.0,4,0,28.43643329742874,265.0637616104509,347.72670708802843
46,150.0,25,50.0,1.5,1.0,4,0,45.91286350308683,265.0637616104509,347.72670708802843
46,150.0,25,50.0,1.0,1.5,3,1,21.991303375092183,642.2989802428633,197.77052436735875
46,150.0,25,50.0,1.5,2.0,3,1,16.158209381090295,642.2989802428633,197.77052436735875
46,150.0,25,50.0,1.0,1.5,4,0,27.889655431535004,265.0637616104509,347.72670708802843
46,150.0,30,50.0,1.0,1.0,2,0,9.414191765875723,327.8825195895662,312.99656063755816
46,150.0,25,50.0,2.0,2.0,0,1,7.714366756371931,678.2835324348376,147.7690664040261
46,150.0,30,50.0,1.0,1.0,0,1,9.953706408162825,678.2835324348376,147.7690664040261
46,150.0,25,50.0,1.0,2.0,2,0,16.87534696504675,327.8825195895662,312.99656063755816
46,150.0,30,50.0,1.0,1.0,4,0,12.982358426482167,265.0637616104509,347.72670708802843
46,150.0,25,50.0,1.5,1.5,3,1,28.61164583072442,642.2989802428633,197.77052436735875
46,150.0,25,50.0,2.0,2.0,2,0,12.512708143464033,327.8825195895662,312.99656063755816
46,150.0,25,50.0,1.5,1.5,4,0,29.646868924257888,265.0637616104509,347.72670708802843
46,150.0,25,50.0,1.0,2.0,3,1,21.350131224562254,642.2989802428633,197.77052436735875
46,150.0,25,50.0,2.0,2.0,4,0,17.00973972688086,265.0637616104509,347.72670708802843
46,150.0,30,50.0,1.0,1.0,3,1,18.15276135327815,642.2989802428633,197.77052436735875
46,150.0,25,50.0,2.0,2.0,3,1,19.785384311254695,642.2989802428633,197.77052436735875
46,150.0,25,50.0,1.0,1.0,4,0,71.04985107460766,265.0637616104509,347.72670708802843
46,150.0,25,50.0,1.5,2.0,2,0,29.07316482628255,327.8825195895662,312.99656063755816
46,150.0,25,50.0,1.0,2.0,4,0,27.53030839335261,265.0637616104509,347.72670708802843
46,150.0,30,50.0,1.5,1.0,2,0,9.414191765875723,327.8825195895662,312.99656063755816
46,150.0,25,50.0,2.0,1.5,4,0,43.241898827721734,265.0637616104509,347.72670708802843
46,150.0,20,50.0,1.0,2.0,3,0,68.5574819650095,642.2989802428633,197.77052436735875
46,150.0,30,50.0,1.5,1.0,0,1,9.953706408162825,678.2835324348376,147.7690664040261
46,150.0,30,50.0,1.0,1.0,1,0,27.495656728166622,158.98603715452512,242.9556153847198
46,150.0,25,50.0,1.0,2.0,1,0,29.70933142088449,158.98603715452512,242.9556153847198
46,150.0,25,50.0,1.5,2.0,4,0,36.19331519695621,265.0637616104509,347.72670708802843
46,150.0,25,50.0,1.0,1.5,1,0,47.808337493599616,158.98603715452512,242.9556153847198
46,150.0,25,50.0,1.5,1.5,1,0,41.636470893002596,158.98603715452512,242.9556153847198
46,150.0,25,50.0,2.0,1.5,1,0,50.5610939183851,158.98603715452512,242.9556153847198
46,150.0,30,50.0,2.0,1.0,2,0,9.414191765875723,327.8825195895662,312.99656063755816
46,150.0,30,50.0,2.0,1.0,0,1,9.953706408162825,678.2835324348376,147.7690664040261
46,150.0,25,50.0,1.0,1.0,3,1,88.13020211184111,642.2989802428633,197.77052436735875
46,150.0,30,50.0,1.5,1.5,2,0,9.414191765875723,327.8825195895662,312.99656063755816
46,150.0,30,50.0,1.5,1.5,0,1,9.953706408162825,678.2835324348376,147.7690664040261
46,150.0,30,50.0,1.0,1.5,2,0,9.414191765875723,327.8825195895662,312.99656063755816
46,150.0,30,50.0,1.0,1.5,0,1,9.953706408162825,678.2835324348376,147.7690664040261
46,150.0,25,50.0,1.0,1.0,1,0,90.53386808391627,158.98603715452512,242.9556153847198
46,150.0,30,50.0,1.5,1.0,1,0,24.086873931751327,158.98603715452512,242.9556153847198
46,150.0,25,50.0,1.5,2.0,1,0,44.688542241926136,158.98603715452512,242.9556153847198
46,150.0,30,50.0,2.0,2.0,2,0,9.414191765875723,327.8825195895662,312.99656063755816
46,150.0,30,50.0,2.0,2.0,0,1,9.953706408162825,678.2835324348376,147.7690664040261
46,150.0,30,50.0,1.0,2.0,2,0,9.414191765875723,327.8825195895662,312.99656063755816
46,150.0,30,50.0,1.0,2.0,0,1,9.953706408162825,678.2835324348376,147.7690664040261
46,150.0,30,50.0,1.0,1.5,1,0,16.060809142479236,158.98603715452512,242.9556153847198
46,150.0,30,50.0,2.0,1.5,2,0,9.414191765875723,327.8825195895662,312.99656063755816
46,150.0,30,50.0,1.0,1.5,4,0,16.518994047626425,265.0637616104509,347.72670708802843
46,150.0,30,50.0,2.0,1.5,0,1,9.953706408162825,678.2835324348376,147.7690664040261
46,150.0,30,50.0,1.5,1.5,1,0,16.060809142479236,158.98603715452512,242.9556153847198
46,150.0,30,50.0,1.5,1.0,3,1,29.776648798823096,642.2989802428633,197.77052436735875
46,150.0,30,50.0,1.5,1.5,4,0,16.518994047626425,265.0637616104509,347.72670708802843
46,150.0,30,50.0,1.5,2.0,2,0,9.414191765875723,327.8825195895662,312.99656063755816
46,150.0,20,100.0,1.0,1.0,2,0,9.933563649157879,327.8825195895662,312.99656063755816
46,150.0,30,50.0,1.5,2.0,0,1,9.953706408162825,678.2835324348376,147.7690664040261
46,150.0,20,50.0,1.0,2.0,0,1,90.6156387257255,678.2835324348376,147.7690664040261
46,150.0,20,100.0,1.5,1.0,2,0,9.933563649157879,327.8825195895662,312.99656063755816
46,150.0,30,50.0,2.0,2.0,4,0,17.79613438999819,265.0637616104509,347.72670708802843
46,150.0,30,50.0,2.0,2.0,3,1,18.221690809851875,642.2989802428633,197.77052436735875
46,150.0,30,50.0,1.0,2.0,1,0,16.060809142479236,158.98603715452512,242.9556153847198
46,150.0,30,50.0,2.0,1.5,1,0,16.060809142479236,158.98603715452512,242.9556153847198
46,150.0,30,50.0,2.0,1.5,4,0,16.518994047626425,265.0637616104509,347.72670708802843
46,150.0,20,50.0,2.0,2.0,3,1,95.80204552493036,642.2989802428633,197.77052436735875
46,150.0,30,50.0,2.0,2.0,1,0,22.440016723967062,158.98603715452512,242.9556153847198
46,150.0,20,100.0,1.0,1.0,0,1,17.546590337784384,678.2835324348376,147.7690664040261
46,150.0,30,50.0,1.0,2.0,3,1,19.48165093006478,642.2989802428633,197.77052436735875
46,150.0,30,50.0,1.5,2.0,4,0,17.79613438999819,265.0637616104509,347.72670708802843
46,150.0,30,50.0,1.5,2.0,3,1,18.221690809851875,642.2989802428633,197.77052436735875
46,150.0,20,50.0,1.5,2.0,3,1,95.80204552493036,642.2989802428633,197.77052436735875
46,150.0,30,50.0,1.5,1.5,3,1,31.135918637454246,642.2989802428633,197.77052436735875
46,150.0,20,100.0,1.5,1.0,0,1,17.546590337784384,678.2835324348376,147.7690664040261
46,150.0,30,50.0,1.5,2.0,1,0,22.440016723967062,158.98603715452512,242.9556153847198
46,150.0,20,100.0,2.0,1.0,2,0,9.933563649157879,327.8825195895662,312.99656063755816
46,150.0,30,50.0,1.5,1.0,4,0,41.35700299044364,265.0637616104509,347.72670708802843
46,150.0,20,100.0,1.0,1.0,4,0,27.328015959042997,265.0637616104509,347.72670708802843
46,150.0,30,50.0,2.0,1.0,3,1,44.35391487646812,642.2989802428633,197.77052436735875
46,150.0,20,100.0,1.0,1.5,2,0,9.933563649157879,327.8825195895662,312.99656063755816
46,150.0,20,100.0,2.0,1.0,0,1,17.546590337784384,678.2835324348376,147.7690664040261
46,150.0,20,100.0,1.5,1.5,2,0,9.933563649157879,327.8825195895662,312.99656063755816
46,150.0,20,100.0,1.0,1.0,3,1,37.56269017820493,642.2989802428633,197.77052436735875
46,150.0,30,50.0,1.0,2.0,4,0,31.931569724732253,265.0637616104509,347.72670708802843
46,150.0,20,100.0,1.5,1.0,4,0,27.328015959042997,265.0637616104509,347.72670708802843
46,150.0,20,100.0,2.0,2.0,2,0,9.933563649157879,327.8825195895662,312.99656063755816
46,150.0,20,100.0,1.0,2.0,2,0,9.933563649157879,327.8825195895662,312.99656063755816
46,150.0,20,100.0,2.0,1.5,2,0,9.933563649157879,327.8825195895662,312.99656063755816
46,150.0,20,100.0,1.5,1.0,3,1,29.037854750193905,642.2989802428633,197.77052436735875
46,150.0,20,100.0,1.0,1.5,0,1,17.650273536733632,678.2835324348376,147.7690664040261
46,150.0,20,100.0,1.5,2.0,2,0,9.933563649157879,327.8825195895662,312.99656063755816
46,150.0,20,100.0,1.5,1.5,0,1,17.650273536733632,678.2835324348376,147.7690664040261
46,150.0,20,100.0,1.0,1.5,4,0,21.33815585324932,265.0637616104509,347.72670708802843
46,150.0,20,100.0,2.0,1.0,4,0,27.328015959042997,265.0637616104509,347.72670708802843
46,150.0,20,100.0,1.5,1.5,4,0,21.33815585324932,265.0637616104509,347.72670708802843
46,150.0,25,100.0,1.0,1.0,2,0,9.933563649157879,327.8825195895662,312.99656063755816
46,150.0,30,50.0,2.0,1.5,3,1,41.47457225919495,642.2989802428633,197.77052436735875
46,150.0,20,100.0,1.5,1.5,3,1,23.42621319891237,642.2989802428633,197.77052436735875
46,150.0,20,100.0,2.0,1.5,0,1,17.650273536733632,678.2835324348376,147.7690664040261
46,150.0,20,100.0,2.0,2.0,0,1,17.650273536733632,678.2835324348376,147.7690664040261
46,150.0,20,100.0,1.0,2.0,0,1,17.650273536733632,678.2835324348376,147.7690664040261
46,150.0,20,100.0,1.0,1.0,1,0,47.856170217998056,158.98603715452512,242.9556153847198
46,150.0,20,100.0,1.5,2.0,0,1,17.650273536733632,678.2835324348376,147.7690664040261
46,150.0,20,100.0,2.0,1.0,3,1,30.034577720622707,642.2989802428633,197.77052436735875
46,150.0,20,100.0,1.0,1.5,1,0,26.82933731332761,158.98603715452512,242.9556153847198
46,150.0,25,100.0,1.0,1.0,4,0,13.919536518891663,265.0637616104509,347.72670708802843
46,150.0,20,100.0,2.0,1.5,4,0,21.33815585324932,265.0637616104509,347.72670708802843
46,150.0,20,100.0,1.0,1.5,3,1,28.719682372590345,642.2989802428633,197.77052436735875
46,150.0,20,100.0,2.0,2.0,4,0,21.33815585324932,265.0637616104509,347.72670708802843
46,150.0,20,100.0,1.0,2.0,4,0,21.33815585324932,265.0637616104509,347.72670708802843
46,150.0,20,100.0,1.5,2.0,4,0,21.33815585324932,265.0637616104509,347.72670708802843
46,150.0,20,100.0,2.0,1.5,3,1,23.42621319891237,642.2989802428633,197.77052436735875
46,150.0,20,100.0,2.0,2.0,3,1,23.42621319891237,642.2989802428633,197.77052436735875
46,150.0,25,100.0,1.5,1.0,2,0,9.933563649157879,327.8825195895662,312.99656063755816
46,150.0,20,100.0,1.5,2.0,3,1,23.42621319891237,642.2989802428633,197.77052436735875
46,150.0,25,100.0,1.0,1.0,1,0,19.6357553726666,158.98603715452512,242.9556153847198
46,150.0,25,100.0,2.0,1.0,2,0,9.933563649157879,327.8825195895662,312.99656063755816
46,150.0,25,100.0,1.5,1.0,4,0,13.919536518891663,265.0637616104509,347.72670708802843
46,150.0,20,100.0,1.0,2.0,1,0,26.82933731332761,158.98603715452512,242.9556153847198
46,150.0,25,100.0,2.0,1.0,4,0,13.919536518891663,265.0637616104509,347.72670708802843
46,150.0,25,100.0,1.0,1.5,2,0,9.933563649157879,327.8825195895662,312.99656063755816
46,150.0,20,100.0,1.0,2.0,3,1,28.719682372590345,642.2989802428633,197.77052436735875
46,150.0,25,100.0,1.5,1.0,1,0,19.6357553726666,158.98603715452512,242.9556153847198
46,150.0,20,100.0,2.0,2.0,1,0,34.027845584500874,158.98603715452512,242.9556153847198
46,150.0,25,100.0,1.0,1.5,4,0,13.919536518891663,265.0637616104509,347.72670708802843
46,150.0,25,100.0,2.0,1.0,1,0,19.6357553726666,158.98603715452512,242.9556153847198
46,150.0,20,100.0,1.5,1.0,1,0,54.272389480660614,158.98603715452512,242.9556153847198
46,150.0,20,100.0,1.5,2.0,1,0,34.027845584500874,158.98603715452512,242.9556153847198
46,150.0,25,100.0,1.5,1.5,2,0,9.933563649157879,327.8825195895662,312.99656063755816
46,150.0,25,100.0,1.0,2.0,2,0,9.933563649157879,327.8825195895662,312.99656063755816
46,150.0,25,100.0,1.0,1.5,1,0,20.09394027781379,158.98603715452512,242.9556153847198
46,150.0,25,100.0,2.0,1.5,2,0,9.933563649157879,327.8825195895662,312.99656063755816
46,150.0,25,100.0,1.5,1.5,4,0,13.919536518891663,265.0637616104509,347.72670708802843
46,150.0,20,100.0,2.0,1.0,1,0,57.42201926241594,158.98603715452512,242.9556153847198
46,150.0,25,100.0,1.0,2.0,4,0,13.919536518891663,265.0637616104509,347.72670708802843
46,150.0,25,100.0,2.0,1.0,3,1,26.394543204821755,642.2989802428633,197.77052436735875
46,150.0,25,100.0,1.5,1.0,0,1,32.470841502811815,678.2835324348376,147.7690664040261
46,150.0,25,100.0,2.0,1.5,4,0,13.919536518891663,265.0637616104509,347.72670708802843
46,150.0,25,100.0,1.5,2.0,2,0,9.933563649157879,327.8825195895662,312.99656063755816
46,150.0,25,100.0,1.5,1.5,1,0,20.09394027781379,158.98603715452512,242.9556153847198
46,150.0,25,100.0,2.0,2.0,2,0,9.933563649157879,327.8825195895662,312.99656063755816
46,150.0,25,100.0,1.5,2.0,4,0,13.919536518891663,265.0637616104509,347.72670708802843
46,150.0,25,100.0,2.0,1.5,1,0,20.09394027781379,158.98603715452512,242.9556153847198
46,150.0,25,100.0,1.5,1.0,3,1,41.51043348618796,642.2989802428633,197.77052436735875
46,150.0,25,100.0,2.0,2.0,4,0,13.919536518891663,265.0637616104509,347.72670708802843
46,150.0,30,100.0,1.0,1.0,2,0,14.143876094150665,327.8825195895662,312.99656063755816
46,150.0,30,100.0,1.0,1.0,0,1,15.816152413589505,678.2835324348376,147.7690664040261
46,150.0,20,100.0,2.0,1.5,1,0,56.1689266625524,158.98603715452512,242.9556153847198
46,150.0,25,100.0,1.0,1.5,3,1,38.630785304111406,642.2989802428633,197.77052436735875
46,150.0,20,100.0,1.5,1.5,1,0,72.32343517399275,158.98603715452512,242.9556153847198
46,150.0,25,100.0,1.0,2.0,1,0,28.260739472969796,158.98603715452512,242.9556153847198
46,150.0,25,100.0,1.0,2.0,0,1,29.319550509131023,678.2835324348376,147.7690664040261
46,150.0,30,100.0,2.0,1.0,2,0,14.143876094150665,327.8825195895662,312.99656063755816
46,150.0,25,100.0,2.0,1.5,0,1,35.7285480756567,678.2835324348376,147.7690664040261
46,150.0,30,100.0,1.5,1.0,2,0,14.143876094150665,327.8825195895662,312.99656063755816
46,150.0,30,100.0,1.0,1.0,3,1,24.678992644912306,642.2989802428633,197.77052436735875
46,150.0,25,100.0,1.5,2.0,1,0,28.260739472969796,158.98603715452512,242.9556153847198
46,150.0,25,100.0,2.0,2.0,1,0,28.260739472969796,158.98603715452512,242.9556153847198
46,150.0,25,100.0,1.5,2.0,0,1,30.146909794895382,678.2835324348376,147.7690664040261
46,150.0,25,100.0,2.0,2.0,0,1,30.146909794895382,678.2835324348376,147.7690664040261
46,150.0,25,100.0,1.0,2.0,3,1,39.647191463935044,642.2989802428633,197.77052436735875
46,150.0,30,100.0,1.5,1.5,2,0,14.143876094150665,327.8825195895662,312.99656063755816
46,150.0,30,100.0,1.0,1.5,2,0,14.143876094150665,327.8825195895662,312.99656063755816
46,150.0,30,100.0,2.0,1.0,0,1,30.597429124756264,678.2835324348376,147.7690664040261
46,150.0,30,100.0,2.0,1.0,4,0,33.16617216726612,265.0637616104509,347.72670708802843
46,150.0,25,100.0,2.0,2.0,3,1,39.47129510262778,642.2989802428633,197.77052436735875
46,150.0,30,100.0,1.0,1.0,4,0,38.64252039736808,265.0637616104509,347.72670708802843
46,150.0,30,100.0,1.5,1.0,0,1,30.597429124756264,678.2835324348376,147.7690664040261
46,150.0,30,100.0,2.0,1.5,2,0,14.143876094150665,327.8825195895662,312.99656063755816
46,150.0,30,100.0,1.5,1.0,3,1,32.708985462120694,642.2989802428633,197.77052436735875
46,150.0,30,100.0,1.5,1.0,4,0,33.356805768399134,265.0637616104509,347.72670708802843
46,150.0,30,100.0,1.0,2.0,2,0,14.143876094150665,327.8825195895662,312.99656063755816
46,150.0,30,100.0,1.5,1.5,0,1,30.597429124756264,678.2835324348376,147.7690664040261
46,150.0,25,100.0,1.5,2.0,3,1,43.423889545097204,642.2989802428633,197.77052436735875
46,150.0,30,100.0,2.0,1.0,3,1,42.949184102509264,642.2989802428633,197.77052436735875
46,150.0,25,100.0,2.0,1.0,0,1,77.16492858473627,678.2835324348376,147.7690664040261
46,150.0,30,100.0,1.5,1.0,1,0,38.5819749942712,158.98603715452512,242.9556153847198
46,150.0,30,100.0,2.0,1.0,1,0,47.36704487269565,158.98603715452512,242.9556153847198
46,150.0,30,100.0,1.5,1.5,3,1,40.67833862514004,642.2989802428633,197.77052436735875
46,150.0,30,100.0,1.0,1.5,0,1,30.597429124756264,678.2835324348376,147.7690664040261
46,150.0,30,100.0,1.5,1.5,4,0,43.49604738713475,265.0637616104509,347.72670708802843
46,150.0,25,100.0,1.0,1.5,0,1,74.28702571256855,678.2835324348376,147.7690664040261
46,150.0,30,100.0,1.5,2.0,2,0,14.143876094150665,327.8825195895662,312.99656063755816
46,150.0,30,100.0,2.0,2.0,2,0,14.143876094150665,327.8825195895662,312.99656063755816
46,150.0,30,100.0,2.0,1.5,0,1,30.597429124756264,678.2835324348376,147.7690664040261
46,150.0,30,100.0,2.0,1.5,3,1,32.90016664353386,642.2989802428633,197.77052436735875
46,150.0,30,100.0,2.0,1.5,4,0,33.73770289533964,265.0637616104509,347.72670708802843
46,150.0,30,100.0,1.0,1.5,3,1,35.83850443413469,642.2989802428633,197.77052436735875
46,150.0,30,100.0,1.0,1.5,4,0,35.996130732280086,265.0637616104509,347.72670708802843
46,150.0,25,100.0,2.0,1.5,3,1,73.92916922388525,642.2989802428633,197.77052436735875
46,150.0,30,100.0,1.5,1.5,1,0,55.15954218679885,158.98603715452512,242.9556153847198
46,150.0,20,150.0,1.0,1.0,4,0,19.494676088743287,265.0637616104509,347.72670708802843
46,150.0,30,100.0,1.0,2.0,4,0,36.68357958601236,265.0637616104509,347.72670708802843
46,150.0,20,150.0,1.5,1.0,4,0,19.494676088743287,265.0637616104509,347.72670708802843
46,150.0,30,100.0,1.0,2.0,0,1,38.728007907098466,678.2835324348376,147.7690664040261
46,150.0,20,150.0,2.0,1.0,4,0,19.494676088743287,265.0637616104509,347.72670708802843
46,150.0,20,150.0,1.0,1.0,1,0,26.361033304692754,158.98603715452512,242.9556153847198
46,150.0,25,100.0,1.0,1.0,0,1,97.42916034918682,678.2835324348376,147.7690664040261
46,150.0,30,100.0,1.5,2.0,0,1,30.597429124756264,678.2835324348376,147.7690664040261
46,150.0,30,100.0,2.0,2.0,0,1,30.597429124756264,678.2835324348376,147.7690664040261
46,150.0,20,150.0,1.5,1.0,1,0,26.361033304692754,158.98603715452512,242.9556153847198
46,150.0,20,150.0,1.5,1.5,4,0,19.494676088743287,265.0637616104509,347.72670708802843
46,150.0,25,100.0,1.0,1.0,3,1,98.91972872221284,642.2989802428633,197.77052436735875
46,150.0,20,150.0,1.0,1.5,4,0,19.494676088743287,265.0637616104509,347.72670708802843
46,150.0,20,150.0,1.0,1.0,3,1,34.41119367576592,642.2989802428633,197.77052436735875
46,150.0,20,150.0,2.0,1.0,1,0,26.361033304692754,158.98603715452512,242.9556153847198
46,150.0,30,100.0,1.0,2.0,3,1,45.164367375403174,642.2989802428633,197.77052436735875
46,150.0,30,100.0,2.0,2.0,3,1,35.83850443413469,642.2989802428633,197.77052436735875
46,150.0,30,100.0,2.0,2.0,4,0,35.996130732280086,265.0637616104509,347.72670708802843
46,150.0,30,100.0,1.5,2.0,3,1,35.83850443413469,642.2989802428633,197.77052436735875
46,150.0,30,100.0,1.5,2.0,4,0,35.996130732280086,265.0637616104509,347.72670708802843
46,150.0,20,150.0,2.0,1.5,4,0,19.494676088743287,265.0637616104509,347.72670708802843
46,150.0,20,150.0,1.5,1.0,3,1,34.41119367576592,642.2989802428633,197.77052436735875
46,150.0,20,150.0,2.0,1.0,3,1,34.41119367576592,642.2989802428633,197.77052436735875
46,150.0,30,100.0,1.0,1.5,1,0,57.45583966776588,158.98603715452512,242.9556153847198
46,150.0,20,150.0,1.5,1.5,1,0,30.775918763439257,158.98603715452512,242.9556153847198
46,150.0,20,150.0,1.0,1.5,1,0,30.775918763439257,158.98603715452512,242.9556153847198
46,150.0,20,150.0,2.0,1.5,1,0,30.775918763439257,158.98603715452512,242.9556153847198
46,150.0,20,150.0,1.5,1.5,2,1,42.884540647491114,327.8825195895662,312.99656063755816
46,150.0,20,150.0,1.0,1.0,2,0,54.84705119328823,327.8825195895662,312.99656063755816
46,150.0,20,150.0,1.0,1.5,2,1,41.49220965661266,327.8825195895662,312.99656063755816
46,150.0,30,100.0,1.5,2.0,1,0,52.07027290091458,158.98603715452512,242.9556153847198
46,150.0,20,150.0,2.0,1.0,2,0,54.84705119328823,327.8825195895662,312.99656063755816
46,150.0,30,100.0,2.0,2.0,1,0,52.07027290091458,158.98603715452512,242.9556153847198
46,150.0,20,150.0,1.0,2.0,4,0,19.494676088743287,265.0637616104509,347.72670708802843
46,150.0,20,150.0,1.5,1.0,2,0,54.84705119328823,327.8825195895662,312.99656063755816
46,150.0,20,150.0,1.5,2.0,4,0,19.494676088743287,265.0637616104509,347.72670708802843
46,150.0,20,150.0,2.0,1.5,2,0,55.31599277473114,327.8825195895662,312.99656063755816
46,150.0,20,150.0,2.0,2.0,4,0,19.494676088743287,265.0637616104509,347.72670708802843
46,150.0,30,100.0,1.0,2.0,1,0,76.43901293446936,158.98603715452512,242.9556153847198
46,150.0,25,150.0,1.0,1.0,2,0,20.1096162188499,327.8825195895662,312.99656063755816
46,150.0,20,150.0,1.0,2.0,1,0,30.775918763439257,158.98603715452512,242.9556153847198
46,150.0,20,150.0,1.5,2.0,1,0,30.775918763439257,158.98603715452512,242.9556153847198
46,150.0,20,150.0,1.0,1.0,0,1,81.73065533504456,678.2835324348376,147.7690664040261
46,150.0,25,150.0,2.0,1.0,2,0,20.1096162188499,327.8825195895662,312.99656063755816
46,150.0,25,150.0,1.0,1.0,4,0,28.16984174966047,265.0637616104509,347.72670708802843
46,150.0,20,150.0,2.0,1.0,0,1,81.63900311381599,678.2835324348376,147.7690664040261
46,150.0,25,150.0,1.5,1.0,2,0,20.1096162188499,327.8825195895662,312.99656063755816
46,150.0,20,150.0,1.0,2.0,2,1,41.49220965661266,327.8825195895662,312.99656063755816
46,150.0,20,150.0,2.0,2.0,1,0,30.775918763439257,158.98603715452512,242.9556153847198
46,150.0,25,150.0,2.0,1.0,4,0,24.005880125015786,265.0637616104509,347.72670708802843
46,150.0,20,150.0,1.5,2.0,2,1,42.884540647491114,327.8825195895662,312.99656063755816
46,150.0,20,150.0,1.5,1.0,0,1,81.73065533504456,678.2835324348376,147.7690664040261
46,150.0,25,150.0,1.5,1.0,4,0,28.16984174966047,265.0637616104509,347.72670708802843
46,150.0,25,150.0,1.0,1.0,1,0,42.03939358484303,158.98603715452512,242.9556153847198
46,150.0,25,150.0,1.0,1.5,2,0,20.1096162188499,327.8825195895662,312.99656063755816
46,150.0,25,150.0,2.0,1.0,3,1,33.41224832257027,642.2989802428633,197.77052436735875
46,150.0,25,150.0,1.5,1.5,2,0,20.1096162188499,327.8825195895662,312.99656063755816
46,150.0,25,150.0,1.5,1.0,3,1,33.42642250702948,642.2989802428633,197.77052436735875
46,150.0,25,150.0,2.0,1.5,2,0,20.1096162188499,327.8825195895662,312.99656063755816
46,150.0,25,150.0,2.0,1.0,1,0,39.62677555085548,158.98603715452512,242.9556153847198
46,150.0,25,150.0,1.0,1.5,4,0,28.16984174966047,265.0637616104509,347.72670708802843
46,150.0,25,150.0,1.5,1.0,1,0,39.45272431019801,158.98603715452512,242.9556153847198
46,150.0,25,150.0,1.5,1.5,4,0,28.16984174966047,265.0637616104509,347.72670708802843
46,150.0,25,150.0,1.0,1.5,3,1,33.49436223413784,642.2989802428633,197.77052436735875
46,150.0,25,150.0,2.0,1.5,4,0,28.16984174966047,265.0637616104509,347.72670708802843
46,150.0,25,150.0,1.5,1.5,3,1,33.49436223413784,642.2989802428633,197.77052436735875
46,150.0,20,150.0,2.0,2.0,2,0,55.31599277473114,327.8825195895662,312.99656063755816
46,150.0,25,150.0,2.0,1.5,3,1,33.49436223413784,642.2989802428633,197.77052436735875
46,150.0,25,150.0,1.0,2.0,2,0,20.1096162188499,327.8825195895662,312.99656063755816
46,150.0,25,150.0,1.5,1.5,1,0,37.61082519374925,158.98603715452512,242.9556153847198
46,150.0,25,150.0,1.0,1.5,1,0,37.61082519374925,158.98603715452512,242.9556153847198
46,150.0,25,150.0,1.5,2.0,2,0,20.1096162188499,327.8825195895662,312.99656063755816
46,150.0,25,150.0,2.0,1.5,1,0,37.61082519374925,158.98603715452512,242.9556153847198
46,150.0,25,150.0,2.0,2.0,2,0,20.1096162188499,327.8825195895662,312.99656063755816
46,150.0,25,150.0,1.0,1.0,0,1,72.3693827381481,678.2835324348376,147.7690664040261
46,150.0,25,150.0,1.0,1.0,3,1,72.38230953492729,642.2989802428633,197.77052436735875
46,150.0,25,150.0,1.5,2.0,4,0,28.16984174966047,265.0637616104509,347.72670708802843
46,150.0,25,150.0,1.0,2.0,4,0,28.16984174966047,265.0637616104509,347.72670708802843
46,150.0,25,150.0,2.0,2.0,4,0,28.16984174966047,265.0637616104509,347.72670708802843
46,150.0,25,150.0,1.0,2.0,3,1,33.49436223413784,642.2989802428633,197.77052436735875
46,150.0,25,150.0,2.0,2.0,3,1,33.49436223413784,642.2989802428633,197.77052436735875
46,150.0,25,150.0,1.0,2.0,1,0,37.61082519374925,158.98603715452512,242.9556153847198
46,150.0,25,150.0,1.5,2.0,3,1,33.49436223413784,642.2989802428633,197.77052436735875
46,150.0,25,150.0,2.0,2.0,1,0,37.61082519374925,158.98603715452512,242.9556153847198
46,150.0,25,150.0,1.5,2.0,1,0,37.61082519374925,158.98603715452512,242.9556153847198
46,150.0,25,150.0,2.0,1.0,0,1,78.34538786129384,678.2835324348376,147.7690664040261
46,150.0,30,150.0,1.0,1.0,0,1,37.642127944999515,678.2835324348376,147.7690664040261
46,150.0,30,150.0,1.0,1.0,1,0,38.16731383400277,158.98603715452512,242.9556153847198
46,150.0,30,150.0,1.5,1.0,0,1,37.642127944999515,678.2835324348376,147.7690664040261
46,150.0,30,150.0,1.5,1.0,1,0,38.16731383400277,158.98603715452512,242.9556153847198
46,150.0,25,150.0,1.5,1.5,0,1,85.93236468333066,678.2835324348376,147.7690664040261
46,150.0,30,150.0,1.0,1.0,2,0,53.611025593034576,327.8825195895662,312.99656063755816
46,150.0,25,150.0,2.0,1.5,0,1,85.93236468333066,678.2835324348376,147.7690664040261
46,150.0,30,150.0,2.0,1.0,0,1,37.642127944999515,678.2835324348376,147.7690664040261
46,150.0,25,150.0,1.5,1.0,0,1,83.58170738900432,678.2835324348376,147.7690664040261
46,150.0,30,150.0,2.0,1.0,1,0,38.16731383400277,158.98603715452512,242.9556153847198
47,150.0,20,50.0,1.0,1.0,0,0,0.9265614682704222,371.0612359812324,152.82820705172267
47,150.0,20,50.0,1.0,1.0,4,0,1.7573541736990275,360.91134198831946,177.83829369260422
47,150.0,20,50.0,1.0,1.0,3,0,4.286567797358252,477.15933005907544,168.75644352843335
46,150.0,30,150.0,1.5,1.0,2,0,53.611025593034576,327.8825195895662,312.99656063755816
46,150.0,30,150.0,1.0,1.0,4,0,68.70991308919736,265.0637616104509,347.72670708802843
46,150.0,25,150.0,1.0,1.5,0,1,85.65220071729648,678.2835324348376,147.7690664040261
46,150.0,30,150.0,1.0,1.0,3,1,76.78029426672866,642.2989802428633,197.77052436735875
47,150.0,20,50.0,1.5,1.0,0,0,0.9265614682704222,371.0612359812324,152.82820705172267
47,150.0,20,50.0,2.0,1.0,0,0,0.9265614682704222,371.0612359812324,152.82820705172267
46,150.0,25,150.0,2.0,2.0,0,1,85.93236468333066,678.2835324348376,147.7690664040261
47,150.0,20,50.0,2.0,1.0,4,0,1.7573541736990275,360.91134198831946,177.83829369260422
47,150.0,20,50.0,1.5,1.0,4,0,1.7573541736990275,360.91134198831946,177.83829369260422
47,150.0,20,50.0,1.0,1.5,0,0,0.9265614682704222,371.0612359812324,152.82820705172267
47,150.0,20,50.0,1.0,1.0,1,0,11.961744197768102,508.09619272662525,320.04607686407394
47,150.0,20,50.0,1.0,1.5,4,0,1.7573541736990275,360.91134198831946,177.83829369260422
47,150.0,20,50.0,1.0,1.0,2,0,13.946115536838334,248.20112029920148,183.31546112497563
46,150.0,30,150.0,2.0,1.0,2,0,53.611025593034576,327.8825195895662,312.99656063755816
47,150.0,20,50.0,1.0,1.5,3,0,4.286567797358252,477.15933005907544,168.75644352843335
47,150.0,20,50.0,1.5,1.5,0,0,0.9265614682704222,371.0612359812324,152.82820705172267
47,150.0,20,50.0,1.5,1.0,3,0,4.286567797358252,477.15933005907544,168.75644352843335
47,150.0,20,50.0,2.0,1.0,3,0,4.286567797358252,477.15933005907544,168.75644352843335
46,150.0,30,150.0,1.5,1.0,4,0,68.70991308919736,265.0637616104509,347.72670708802843
47,150.0,20,50.0,1.5,1.5,4,0,1.7573541736990275,360.91134198831946,177.83829369260422
46,150.0,30,150.0,1.0,1.5,0,1,37.642127944999515,678.2835324348376,147.7690664040261
46,150.0,30,150.0,1.0,1.5,1,0,38.16731383400277,158.98603715452512,242.9556153847198
47,150.0,20,50.0,1.5,1.5,3,0,4.286567797358252,477.15933005907544,168.75644352843335
47,150.0,20,50.0,2.0,1.0,1,0,11.961744197768102,508.09619272662525,320.04607686407394
46,150.0,30,150.0,1.5,1.0,3,1,76.78029426672866,642.2989802428633,197.77052436735875
46,150.0,25,150.0,1.0,2.0,0,1,85.49849933525769,678.2835324348376,147.7690664040261
47,150.0,20,50.0,2.0,1.5,0,0,0.9265614682704222,371.0612359812324,152.82820705172267
47,150.0,20,50.0,1.0,1.5,1,0,11.961744197768102,508.09619272662525,320.04607686407394
47,150.0,20,50.0,1.5,1.0,1,0,11.961744197768102,508.09619272662525,320.04607686407394
47,150.0,20,50.0,2.0,1.5,4,0,1.7573541736990275,360.91134198831946,177.83829369260422
46,150.0,30,150.0,2.0,1.5,0,1,37.642127944999515,678.2835324348376,147.7690664040261
47,150.0,20,50.0,1.0,2.0,0,0,0.9265614682704222,371.0612359812324,152.82820705172267
46,150.0,30,150.0,1.5,1.5,0,1,37.642127944999515,678.2835324348376,147.7690664040261
46,150.0,30,150.0,2.0,1.5,1,0,38.16731383400277,158.98603715452512,242.9556153847198
46,150.0,30,150.0,1.5,1.5,1,0,38.16731383400277,158.98603715452512,242.9556153847198
47,150.0,20,50.0,1.0,1.5,2,0,13.946115536838334,248.20112029920148,183.31546112497563
47,150.0,20,50.0,2.0,1.5,3,0,4.286567797358252,477.15933005907544,168.75644352843335
47,150.0,20,50.0,1.0,2.0,4,0,1.7573541736990275,360.91134198831946,177.83829369260422
46,150.0,30,150.0,1.5,2.0,0,1,37.642127944999515,678.2835324348376,147.7690664040261
47,150.0,20,50.0,1.5,2.0,0,0,0.9265614682704222,371.0612359812324,152.82820705172267
46,150.0,30,150.0,1.0,2.0,0,1,37.642127944999515,678.2835324348376,147.7690664040261
46,150.0,30,150.0,1.5,2.0,1,0,38.16731383400277,158.98603715452512,242.9556153847198
46,150.0,30,150.0,1.0,2.0,1,0,38.16731383400277,158.98603715452512,242.9556153847198
47,150.0,20,50.0,1.0,2.0,3,0,4.286567797358252,477.15933005907544,168.75644352843335
47,150.0,20,50.0,1.5,2.0,4,0,1.7573541736990275,360.91134198831946,177.83829369260422
47,150.0,20,50.0,1.5,1.5,1,0,11.961744197768102,508.09619272662525,320.04607686407394
46,150.0,25,150.0,1.5,2.0,0,1,85.93236468333066,678.2835324348376,147.7690664040261
46,150.0,30,150.0,2.0,1.0,4,0,68.70991308919736,265.0637616104509,347.72670708802843
47,150.0,20,50.0,2.0,2.0,0,0,0.9265614682704222,371.0612359812324,152.82820705172267
47,150.0,20,50.0,1.5,2.0,3,0,4.286567797358252,477.15933005907544,168.75644352843335
47,150.0,20,50.0,2.0,2.0,4,0,1.7573541736990275,360.91134198831946,177.83829369260422
47,150.0,20,50.0,1.5,1.5,2,0,13.946115536838334,248.20112029920148,183.31546112497563
47,150.0,20,50.0,2.0,1.5,1,0,11.961744197768102,508.09619272662525,320.04607686407394
47,150.0,20,50.0,2.0,2.0,3,0,4.286567797358252,477.15933005907544,168.75644352843335
47,150.0,20,50.0,1.0,2.0,1,0,11.961744197768102,508.09619272662525,320.04607686407394
47,150.0,25,50.0,1.0,1.0,0,0,0.9265614682704222,371.0612359812324,152.82820705172267
47,150.0,20,50.0,2.0,1.5,2,0,13.946115536838334,248.20112029920148,183.31546112497563
46,150.0,30,150.0,2.0,2.0,0,1,37.642127944999515,678.2835324348376,147.7690664040261
47,150.0,20,50.0,1.0,2.0,2,0,13.946115536838334,248.20112029920148,183.31546112497563
47,150.0,25,50.0,1.0,1.0,4,0,1.7573541736990275,360.91134198831946,177.83829369260422
47,150.0,25,50.0,1.5,1.0,0,0,0.9265614682704222,371.0612359812324,152.82820705172267
46,150.0,30,150.0,2.0,2.0,1,0,38.16731383400277,158.98603715452512,242.9556153847198
46,150.0,30,150.0,1.0,1.5,2,0,53.611025593034576,327.8825195895662,312.99656063755816
47,150.0,25,50.0,2.0,1.0,0,0,0.9265614682704222,371.0612359812324,152.82820705172267
47,150.0,25,50.0,1.5,1.0,4,0,1.7573541736990275,360.91134198831946,177.83829369260422
47,150.0,25,50.0,2.0,1.0,4,0,1.7573541736990275,360.91134198831946,177.83829369260422
47,150.0,25,50.0,1.0,1.0,3,0,4.286567797358252,477.15933005907544,168.75644352843335
47,150.0,20,50.0,1.5,2.0,1,0,11.961744197768102,508.09619272662525,320.04607686407394
47,150.0,25,50.0,1.5,1.0,3,0,4.286567797358252,477.15933005907544,168.75644352843335
46,150.0,30,150.0,2.0,1.0,3,1,76.78029426672866,642.2989802428633,197.77052436735875
46,150.0,30,150.0,1.0,2.0,2,0,53.611025593034576,327.8825195895662,312.99656063755816
47,150.0,25,50.0,2.0,1.0,3,0,4.286567797358252,477.15933005907544,168.75644352843335
47,150.0,20,50.0,2.0,2.0,1,0,11.961744197768102,508.09619272662525,320.04607686407394
46,150.0,30,150.0,2.0,1.5,2,0,53.611025593034576,327.8825195895662,312.99656063755816
47,150.0,20,50.0,1.5,2.0,2,0,13.946115536838334,248.20112029920148,183.31546112497563
47,150.0,25,50.0,1.0,1.5,0,0,0.9265614682704222,371.0612359812324,152.82820705172267
47,150.0,20,50.0,2.0,2.0,2,0,13.946115536838334,248.20112029920148,183.31546112497563
47,150.0,25,50.0,1.5,1.5,0,0,0.9265614682704222,371.0612359812324,152.82820705172267
46,150.0,30,150.0,1.5,2.0,2,0,53.611025593034576,327.8825195895662,312.99656063755816
47,150.0,25,50.0,1.0,1.5,4,0,1.7573541736990275,360.91134198831946,177.83829369260422
47,150.0,20,50.0,2.0,1.0,2,0,34.33733958439892,248.20112029920148,183.31546112497563
46,150.0,30,150.0,1.5,1.5,2,0,53.611025593034576,327.8825195895662,312.99656063755816
47,150.0,25,50.0,2.0,1.5,0,0,0.9265614682704222,371.0612359812324,152.82820705172267
47,150.0,25,50.0,1.5,1.5,4,0,1.7573541736990275,360.91134198831946,177.83829369260422
47,150.0,25,50.0,2.0,1.5,4,0,1.7573541736990275,360.91134198831946,177.83829369260422
47,150.0,25,50.0,1.0,2.0,0,0,0.9265614682704222,371.0612359812324,152.82820705172267
47,150.0,25,50.0,1.0,1.5,3,0,4.286567797358252,477.15933005907544,168.75644352843335
47,150.0,25,50.0,1.0,2.0,4,0,1.7573541736990275,360.91134198831946,177.83829369260422
47,150.0,25,50.0,1.5,1.5,3,0,4.286567797358252,477.15933005907544,168.75644352843335
47,150.0,25,50.0,1.5,1.0,1,0,11.961744197768102,508.09619272662525,320.04607686407394
47,150.0,25,50.0,1.0,1.0,1,0,11.961744197768102,508.09619272662525,320.04607686407394
47,150.0,25,50.0,1.0,2.0,3,0,4.286567797358252,477.15933005907544,168.75644352843335
47,150.0,25,50.0,2.0,1.5,3,0,4.286567797358252,477.15933005907544,168.75644352843335
47,150.0,25,50.0,1.5,1.5,1,0,11.961744197768102,508.09619272662525,320.04607686407394
47,150.0,25,50.0,2.0,1.0,1,0,11.961744197768102,508.09619272662525,320.04607686407394
46,150.0,30,150.0,2.0,2.0,2,0,53.611025593034576,327.8825195895662,312.99656063755816
47,150.0,25,50.0,1.0,2.0,1,0,11.961744197768102,508.09619272662525,320.04607686407394
46,150.0,30,150.0,1.0,1.5,4,0,68.96317468262336,265.0637616104509,347.72670708802843
47,150.0,25,50.0,1.0,1.5,1,0,11.961744197768102,508.09619272662525,320.04607686407394
46,150.0,30,150.0,1.0,2.0,4,0,69.46626309217149,265.0637616104509,347.72670708802843
47,150.0,25,50.0,2.0,1.5,1,0,11.961744197768102,508.09619272662525,320.04607686407394
47,150.0,25,50.0,1.0,2.0,2,0,13.946115536838334,248.20112029920148,183.31546112497563
46,150.0,30,150.0,1.5,2.0,4,0,69.46626309217149,265.0637616104509,347.72670708802843
47,150.0,25,50.0,1.5,2.0,0,0,0.9265614682704222,371.0612359812324,152.82820705172267
46,150.0,30,150.0,2.0,1.5,4,0,68.96317468262336,265.0637616104509,347.72670708802843
47,150.0,25,50.0,1.5,2.0,4,0,1.7573541736990275,360.91134198831946,177.83829369260422
47,150.0,25,50.0,2.0,1.5,2,0,14.230587011767321,248.20112029920148,183.31546112497563
46,150.0,30,150.0,1.5,2.0,3,1,74.57740245726394,642.2989802428633,197.77052436735875
47,150.0,25,50.0,2.0,2.0,0,0,0.9265614682704222,371.0612359812324,152.82820705172267
47,150.0,25,50.0,1.5,2.0,3,0,4.286567797358252,477.15933005907544,168.75644352843335
46,150.0,30,150.0,1.0,2.0,3,1,74.57740245726394,642.2989802428633,197.77052436735875
47,150.0,25,50.0,2.0,2.0,4,0,1.7573541736990275,360.91134198831946,177.83829369260422
47,150.0,30,50.0,1.0,1.0,0,0,0.9265614682704222,371.0612359812324,152.82820705172267
46,150.0,30,150.0,1.5,1.5,4,0,68.96317468262336,265.0637616104509,347.72670708802843
47,150.0,30,50.0,1.0,1.0,4,0,1.7573541736990275,360.91134198831946,177.83829369260422
47,150.0,30,50.0,1.5,1.0,0,0,0.9265614682704222,371.0612359812324,152.82820705172267
46,150.0,30,150.0,1.0,1.5,3,1,76.6688900255216,642.2989802428633,197.77052436735875
47,150.0,30,50.0,1.5,1.0,4,0,1.7573541736990275,360.91134198831946,177.83829369260422
47,150.0,30,50.0,2.0,1.0,0,0,0.9265614682704222,371.0612359812324,152.82820705172267
47,150.0,30,50.0,2.0,1.0,4,0,1.7573541736990275,360.91134198831946,177.83829369260422
47,150.0,25,50.0,2.0,2.0,3,0,4.286567797358252,477.15933005907544,168.75644352843335
47,150.0,30,50.0,1.0,1.0,3,0,4.286567797358252,477.15933005907544,168.75644352843335
47,150.0,30,50.0,1.5,1.0,3,0,4.286567797358252,477.15933005907544,168.75644352843335
47,150.0,30,50.0,2.0,1.0,3,0,4.286567797358252,477.15933005907544,168.75644352843335
47,150.0,25,50.0,1.5,2.0,1,0,11.961744197768102,508.09619272662525,320.04607686407394
46,150.0,30,150.0,2.0,2.0,4,0,69.46626309217149,265.0637616104509,347.72670708802843
46,150.0,30,150.0,2.0,1.5,3,1,76.6688900255216,642.2989802428633,197.77052436735875
47,150.0,25,50.0,1.5,2.0,2,0,13.946115536838334,248.20112029920148,183.31546112497563
47,150.0,30,50.0,1.0,1.0,1,0,11.961744197768102,508.09619272662525,320.04607686407394
47,150.0,30,50.0,1.5,1.5,0,0,0.9265614682704222,371.0612359812324,152.82820705172267
46,150.0,30,150.0,1.5,1.5,3,1,76.6688900255216,642.2989802428633,197.77052436735875
47,150.0,30,50.0,1.0,1.5,0,0,0.9265614682704222,371.0612359812324,152.82820705172267
47,150.0,30,50.0,1.0,1.5,4,0,1.7573541736990275,360.91134198831946,177.83829369260422
47,150.0,30,50.0,1.5,1.5,4,0,1.7573541736990275,360.91134198831946,177.83829369260422
47,150.0,30,50.0,1.0,1.0,2,0,13.946115536838334,248.20112029920148,183.31546112497563
47,150.0,30,50.0,1.0,2.0,0,0,0.9265614682704222,371.0612359812324,152.82820705172267
47,150.0,30,50.0,2.0,1.5,0,0,0.9265614682704222,371.0612359812324,152.82820705172267
47,150.0,30,50.0,1.0,2.0,4,0,1.7573541736990275,360.91134198831946,177.83829369260422
47,150.0,25,50.0,2.0,2.0,1,0,11.961744197768102,508.09619272662525,320.04607686407394
47,150.0,30,50.0,1.0,1.5,3,0,4.286567797358252,477.15933005907544,168.75644352843335
47,150.0,30,50.0,1.5,1.0,1,0,11.961744197768102,508.09619272662525,320.04607686407394
47,150.0,30,50.0,1.5,1.5,3,0,4.286567797358252,477.15933005907544,168.75644352843335
47,150.0,25,50.0,1.0,1.5,2,0,26.095117004716602,248.20112029920148,183.31546112497563
47,150.0,30,50.0,2.0,1.5,4,0,1.7573541736990275,360.91134198831946,177.83829369260422
47,150.0,25,50.0,2.0,2.0,2,0,13.946115536838334,248.20112029920148,183.31546112497563
47,150.0,30,50.0,1.5,2.0,0,0,0.9265614682704222,371.0612359812324,152.82820705172267
47,150.0,30,50.0,1.5,1.0,2,0,13.946115536838334,248.20112029920148,183.31546112497563
47,150.0,30,50.0,2.0,1.0,1,0,11.961744197768102,508.09619272662525,320.04607686407394
47,150.0,30,50.0,1.0,2.0,3,0,4.286567797358252,477.15933005907544,168.75644352843335
47,150.0,30,50.0,2.0,2.0,0,0,0.9265614682704222,371.0612359812324,152.82820705172267
46,150.0,30,150.0,2.0,2.0,3,1,74.57740245726394,642.2989802428633,197.77052436735875
47,150.0,30,50.0,1.5,2.0,4,0,1.7573541736990275,360.91134198831946,177.83829369260422
47,150.0,20,100.0,1.0,1.0,0,0,0.9265614682704222,371.0612359812324,152.82820705172267
47,150.0,30,50.0,2.0,2.0,4,0,1.7573541736990275,360.91134198831946,177.83829369260422
47,150.0,20,100.0,1.0,1.0,4,0,1.7573541736990275,360.91134198831946,177.83829369260422
47,150.0,20,100.0,1.5,1.0,0,0,0.9265614682704222,371.0612359812324,152.82820705172267
47,150.0,20,100.0,1.5,1.0,4,0,1.7573541736990275,360.91134198831946,177.83829369260422
47,150.0,30,50.0,2.0,1.5,3,0,4.286567797358252,477.15933005907544,168.75644352843335
47,150.0,20,100.0,1.0,1.0,1,0,4.286567797358252,508.09619272662525,320.04607686407394
47,150.0,30,50.0,1.5,2.0,3,0,4.286567797358252,477.15933005907544,168.75644352843335
47,150.0,30,50.0,2.0,2.0,3,0,4.286567797358252,477.15933005907544,168.75644352843335
47,150.0,30,50.0,1.5,1.5,1,0,11.961744197768102,508.09619272662525,320.04607686407394
47,150.0,20,100.0,1.5,1.0,1,0,4.286567797358252,508.09619272662525,320.04607686407394
47,150.0,30,50.0,1.0,2.0,1,0,11.961744197768102,508.09619272662525,320.04607686407394
47,150.0,30,50.0,1.5,1.5,2,0,13.946115536838334,248.20112029920148,183.31546112497563
47,150.0,20,100.0,1.0,1.0,3,0,10.00227384427563,477.15933005907544,168.75644352843335
47,150.0,30,50.0,1.0,2.0,2,0,13.946115536838334,248.20112029920148,183.31546112497563
47,150.0,30,50.0,1.0,1.5,1,0,11.961744197768102,508.09619272662525,320.04607686407394
47,150.0,20,100.0,2.0,1.0,0,0,0.9265614682704222,371.0612359812324,152.82820705172267
47,150.0,25,50.0,1.5,1.0,2,0,50.903588351385004,248.20112029920148,183.31546112497563
47,150.0,20,100.0,1.0,1.5,0,0,0.9265614682704222,371.0612359812324,152.82820705172267
47,150.0,20,100.0,1.5,1.5,0,0,0.9265614682704222,371.0612359812324,152.82820705172267
47,150.0,20,100.0,2.0,1.0,4,0,1.7573541736990275,360.91134198831946,177.83829369260422
47,150.0,20,100.0,1.0,1.5,4,0,1.7573541736990275,360.91134198831946,177.83829369260422
47,150.0,30,50.0,1.0,1.5,2,0,13.946115536838334,248.20112029920148,183.31546112497563
47,150.0,20,100.0,1.5,1.5,4,0,1.7573541736990275,360.91134198831946,177.83829369260422
47,150.0,20,100.0,1.5,1.0,3,0,10.00227384427563,477.15933005907544,168.75644352843335
47,150.0,30,50.0,2.0,2.0,1,0,11.961744197768102,508.09619272662525,320.04607686407394
47,150.0,20,100.0,2.0,1.5,0,0,0.9265614682704222,371.0612359812324,152.82820705172267
47,150.0,20,100.0,2.0,1.0,1,0,4.286567797358252,508.09619272662525,320.04607686407394
47,150.0,30,50.0,2.0,1.5,1,0,11.961744197768102,508.09619272662525,320.04607686407394
47,150.0,20,100.0,1.5,1.5,1,0,4.286567797358252,508.09619272662525,320.04607686407394
47,150.0,20,100.0,2.0,1.5,4,0,1.7573541736990275,360.91134198831946,177.83829369260422
47,150.0,20,100.0,1.0,1.5,1,0,4.286567797358252,508.09619272662525,320.04607686407394
47,150.0,30,50.0,1.5,2.0,1,0,11.961744197768102,508.09619272662525,320.04607686407394
47,150.0,30,50.0,2.0,1.5,2,0,13.946115536838334,248.20112029920148,183.31546112497563
47,150.0,30,50.0,2.0,2.0,2,0,13.946115536838334,248.20112029920148,183.31546112497563
47,150.0,20,100.0,1.0,2.0,0,0,0.9265614682704222,371.0612359812324,152.82820705172267
47,150.0,20,100.0,1.5,2.0,0,0,0.9265614682704222,371.0612359812324,152.82820705172267
47,150.0,20,100.0,2.0,1.5,1,0,4.286567797358252,508.09619272662525,320.04607686407394
47,150.0,20,100.0,1.0,2.0,4,0,1.7573541736990275,360.91134198831946,177.83829369260422
47,150.0,25,50.0,1.0,1.0,2,0,52.53635665606108,248.20112029920148,183.31546112497563
47,150.0,20,100.0,1.5,2.0,4,0,1.7573541736990275,360.91134198831946,177.83829369260422
47,150.0,20,100.0,1.5,1.5,3,0,10.00227384427563,477.15933005907544,168.75644352843335
47,150.0,20,100.0,1.0,1.5,3,0,10.00227384427563,477.15933005907544,168.75644352843335
47,150.0,30,50.0,1.5,2.0,2,0,13.946115536838334,248.20112029920148,183.31546112497563
47,150.0,25,50.0,1.5,1.5,2,0,56.785870299140484,248.20112029920148,183.31546112497563
47,150.0,20,100.0,1.0,2.0,1,0,4.286567797358252,508.09619272662525,320.04607686407394
47,150.0,20,100.0,2.0,1.0,3,0,10.00227384427563,477.15933005907544,168.75644352843335
47,150.0,25,100.0,1.5,1.0,0,0,0.9265614682704222,371.0612359812324,152.82820705172267
47,150.0,20,100.0,2.0,2.0,0,0,0.9265614682704222,371.0612359812324,152.82820705172267
47,150.0,25,100.0,1.5,1.0,4,0,1.7573541736990275,360.91134198831946,177.83829369260422
47,150.0,20,100.0,2.0,2.0,4,0,1.7573541736990275,360.91134198831946,177.83829369260422
47,150.0,25,100.0,1.0,1.0,0,0,0.9265614682704222,371.0612359812324,152.82820705172267
47,150.0,20,100.0,1.5,2.0,1,0,4.286567797358252,508.09619272662525,320.04607686407394
47,150.0,20,100.0,2.0,1.5,3,0,10.00227384427563,477.15933005907544,168.75644352843335
47,150.0,25,100.0,1.0,1.0,4,0,1.7573541736990275,360.91134198831946,177.83829369260422
47,150.0,25,100.0,1.5,1.0,1,0,4.286567797358252,508.09619272662525,320.04607686407394
47,150.0,20,100.0,2.0,2.0,1,0,4.286567797358252,508.09619272662525,320.04607686407394
47,150.0,25,100.0,1.0,1.0,1,0,4.286567797358252,508.09619272662525,320.04607686407394
47,150.0,20,100.0,1.5,2.0,3,0,10.00227384427563,477.15933005907544,168.75644352843335
47,150.0,20,100.0,1.0,2.0,3,0,10.00227384427563,477.15933005907544,168.75644352843335
47,150.0,20,100.0,1.0,1.0,2,0,30.352908081769204,248.20112029920148,183.31546112497563
47,150.0,25,100.0,2.0,1.0,0,0,0.9265614682704222,371.0612359812324,152.82820705172267
47,150.0,25,100.0,2.0,1.0,4,0,1.7573541736990275,360.91134198831946,177.83829369260422
47,150.0,25,100.0,1.5,1.0,3,0,10.00227384427563,477.15933005907544,168.75644352843335
47,150.0,20,100.0,2.0,2.0,3,0,10.00227384427563,477.15933005907544,168.75644352843335
47,150.0,25,100.0,2.0,1.0,1,0,4.286567797358252,508.09619272662525,320.04607686407394
47,150.0,25,100.0,1.0,1.0,3,0,10.00227384427563,477.15933005907544,168.75644352843335
47,150.0,25,100.0,2.0,1.0,3,0,10.00227384427563,477.15933005907544,168.75644352843335
47,150.0,20,100.0,1.0,1.5,2,0,27.28066094174199,248.20112029920148,183.31546112497563
47,150.0,25,100.0,1.0,1.5,0,0,0.9265614682704222,371.0612359812324,152.82820705172267
47,150.0,25,100.0,1.0,1.5,4,0,1.7573541736990275,360.91134198831946,177.83829369260422
47,150.0,25,100.0,1.0,1.5,1,0,4.286567797358252,508.09619272662525,320.04607686407394
47,150.0,20,100.0,1.5,1.0,2,0,37.692584020167935,248.20112029920148,183.31546112497563
47,150.0,25,100.0,1.5,1.5,0,0,0.9265614682704222,371.0612359812324,152.82820705172267
47,150.0,25,100.0,1.5,1.5,4,0,1.7573541736990275,360.91134198831946,177.83829369260422
47,150.0,25,100.0,1.5,1.5,1,0,4.286567797358252,508.09619272662525,320.04607686407394
47,150.0,25,100.0,1.0,1.5,3,0,10.00227384427563,477.15933005907544,168.75644352843335
47,150.0,25,100.0,2.0,1.5,0,0,0.9265614682704222,371.0612359812324,152.82820705172267
47,150.0,25,100.0,2.0,1.5,4,0,1.7573541736990275,360.91134198831946,177.83829369260422
47,150.0,20,100.0,2.0,1.5,2,0,42.081928836713985,248.20112029920148,183.31546112497563
47,150.0,25,100.0,2.0,1.5,1,0,4.286567797358252,508.09619272662525,320.04607686407394
47,150.0,25,100.0,1.0,2.0,0,0,0.9265614682704222,371.0612359812324,152.82820705172267
47,150.0,25,100.0,1.5,1.5,3,0,10.00227384427563,477.15933005907544,168.75644352843335
47,150.0,25,100.0,1.0,2.0,4,0,1.7573541736990275,360.91134198831946,177.83829369260422
47,150.0,25,100.0,2.0,1.5,3,0,10.00227384427563,477.15933005907544,168.75644352843335
47,150.0,25,100.0,1.0,2.0,1,0,4.286567797358252,508.09619272662525,320.04607686407394
47,150.0,25,100.0,1.0,2.0,2,0,13.807361338739959,248.20112029920148,183.31546112497563
47,150.0,25,100.0,1.5,2.0,0,0,0.9265614682704222,371.0612359812324,152.82820705172267
47,150.0,25,100.0,1.5,2.0,4,0,1.7573541736990275,360.91134198831946,177.83829369260422
47,150.0,25,100.0,1.5,2.0,1,0,4.286567797358252,508.09619272662525,320.04607686407394
47,150.0,20,100.0,1.5,2.0,2,0,55.321295896441775,248.20112029920148,183.31546112497563
47,150.0,25,100.0,2.0,2.0,0,0,0.9265614682704222,371.0612359812324,152.82820705172267
47,150.0,25,100.0,2.0,2.0,4,0,1.7573541736990275,360.91134198831946,177.83829369260422
47,150.0,25,100.0,2.0,2.0,1,0,4.286567797358252,508.09619272662525,320.04607686407394
47,150.0,25,100.0,1.0,1.5,2,0,56.97273324999881,248.20112029920148,183.31546112497563
47,150.0,25,100.0,1.5,2.0,2,0,13.807361338739959,248.20112029920148,183.31546112497563
47,150.0,30,100.0,1.0,1.0,0,0,0.9265614682704222,371.0612359812324,152.82820705172267
47,150.0,30,100.0,1.0,1.0,4,0,1.7573541736990275,360.91134198831946,177.83829369260422
47,150.0,30,100.0,1.0,1.0,1,0,4.286567797358252,508.09619272662525,320.04607686407394
47,150.0,30,100.0,1.5,1.0,0,0,0.9265614682704222,371.0612359812324,152.82820705172267
47,150.0,30,100.0,1.5,1.0,4,0,1.7573541736990275,360.91134198831946,177.83829369260422
47,150.0,25,100.0,2.0,2.0,2,0,13.807361338739959,248.20112029920148,183.31546112497563
47,150.0,30,100.0,1.0,1.0,3,0,10.00227384427563,477.15933005907544,168.75644352843335
47,150.0,30,100.0,1.5,1.0,1,0,4.286567797358252,508.09619272662525,320.04607686407394
47,150.0,30,100.0,1.5,1.0,3,0,10.00227384427563,477.15933005907544,168.75644352843335
47,150.0,30,100.0,2.0,1.0,0,0,0.9265614682704222,371.0612359812324,152.82820705172267
47,150.0,30,100.0,2.0,1.0,4,0,1.7573541736990275,360.91134198831946,177.83829369260422
47,150.0,30,100.0,1.0,1.5,0,0,0.9265614682704222,371.0612359812324,152.82820705172267
47,150.0,30,100.0,1.0,1.5,4,0,1.7573541736990275,360.91134198831946,177.83829369260422
47,150.0,30,100.0,2.0,1.0,1,0,4.286567797358252,508.09619272662525,320.04607686407394
47,150.0,30,100.0,1.0,1.5,1,0,4.286567797358252,508.09619272662525,320.04607686407394
47,150.0,25,100.0,2.0,1.5,2,0,49.009563118721005,248.20112029920148,183.31546112497563
47,150.0,30,100.0,1.5,1.5,0,0,0.9265614682704222,371.0612359812324,152.82820705172267
47,150.0,30,100.0,2.0,1.5,0,0,0.9265614682704222,371.0612359812324,152.82820705172267
47,150.0,30,100.0,1.5,1.5,4,0,1.7573541736990275,360.91134198831946,177.83829369260422
47,150.0,30,100.0,2.0,1.5,4,0,1.7573541736990275,360.91134198831946,177.83829369260422
47,150.0,30,100.0,2.0,1.0,3,0,10.00227384427563,477.15933005907544,168.75644352843335
47,150.0,30,100.0,2.0,1.5,1,0,4.286567797358252,508.09619272662525,320.04607686407394
47,150.0,30,100.0,1.0,1.5,3,0,10.00227384427563,477.15933005907544,168.75644352843335
47,150.0,30,100.0,1.5,1.5,1,0,4.286567797358252,508.09619272662525,320.04607686407394
47,150.0,20,100.0,2.0,2.0,2,0,87.72489158205114,248.20112029920148,183.31546112497563
47,150.0,30,100.0,1.0,2.0,0,0,0.9265614682704222,371.0612359812324,152.82820705172267
47,150.0,30,100.0,1.5,2.0,0,0,0.9265614682704222,371.0612359812324,152.82820705172267
47,150.0,30,100.0,1.0,2.0,4,0,1.7573541736990275,360.91134198831946,177.83829369260422
47,150.0,30,100.0,1.5,2.0,4,0,1.7573541736990275,360.91134198831946,177.83829369260422
47,150.0,30,100.0,1.0,1.0,2,0,34.26321570863489,248.20112029920148,183.31546112497563
47,150.0,30,100.0,1.5,1.5,3,0,10.00227384427563,477.15933005907544,168.75644352843335
47,150.0,30,100.0,1.5,2.0,1,0,4.286567797358252,508.09619272662525,320.04607686407394
47,150.0,30,100.0,1.0,2.0,1,0,4.286567797358252,508.09619272662525,320.04607686407394
47,150.0,30,100.0,2.0,2.0,0,0,0.9265614682704222,371.0612359812324,152.82820705172267
47,150.0,30,100.0,2.0,1.5,3,0,10.00227384427563,477.15933005907544,168.75644352843335
47,150.0,30,100.0,1.5,1.0,2,0,33.1508899621178,248.20112029920148,183.31546112497563
47,150.0,30,100.0,2.0,2.0,4,0,1.7573541736990275,360.91134198831946,177.83829369260422
47,150.0,20,150.0,1.0,1.0,0,0,0.9265614682704222,371.0612359812324,152.82820705172267
47,150.0,30,100.0,2.0,2.0,1,0,4.286567797358252,508.09619272662525,320.04607686407394
47,150.0,30,100.0,1.5,2.0,3,0,10.00227384427563,477.15933005907544,168.75644352843335
47,150.0,30,100.0,1.0,2.0,3,0,10.00227384427563,477.15933005907544,168.75644352843335
47,150.0,20,150.0,1.0,1.0,3,0,4.1328570950349715,477.15933005907544,168.75644352843335
47,150.0,30,100.0,2.0,2.0,3,0,10.00227384427563,477.15933005907544,168.75644352843335
47,150.0,25,100.0,1.0,2.0,3,0,63.066235258272236,477.15933005907544,168.75644352843335
47,150.0,20,150.0,1.5,1.0,0,0,0.9265614682704222,371.0612359812324,152.82820705172267
47,150.0,20,150.0,2.0,1.0,0,0,0.9265614682704222,371.0612359812324,152.82820705172267
47,150.0,20,150.0,1.0,1.5,0,0,0.9265614682704222,371.0612359812324,152.82820705172267
47,150.0,20,150.0,1.0,1.0,1,0,14.737144512919828,508.09619272662525,320.04607686407394
47,150.0,20,150.0,2.0,1.0,3,0,4.1328570950349715,477.15933005907544,168.75644352843335
47,150.0,20,150.0,1.5,1.0,3,0,4.1328570950349715,477.15933005907544,168.75644352843335
47,150.0,20,150.0,1.0,1.5,3,0,4.1328570950349715,477.15933005907544,168.75644352843335
47,150.0,30,100.0,1.5,1.5,2,0,31.541206050234063,248.20112029920148,183.31546112497563
47,150.0,20,150.0,1.5,1.5,0,0,0.9265614682704222,371.0612359812324,152.82820705172267
47,150.0,30,100.0,2.0,1.5,2,0,31.540217813786345,248.20112029920148,183.31546112497563
47,150.0,20,150.0,1.5,1.5,3,0,4.1328570950349715,477.15933005907544,168.75644352843335
47,150.0,20,150.0,2.0,1.5,0,0,0.9265614682704222,371.0612359812324,152.82820705172267
47,150.0,20,150.0,2.0,1.0,1,0,14.737144512919828,508.09619272662525,320.04607686407394
47,150.0,20,150.0,1.5,1.0,1,0,14.737144512919828,508.09619272662525,320.04607686407394
47,150.0,20,150.0,2.0,1.5,3,0,4.1328570950349715,477.15933005907544,168.75644352843335
47,150.0,25,100.0,1.5,2.0,3,0,63.669910099034425,477.15933005907544,168.75644352843335
47,150.0,20,150.0,1.0,1.5,1,0,14.737144512919828,508.09619272662525,320.04607686407394
47,150.0,20,150.0,1.0,2.0,0,0,0.9265614682704222,371.0612359812324,152.82820705172267
47,150.0,20,150.0,1.5,1.5,1,0,14.737144512919828,508.09619272662525,320.04607686407394
47,150.0,25,100.0,2.0,2.0,3,0,70.91008790336983,477.15933005907544,168.75644352843335
47,150.0,20,150.0,1.0,2.0,3,0,4.1328570950349715,477.15933005907544,168.75644352843335
47,150.0,20,150.0,1.5,2.0,0,0,0.9265614682704222,371.0612359812324,152.82820705172267
47,150.0,20,150.0,2.0,1.5,1,0,14.737144512919828,508.09619272662525,320.04607686407394
47,150.0,20,150.0,1.5,2.0,3,0,4.1328570950349715,477.15933005907544,168.75644352843335
47,150.0,20,150.0,2.0,2.0,0,0,0.9265614682704222,371.0612359812324,152.82820705172267
47,150.0,20,150.0,2.0,2.0,3,0,4.1328570950349715,477.15933005907544,168.75644352843335
47,150.0,30,100.0,2.0,2.0,2,0,50.18840453485948,248.20112029920148,183.31546112497563
47,150.0,25,150.0,1.0,1.0,0,0,0.9265614682704222,371.0612359812324,152.82820705172267
47,150.0,25,150.0,1.0,1.0,4,0,1.7573541736990275,360.91134198831946,177.83829369260422
47,150.0,20,150.0,1.0,2.0,1,0,14.737144512919828,508.09619272662525,320.04607686407394
47,150.0,25,150.0,1.0,1.0,1,0,4.286567797358252,508.09619272662525,320.04607686407394
47,150.0,25,150.0,1.0,1.0,3,0,4.508740767212345,477.15933005907544,168.75644352843335
47,150.0,20,150.0,1.5,2.0,1,0,14.737144512919828,508.09619272662525,320.04607686407394
47,150.0,20,150.0,2.0,2.0,1,0,14.737144512919828,508.09619272662525,320.04607686407394
47,150.0,30,100.0,1.5,2.0,2,0,78.73718145020939,248.20112029920148,183.31546112497563
47,150.0,20,150.0,1.0,1.0,4,0,67.4812198384142,360.91134198831946,177.83829369260422
47,150.0,25,150.0,1.5,1.0,0,0,0.9265614682704222,371.0612359812324,152.82820705172267
47,150.0,25,150.0,1.5,1.0,4,0,1.7573541736990275,360.91134198831946,177.83829369260422
47,150.0,25,150.0,1.5,1.0,1,0,4.286567797358252,508.09619272662525,320.04607686407394
47,150.0,25,150.0,1.5,1.0,3,0,4.508740767212345,477.15933005907544,168.75644352843335
47,150.0,25,150.0,1.0,1.0,2,0,25.319332380254924,248.20112029920148,183.31546112497563
47,150.0,25,150.0,2.0,1.0,0,0,0.9265614682704222,371.0612359812324,152.82820705172267
47,150.0,25,150.0,2.0,1.0,4,0,1.7573541736990275,360.91134198831946,177.83829369260422
47,150.0,20,150.0,1.0,1.0,2,0,75.04525041490535,248.20112029920148,183.31546112497563
47,150.0,25,150.0,1.0,1.5,0,0,0.9265614682704222,371.0612359812324,152.82820705172267
47,150.0,25,150.0,1.0,1.5,4,0,1.7573541736990275,360.91134198831946,177.83829369260422
47,150.0,25,150.0,2.0,1.0,1,0,4.286567797358252,508.09619272662525,320.04607686407394
47,150.0,20,150.0,1.5,1.5,4,1,55.784868508958056,360.91134198831946,177.83829369260422
47,150.0,25,150.0,2.0,1.0,3,0,4.508740767212345,477.15933005907544,168.75644352843335
47,150.0,25,150.0,1.5,1.5,0,0,0.9265614682704222,371.0612359812324,152.82820705172267
47,150.0,25,150.0,1.5,1.5,4,0,1.7573541736990275,360.91134198831946,177.83829369260422
47,150.0,25,150.0,1.0,1.5,1,0,4.286567797358252,508.09619272662525,320.04607686407394
47,150.0,25,150.0,1.5,1.5,1,0,4.286567797358252,508.09619272662525,320.04607686407394
47,150.0,25,150.0,1.5,1.5,3,0,4.508740767212345,477.15933005907544,168.75644352843335
47,150.0,25,150.0,1.0,1.5,3,0,4.508740767212345,477.15933005907544,168.75644352843335
47,150.0,20,150.0,1.5,1.5,2,1,62.947301549662335,248.20112029920148,183.31546112497563
47,150.0,25,150.0,2.0,1.5,0,0,0.9265614682704222,371.0612359812324,152.82820705172267
47,150.0,25,150.0,2.0,1.5,4,0,1.7573541736990275,360.91134198831946,177.83829369260422
47,150.0,25,150.0,2.0,1.5,1,0,4.286567797358252,508.09619272662525,320.04607686407394
47,150.0,25,150.0,2.0,1.5,3,0,4.508740767212345,477.15933005907544,168.75644352843335
47,150.0,20,150.0,2.0,1.5,4,1,55.784868508958056,360.91134198831946,177.83829369260422
47,150.0,20,150.0,1.0,1.5,4,1,63.81868057021994,360.91134198831946,177.83829369260422
47,150.0,25,150.0,1.5,1.0,2,0,25.319332380254924,248.20112029920148,183.31546112497563
47,150.0,25,150.0,1.0,2.0,0,0,0.9265614682704222,371.0612359812324,152.82820705172267
47,150.0,25,150.0,1.0,2.0,4,0,1.7573541736990275,360.91134198831946,177.83829369260422
47,150.0,25,150.0,1.0,2.0,1,0,4.286567797358252,508.09619272662525,320.04607686407394
47,150.0,20,150.0,2.0,1.5,2,1,62.947301549662335,248.20112029920148,183.31546112497563
47,150.0,25,150.0,1.0,2.0,3,0,4.508740767212345,477.15933005907544,168.75644352843335
47,150.0,25,150.0,1.5,2.0,0,0,0.9265614682704222,371.0612359812324,152.82820705172267
47,150.0,25,150.0,1.5,1.5,2,0,25.319332380254924,248.20112029920148,183.31546112497563
47,150.0,25,150.0,1.5,2.0,4,0,1.7573541736990275,360.91134198831946,177.83829369260422
47,150.0,30,150.0,1.0,1.0,0,0,0.9265614682704222,371.0612359812324,152.82820705172267
47,150.0,25,150.0,2.0,1.0,2,0,25.319332380254924,248.20112029920148,183.31546112497563
47,150.0,25,150.0,2.0,2.0,0,0,0.9265614682704222,371.0612359812324,152.82820705172267
47,150.0,20,150.0,1.0,2.0,4,1,55.784868508958056,360.91134198831946,177.83829369260422
47,150.0,30,150.0,1.0,1.0,4,0,1.7573541736990275,360.91134198831946,177.83829369260422
47,150.0,30,150.0,1.5,1.0,0,0,0.9265614682704222,371.0612359812324,152.82820705172267
47,150.0,30,100.0,1.0,2.0,2,0,77.54606297320676,248.20112029920148,183.31546112497563
47,150.0,25,150.0,2.0,2.0,4,0,1.7573541736990275,360.91134198831946,177.83829369260422
47,150.0,30,150.0,1.5,1.0,4,0,1.7573541736990275,360.91134198831946,177.83829369260422
47,150.0,30,150.0,2.0,1.0,0,0,0.9265614682704222,371.0612359812324,152.82820705172267
47,150.0,30,150.0,1.0,1.0,1,0,4.286567797358252,508.09619272662525,320.04607686407394
47,150.0,30,150.0,1.0,1.0,3,0,4.508740767212345,477.15933005907544,168.75644352843335
47,150.0,30,150.0,2.0,1.0,4,0,1.7573541736990275,360.91134198831946,177.83829369260422
47,150.0,25,150.0,1.0,1.5,2,0,25.319332380254924,248.20112029920148,183.31546112497563
47,150.0,30,150.0,1.5,1.0,1,0,4.286567797358252,508.09619272662525,320.04607686407394
47,150.0,30,150.0,1.5,1.0,3,0,4.508740767212345,477.15933005907544,168.75644352843335
47,150.0,25,150.0,2.0,2.0,1,0,4.286567797358252,508.09619272662525,320.04607686407394
47,150.0,30,150.0,1.0,1.5,0,0,0.9265614682704222,371.0612359812324,152.82820705172267
47,150.0,25,150.0,2.0,2.0,3,0,4.508740767212345,477.15933005907544,168.75644352843335
47,150.0,20,150.0,2.0,1.0,4,0,67.02651715497667,360.91134198831946,177.83829369260422
47,150.0,30,150.0,1.0,1.5,4,0,1.7573541736990275,360.91134198831946,177.83829369260422
47,150.0,25,150.0,1.5,2.0,1,0,4.286567797358252,508.09619272662525,320.04607686407394
47,150.0,25,150.0,1.5,2.0,3,0,4.508740767212345,477.15933005907544,168.75644352843335
47,150.0,30,150.0,2.0,1.0,1,0,4.286567797358252,508.09619272662525,320.04607686407394
47,150.0,30,150.0,2.0,1.0,3,0,4.508740767212345,477.15933005907544,168.75644352843335
47,150.0,30,150.0,1.0,1.5,1,0,4.286567797358252,508.09619272662525,320.04607686407394
47,150.0,30,150.0,1.0,1.5,3,0,4.508740767212345,477.15933005907544,168.75644352843335
47,150.0,25,150.0,2.0,1.5,2,0,25.319332380254924,248.20112029920148,183.31546112497563
47,150.0,30,150.0,1.5,1.5,0,0,0.9265614682704222,371.0612359812324,152.82820705172267
47,150.0,20,150.0,1.5,2.0,4,1,54.46691024301927,360.91134198831946,177.83829369260422
47,150.0,30,150.0,1.5,1.5,4,0,1.7573541736990275,360.91134198831946,177.83829369260422
47,150.0,20,150.0,1.0,2.0,2,1,65.78957929027403,248.20112029920148,183.31546112497563
47,150.0,20,150.0,2.0,1.0,2,0,72.00084285193988,248.20112029920148,183.31546112497563
47,150.0,30,150.0,1.0,2.0,0,0,0.9265614682704222,371.0612359812324,152.82820705172267
47,150.0,30,150.0,2.0,1.5,0,0,0.9265614682704222,371.0612359812324,152.82820705172267
47,150.0,30,150.0,1.5,1.5,1,0,4.286567797358252,508.09619272662525,320.04607686407394
47,150.0,30,150.0,1.5,1.5,3,0,4.508740767212345,477.15933005907544,168.75644352843335
47,150.0,30,150.0,1.0,2.0,4,0,1.7573541736990275,360.91134198831946,177.83829369260422
47,150.0,30,150.0,2.0,1.5,4,0,1.7573541736990275,360.91134198831946,177.83829369260422
47,150.0,25,150.0,1.0,2.0,2,0,25.319332380254924,248.20112029920148,183.31546112497563
47,150.0,20,150.0,2.0,2.0,4,1,61.55518735076294,360.91134198831946,177.83829369260422
47,150.0,30,150.0,1.0,2.0,1,0,4.286567797358252,508.09619272662525,320.04607686407394
47,150.0,30,150.0,1.5,2.0,0,0,0.9265614682704222,371.0612359812324,152.82820705172267
47,150.0,30,150.0,1.0,2.0,3,0,4.508740767212345,477.15933005907544,168.75644352843335
47,150.0,30,150.0,1.5,2.0,4,0,1.7573541736990275,360.91134198831946,177.83829369260422
47,150.0,30,150.0,2.0,1.5,1,0,4.286567797358252,508.09619272662525,320.04607686407394
47,150.0,30,150.0,2.0,1.5,3,0,4.508740767212345,477.15933005907544,168.75644352843335
47,150.0,30,150.0,1.5,2.0,1,0,4.286567797358252,508.09619272662525,320.04607686407394
47,150.0,30,150.0,1.5,2.0,3,0,4.508740767212345,477.15933005907544,168.75644352843335
47,150.0,20,150.0,2.0,2.0,2,1,68.0703383022038,248.20112029920148,183.31546112497563
47,150.0,30,150.0,2.0,2.0,0,0,0.9265614682704222,371.0612359812324,152.82820705172267
47,150.0,30,150.0,2.0,2.0,4,0,1.7573541736990275,360.91134198831946,177.83829369260422
47,150.0,30,150.0,2.0,2.0,1,0,4.286567797358252,508.09619272662525,320.04607686407394
47,150.0,30,150.0,2.0,2.0,3,0,4.508740767212345,477.15933005907544,168.75644352843335
47,150.0,25,150.0,2.0,2.0,2,0,25.319332380254924,248.20112029920148,183.31546112497563
47,150.0,25,150.0,1.5,2.0,2,0,25.319332380254924,248.20112029920148,183.31546112497563
48,150.0,20,50.0,1.0,1.0,2,0,12.994202528353233,528.5102202196316,230.93993764700497
48,150.0,20,50.0,1.0,1.0,1,0,20.0591900628318,518.1255589810148,278.63545787015914
48,150.0,20,50.0,1.0,1.0,0,1,21.12753174066126,618.457843509995,210.25148704041658
48,150.0,20,50.0,1.0,1.0,4,0,21.277568338938174,583.5392240691343,199.17625985026734
47,150.0,30,150.0,1.5,1.0,2,1,60.48463119003425,248.20112029920148,183.31546112497563
47,150.0,30,150.0,1.0,1.0,2,1,60.48463119003425,248.20112029920148,183.31546112497563
48,150.0,20,50.0,2.0,1.0,2,0,20.739419462464408,528.5102202196316,230.93993764700497
47,150.0,30,150.0,1.0,1.5,2,0,60.12028226403455,248.20112029920148,183.31546112497563
48,150.0,20,50.0,2.0,1.0,1,0,30.74067513307065,518.1255589810148,278.63545787015914
47,150.0,30,150.0,1.5,1.5,2,1,60.48463119003425,248.20112029920148,183.31546112497563
48,150.0,20,50.0,1.5,1.0,2,0,33.52999723159527,528.5102202196316,230.93993764700497
47,150.0,30,150.0,1.5,2.0,2,1,60.48463119003425,248.20112029920148,183.31546112497563
48,150.0,20,50.0,2.0,1.5,2,0,21.31052337314567,528.5102202196316,230.93993764700497
48,150.0,20,50.0,1.5,1.5,2,0,20.739419462464408,528.5102202196316,230.93993764700497
47,150.0,30,150.0,2.0,1.0,2,1,60.48463119003425,248.20112029920148,183.31546112497563
48,150.0,20,50.0,1.0,1.0,3,1,48.40937392019274,588.7156284192499,259.79624804328637
48,150.0,20,50.0,1.0,1.5,1,0,22.852844643201262,518.1255589810148,278.63545787015914
48,150.0,20,50.0,1.5,1.5,1,0,24.754361120970223,518.1255589810148,278.63545787015914
48,150.0,20,50.0,1.0,2.0,2,0,20.212853999740734,528.5102202196316,230.93993764700497
47,150.0,30,150.0,2.0,1.5,2,1,60.48463119003425,248.20112029920148,183.31546112497563
48,150.0,20,50.0,1.5,1.0,1,0,40.754732744515785,518.1255589810148,278.63545787015914
48,150.0,20,50.0,1.5,1.5,4,0,25.715390225917613,583.5392240691343,199.17625985026734
48,150.0,20,50.0,2.0,1.5,1,0,30.068639025168135,518.1255589810148,278.63545787015914
48,150.0,25,50.0,1.0,1.0,2,0,12.994202528353233,528.5102202196316,230.93993764700497
48,150.0,20,50.0,1.5,2.0,2,0,17.458643053011368,528.5102202196316,230.93993764700497
48,150.0,20,50.0,1.5,1.5,0,1,28.751677656123842,618.457843509995,210.25148704041658
48,150.0,20,50.0,1.5,1.5,3,0,29.181783091227686,588.7156284192499,259.79624804328637
48,150.0,20,50.0,1.0,1.5,2,0,26.050389738895227,528.5102202196316,230.93993764700497
48,150.0,20,50.0,2.0,1.5,4,0,36.766962356680274,583.5392240691343,199.17625985026734
48,150.0,20,50.0,1.0,2.0,1,0,30.391713442830124,518.1255589810148,278.63545787015914
48,150.0,20,50.0,1.5,1.0,0,1,46.76125214406675,618.457843509995,210.25148704041658
48,150.0,20,50.0,2.0,1.5,0,1,38.29676349473443,618.457843509995,210.25148704041658
48,150.0,20,50.0,1.5,1.0,4,0,48.074280481028495,583.5392240691343,199.17625985026734
47,150.0,30,150.0,1.0,2.0,2,1,60.48463119003425,248.20112029920148,183.31546112497563
48,150.0,25,50.0,1.0,1.0,1,0,18.67677248065871,518.1255589810148,278.63545787015914
48,150.0,20,50.0,1.0,2.0,4,0,35.74936215127463,583.5392240691343,199.17625985026734
48,150.0,20,50.0,1.5,2.0,4,0,26.668163844807772,583.5392240691343,199.17625985026734
48,150.0,25,50.0,1.5,1.0,2,0,12.994202528353233,528.5102202196316,230.93993764700497
48,150.0,20,50.0,2.0,1.5,3,1,45.67530318044789,588.7156284192499,259.79624804328637
48,150.0,20,50.0,1.5,2.0,1,0,31.97481387592051,518.1255589810148,278.63545787015914
48,150.0,25,50.0,2.0,1.0,2,0,12.994202528353233,528.5102202196316,230.93993764700497
48,150.0,25,50.0,1.0,1.0,4,0,25.078534806342322,583.5392240691343,199.17625985026734
48,150.0,20,50.0,1.0,2.0,0,1,41.639660483850015,618.457843509995,210.25148704041658
48,150.0,20,50.0,1.0,2.0,3,0,41.672736403444475,588.7156284192499,259.79624804328637
48,150.0,20,50.0,1.5,1.0,3,0,58.88135795182366,588.7156284192499,259.79624804328637
48,150.0,25,50.0,1.0,1.0,0,1,27.05182804858856,618.457843509995,210.25148704041658
48,150.0,25,50.0,1.5,1.5,2,0,19.85943565631595,528.5102202196316,230.93993764700497
48,150.0,25,50.0,1.0,1.0,3,0,27.859449035660585,588.7156284192499,259.79624804328637
48,150.0,25,50.0,1.5,1.0,1,0,19.69200748806637,518.1255589810148,278.63545787015914
48,150.0,20,50.0,1.5,2.0,0,1,39.87445953147081,618.457843509995,210.25148704041658
48,150.0,20,50.0,1.5,2.0,3,0,40.15824126897779,588.7156284192499,259.79624804328637
48,150.0,20,50.0,2.0,1.0,3,0,62.29763792994816,588.7156284192499,259.79624804328637
48,150.0,25,50.0,2.0,1.0,1,0,19.69200748806637,518.1255589810148,278.63545787015914
48,150.0,20,50.0,2.0,1.0,4,0,64.96487295332112,583.5392240691343,199.17625985026734
48,150.0,20,50.0,1.0,1.5,0,1,43.231859216335806,618.457843509995,210.25148704041658
48,150.0,25,50.0,2.0,1.5,2,0,19.85943565631595,528.5102202196316,230.93993764700497
47,150.0,30,150.0,2.0,2.0,2,1,60.48463119003425,248.20112029920148,183.31546112497563
48,150.0,30,50.0,1.0,1.0,2,0,12.994202528353233,528.5102202196316,230.93993764700497
48,150.0,20,50.0,2.0,2.0,2,0,33.837096890354346,528.5102202196316,230.93993764700497
48,150.0,25,50.0,1.5,1.0,4,0,27.09339354525223,583.5392240691343,199.17625985026734
48,150.0,30,50.0,1.5,1.0,2,0,12.994202528353233,528.5102202196316,230.93993764700497
48,150.0,20,50.0,2.0,1.0,0,0,73.29513418985907,618.457843509995,210.25148704041658
48,150.0,25,50.0,1.0,2.0,2,0,27.47367972669276,528.5102202196316,230.93993764700497
48,150.0,20,50.0,2.0,2.0,1,0,38.52288906875606,518.1255589810148,278.63545787015914
48,150.0,30,50.0,1.0,1.0,1,0,20.800580260361603,518.1255589810148,278.63545787015914
48,150.0,25,50.0,2.0,1.5,4,0,27.165622644729385,583.5392240691343,199.17625985026734
48,150.0,25,50.0,1.0,2.0,1,0,31.621561943595765,518.1255589810148,278.63545787015914
48,150.0,25,50.0,1.5,1.0,3,0,32.714896667566535,588.7156284192499,259.79624804328637
48,150.0,25,50.0,2.0,1.0,3,0,33.34524630383862,588.7156284192499,259.79624804328637
48,150.0,25,50.0,2.0,2.0,2,0,20.739419462464408,528.5102202196316,230.93993764700497
48,150.0,30,50.0,1.5,1.0,1,0,21.570365303662175,518.1255589810148,278.63545787015914
48,150.0,30,50.0,1.5,1.0,4,0,22.044296829282146,583.5392240691343,199.17625985026734
48,150.0,25,50.0,1.5,1.5,1,0,46.91148404521309,518.1255589810148,278.63545787015914
48,150.0,25,50.0,2.0,1.0,4,0,37.08411718429013,583.5392240691343,199.17625985026734
48,150.0,25,50.0,2.0,2.0,1,0,25.60414119646918,518.1255589810148,278.63545787015914
48,150.0,25,50.0,2.0,1.0,0,0,38.76944332562764,618.457843509995,210.25148704041658
48,150.0,25,50.0,1.5,1.0,0,0,40.59770840252055,618.457843509995,210.25148704041658
48,150.0,30,50.0,1.0,1.5,2,0,12.994202528353233,528.5102202196316,230.93993764700497
48,150.0,30,50.0,1.5,1.0,0,0,27.150871582568133,618.457843509995,210.25148704041658
48,150.0,30,50.0,2.0,1.0,2,0,12.994202528353233,528.5102202196316,230.93993764700497
48,150.0,25,50.0,2.0,2.0,4,0,33.189995940977816,583.5392240691343,199.17625985026734
48,150.0,25,50.0,1.5,2.0,2,0,40.69637019327949,528.5102202196316,230.93993764700497
48,150.0,30,50.0,1.5,1.0,3,0,30.325743189161773,588.7156284192499,259.79624804328637
48,150.0,25,50.0,2.0,1.5,1,0,41.42592971079806,518.1255589810148,278.63545787015914
48,150.0,30,50.0,1.0,1.5,1,0,21.220765931222946,518.1255589810148,278.63545787015914
48,150.0,30,50.0,1.0,1.0,4,0,41.58188321021339,583.5392240691343,199.17625985026734
48,150.0,30,50.0,1.5,1.5,2,0,12.994202528353233,528.5102202196316,230.93993764700497
48,150.0,30,50.0,1.0,1.0,3,0,44.54124400188289,588.7156284192499,259.79624804328637
48,150.0,30,50.0,1.0,1.0,0,1,44.940231073456175,618.457843509995,210.25148704041658
48,150.0,25,50.0,1.5,2.0,1,0,47.82555349677195,518.1255589810148,278.63545787015914
48,150.0,30,50.0,2.0,1.0,1,0,21.570365303662175,518.1255589810148,278.63545787015914
48,150.0,25,50.0,1.0,2.0,4,0,51.18294290261546,583.5392240691343,199.17625985026734
48,150.0,25,50.0,1.5,2.0,4,0,48.83910309491766,583.5392240691343,199.17625985026734
48,150.0,30,50.0,2.0,1.0,4,0,22.044296829282146,583.5392240691343,199.17625985026734
48,150.0,25,50.0,1.5,2.0,3,0,50.49230442247661,588.7156284192499,259.79624804328637
48,150.0,30,50.0,1.0,1.5,4,0,29.058710498595563,583.5392240691343,199.17625985026734
48,150.0,25,50.0,2.0,2.0,3,0,44.34293353601818,588.7156284192499,259.79624804328637
48,150.0,30,50.0,1.5,1.5,1,0,21.379396380286018,518.1255589810148,278.63545787015914
48,150.0,25,50.0,1.0,2.0,3,0,57.99655708099769,588.7156284192499,259.79624804328637
48,150.0,20,50.0,1.0,1.5,4,1,77.00213929564053,583.5392240691343,199.17625985026734
48,150.0,25,50.0,1.0,2.0,0,0,59.23072716693582,618.457843509995,210.25148704041658
48,150.0,25,50.0,1.5,2.0,0,0,55.778765002255405,618.457843509995,210.25148704041658
48,150.0,30,50.0,1.0,1.5,3,0,35.11609133838597,588.7156284192499,259.79624804328637
48,150.0,25,50.0,2.0,1.5,3,0,52.87899060809494,588.7156284192499,259.79624804328637
48,150.0,30,50.0,1.5,1.5,4,0,25.9448670193725,583.5392240691343,199.17625985026734
48,150.0,30,50.0,1.0,2.0,1,0,21.245443228757438,518.1255589810148,278.63545787015914
48,150.0,20,50.0,1.0,1.5,3,1,81.82801909665572,588.7156284192499,259.79624804328637
48,150.0,30,50.0,2.0,1.0,0,0,30.646498255786653,618.457843509995,210.25148704041658
48,150.0,30,50.0,1.0,2.0,2,0,24.87207589934796,528.5102202196316,230.93993764700497
48,150.0,20,100.0,1.0,1.0,4,0,8.119688814293212,583.5392240691343,199.17625985026734
48,150.0,20,100.0,1.0,1.0,2,0,8.276714059295607,528.5102202196316,230.93993764700497
48,150.0,25,50.0,2.0,1.5,0,0,59.992301805479066,618.457843509995,210.25148704041658
48,150.0,25,50.0,1.5,1.5,3,0,85.39785337215274,588.7156284192499,259.79624804328637
48,150.0,20,50.0,2.0,2.0,3,0,73.37539458633346,588.7156284192499,259.79624804328637
48,150.0,30,50.0,1.5,2.0,2,0,23.09526938744,528.5102202196316,230.93993764700497
48,150.0,30,50.0,1.5,1.5,0,0,35.15472541768799,618.457843509995,210.25148704041658
48,150.0,30,50.0,2.0,1.5,0,1,27.584539388140637,618.457843509995,210.25148704041658
48,150.0,30,50.0,1.5,1.5,3,0,35.247119378883575,588.7156284192499,259.79624804328637
48,150.0,20,100.0,1.0,1.0,1,0,14.894965661319953,518.1255589810148,278.63545787015914
48,150.0,20,100.0,1.5,1.0,4,0,8.119688814293212,583.5392240691343,199.17625985026734
48,150.0,30,50.0,2.0,1.5,4,1,27.584539388140637,583.5392240691343,199.17625985026734
48,150.0,20,100.0,1.5,1.0,2,0,8.276714059295607,528.5102202196316,230.93993764700497
48,150.0,20,50.0,2.0,2.0,4,0,75.96256312319805,583.5392240691343,199.17625985026734
48,150.0,30,50.0,2.0,1.5,1,1,30.224625441876583,518.1255589810148,278.63545787015914
48,150.0,20,100.0,1.0,1.0,0,0,19.7256821889746,618.457843509995,210.25148704041658
48,150.0,30,50.0,1.5,2.0,1,0,30.644932927185792,518.1255589810148,278.63545787015914
48,150.0,30,50.0,1.0,2.0,4,0,40.05812940440614,583.5392240691343,199.17625985026734
48,150.0,20,100.0,2.0,1.0,4,0,8.119688814293212,583.5392240691343,199.17625985026734
48,150.0,20,100.0,2.0,1.0,2,0,8.276714059295607,528.5102202196316,230.93993764700497
48,150.0,30,50.0,2.0,1.5,3,1,32.775835097105634,588.7156284192499,259.79624804328637
48,150.0,20,100.0,1.0,1.5,4,0,8.119688814293212,583.5392240691343,199.17625985026734
48,150.0,20,100.0,1.0,1.5,2,0,8.276714059295607,528.5102202196316,230.93993764700497
48,150.0,20,100.0,1.5,1.0,1,0,14.894965661319953,518.1255589810148,278.63545787015914
48,150.0,30,50.0,2.0,2.0,2,0,23.143625394148707,528.5102202196316,230.93993764700497
48,150.0,30,50.0,2.0,1.5,2,1,35.429127438663905,528.5102202196316,230.93993764700497
48,150.0,30,50.0,2.0,2.0,1,0,23.811383873447756,518.1255589810148,278.63545787015914
48,150.0,20,100.0,1.5,1.0,3,0,18.300998111653062,588.7156284192499,259.79624804328637
48,150.0,20,100.0,1.0,1.0,3,1,29.529715838601795,588.7156284192499,259.79624804328637
48,150.0,30,50.0,1.0,2.0,3,0,47.35972282448334,588.7156284192499,259.79624804328637
48,150.0,20,100.0,2.0,1.0,1,0,14.894965661319953,518.1255589810148,278.63545787015914
48,150.0,20,100.0,1.0,1.5,1,0,14.894965661319953,518.1255589810148,278.63545787015914
48,150.0,20,100.0,1.5,1.0,0,1,19.64858152228123,618.457843509995,210.25148704041658
48,150.0,25,50.0,2.0,2.0,0,0,68.69287666128871,618.457843509995,210.25148704041658
48,150.0,30,50.0,2.0,1.0,3,0,46.54441277621375,588.7156284192499,259.79624804328637
48,150.0,30,50.0,1.5,2.0,3,0,40.25888612836297,588.7156284192499,259.79624804328637
48,150.0,20,100.0,2.0,1.0,3,0,18.300998111653062,588.7156284192499,259.79624804328637
48,150.0,20,100.0,2.0,1.0,0,1,19.64858152228123,618.457843509995,210.25148704041658
48,150.0,20,100.0,1.0,1.5,3,0,18.300998111653062,588.7156284192499,259.79624804328637
48,150.0,20,100.0,2.0,1.5,4,0,8.119688814293212,583.5392240691343,199.17625985026734
48,150.0,20,100.0,2.0,1.5,2,0,8.276714059295607,528.5102202196316,230.93993764700497
48,150.0,30,50.0,1.0,2.0,0,0,55.363427421623044,618.457843509995,210.25148704041658
48,150.0,20,100.0,1.0,2.0,4,0,8.119688814293212,583.5392240691343,199.17625985026734
48,150.0,20,50.0,2.0,2.0,0,0,86.97626035141124,618.457843509995,210.25148704041658
48,150.0,20,100.0,1.0,2.0,2,0,8.276714059295607,528.5102202196316,230.93993764700497
48,150.0,20,100.0,1.0,1.5,0,1,19.64858152228123,618.457843509995,210.25148704041658
48,150.0,30,50.0,1.0,1.5,0,0,59.75738110068207,618.457843509995,210.25148704041658
48,150.0,20,100.0,2.0,2.0,4,0,8.119688814293212,583.5392240691343,199.17625985026734
48,150.0,30,50.0,1.5,2.0,4,0,46.3717465528008,583.5392240691343,199.17625985026734
48,150.0,20,100.0,2.0,2.0,2,0,8.276714059295607,528.5102202196316,230.93993764700497
48,150.0,20,100.0,1.5,1.5,4,0,8.119688814293212,583.5392240691343,199.17625985026734
48,150.0,20,100.0,2.0,1.5,1,0,14.894965661319953,518.1255589810148,278.63545787015914
48,150.0,20,100.0,1.5,1.5,2,0,8.276714059295607,528.5102202196316,230.93993764700497
48,150.0,20,100.0,1.5,2.0,4,0,8.119688814293212,583.5392240691343,199.17625985026734
48,150.0,20,100.0,1.5,2.0,2,0,8.276714059295607,528.5102202196316,230.93993764700497
48,150.0,25,100.0,1.0,1.0,4,0,8.54190589344015,583.5392240691343,199.17625985026734
48,150.0,25,100.0,2.0,1.0,4,0,8.54190589344015,583.5392240691343,199.17625985026734
48,150.0,25,100.0,1.5,1.0,4,0,8.54190589344015,583.5392240691343,199.17625985026734
48,150.0,20,100.0,2.0,1.5,3,0,18.300998111653062,588.7156284192499,259.79624804328637
48,150.0,25,100.0,1.0,1.5,4,0,8.54190589344015,583.5392240691343,199.17625985026734
48,150.0,20,100.0,1.0,2.0,0,1,19.437183574786975,618.457843509995,210.25148704041658
48,150.0,20,100.0,2.0,1.5,0,1,19.64858152228123,618.457843509995,210.25148704041658
48,150.0,25,100.0,1.5,1.5,4,0,8.54190589344015,583.5392240691343,199.17625985026734
48,150.0,30,50.0,1.5,2.0,0,0,54.28360197383948,618.457843509995,210.25148704041658
48,150.0,20,100.0,1.5,1.5,1,0,14.894965661319953,518.1255589810148,278.63545787015914
48,150.0,25,50.0,1.0,1.5,1,0,99.07343816207309,518.1255589810148,278.63545787015914
48,150.0,20,100.0,1.0,2.0,1,0,21.180299303572045,518.1255589810148,278.63545787015914
48,150.0,25,50.0,1.0,1.5,2,0,99.3083287316116,528.5102202196316,230.93993764700497
48,150.0,20,100.0,2.0,2.0,0,1,19.52908878603063,618.457843509995,210.25148704041658
48,150.0,25,100.0,1.0,1.5,1,0,14.914835641917742,518.1255589810148,278.63545787015914
48,150.0,25,100.0,2.0,1.0,0,1,17.67618833231331,618.457843509995,210.25148704041658
48,150.0,25,100.0,2.0,1.5,4,0,8.54190589344015,583.5392240691343,199.17625985026734
48,150.0,25,100.0,1.5,1.5,1,0,14.914835641917742,518.1255589810148,278.63545787015914
48,150.0,25,100.0,2.0,1.0,1,0,18.555167851610378,518.1255589810148,278.63545787015914
48,150.0,20,100.0,1.5,1.5,3,0,18.300998111653062,588.7156284192499,259.79624804328637
48,150.0,25,100.0,1.5,2.0,4,0,8.54190589344015,583.5392240691343,199.17625985026734
48,150.0,25,100.0,1.0,2.0,4,0,8.54190589344015,583.5392240691343,199.17625985026734
48,150.0,25,100.0,1.5,1.0,0,1,17.67618833231331,618.457843509995,210.25148704041658
48,150.0,25,100.0,1.0,1.0,0,0,18.555167851610378,618.457843509995,210.25148704041658
48,150.0,20,100.0,1.5,1.5,0,1,19.64858152228123,618.457843509995,210.25148704041658
48,150.0,25,100.0,1.0,1.0,1,0,19.13201048304728,518.1255589810148,278.63545787015914
48,150.0,25,100.0,1.0,1.0,2,0,19.485428826472067,528.5102202196316,230.93993764700497
48,150.0,25,100.0,1.5,1.0,1,0,18.555167851610378,518.1255589810148,278.63545787015914
48,150.0,25,100.0,1.5,1.5,0,1,17.71635103834602,618.457843509995,210.25148704041658
48,150.0,20,100.0,2.0,2.0,1,0,24.8767603900666,518.1255589810148,278.63545787015914
48,150.0,20,100.0,1.5,2.0,0,1,19.52908878603063,618.457843509995,210.25148704041658
48,150.0,25,100.0,1.0,1.0,3,1,22.05398185957315,588.7156284192499,259.79624804328637
48,150.0,25,100.0,2.0,2.0,4,0,8.54190589344015,583.5392240691343,199.17625985026734
48,150.0,25,100.0,2.0,1.0,3,1,25.565311397422402,588.7156284192499,259.79624804328637
48,150.0,25,100.0,1.0,2.0,1,0,14.914835641917742,518.1255589810148,278.63545787015914
48,150.0,25,100.0,1.5,2.0,1,0,14.914835641917742,518.1255589810148,278.63545787015914
48,150.0,20,100.0,1.5,2.0,1,0,20.486754363675544,518.1255589810148,278.63545787015914
48,150.0,25,100.0,1.5,1.5,3,1,19.972680460005854,588.7156284192499,259.79624804328637
48,150.0,20,100.0,1.0,2.0,3,1,33.76461466551892,588.7156284192499,259.79624804328637
48,150.0,25,100.0,2.0,1.5,1,0,14.914835641917742,518.1255589810148,278.63545787015914
48,150.0,25,100.0,1.0,1.5,2,0,20.31962550002456,528.5102202196316,230.93993764700497
48,150.0,25,100.0,1.0,1.5,0,1,20.87763471154846,618.457843509995,210.25148704041658
48,150.0,25,100.0,2.0,1.5,0,1,17.71635103834602,618.457843509995,210.25148704041658
48,150.0,25,100.0,1.0,2.0,0,1,21.591466435067346,618.457843509995,210.25148704041658
48,150.0,25,100.0,1.0,1.5,3,0,22.062632050307393,588.7156284192499,259.79624804328637
48,150.0,20,100.0,2.0,2.0,3,0,30.83762064838523,588.7156284192499,259.79624804328637
48,150.0,25,100.0,1.5,1.0,3,1,26.211205603278422,588.7156284192499,259.79624804328637
48,150.0,30,100.0,2.0,1.0,4,0,8.54190589344015,583.5392240691343,199.17625985026734
48,150.0,30,100.0,1.0,1.0,4,0,8.54190589344015,583.5392240691343,199.17625985026734
48,150.0,25,100.0,2.0,1.5,3,1,19.972680460005854,588.7156284192499,259.79624804328637
48,150.0,30,50.0,2.0,2.0,0,1,62.76350852785939,618.457843509995,210.25148704041658
48,150.0,25,100.0,2.0,1.0,2,0,33.8666960159871,528.5102202196316,230.93993764700497
48,150.0,25,100.0,2.0,2.0,1,0,14.914835641917742,518.1255589810148,278.63545787015914
48,150.0,30,100.0,1.5,1.0,4,0,8.54190589344015,583.5392240691343,199.17625985026734
48,150.0,25,100.0,1.5,1.5,2,1,28.386587786309764,528.5102202196316,230.93993764700497
48,150.0,25,100.0,2.0,2.0,0,1,17.71635103834602,618.457843509995,210.25148704041658
48,150.0,30,100.0,1.5,1.5,4,0,8.54190589344015,583.5392240691343,199.17625985026734
48,150.0,25,100.0,2.0,2.0,3,1,19.972680460005854,588.7156284192499,259.79624804328637
48,150.0,30,100.0,1.0,1.5,4,0,8.54190589344015,583.5392240691343,199.17625985026734
48,150.0,25,100.0,1.5,1.0,2,1,35.67624872822281,528.5102202196316,230.93993764700497
48,150.0,30,100.0,2.0,1.5,4,0,8.54190589344015,583.5392240691343,199.17625985026734
48,150.0,30,100.0,2.0,1.0,2,0,19.21536390522635,528.5102202196316,230.93993764700497
48,150.0,20,100.0,1.5,2.0,3,1,34.67307974429844,588.7156284192499,259.79624804328637
48,150.0,25,100.0,2.0,1.5,2,1,28.386587786309764,528.5102202196316,230.93993764700497
48,150.0,25,100.0,1.5,2.0,2,0,34.9215105565744,528.5102202196316,230.93993764700497
48,150.0,30,100.0,1.5,1.5,1,0,14.914835641917742,518.1255589810148,278.63545787015914
48,150.0,30,50.0,2.0,2.0,3,1,74.56613344765857,588.7156284192499,259.79624804328637
48,150.0,30,100.0,2.0,1.5,1,0,14.914835641917742,518.1255589810148,278.63545787015914
48,150.0,30,100.0,1.0,1.0,2,0,19.21536390522635,528.5102202196316,230.93993764700497
48,150.0,30,50.0,2.0,2.0,4,1,77.18865386826344,583.5392240691343,199.17625985026734
48,150.0,30,100.0,1.0,2.0,4,0,8.54190589344015,583.5392240691343,199.17625985026734
48,150.0,30,100.0,1.5,2.0,4,0,8.54190589344015,583.5392240691343,199.17625985026734
48,150.0,30,100.0,1.0,1.5,1,0,14.914835641917742,518.1255589810148,278.63545787015914
48,150.0,30,100.0,2.0,2.0,4,0,8.54190589344015,583.5392240691343,199.17625985026734
48,150.0,30,100.0,1.5,1.0,2,0,19.21536390522635,528.5102202196316,230.93993764700497
48,150.0,25,100.0,1.0,2.0,3,1,38.8200217255949,588.7156284192499,259.79624804328637
48,150.0,30,100.0,1.5,1.5,2,0,20.31962550002456,528.5102202196316,230.93993764700497
48,150.0,25,100.0,2.0,2.0,2,1,28.386587786309764,528.5102202196316,230.93993764700497
48,150.0,25,100.0,1.5,2.0,3,0,41.9326876261545,588.7156284192499,259.79624804328637
48,150.0,30,100.0,2.0,1.0,0,1,26.537207635876975,618.457843509995,210.25148704041658
48,150.0,30,100.0,1.5,1.5,3,0,21.834619711840492,588.7156284192499,259.79624804328637
48,150.0,30,100.0,2.0,1.5,2,0,20.31962550002456,528.5102202196316,230.93993764700497
48,150.0,25,100.0,1.0,2.0,2,0,40.61040868002427,528.5102202196316,230.93993764700497
48,150.0,30,100.0,1.0,1.5,2,0,20.31962550002456,528.5102202196316,230.93993764700497
48,150.0,30,100.0,2.0,1.5,3,0,21.834619711840492,588.7156284192499,259.79624804328637
48,150.0,20,150.0,1.0,1.0,4,0,8.119688814293212,583.5392240691343,199.17625985026734
48,150.0,20,150.0,1.0,1.0,2,0,8.276714059295607,528.5102202196316,230.93993764700497
48,150.0,30,100.0,1.0,1.5,3,0,21.834619711840492,588.7156284192499,259.79624804328637
48,150.0,30,100.0,2.0,2.0,1,0,14.914835641917742,518.1255589810148,278.63545787015914
48,150.0,30,100.0,1.0,2.0,1,0,14.914835641917742,518.1255589810148,278.63545787015914
48,150.0,20,150.0,1.0,1.0,1,0,9.491913731751485,518.1255589810148,278.63545787015914
48,150.0,30,100.0,1.5,2.0,1,0,14.914835641917742,518.1255589810148,278.63545787015914
48,150.0,20,150.0,1.5,1.0,4,0,8.119688814293212,583.5392240691343,199.17625985026734
48,150.0,30,100.0,1.0,1.0,0,1,27.534384869368562,618.457843509995,210.25148704041658
48,150.0,20,150.0,1.5,1.0,2,0,8.276714059295607,528.5102202196316,230.93993764700497
48,150.0,20,150.0,1.0,1.0,0,0,11.420197240715861,618.457843509995,210.25148704041658
48,150.0,20,150.0,1.5,1.0,1,0,9.491913731751485,518.1255589810148,278.63545787015914
48,150.0,20,150.0,1.0,1.0,3,0,11.91083775891804,588.7156284192499,259.79624804328637
48,150.0,30,100.0,2.0,1.5,0,1,25.84429897391709,618.457843509995,210.25148704041658
48,150.0,30,100.0,2.0,2.0,2,0,20.31962550002456,528.5102202196316,230.93993764700497
48,150.0,20,150.0,1.5,1.0,0,0,11.420197240715861,618.457843509995,210.25148704041658
48,150.0,20,150.0,1.0,1.5,4,0,8.119688814293212,583.5392240691343,199.17625985026734
48,150.0,20,150.0,1.0,1.5,2,0,8.276714059295607,528.5102202196316,230.93993764700497
48,150.0,30,100.0,2.0,2.0,3,0,21.834619711840492,588.7156284192499,259.79624804328637
48,150.0,30,100.0,1.5,2.0,2,0,20.31962550002456,528.5102202196316,230.93993764700497
48,150.0,20,150.0,1.5,1.0,3,0,11.91083775891804,588.7156284192499,259.79624804328637
48,150.0,30,100.0,1.0,1.0,3,1,30.736391173259975,588.7156284192499,259.79624804328637
48,150.0,20,150.0,1.0,1.5,1,0,9.491913731751485,518.1255589810148,278.63545787015914
48,150.0,30,100.0,1.5,1.5,0,0,31.06765384305721,618.457843509995,210.25148704041658
48,150.0,30,100.0,1.0,2.0,2,0,20.31962550002456,528.5102202196316,230.93993764700497
48,150.0,30,100.0,1.0,1.0,1,0,31.185629814545255,518.1255589810148,278.63545787015914
48,150.0,20,150.0,2.0,1.0,4,0,8.119688814293212,583.5392240691343,199.17625985026734
48,150.0,30,100.0,1.5,1.0,0,1,29.43538129616542,618.457843509995,210.25148704041658
48,150.0,20,150.0,2.0,1.0,2,0,8.276714059295607,528.5102202196316,230.93993764700497
48,150.0,30,100.0,1.5,1.0,1,0,30.032852340040417,518.1255589810148,278.63545787015914
48,150.0,20,150.0,1.0,1.5,0,0,11.420197240715861,618.457843509995,210.25148704041658
48,150.0,20,150.0,1.0,1.5,3,0,11.91083775891804,588.7156284192499,259.79624804328637
48,150.0,30,100.0,1.0,2.0,3,0,21.834619711840492,588.7156284192499,259.79624804328637
48,150.0,30,100.0,1.5,2.0,3,0,21.834619711840492,588.7156284192499,259.79624804328637
48,150.0,20,150.0,2.0,1.0,1,0,9.491913731751485,518.1255589810148,278.63545787015914
48,150.0,30,100.0,1.0,1.5,0,0,31.06765384305721,618.457843509995,210.25148704041658
48,150.0,30,100.0,2.0,2.0,0,1,25.84429897391709,618.457843509995,210.25148704041658
48,150.0,20,150.0,2.0,1.0,0,0,11.420197240715861,618.457843509995,210.25148704041658
48,150.0,20,150.0,2.0,1.5,4,0,8.119688814293212,583.5392240691343,199.17625985026734
48,150.0,20,150.0,2.0,1.5,2,0,8.276714059295607,528.5102202196316,230.93993764700497
48,150.0,20,150.0,2.0,1.0,3,0,11.91083775891804,588.7156284192499,259.79624804328637
48,150.0,30,100.0,2.0,1.0,3,1,38.99376690304133,588.7156284192499,259.79624804328637
48,150.0,30,100.0,2.0,1.0,1,0,39.392290820110716,518.1255589810148,278.63545787015914
48,150.0,25,100.0,1.5,2.0,0,0,55.24873814134068,618.457843509995,210.25148704041658
48,150.0,20,150.0,2.0,1.5,1,0,9.491913731751485,518.1255589810148,278.63545787015914
48,150.0,20,150.0,1.5,1.5,4,0,8.119688814293212,583.5392240691343,199.17625985026734
48,150.0,20,150.0,1.5,1.5,2,0,8.276714059295607,528.5102202196316,230.93993764700497
48,150.0,20,150.0,1.5,2.0,4,0,8.119688814293212,583.5392240691343,199.17625985026734
48,150.0,20,150.0,1.0,2.0,4,0,8.119688814293212,583.5392240691343,199.17625985026734
48,150.0,20,150.0,1.5,2.0,2,0,8.276714059295607,528.5102202196316,230.93993764700497
48,150.0,20,150.0,1.0,2.0,2,0,8.276714059295607,528.5102202196316,230.93993764700497
48,150.0,20,150.0,2.0,1.5,0,0,11.420197240715861,618.457843509995,210.25148704041658
48,150.0,20,150.0,1.0,2.0,1,0,9.491913731751485,518.1255589810148,278.63545787015914
48,150.0,20,150.0,1.5,2.0,1,0,9.491913731751485,518.1255589810148,278.63545787015914
48,150.0,20,150.0,1.5,1.5,1,0,9.491913731751485,518.1255589810148,278.63545787015914
48,150.0,20,150.0,2.0,1.5,3,0,11.91083775891804,588.7156284192499,259.79624804328637
48,150.0,20,150.0,2.0,2.0,4,0,8.119688814293212,583.5392240691343,199.17625985026734
48,150.0,25,150.0,1.0,1.0,4,0,8.119688814293212,583.5392240691343,199.17625985026734
48,150.0,20,150.0,2.0,2.0,2,0,8.276714059295607,528.5102202196316,230.93993764700497
48,150.0,20,150.0,1.5,2.0,0,0,11.420197240715861,618.457843509995,210.25148704041658
48,150.0,20,150.0,1.0,2.0,0,0,11.420197240715861,618.457843509995,210.25148704041658
48,150.0,30,100.0,1.5,1.0,3,0,38.523698031923516,588.7156284192499,259.79624804328637
48,150.0,20,150.0,1.5,1.5,0,0,11.420197240715861,618.457843509995,210.25148704041658
48,150.0,25,150.0,1.0,1.0,2,0,8.276714059295607,528.5102202196316,230.93993764700497
48,150.0,25,150.0,1.5,1.0,4,0,8.119688814293212,583.5392240691343,199.17625985026734
48,150.0,25,150.0,2.0,1.0,4,0,8.119688814293212,583.5392240691343,199.17625985026734
48,150.0,25,150.0,1.5,1.0,2,0,8.276714059295607,528.5102202196316,230.93993764700497
48,150.0,25,150.0,2.0,1.0,2,0,8.276714059295607,528.5102202196316,230.93993764700497
48,150.0,20,150.0,1.0,2.0,3,0,11.91083775891804,588.7156284192499,259.79624804328637
48,150.0,20,150.0,1.5,1.5,3,0,11.91083775891804,588.7156284192499,259.79624804328637
48,150.0,20,150.0,1.5,2.0,3,0,11.91083775891804,588.7156284192499,259.79624804328637
48,150.0,20,150.0,2.0,2.0,1,0,9.491913731751485,518.1255589810148,278.63545787015914
48,150.0,25,150.0,1.5,1.0,1,0,9.491913731751485,518.1255589810148,278.63545787015914
48,150.0,30,100.0,1.0,2.0,0,0,31.06765384305721,618.457843509995,210.25148704041658
48,150.0,25,150.0,2.0,1.0,1,0,9.491913731751485,518.1255589810148,278.63545787015914
48,150.0,25,150.0,1.0,1.0,1,0,9.491913731751485,518.1255589810148,278.63545787015914
48,150.0,25,150.0,1.0,1.5,4,0,8.119688814293212,583.5392240691343,199.17625985026734
48,150.0,30,100.0,1.5,2.0,0,0,31.027089247153736,618.457843509995,210.25148704041658
48,150.0,25,150.0,1.5,1.5,4,0,8.119688814293212,583.5392240691343,199.17625985026734
48,150.0,25,150.0,1.0,1.5,2,0,8.276714059295607,528.5102202196316,230.93993764700497
48,150.0,25,150.0,1.5,1.0,0,0,11.420197240715861,618.457843509995,210.25148704041658
48,150.0,25,150.0,1.5,1.5,2,0,8.276714059295607,528.5102202196316,230.93993764700497
48,150.0,25,150.0,1.5,1.0,3,0,11.91083775891804,588.7156284192499,259.79624804328637
48,150.0,25,150.0,2.0,1.0,0,0,11.420197240715861,618.457843509995,210.25148704041658
48,150.0,25,150.0,1.0,1.0,0,0,11.420197240715861,618.457843509995,210.25148704041658
48,150.0,20,150.0,2.0,2.0,0,0,11.420197240715861,618.457843509995,210.25148704041658
48,150.0,25,150.0,2.0,1.0,3,0,11.91083775891804,588.7156284192499,259.79624804328637
48,150.0,25,150.0,1.0,1.5,1,0,9.491913731751485,518.1255589810148,278.63545787015914
48,150.0,25,150.0,1.0,1.0,3,0,11.91083775891804,588.7156284192499,259.79624804328637
48,150.0,25,150.0,2.0,1.5,4,0,8.119688814293212,583.5392240691343,199.17625985026734
48,150.0,25,150.0,2.0,1.5,2,0,8.276714059295607,528.5102202196316,230.93993764700497
48,150.0,25,150.0,1.5,1.5,1,0,9.491913731751485,518.1255589810148,278.63545787015914
48,150.0,20,150.0,2.0,2.0,3,0,11.91083775891804,588.7156284192499,259.79624804328637
48,150.0,25,150.0,1.0,2.0,4,0,8.119688814293212,583.5392240691343,199.17625985026734
48,150.0,25,150.0,1.0,1.5,0,0,11.420197240715861,618.457843509995,210.25148704041658
48,150.0,25,150.0,1.0,2.0,2,0,8.276714059295607,528.5102202196316,230.93993764700497
48,150.0,25,150.0,2.0,1.5,1,0,9.491913731751485,518.1255589810148,278.63545787015914
48,150.0,30,150.0,1.5,1.0,2,0,6.164846660003077,528.5102202196316,230.93993764700497
48,150.0,25,150.0,1.0,1.5,3,0,11.91083775891804,588.7156284192499,259.79624804328637
48,150.0,30,150.0,1.0,1.0,2,0,6.164846660003077,528.5102202196316,230.93993764700497
48,150.0,30,150.0,1.0,1.5,2,0,6.164846660003077,528.5102202196316,230.93993764700497
48,150.0,25,150.0,1.0,2.0,1,0,9.491913731751485,518.1255589810148,278.63545787015914
48,150.0,25,150.0,1.5,1.5,0,0,11.420197240715861,618.457843509995,210.25148704041658
48,150.0,25,150.0,2.0,1.5,0,0,11.420197240715861,618.457843509995,210.25148704041658
48,150.0,25,150.0,1.5,1.5,3,0,11.91083775891804,588.7156284192499,259.79624804328637
48,150.0,25,150.0,2.0,1.5,3,0,11.91083775891804,588.7156284192499,259.79624804328637
48,150.0,30,150.0,1.5,1.0,4,0,8.81989126254096,583.5392240691343,199.17625985026734
48,150.0,25,150.0,1.5,2.0,4,0,8.119688814293212,583.5392240691343,199.17625985026734
48,150.0,30,150.0,1.5,1.0,1,0,9.141205311921718,518.1255589810148,278.63545787015914
48,150.0,25,150.0,1.0,2.0,0,0,11.420197240715861,618.457843509995,210.25148704041658
48,150.0,25,150.0,2.0,2.0,4,0,8.119688814293212,583.5392240691343,199.17625985026734
49,150.0,20,50.0,1.5,1.0,1,0,0.9265614682704222,314.22539818868415,168.27731519433684
48,150.0,25,150.0,2.0,2.0,2,0,8.276714059295607,528.5102202196316,230.93993764700497
48,150.0,25,150.0,1.5,2.0,2,0,8.276714059295607,528.5102202196316,230.93993764700497
48,150.0,30,150.0,2.0,1.0,2,0,6.164846660003077,528.5102202196316,230.93993764700497
49,150.0,20,50.0,1.0,1.0,1,0,0.9265614682704222,314.22539818868415,168.27731519433684
48,150.0,25,150.0,1.0,2.0,3,0,11.91083775891804,588.7156284192499,259.79624804328637
49,150.0,20,50.0,1.5,1.0,3,0,1.0763451601625635,286.3322262332199,198.76373268364046
49,150.0,20,50.0,1.0,1.0,3,0,1.0763451601625635,286.3322262332199,198.76373268364046
48,150.0,30,150.0,1.5,1.5,2,0,6.164846660003077,528.5102202196316,230.93993764700497
48,150.0,30,150.0,1.0,2.0,2,0,6.164846660003077,528.5102202196316,230.93993764700497
49,150.0,20,50.0,2.0,1.0,1,0,0.9265614682704222,314.22539818868415,168.27731519433684
49,150.0,20,50.0,2.0,1.0,3,0,1.0763451601625635,286.3322262332199,198.76373268364046
48,150.0,30,150.0,2.0,1.5,2,0,6.164846660003077,528.5102202196316,230.93993764700497
48,150.0,25,150.0,2.0,2.0,1,0,9.491913731751485,518.1255589810148,278.63545787015914
48,150.0,30,150.0,1.0,1.0,4,0,8.81989126254096,583.5392240691343,199.17625985026734
48,150.0,30,150.0,1.0,1.5,4,0,8.81989126254096,583.5392240691343,199.17625985026734
48,150.0,30,150.0,1.5,1.0,0,0,11.44133962139546,618.457843509995,210.25148704041658
48,150.0,25,150.0,1.5,2.0,1,0,9.491913731751485,518.1255589810148,278.63545787015914
48,150.0,30,150.0,1.0,1.5,1,0,9.141205311921718,518.1255589810148,278.63545787015914
48,150.0,30,150.0,1.0,1.0,1,0,9.141205311921718,518.1255589810148,278.63545787015914
48,150.0,30,150.0,1.5,1.0,3,0,11.785127179316342,588.7156284192499,259.79624804328637
48,150.0,25,150.0,2.0,2.0,0,0,11.420197240715861,618.457843509995,210.25148704041658
48,150.0,30,150.0,2.0,1.0,4,0,8.81989126254096,583.5392240691343,199.17625985026734
48,150.0,25,150.0,2.0,2.0,3,0,11.91083775891804,588.7156284192499,259.79624804328637
48,150.0,30,150.0,2.0,1.0,1,0,9.141205311921718,518.1255589810148,278.63545787015914
49,150.0,20,50.0,1.0,1.5,1,0,0.9265614682704222,314.22539818868415,168.27731519433684
48,150.0,30,150.0,1.5,1.5,4,0,8.81989126254096,583.5392240691343,199.17625985026734
49,150.0,20,50.0,1.0,1.5,3,0,1.0763451601625635,286.3322262332199,198.76373268364046
48,150.0,30,150.0,1.5,1.5,1,0,9.141205311921718,518.1255589810148,278.63545787015914
48,150.0,30,150.0,1.5,2.0,2,0,6.164846660003077,528.5102202196316,230.93993764700497
48,150.0,25,150.0,1.5,2.0,0,0,11.420197240715861,618.457843509995,210.25148704041658
48,150.0,30,150.0,1.0,1.0,0,0,11.44133962139546,618.457843509995,210.25148704041658
48,150.0,30,150.0,1.0,2.0,4,0,8.81989126254096,583.5392240691343,199.17625985026734
48,150.0,30,150.0,2.0,1.5,4,0,8.81989126254096,583.5392240691343,199.17625985026734
48,150.0,30,150.0,1.0,1.5,0,0,11.44133962139546,618.457843509995,210.25148704041658
48,150.0,30,150.0,1.0,1.0,3,0,11.785127179316342,588.7156284192499,259.79624804328637
48,150.0,30,150.0,1.0,2.0,1,0,9.141205311921718,518.1255589810148,278.63545787015914
48,150.0,30,150.0,1.0,1.5,3,0,11.785127179316342,588.7156284192499,259.79624804328637
48,150.0,25,150.0,1.5,2.0,3,0,11.91083775891804,588.7156284192499,259.79624804328637
48,150.0,30,150.0,2.0,1.5,1,0,9.141205311921718,518.1255589810148,278.63545787015914
49,150.0,20,50.0,1.5,1.5,1,0,0.9265614682704222,314.22539818868415,168.27731519433684
49,150.0,20,50.0,2.0,1.5,1,0,0.9265614682704222,314.22539818868415,168.27731519433684
49,150.0,20,50.0,1.5,1.5,3,0,1.0763451601625635,286.3322262332199,198.76373268364046
49,150.0,20,50.0,2.0,1.5,3,0,1.0763451601625635,286.3322262332199,198.76373268364046
48,150.0,30,150.0,2.0,2.0,2,0,6.164846660003077,528.5102202196316,230.93993764700497
49,150.0,20,50.0,1.5,2.0,1,0,0.9265614682704222,314.22539818868415,168.27731519433684
49,150.0,20,50.0,1.5,2.0,3,0,1.0763451601625635,286.3322262332199,198.76373268364046
49,150.0,20,50.0,1.0,2.0,1,0,0.9265614682704222,314.22539818868415,168.27731519433684
49,150.0,20,50.0,1.0,2.0,3,0,1.0763451601625635,286.3322262332199,198.76373268364046
48,150.0,30,150.0,1.5,1.5,0,0,11.44133962139546,618.457843509995,210.25148704041658
48,150.0,30,150.0,2.0,1.0,0,0,11.44133962139546,618.457843509995,210.25148704041658
48,150.0,30,150.0,1.5,1.5,3,0,11.785127179316342,588.7156284192499,259.79624804328637
48,150.0,30,150.0,2.0,1.0,3,0,11.785127179316342,588.7156284192499,259.79624804328637
48,150.0,30,150.0,1.5,2.0,4,0,8.81989126254096,583.5392240691343,199.17625985026734
48,150.0,30,150.0,1.0,2.0,0,0,11.44133962139546,618.457843509995,210.25148704041658
48,150.0,30,150.0,1.5,2.0,1,0,9.141205311921718,518.1255589810148,278.63545787015914
48,150.0,30,150.0,2.0,1.5,0,0,11.44133962139546,618.457843509995,210.25148704041658
48,150.0,30,150.0,1.0,2.0,3,0,11.785127179316342,588.7156284192499,259.79624804328637
49,150.0,20,50.0,2.0,2.0,1,0,0.9265614682704222,314.22539818868415,168.27731519433684
48,150.0,30,150.0,2.0,1.5,3,0,11.785127179316342,588.7156284192499,259.79624804328637
48,150.0,30,150.0,2.0,2.0,4,0,8.81989126254096,583.5392240691343,199.17625985026734
48,150.0,30,150.0,2.0,2.0,1,0,9.141205311921718,518.1255589810148,278.63545787015914
49,150.0,25,50.0,1.0,1.0,1,0,0.9265614682704222,314.22539818868415,168.27731519433684
49,150.0,25,50.0,2.0,1.0,1,0,0.9265614682704222,314.22539818868415,168.27731519433684
49,150.0,25,50.0,1.5,1.0,1,0,0.9265614682704222,314.22539818868415,168.27731519433684
49,150.0,25,50.0,1.0,1.0,3,0,1.0763451601625635,286.3322262332199,198.76373268364046
49,150.0,25,50.0,1.5,1.0,3,0,1.0763451601625635,286.3322262332199,198.76373268364046
49,150.0,20,50.0,2.0,2.0,3,0,1.0763451601625635,286.3322262332199,198.76373268364046
49,150.0,25,50.0,2.0,1.0,3,0,1.0763451601625635,286.3322262332199,198.76373268364046
48,150.0,30,150.0,1.5,2.0,0,0,11.44133962139546,618.457843509995,210.25148704041658
48,150.0,30,150.0,2.0,2.0,0,0,11.44133962139546,618.457843509995,210.25148704041658
48,150.0,30,150.0,1.5,2.0,3,0,11.785127179316342,588.7156284192499,259.79624804328637
48,150.0,30,150.0,2.0,2.0,3,0,11.785127179316342,588.7156284192499,259.79624804328637
49,150.0,25,50.0,1.0,1.5,1,0,0.9265614682704222,314.22539818868415,168.27731519433684
49,150.0,25,50.0,1.0,1.5,3,0,1.0763451601625635,286.3322262332199,198.76373268364046
49,150.0,25,50.0,1.5,1.5,1,0,0.9265614682704222,314.22539818868415,168.27731519433684
49,150.0,25,50.0,1.5,1.5,3,0,1.0763451601625635,286.3322262332199,198.76373268364046
49,150.0,20,50.0,2.0,1.0,4,1,16.928198924813067,848.1016041448804,419.37436044783584
49,150.0,20,50.0,2.0,1.0,2,1,18.265603734448977,818.0575419691764,455.53724495651306
49,150.0,20,50.0,1.5,1.0,4,1,25.853634954016886,848.1016041448804,419.37436044783584
49,150.0,20,50.0,1.0,1.0,4,1,25.953784118818266,848.1016041448804,419.37436044783584
49,150.0,20,50.0,1.0,1.0,2,1,28.276663669931228,818.0575419691764,455.53724495651306
49,150.0,20,50.0,2.0,1.5,4,1,24.2932789968618,848.1016041448804,419.37436044783584
49,150.0,20,50.0,1.5,1.0,2,1,28.17651450512985,818.0575419691764,455.53724495651306
49,150.0,20,50.0,2.0,1.5,2,1,26.153171723073488,818.0575419691764,455.53724495651306
49,150.0,20,50.0,1.0,1.5,4,1,23.69475730105348,848.1016041448804,419.37436044783584
49,150.0,20,50.0,1.0,1.5,2,1,25.60007467383807,818.0575419691764,455.53724495651306
49,150.0,20,50.0,1.0,2.0,4,1,25.37292950159061,848.1016041448804,419.37436044783584
49,150.0,25,50.0,1.5,1.0,4,1,25.77606410321358,848.1016041448804,419.37436044783584
49,150.0,20,50.0,2.0,2.0,4,1,24.2932789968618,848.1016041448804,419.37436044783584
49,150.0,20,50.0,1.0,2.0,2,1,26.348165565657812,818.0575419691764,455.53724495651306
49,150.0,20,50.0,2.0,2.0,2,1,26.153171723073488,818.0575419691764,455.53724495651306
49,150.0,25,50.0,2.0,1.0,4,1,22.762731497875123,848.1016041448804,419.37436044783584
49,150.0,20,50.0,1.5,1.5,4,1,24.2932789968618,848.1016041448804,419.37436044783584
49,150.0,20,50.0,1.5,2.0,4,1,25.50239569265524,848.1016041448804,419.37436044783584
49,150.0,25,50.0,2.0,1.0,0,0,23.046754005271215,411.416448139193,404.6553535842951
49,150.0,25,50.0,1.5,1.0,2,1,29.75829478796447,818.0575419691764,455.53724495651306
49,150.0,25,50.0,1.0,1.0,4,1,25.77606410321358,848.1016041448804,419.37436044783584
49,150.0,20,50.0,1.5,2.0,2,1,26.461075829402876,818.0575419691764,455.53724495651306
49,150.0,25,50.0,1.5,1.5,4,1,24.097302769940253,848.1016041448804,419.37436044783584
49,150.0,25,50.0,2.0,1.0,2,1,25.096603802016244,818.0575419691764,455.53724495651306
49,150.0,20,50.0,1.5,1.5,2,1,26.153171723073488,818.0575419691764,455.53724495651306
49,150.0,25,50.0,1.0,1.5,4,1,21.75109056859423,848.1016041448804,419.37436044783584
49,150.0,25,50.0,1.5,1.5,2,1,26.93697478025305,818.0575419691764,455.53724495651306
49,150.0,25,50.0,2.0,1.5,1,0,0.9265614682704222,314.22539818868415,168.27731519433684
49,150.0,25,50.0,2.0,1.5,3,0,1.0763451601625635,286.3322262332199,198.76373268364046
49,150.0,25,50.0,1.0,1.0,2,1,29.75829478796447,818.0575419691764,455.53724495651306
49,150.0,25,50.0,1.0,1.5,2,1,23.96869260640078,818.0575419691764,455.53724495651306
49,150.0,25,50.0,1.0,1.5,0,0,47.362546528483676,411.416448139193,404.6553535842951
49,150.0,25,50.0,1.0,2.0,1,0,0.9265614682704222,314.22539818868415,168.27731519433684
49,150.0,25,50.0,1.0,2.0,3,0,1.0763451601625635,286.3322262332199,198.76373268364046
49,150.0,20,50.0,1.0,1.5,0,0,57.56641117861472,411.416448139193,404.6553535842951
49,150.0,25,50.0,1.5,2.0,1,0,0.9265614682704222,314.22539818868415,168.27731519433684
49,150.0,25,50.0,1.5,2.0,3,0,1.0763451601625635,286.3322262332199,198.76373268364046
49,150.0,25,50.0,2.0,1.5,4,1,24.097302769940253,848.1016041448804,419.37436044783584
49,150.0,25,50.0,2.0,1.5,2,1,26.93697478025305,818.0575419691764,455.53724495651306
49,150.0,25,50.0,2.0,2.0,1,0,0.9265614682704222,314.22539818868415,168.27731519433684
49,150.0,25,50.0,2.0,2.0,3,0,1.0763451601625635,286.3322262332199,198.76373268364046
49,150.0,30,50.0,1.0,1.0,1,0,0.9265614682704222,314.22539818868415,168.27731519433684
49,150.0,30,50.0,1.0,1.0,3,0,1.0763451601625635,286.3322262332199,198.76373268364046
49,150.0,30,50.0,1.5,1.0,1,0,0.9265614682704222,314.22539818868415,168.27731519433684
49,150.0,30,50.0,1.5,1.0,3,0,1.0763451601625635,286.3322262332199,198.76373268364046
49,150.0,30,50.0,2.0,1.0,1,0,0.9265614682704222,314.22539818868415,168.27731519433684
49,150.0,30,50.0,2.0,1.0,3,0,1.0763451601625635,286.3322262332199,198.76373268364046
49,150.0,25,50.0,1.0,1.0,0,0,81.2466933148159,411.416448139193,404.6553535842951
49,150.0,30,50.0,1.0,1.5,1,0,0.9265614682704222,314.22539818868415,168.27731519433684
49,150.0,30,50.0,1.5,1.5,1,0,0.9265614682704222,314.22539818868415,168.27731519433684
49,150.0,30,50.0,1.0,1.5,3,0,1.0763451601625635,286.3322262332199,198.76373268364046
49,150.0,30,50.0,1.5,1.5,3,0,1.0763451601625635,286.3322262332199,198.76373268364046
49,150.0,25,50.0,1.0,2.0,4,1,22.606604412363325,848.1016041448804,419.37436044783584
49,150.0,25,50.0,1.0,2.0,2,1,24.140929328644734,818.0575419691764,455.53724495651306
49,150.0,25,50.0,2.0,2.0,0,0,21.186854043556544,411.416448139193,404.6553535842951
49,150.0,25,50.0,2.0,2.0,4,1,21.89767002332518,848.1016041448804,419.37436044783584
49,150.0,30,50.0,1.0,1.0,4,1,25.672843715362948,848.1016041448804,419.37436044783584
49,150.0,25,50.0,2.0,2.0,2,1,25.162842814792885,818.0575419691764,455.53724495651306
49,150.0,25,50.0,1.0,2.0,0,0,27.92467176070717,411.416448139193,404.6553535842951
49,150.0,30,50.0,2.0,1.5,1,0,0.9265614682704222,314.22539818868415,168.27731519433684
49,150.0,30,50.0,2.0,1.5,3,0,1.0763451601625635,286.3322262332199,198.76373268364046
49,150.0,30,50.0,1.0,2.0,1,0,0.9265614682704222,314.22539818868415,168.27731519433684
49,150.0,30,50.0,1.0,2.0,3,0,1.0763451601625635,286.3322262332199,198.76373268364046
49,150.0,30,50.0,1.0,1.0,2,1,29.46223136476123,818.0575419691764,455.53724495651306
49,150.0,30,50.0,1.5,2.0,1,0,0.9265614682704222,314.22539818868415,168.27731519433684
49,150.0,30,50.0,1.5,2.0,3,0,1.0763451601625635,286.3322262332199,198.76373268364046
49,150.0,25,50.0,1.5,2.0,4,1,21.75109056859423,848.1016041448804,419.37436044783584
49,150.0,30,50.0,1.5,1.0,4,1,25.513705947071706,848.1016041448804,419.37436044783584
49,150.0,25,50.0,1.5,2.0,0,0,22.230295938775683,411.416448139193,404.6553535842951
49,150.0,30,50.0,2.0,2.0,1,0,0.9265614682704222,314.22539818868415,168.27731519433684
49,150.0,30,50.0,2.0,2.0,3,0,1.0763451601625635,286.3322262332199,198.76373268364046
49,150.0,30,50.0,1.5,1.0,2,1,26.671773688074563,818.0575419691764,455.53724495651306
49,150.0,30,50.0,1.5,1.5,4,1,25.072538834007457,848.1016041448804,419.37436044783584
49,150.0,30,50.0,2.0,1.0,4,1,25.198938857941645,848.1016041448804,419.37436044783584
49,150.0,20,100.0,1.0,1.0,1,0,0.9265614682704222,314.22539818868415,168.27731519433684
49,150.0,20,100.0,1.0,1.0,3,0,1.0763451601625635,286.3322262332199,198.76373268364046
49,150.0,30,50.0,1.5,1.5,2,1,26.774353532869405,818.0575419691764,455.53724495651306
49,150.0,25,50.0,1.5,2.0,2,1,24.960931111242164,818.0575419691764,455.53724495651306
49,150.0,30,50.0,2.0,1.0,2,1,26.57509219910912,818.0575419691764,455.53724495651306
49,150.0,20,100.0,1.5,1.0,1,0,0.9265614682704222,314.22539818868415,168.27731519433684
49,150.0,20,100.0,1.5,1.0,3,0,1.0763451601625635,286.3322262332199,198.76373268364046
49,150.0,30,50.0,1.0,1.5,4,1,24.097302769940253,848.1016041448804,419.37436044783584
49,150.0,20,100.0,2.0,1.0,1,0,0.9265614682704222,314.22539818868415,168.27731519433684
49,150.0,20,100.0,2.0,1.0,3,0,1.0763451601625635,286.3322262332199,198.76373268364046
49,150.0,30,50.0,1.0,1.5,2,1,26.774353532869405,818.0575419691764,455.53724495651306
49,150.0,20,100.0,1.0,1.0,0,0,5.701929779543478,411.416448139193,404.6553535842951
49,150.0,20,100.0,1.5,1.0,0,0,5.701929779543478,411.416448139193,404.6553535842951
49,150.0,30,50.0,1.5,1.0,0,0,39.748160552472946,411.416448139193,404.6553535842951
49,150.0,20,100.0,1.0,1.5,1,0,0.9265614682704222,314.22539818868415,168.27731519433684
49,150.0,20,100.0,1.0,1.5,3,0,1.0763451601625635,286.3322262332199,198.76373268364046
49,150.0,20,100.0,2.0,1.0,0,0,5.701929779543478,411.416448139193,404.6553535842951
49,150.0,20,100.0,1.0,1.5,0,0,5.701929779543478,411.416448139193,404.6553535842951
49,150.0,20,100.0,1.5,1.5,1,0,0.9265614682704222,314.22539818868415,168.27731519433684
49,150.0,20,100.0,1.5,1.5,3,0,1.0763451601625635,286.3322262332199,198.76373268364046
49,150.0,30,50.0,2.0,1.5,4,1,25.072538834007457,848.1016041448804,419.37436044783584
49,150.0,30,50.0,2.0,1.5,2,1,26.774353532869405,818.0575419691764,455.53724495651306
49,150.0,30,50.0,1.0,2.0,4,1,25.77958755436454,848.1016041448804,419.37436044783584
49,150.0,20,100.0,1.5,1.5,0,0,5.701929779543478,411.416448139193,404.6553535842951
49,150.0,30,50.0,2.0,2.0,4,1,25.072538834007457,848.1016041448804,419.37436044783584
49,150.0,30,50.0,1.0,2.0,2,1,28.04583663285576,818.0575419691764,455.53724495651306
49,150.0,30,50.0,1.5,2.0,4,1,24.097302769940253,848.1016041448804,419.37436044783584
49,150.0,20,100.0,1.0,1.0,4,1,21.203527280326306,848.1016041448804,419.37436044783584
49,150.0,30,50.0,2.0,2.0,2,1,26.774353532869405,818.0575419691764,455.53724495651306
49,150.0,20,100.0,2.0,1.0,4,1,21.203527280326306,848.1016041448804,419.37436044783584
49,150.0,20,100.0,1.0,1.0,2,1,23.193636075080263,818.0575419691764,455.53724495651306
49,150.0,30,50.0,1.5,2.0,2,1,26.774353532869405,818.0575419691764,455.53724495651306
49,150.0,20,100.0,1.5,1.0,4,1,21.203527280326306,848.1016041448804,419.37436044783584
49,150.0,20,100.0,2.0,1.5,1,0,0.9265614682704222,314.22539818868415,168.27731519433684
49,150.0,20,100.0,2.0,1.5,3,0,1.0763451601625635,286.3322262332199,198.76373268364046
49,150.0,20,100.0,2.0,1.0,2,1,23.193636075080263,818.0575419691764,455.53724495651306
49,150.0,30,50.0,1.0,1.0,0,0,64.92732114320846,411.416448139193,404.6553535842951
49,150.0,20,100.0,1.5,1.0,2,1,23.193636075080263,818.0575419691764,455.53724495651306
49,150.0,20,100.0,1.0,2.0,1,0,0.9265614682704222,314.22539818868415,168.27731519433684
49,150.0,20,100.0,1.0,2.0,3,0,1.0763451601625635,286.3322262332199,198.76373268364046
49,150.0,20,100.0,1.5,2.0,1,0,0.9265614682704222,314.22539818868415,168.27731519433684
49,150.0,20,100.0,1.5,2.0,3,0,1.0763451601625635,286.3322262332199,198.76373268364046
49,150.0,20,100.0,2.0,2.0,1,0,0.9265614682704222,314.22539818868415,168.27731519433684
49,150.0,20,100.0,2.0,2.0,3,0,1.0763451601625635,286.3322262332199,198.76373268364046
49,150.0,20,100.0,1.0,1.5,4,1,21.203527280326306,848.1016041448804,419.37436044783584
49,150.0,20,100.0,2.0,1.5,0,0,5.701929779543478,411.416448139193,404.6553535842951
49,150.0,20,100.0,1.5,2.0,0,0,5.701929779543478,411.416448139193,404.6553535842951
49,150.0,20,100.0,1.0,2.0,0,0,5.701929779543478,411.416448139193,404.6553535842951
49,150.0,20,100.0,1.0,1.5,2,1,23.193636075080263,818.0575419691764,455.53724495651306
49,150.0,25,100.0,1.0,1.0,1,0,0.9265614682704222,314.22539818868415,168.27731519433684
49,150.0,20,100.0,2.0,2.0,0,0,5.701929779543478,411.416448139193,404.6553535842951
49,150.0,25,100.0,1.0,1.0,3,0,1.0763451601625635,286.3322262332199,198.76373268364046
49,150.0,20,100.0,1.5,1.5,4,1,21.203527280326306,848.1016041448804,419.37436044783584
49,150.0,20,100.0,1.5,1.5,2,1,23.193636075080263,818.0575419691764,455.53724495651306
49,150.0,25,100.0,1.5,1.0,1,0,0.9265614682704222,314.22539818868415,168.27731519433684
49,150.0,25,100.0,1.5,1.0,3,0,1.0763451601625635,286.3322262332199,198.76373268364046
49,150.0,25,100.0,1.0,1.0,0,0,5.701929779543478,411.416448139193,404.6553535842951
49,150.0,20,100.0,1.5,2.0,4,1,21.203527280326306,848.1016041448804,419.37436044783584
49,150.0,20,100.0,1.5,2.0,2,1,23.193636075080263,818.0575419691764,455.53724495651306
49,150.0,25,100.0,2.0,1.0,1,0,0.9265614682704222,314.22539818868415,168.27731519433684
49,150.0,25,100.0,2.0,1.0,3,0,1.0763451601625635,286.3322262332199,198.76373268364046
49,150.0,20,100.0,1.0,2.0,4,1,21.203527280326306,848.1016041448804,419.37436044783584
49,150.0,20,100.0,2.0,1.5,4,1,21.203527280326306,848.1016041448804,419.37436044783584
49,150.0,25,100.0,1.5,1.0,0,0,5.701929779543478,411.416448139193,404.6553535842951
49,150.0,20,100.0,1.0,2.0,2,1,23.193636075080263,818.0575419691764,455.53724495651306
49,150.0,25,100.0,1.0,1.5,1,0,0.9265614682704222,314.22539818868415,168.27731519433684
49,150.0,25,100.0,1.0,1.5,3,0,1.0763451601625635,286.3322262332199,198.76373268364046
49,150.0,20,100.0,2.0,1.5,2,1,23.193636075080263,818.0575419691764,455.53724495651306
49,150.0,25,100.0,2.0,1.0,0,0,5.701929779543478,411.416448139193,404.6553535842951
49,150.0,25,100.0,1.5,1.5,1,0,0.9265614682704222,314.22539818868415,168.27731519433684
49,150.0,20,100.0,2.0,2.0,4,1,21.203527280326306,848.1016041448804,419.37436044783584
49,150.0,25,100.0,1.5,1.5,3,0,1.0763451601625635,286.3322262332199,198.76373268364046
49,150.0,25,100.0,1.0,1.0,4,1,21.203527280326306,848.1016041448804,419.37436044783584
49,150.0,20,100.0,2.0,2.0,2,1,23.193636075080263,818.0575419691764,455.53724495651306
49,150.0,25,100.0,1.0,1.5,0,0,5.701929779543478,411.416448139193,404.6553535842951
49,150.0,25,100.0,2.0,1.5,1,0,0.9265614682704222,314.22539818868415,168.27731519433684
49,150.0,25,100.0,2.0,1.5,3,0,1.0763451601625635,286.3322262332199,198.76373268364046
49,150.0,25,100.0,1.0,1.0,2,1,22.852610370964758,818.0575419691764,455.53724495651306
49,150.0,25,100.0,1.0,2.0,1,0,0.9265614682704222,314.22539818868415,168.27731519433684
49,150.0,25,100.0,1.0,2.0,3,0,1.0763451601625635,286.3322262332199,198.76373268364046
49,150.0,25,100.0,1.5,1.5,0,0,5.701929779543478,411.416448139193,404.6553535842951
49,150.0,25,100.0,1.0,2.0,0,0,5.701929779543478,411.416448139193,404.6553535842951
49,150.0,25,100.0,1.5,2.0,1,0,0.9265614682704222,314.22539818868415,168.27731519433684
49,150.0,25,100.0,1.5,2.0,3,0,1.0763451601625635,286.3322262332199,198.76373268364046
49,150.0,25,100.0,1.5,1.0,4,1,21.203527280326306,848.1016041448804,419.37436044783584
49,150.0,30,100.0,1.0,1.0,1,0,0.9265614682704222,314.22539818868415,168.27731519433684
49,150.0,30,100.0,1.0,1.0,3,0,1.0763451601625635,286.3322262332199,198.76373268364046
49,150.0,25,100.0,2.0,2.0,1,0,0.9265614682704222,314.22539818868415,168.27731519433684
49,150.0,25,100.0,1.5,1.0,2,1,22.852610370964758,818.0575419691764,455.53724495651306
49,150.0,25,100.0,2.0,1.5,0,0,5.701929779543478,411.416448139193,404.6553535842951
49,150.0,25,100.0,2.0,2.0,3,0,1.0763451601625635,286.3322262332199,198.76373268364046
49,150.0,30,100.0,1.5,1.0,1,0,0.9265614682704222,314.22539818868415,168.27731519433684
49,150.0,30,100.0,1.5,1.0,3,0,1.0763451601625635,286.3322262332199,198.76373268364046
49,150.0,25,100.0,2.0,1.0,4,1,21.203527280326306,848.1016041448804,419.37436044783584
49,150.0,25,100.0,1.5,2.0,0,0,5.701929779543478,411.416448139193,404.6553535842951
49,150.0,30,100.0,1.0,1.0,0,0,5.701929779543478,411.416448139193,404.6553535842951
49,150.0,25,100.0,2.0,1.0,2,1,22.852610370964758,818.0575419691764,455.53724495651306
49,150.0,25,100.0,2.0,2.0,0,0,5.701929779543478,411.416448139193,404.6553535842951
49,150.0,30,100.0,2.0,1.0,1,0,0.9265614682704222,314.22539818868415,168.27731519433684
49,150.0,30,100.0,2.0,1.0,3,0,1.0763451601625635,286.3322262332199,198.76373268364046
49,150.0,30,100.0,1.5,1.0,0,0,5.701929779543478,411.416448139193,404.6553535842951
49,150.0,30,100.0,2.0,1.0,0,0,5.701929779543478,411.416448139193,404.6553535842951
49,150.0,25,100.0,1.0,2.0,4,1,21.203527280326306,848.1016041448804,419.37436044783584
49,150.0,25,100.0,1.0,1.5,4,1,21.203527280326306,848.1016041448804,419.37436044783584
49,150.0,25,100.0,1.5,1.5,4,1,21.203527280326306,848.1016041448804,419.37436044783584
49,150.0,25,100.0,1.0,1.5,2,1,22.852610370964758,818.0575419691764,455.53724495651306
49,150.0,25,100.0,1.0,2.0,2,1,22.852610370964758,818.0575419691764,455.53724495651306
49,150.0,25,100.0,1.5,1.5,2,1,22.852610370964758,818.0575419691764,455.53724495651306
49,150.0,30,100.0,1.0,1.5,1,0,0.9265614682704222,314.22539818868415,168.27731519433684
49,150.0,30,100.0,1.0,1.5,3,0,1.0763451601625635,286.3322262332199,198.76373268364046
49,150.0,30,100.0,1.5,1.5,1,0,0.9265614682704222,314.22539818868415,168.27731519433684
49,150.0,30,100.0,1.5,1.5,3,0,1.0763451601625635,286.3322262332199,198.76373268364046
49,150.0,30,100.0,2.0,1.5,1,0,0.9265614682704222,314.22539818868415,168.27731519433684
49,150.0,30,100.0,2.0,1.5,3,0,1.0763451601625635,286.3322262332199,198.76373268364046
49,150.0,25,100.0,2.0,1.5,4,1,21.203527280326306,848.1016041448804,419.37436044783584
49,150.0,30,100.0,1.0,1.0,4,1,21.203527280326306,848.1016041448804,419.37436044783584
49,150.0,25,100.0,2.0,1.5,2,1,22.852610370964758,818.0575419691764,455.53724495651306
49,150.0,25,100.0,1.5,2.0,4,1,21.203527280326306,848.1016041448804,419.37436044783584
49,150.0,30,100.0,1.5,1.5,0,0,5.701929779543478,411.416448139193,404.6553535842951
49,150.0,30,100.0,1.0,1.0,2,1,23.193636075080263,818.0575419691764,455.53724495651306
49,150.0,30,100.0,1.0,2.0,1,0,0.9265614682704222,314.22539818868415,168.27731519433684
49,150.0,30,100.0,2.0,1.5,0,0,5.701929779543478,411.416448139193,404.6553535842951
49,150.0,30,100.0,1.0,2.0,3,0,1.0763451601625635,286.3322262332199,198.76373268364046
49,150.0,30,100.0,1.5,1.0,4,1,21.203527280326306,848.1016041448804,419.37436044783584
49,150.0,25,100.0,2.0,2.0,4,1,21.203527280326306,848.1016041448804,419.37436044783584
49,150.0,30,100.0,1.5,2.0,1,0,0.9265614682704222,314.22539818868415,168.27731519433684
49,150.0,30,100.0,1.5,2.0,3,0,1.0763451601625635,286.3322262332199,198.76373268364046
49,150.0,25,100.0,1.5,2.0,2,1,22.852610370964758,818.0575419691764,455.53724495651306
49,150.0,25,100.0,2.0,2.0,2,1,22.852610370964758,818.0575419691764,455.53724495651306
49,150.0,30,100.0,1.0,1.5,0,0,5.701929779543478,411.416448139193,404.6553535842951
49,150.0,30,100.0,1.5,1.0,2,1,23.193636075080263,818.0575419691764,455.53724495651306
49,150.0,20,150.0,1.0,1.0,1,0,0.9265614682704222,314.22539818868415,168.27731519433684
49,150.0,30,100.0,2.0,2.0,1,0,0.9265614682704222,314.22539818868415,168.27731519433684
49,150.0,30,100.0,2.0,2.0,3,0,1.0763451601625635,286.3322262332199,198.76373268364046
49,150.0,20,150.0,1.0,1.0,3,0,1.0763451601625635,286.3322262332199,198.76373268364046
49,150.0,30,100.0,2.0,1.0,4,1,21.203527280326306,848.1016041448804,419.37436044783584
49,150.0,20,150.0,1.5,1.0,1,0,0.9265614682704222,314.22539818868415,168.27731519433684
49,150.0,20,150.0,1.5,1.0,3,0,1.0763451601625635,286.3322262332199,198.76373268364046
49,150.0,20,150.0,2.0,1.0,1,0,0.9265614682704222,314.22539818868415,168.27731519433684
49,150.0,20,150.0,2.0,1.0,3,0,1.0763451601625635,286.3322262332199,198.76373268364046
49,150.0,30,100.0,1.0,2.0,0,0,5.701929779543478,411.416448139193,404.6553535842951
49,150.0,30,100.0,1.5,2.0,0,0,5.701929779543478,411.416448139193,404.6553535842951
49,150.0,30,100.0,2.0,1.0,2,1,23.193636075080263,818.0575419691764,455.53724495651306
49,150.0,20,150.0,1.5,1.5,1,0,0.9265614682704222,314.22539818868415,168.27731519433684
49,150.0,20,150.0,1.0,1.5,1,0,0.9265614682704222,314.22539818868415,168.27731519433684
49,150.0,20,150.0,1.5,1.5,3,0,1.0763451601625635,286.3322262332199,198.76373268364046
49,150.0,30,100.0,2.0,2.0,0,0,5.701929779543478,411.416448139193,404.6553535842951
49,150.0,20,150.0,1.0,1.5,3,0,1.0763451601625635,286.3322262332199,198.76373268364046
49,150.0,30,100.0,1.5,1.5,4,1,21.203527280326306,848.1016041448804,419.37436044783584
49,150.0,30,100.0,1.5,2.0,4,1,21.203527280326306,848.1016041448804,419.37436044783584
49,150.0,30,100.0,1.5,1.5,2,1,23.193636075080263,818.0575419691764,455.53724495651306
49,150.0,20,150.0,2.0,1.5,1,0,0.9265614682704222,314.22539818868415,168.27731519433684
49,150.0,20,150.0,2.0,1.5,3,0,1.0763451601625635,286.3322262332199,198.76373268364046
49,150.0,20,150.0,1.0,2.0,1,0,0.9265614682704222,314.22539818868415,168.27731519433684
49,150.0,30,100.0,1.5,2.0,2,1,23.07975554321222,818.0575419691764,455.53724495651306
49,150.0,30,100.0,2.0,1.5,4,1,21.203527280326306,848.1016041448804,419.37436044783584
49,150.0,20,150.0,1.5,2.0,1,0,0.9265614682704222,314.22539818868415,168.27731519433684
49,150.0,20,150.0,1.0,2.0,3,0,1.0763451601625635,286.3322262332199,198.76373268364046
49,150.0,20,150.0,1.5,2.0,3,0,1.0763451601625635,286.3322262332199,198.76373268364046
49,150.0,30,100.0,1.0,1.5,4,1,21.203527280326306,848.1016041448804,419.37436044783584
49,150.0,20,150.0,2.0,2.0,1,0,0.9265614682704222,314.22539818868415,168.27731519433684
49,150.0,20,150.0,2.0,2.0,3,0,1.0763451601625635,286.3322262332199,198.76373268364046
49,150.0,30,100.0,2.0,1.5,2,1,23.193636075080263,818.0575419691764,455.53724495651306
49,150.0,30,100.0,1.0,1.5,2,1,23.193636075080263,818.0575419691764,455.53724495651306
49,150.0,25,150.0,1.0,1.0,1,0,0.9265614682704222,314.22539818868415,168.27731519433684
49,150.0,25,150.0,1.0,1.0,3,0,1.0763451601625635,286.3322262332199,198.76373268364046
49,150.0,30,100.0,1.0,2.0,4,1,21.203527280326306,848.1016041448804,419.37436044783584
49,150.0,25,150.0,1.5,1.0,1,0,0.9265614682704222,314.22539818868415,168.27731519433684
49,150.0,25,150.0,1.5,1.0,3,0,1.0763451601625635,286.3322262332199,198.76373268364046
49,150.0,20,150.0,1.0,1.0,4,1,25.487880115072983,848.1016041448804,419.37436044783584
49,150.0,20,150.0,1.0,1.0,2,1,26.864033456240456,818.0575419691764,455.53724495651306
49,150.0,30,100.0,1.0,2.0,2,1,23.07975554321222,818.0575419691764,455.53724495651306
49,150.0,20,150.0,1.0,1.0,0,0,28.052724183909554,411.416448139193,404.6553535842951
49,150.0,30,100.0,2.0,2.0,4,1,21.203527280326306,848.1016041448804,419.37436044783584
49,150.0,25,150.0,1.0,1.5,1,0,0.9265614682704222,314.22539818868415,168.27731519433684
49,150.0,25,150.0,2.0,1.0,1,0,0.9265614682704222,314.22539818868415,168.27731519433684
49,150.0,25,150.0,1.0,1.5,3,0,1.0763451601625635,286.3322262332199,198.76373268364046
49,150.0,25,150.0,2.0,1.0,3,0,1.0763451601625635,286.3322262332199,198.76373268364046
49,150.0,20,150.0,1.0,1.5,4,1,25.487880115072983,848.1016041448804,419.37436044783584
49,150.0,25,150.0,1.0,1.0,0,0,6.268498322797066,411.416448139193,404.6553535842951
49,150.0,25,150.0,1.5,1.5,1,0,0.9265614682704222,314.22539818868415,168.27731519433684
49,150.0,25,150.0,1.5,1.5,3,0,1.0763451601625635,286.3322262332199,198.76373268364046
49,150.0,20,150.0,1.5,1.0,4,1,25.487880115072983,848.1016041448804,419.37436044783584
49,150.0,25,150.0,1.5,1.0,0,0,6.268498322797066,411.416448139193,404.6553535842951
49,150.0,20,150.0,1.0,1.5,2,1,26.864033456240456,818.0575419691764,455.53724495651306
49,150.0,20,150.0,1.0,1.5,0,0,28.052724183909554,411.416448139193,404.6553535842951
49,150.0,20,150.0,2.0,1.0,4,1,25.487880115072983,848.1016041448804,419.37436044783584
49,150.0,20,150.0,1.5,1.0,2,1,26.864033456240456,818.0575419691764,455.53724495651306
49,150.0,25,150.0,2.0,1.5,1,0,0.9265614682704222,314.22539818868415,168.27731519433684
49,150.0,25,150.0,2.0,1.5,3,0,1.0763451601625635,286.3322262332199,198.76373268364046
49,150.0,30,100.0,2.0,2.0,2,1,23.07975554321222,818.0575419691764,455.53724495651306
49,150.0,20,150.0,1.5,1.0,0,0,28.052724183909554,411.416448139193,404.6553535842951
49,150.0,25,150.0,2.0,1.0,0,0,6.268498322797066,411.416448139193,404.6553535842951
49,150.0,20,150.0,1.5,1.5,4,1,25.487880115072983,848.1016041448804,419.37436044783584
49,150.0,25,150.0,1.0,2.0,1,0,0.9265614682704222,314.22539818868415,168.27731519433684
49,150.0,20,150.0,2.0,1.0,2,1,26.864033456240456,818.0575419691764,455.53724495651306
49,150.0,25,150.0,1.5,2.0,1,0,0.9265614682704222,314.22539818868415,168.27731519433684
49,150.0,25,150.0,1.0,2.0,3,0,1.0763451601625635,286.3322262332199,198.76373268364046
49,150.0,25,150.0,1.5,2.0,3,0,1.0763451601625635,286.3322262332199,198.76373268364046
49,150.0,25,150.0,1.5,1.5,0,0,6.268498322797066,411.416448139193,404.6553535842951
49,150.0,25,150.0,1.0,1.5,0,0,6.268498322797066,411.416448139193,404.6553535842951
49,150.0,20,150.0,1.5,1.5,2,1,26.864033456240456,818.0575419691764,455.53724495651306
49,150.0,20,150.0,1.5,1.5,0,0,28.052724183909554,411.416448139193,404.6553535842951
49,150.0,20,150.0,2.0,1.0,0,0,28.052724183909554,411.416448139193,404.6553535842951
49,150.0,25,150.0,2.0,1.5,0,0,6.268498322797066,411.416448139193,404.6553535842951
49,150.0,25,150.0,2.0,2.0,1,0,0.9265614682704222,314.22539818868415,168.27731519433684
49,150.0,25,150.0,2.0,2.0,3,0,1.0763451601625635,286.3322262332199,198.76373268364046
49,150.0,30,150.0,1.0,1.0,1,0,0.9265614682704222,314.22539818868415,168.27731519433684
49,150.0,30,150.0,1.0,1.0,3,0,1.0763451601625635,286.3322262332199,198.76373268364046
49,150.0,25,150.0,1.0,2.0,0,0,6.268498322797066,411.416448139193,404.6553535842951
49,150.0,25,150.0,2.0,2.0,0,0,6.268498322797066,411.416448139193,404.6553535842951
49,150.0,25,150.0,1.5,2.0,0,0,6.268498322797066,411.416448139193,404.6553535842951
49,150.0,20,150.0,2.0,1.5,4,1,25.487880115072983,848.1016041448804,419.37436044783584
49,150.0,20,150.0,2.0,2.0,4,1,25.487880115072983,848.1016041448804,419.37436044783584
49,150.0,20,150.0,2.0,1.5,2,1,26.864033456240456,818.0575419691764,455.53724495651306
49,150.0,20,150.0,2.0,2.0,2,1,26.864033456240456,818.0575419691764,455.53724495651306
49,150.0,25,150.0,2.0,1.0,4,1,19.9140138141175,848.1016041448804,419.37436044783584
49,150.0,20,150.0,1.0,2.0,4,1,25.487880115072983,848.1016041448804,419.37436044783584
49,150.0,20,150.0,2.0,1.5,0,0,28.052724183909554,411.416448139193,404.6553535842951
49,150.0,20,150.0,2.0,2.0,0,0,28.052724183909554,411.416448139193,404.6553535842951
49,150.0,25,150.0,1.5,1.0,4,1,19.9140138141175,848.1016041448804,419.37436044783584
49,150.0,25,150.0,1.0,1.0,4,1,19.9140138141175,848.1016041448804,419.37436044783584
49,150.0,25,150.0,2.0,1.5,4,1,19.9140138141175,848.1016041448804,419.37436044783584
49,150.0,20,150.0,1.0,2.0,2,1,26.864033456240456,818.0575419691764,455.53724495651306
49,150.0,30,150.0,2.0,1.0,1,0,0.9265614682704222,314.22539818868415,168.27731519433684
49,150.0,25,150.0,1.0,1.5,4,1,19.9140138141175,848.1016041448804,419.37436044783584
49,150.0,30,150.0,1.5,1.0,1,0,0.9265614682704222,314.22539818868415,168.27731519433684
49,150.0,30,150.0,2.0,1.0,3,0,1.0763451601625635,286.3322262332199,198.76373268364046
49,150.0,30,150.0,1.5,1.0,3,0,1.0763451601625635,286.3322262332199,198.76373268364046
49,150.0,25,150.0,1.5,1.0,2,1,22.108834122357045,818.0575419691764,455.53724495651306
49,150.0,20,150.0,1.0,2.0,0,0,28.052724183909554,411.416448139193,404.6553535842951
49,150.0,25,150.0,2.0,1.5,2,1,22.108834122357045,818.0575419691764,455.53724495651306
49,150.0,25,150.0,2.0,1.0,2,1,22.108834122357045,818.0575419691764,455.53724495651306
49,150.0,25,150.0,1.0,1.0,2,1,22.108834122357045,818.0575419691764,455.53724495651306
49,150.0,25,150.0,1.0,1.5,2,1,22.108834122357045,818.0575419691764,455.53724495651306
49,150.0,30,150.0,1.5,1.5,1,0,0.9265614682704222,314.22539818868415,168.27731519433684
49,150.0,30,150.0,1.0,1.5,1,0,0.9265614682704222,314.22539818868415,168.27731519433684
49,150.0,30,150.0,1.5,1.5,3,0,1.0763451601625635,286.3322262332199,198.76373268364046
49,150.0,30,150.0,2.0,1.5,1,0,0.9265614682704222,314.22539818868415,168.27731519433684
49,150.0,30,150.0,1.0,1.5,3,0,1.0763451601625635,286.3322262332199,198.76373268364046
49,150.0,30,150.0,2.0,1.5,3,0,1.0763451601625635,286.3322262332199,198.76373268364046
49,150.0,30,150.0,1.0,2.0,1,0,0.9265614682704222,314.22539818868415,168.27731519433684
49,150.0,30,150.0,2.0,2.0,1,0,0.9265614682704222,314.22539818868415,168.27731519433684
49,150.0,30,150.0,1.5,2.0,1,0,0.9265614682704222,314.22539818868415,168.27731519433684
49,150.0,30,150.0,1.0,2.0,3,0,1.0763451601625635,286.3322262332199,198.76373268364046
49,150.0,30,150.0,2.0,2.0,3,0,1.0763451601625635,286.3322262332199,198.76373268364046
49,150.0,30,150.0,1.5,2.0,3,0,1.0763451601625635,286.3322262332199,198.76373268364046
49,150.0,20,150.0,1.5,2.0,4,1,25.487880115072983,848.1016041448804,419.37436044783584
49,150.0,25,150.0,1.5,1.5,4,1,19.9140138141175,848.1016041448804,419.37436044783584
49,150.0,20,150.0,1.5,2.0,2,1,26.864033456240456,818.0575419691764,455.53724495651306
49,150.0,25,150.0,1.5,1.5,2,1,22.108834122357045,818.0575419691764,455.53724495651306
49,150.0,25,150.0,2.0,2.0,4,1,19.9140138141175,848.1016041448804,419.37436044783584
49,150.0,20,150.0,1.5,2.0,0,0,28.052724183909554,411.416448139193,404.6553535842951
49,150.0,25,150.0,1.0,2.0,4,1,19.9140138141175,848.1016041448804,419.37436044783584
49,150.0,25,150.0,2.0,2.0,2,1,22.108834122357045,818.0575419691764,455.53724495651306
49,150.0,25,150.0,1.0,2.0,2,1,22.108834122357045,818.0575419691764,455.53724495651306
50,150.0,20,50.0,1.5,1.0,0,0,4.196761771375051,470.64839563165447,234.17356719079964
50,150.0,20,50.0,1.0,1.0,0,0,4.196761771375051,470.64839563165447,234.17356719079964
50,150.0,20,50.0,2.0,1.0,0,0,4.196761771375051,470.64839563165447,234.17356719079964
49,150.0,25,150.0,1.5,2.0,4,1,19.9140138141175,848.1016041448804,419.37436044783584
50,150.0,20,50.0,1.0,1.0,1,0,6.984975293040664,491.6143682701822,201.09815262649167
49,150.0,25,150.0,1.5,2.0,2,1,22.108834122357045,818.0575419691764,455.53724495651306
50,150.0,20,50.0,2.0,1.0,1,0,6.984975293040664,491.6143682701822,201.09815262649167
50,150.0,20,50.0,1.0,1.5,0,0,4.196761771375051,470.64839563165447,234.17356719079964
49,150.0,30,150.0,1.0,1.0,4,1,24.309859124903873,848.1016041448804,419.37436044783584
50,150.0,20,50.0,1.5,1.0,1,0,6.984975293040664,491.6143682701822,201.09815262649167
50,150.0,20,50.0,2.0,1.0,2,0,10.276660189245247,505.447760502256,245.70114898511096
50,150.0,20,50.0,2.0,1.0,3,0,10.406285059179277,469.64832458738795,284.35811599372937
49,150.0,30,150.0,1.0,1.0,2,1,26.21517649768846,818.0575419691764,455.53724495651306
50,150.0,20,50.0,1.0,1.0,2,0,10.276660189245247,505.447760502256,245.70114898511096
50,150.0,20,50.0,1.0,1.5,1,0,6.984975293040664,491.6143682701822,201.09815262649167
50,150.0,20,50.0,1.5,1.5,0,0,4.196761771375051,470.64839563165447,234.17356719079964
50,150.0,20,50.0,1.0,1.0,3,0,10.406285059179277,469.64832458738795,284.35811599372937
50,150.0,20,50.0,1.5,1.0,2,0,10.276660189245247,505.447760502256,245.70114898511096
49,150.0,30,150.0,1.5,1.0,4,1,24.309859124903873,848.1016041448804,419.37436044783584
50,150.0,20,50.0,1.5,1.0,3,0,10.406285059179277,469.64832458738795,284.35811599372937
49,150.0,30,150.0,1.5,1.0,2,1,26.21517649768846,818.0575419691764,455.53724495651306
50,150.0,20,50.0,1.0,1.5,2,0,10.276660189245247,505.447760502256,245.70114898511096
50,150.0,20,50.0,1.5,1.5,1,0,6.984975293040664,491.6143682701822,201.09815262649167
49,150.0,30,150.0,2.0,1.0,4,1,24.309859124903873,848.1016041448804,419.37436044783584
49,150.0,30,150.0,2.0,1.0,2,1,26.21517649768846,818.0575419691764,455.53724495651306
49,150.0,30,150.0,2.0,1.5,4,1,24.309859124903873,848.1016041448804,419.37436044783584
50,150.0,20,50.0,2.0,1.0,4,0,20.911559373592198,576.3868486491798,316.5884017606026
50,150.0,20,50.0,1.5,1.5,2,0,10.276660189245247,505.447760502256,245.70114898511096
49,150.0,30,150.0,1.0,2.0,4,1,24.309859124903873,848.1016041448804,419.37436044783584
49,150.0,30,150.0,2.0,2.0,4,1,24.309859124903873,848.1016041448804,419.37436044783584
49,150.0,30,150.0,2.0,1.5,2,1,26.21517649768846,818.0575419691764,455.53724495651306
50,150.0,20,50.0,1.0,1.5,3,0,13.686324450302772,469.64832458738795,284.35811599372937
49,150.0,30,150.0,1.0,1.5,4,1,24.309859124903873,848.1016041448804,419.37436044783584
49,150.0,30,150.0,1.5,1.5,4,1,24.309859124903873,848.1016041448804,419.37436044783584
49,150.0,30,150.0,2.0,2.0,2,1,26.21517649768846,818.0575419691764,455.53724495651306
49,150.0,30,150.0,1.0,2.0,2,1,26.21517649768846,818.0575419691764,455.53724495651306
50,150.0,20,50.0,2.0,1.5,0,0,4.196761771375051,470.64839563165447,234.17356719079964
49,150.0,30,150.0,1.5,1.5,2,1,26.21517649768846,818.0575419691764,455.53724495651306
49,150.0,30,150.0,1.0,1.5,2,1,26.21517649768846,818.0575419691764,455.53724495651306
50,150.0,20,50.0,1.5,1.5,3,0,13.686324450302772,469.64832458738795,284.35811599372937
50,150.0,20,50.0,2.0,1.5,1,0,6.984975293040664,491.6143682701822,201.09815262649167
50,150.0,20,50.0,1.5,1.0,4,0,20.573051960224692,576.3868486491798,316.5884017606026
49,150.0,30,150.0,1.5,2.0,4,1,24.309859124903873,848.1016041448804,419.37436044783584
50,150.0,20,50.0,1.0,1.0,4,0,20.911559373592198,576.3868486491798,316.5884017606026
49,150.0,30,150.0,1.5,2.0,2,1,26.21517649768846,818.0575419691764,455.53724495651306
50,150.0,20,50.0,2.0,1.5,2,0,10.276660189245247,505.447760502256,245.70114898511096
50,150.0,20,50.0,1.5,2.0,0,0,4.196761771375051,470.64839563165447,234.17356719079964
50,150.0,20,50.0,1.0,2.0,0,0,4.196761771375051,470.64839563165447,234.17356719079964
50,150.0,20,50.0,2.0,1.5,3,0,13.686324450302772,469.64832458738795,284.35811599372937
50,150.0,20,50.0,1.5,2.0,1,0,6.984975293040664,491.6143682701822,201.09815262649167
50,150.0,20,50.0,1.0,2.0,1,0,6.984975293040664,491.6143682701822,201.09815262649167
50,150.0,20,50.0,1.5,2.0,2,0,10.276660189245247,505.447760502256,245.70114898511096
50,150.0,20,50.0,1.0,2.0,2,0,10.276660189245247,505.447760502256,245.70114898511096
49,150.0,30,150.0,1.5,1.0,0,0,57.10899798138552,411.416448139193,404.6553535842951
49,150.0,30,150.0,2.0,1.0,0,0,57.10899798138552,411.416448139193,404.6553535842951
50,150.0,20,50.0,2.0,2.0,0,0,4.196761771375051,470.64839563165447,234.17356719079964
50,150.0,20,50.0,1.5,2.0,3,0,15.699570249138953,469.64832458738795,284.35811599372937
50,150.0,20,50.0,2.0,2.0,1,0,6.984975293040664,491.6143682701822,201.09815262649167
50,150.0,20,50.0,1.0,2.0,3,0,15.699570249138953,469.64832458738795,284.35811599372937
50,150.0,25,50.0,1.0,1.0,0,0,4.196761771375051,470.64839563165447,234.17356719079964
49,150.0,30,150.0,1.0,1.0,0,0,57.10899798138552,411.416448139193,404.6553535842951
50,150.0,20,50.0,1.5,1.5,4,0,28.27073786444848,576.3868486491798,316.5884017606026
50,150.0,25,50.0,1.0,1.0,1,0,6.984975293040664,491.6143682701822,201.09815262649167
50,150.0,20,50.0,2.0,2.0,2,0,10.276660189245247,505.447760502256,245.70114898511096
49,150.0,30,150.0,1.0,2.0,0,0,55.4787307973438,411.416448139193,404.6553535842951
50,150.0,25,50.0,1.5,1.0,0,0,4.196761771375051,470.64839563165447,234.17356719079964
50,150.0,25,50.0,1.0,1.0,2,0,10.276660189245247,505.447760502256,245.70114898511096
50,150.0,25,50.0,1.0,1.0,3,0,11.379314014999022,469.64832458738795,284.35811599372937
50,150.0,25,50.0,1.5,1.0,1,0,6.984975293040664,491.6143682701822,201.09815262649167
50,150.0,20,50.0,2.0,1.5,4,0,38.66078031442484,576.3868486491798,316.5884017606026
50,150.0,20,50.0,2.0,2.0,3,0,15.699570249138953,469.64832458738795,284.35811599372937
50,150.0,25,50.0,1.0,1.5,0,0,4.196761771375051,470.64839563165447,234.17356719079964
50,150.0,25,50.0,2.0,1.0,0,0,4.196761771375051,470.64839563165447,234.17356719079964
49,150.0,30,150.0,2.0,2.0,0,0,55.4787307973438,411.416448139193,404.6553535842951
49,150.0,30,150.0,1.0,1.5,0,0,55.4787307973438,411.416448139193,404.6553535842951
50,150.0,25,50.0,1.5,1.0,2,0,10.276660189245247,505.447760502256,245.70114898511096
50,150.0,25,50.0,1.0,1.5,1,0,6.984975293040664,491.6143682701822,201.09815262649167
49,150.0,30,150.0,1.5,2.0,0,0,55.4787307973438,411.416448139193,404.6553535842951
50,150.0,25,50.0,1.5,1.0,3,0,11.379314014999022,469.64832458738795,284.35811599372937
50,150.0,25,50.0,1.5,1.5,0,0,4.196761771375051,470.64839563165447,234.17356719079964
50,150.0,25,50.0,2.0,1.0,1,0,6.984975293040664,491.6143682701822,201.09815262649167
50,150.0,25,50.0,2.0,1.5,0,0,4.196761771375051,470.64839563165447,234.17356719079964
50,150.0,25,50.0,1.5,2.0,0,0,4.196761771375051,470.64839563165447,234.17356719079964
50,150.0,25,50.0,1.0,1.5,2,0,10.276660189245247,505.447760502256,245.70114898511096
50,150.0,25,50.0,1.5,1.5,1,0,6.984975293040664,491.6143682701822,201.09815262649167
50,150.0,25,50.0,1.0,1.5,3,0,10.406285059179277,469.64832458738795,284.35811599372937
50,150.0,25,50.0,1.0,2.0,0,0,4.196761771375051,470.64839563165447,234.17356719079964
50,150.0,25,50.0,2.0,1.0,2,0,10.276660189245247,505.447760502256,245.70114898511096
50,150.0,25,50.0,2.0,1.5,1,0,6.984975293040664,491.6143682701822,201.09815262649167
50,150.0,25,50.0,2.0,1.0,3,0,12.052877388402305,469.64832458738795,284.35811599372937
50,150.0,25,50.0,1.0,2.0,1,0,6.984975293040664,491.6143682701822,201.09815262649167
50,150.0,25,50.0,1.5,1.5,2,0,10.276660189245247,505.447760502256,245.70114898511096
50,150.0,25,50.0,1.5,2.0,1,0,6.984975293040664,491.6143682701822,201.09815262649167
50,150.0,25,50.0,1.5,1.5,3,0,10.406285059179277,469.64832458738795,284.35811599372937
50,150.0,25,50.0,2.0,1.5,2,0,10.276660189245247,505.447760502256,245.70114898511096
50,150.0,25,50.0,2.0,1.5,3,0,10.406285059179277,469.64832458738795,284.35811599372937
50,150.0,25,50.0,1.5,1.0,4,0,21.25683280717653,576.3868486491798,316.5884017606026
50,150.0,25,50.0,1.0,1.5,4,0,19.42181283869428,576.3868486491798,316.5884017606026
50,150.0,25,50.0,1.5,2.0,2,0,10.881101703059462,505.447760502256,245.70114898511096
50,150.0,25,50.0,1.0,2.0,2,0,10.881101703059462,505.447760502256,245.70114898511096
50,150.0,25,50.0,2.0,2.0,0,0,4.196761771375051,470.64839563165447,234.17356719079964
50,150.0,30,50.0,1.0,1.0,0,0,6.6699231959600835,470.64839563165447,234.17356719079964
50,150.0,25,50.0,2.0,2.0,1,0,6.984975293040664,491.6143682701822,201.09815262649167
50,150.0,20,50.0,2.0,2.0,4,0,38.36159857162658,576.3868486491798,316.5884017606026
50,150.0,25,50.0,1.5,2.0,3,0,16.188496370514255,469.64832458738795,284.35811599372937
50,150.0,25,50.0,1.5,1.5,4,0,20.56820348888626,576.3868486491798,316.5884017606026
50,150.0,30,50.0,1.0,1.0,1,0,10.829362880862863,491.6143682701822,201.09815262649167
50,150.0,25,50.0,1.0,2.0,3,0,17.827777785767584,469.64832458738795,284.35811599372937
50,150.0,30,50.0,2.0,1.0,0,0,6.6699231959600835,470.64839563165447,234.17356719079964
50,150.0,25,50.0,2.0,2.0,2,0,10.881101703059462,505.447760502256,245.70114898511096
50,150.0,30,50.0,1.5,1.0,0,0,6.6699231959600835,470.64839563165447,234.17356719079964
50,150.0,25,50.0,2.0,1.5,4,0,20.56820348888626,576.3868486491798,316.5884017606026
50,150.0,20,50.0,1.5,2.0,4,0,51.33106802296307,576.3868486491798,316.5884017606026
50,150.0,30,50.0,1.0,1.0,2,0,16.860117483555975,505.447760502256,245.70114898511096
50,150.0,30,50.0,2.0,1.0,1,0,10.829362880862863,491.6143682701822,201.09815262649167
50,150.0,30,50.0,1.5,1.0,1,0,10.829362880862863,491.6143682701822,201.09815262649167
50,150.0,25,50.0,2.0,1.0,4,0,28.07999072649379,576.3868486491798,316.5884017606026
50,150.0,25,50.0,2.0,2.0,3,0,16.188496370514255,469.64832458738795,284.35811599372937
50,150.0,30,50.0,1.0,1.5,0,0,6.6699231959600835,470.64839563165447,234.17356719079964
50,150.0,30,50.0,2.0,1.0,3,0,17.71454593433079,469.64832458738795,284.35811599372937
50,150.0,30,50.0,1.5,1.0,2,0,19.725416513236116,505.447760502256,245.70114898511096
50,150.0,30,50.0,1.5,1.5,0,0,6.6699231959600835,470.64839563165447,234.17356719079964
50,150.0,30,50.0,2.0,1.0,2,0,22.82039917550919,505.447760502256,245.70114898511096
50,150.0,30,50.0,2.0,1.5,0,0,6.6699231959600835,470.64839563165447,234.17356719079964
50,150.0,30,50.0,1.0,2.0,0,0,6.6699231959600835,470.64839563165447,234.17356719079964
50,150.0,30,50.0,1.0,1.5,1,0,10.829362880862863,491.6143682701822,201.09815262649167
50,150.0,20,50.0,1.0,2.0,4,1,62.989204562457715,576.3868486491798,316.5884017606026
50,150.0,30,50.0,1.0,1.0,3,0,33.29206123865277,469.64832458738795,284.35811599372937
50,150.0,30,50.0,1.5,1.5,1,0,10.829362880862863,491.6143682701822,201.09815262649167
50,150.0,25,50.0,1.5,2.0,4,0,35.77047382002612,576.3868486491798,316.5884017606026
50,150.0,30,50.0,2.0,1.5,1,0,10.829362880862863,491.6143682701822,201.09815262649167
50,150.0,30,50.0,1.0,2.0,1,0,10.829362880862863,491.6143682701822,201.09815262649167
50,150.0,20,50.0,1.0,1.5,4,0,80.05892396615583,576.3868486491798,316.5884017606026
50,150.0,30,50.0,1.5,1.0,3,0,29.972010573856426,469.64832458738795,284.35811599372937
50,150.0,25,50.0,1.0,1.0,4,0,61.285788135624905,576.3868486491798,316.5884017606026
50,150.0,30,50.0,1.5,2.0,0,0,6.6699231959600835,470.64839563165447,234.17356719079964
50,150.0,30,50.0,1.5,1.5,2,0,19.725416513236116,505.447760502256,245.70114898511096
50,150.0,30,50.0,2.0,2.0,0,0,6.6699231959600835,470.64839563165447,234.17356719079964
50,150.0,30,50.0,1.0,1.5,2,0,19.042052577804714,505.447760502256,245.70114898511096
50,150.0,30,50.0,1.0,2.0,2,0,19.725416513236116,505.447760502256,245.70114898511096
50,150.0,30,50.0,2.0,1.5,3,0,17.71454593433079,469.64832458738795,284.35811599372937
50,150.0,30,50.0,1.5,2.0,1,0,10.829362880862863,491.6143682701822,201.09815262649167
50,150.0,30,50.0,2.0,1.0,4,0,39.95797924775103,576.3868486491798,316.5884017606026
50,150.0,30,50.0,2.0,2.0,1,0,10.829362880862863,491.6143682701822,201.09815262649167
50,150.0,30,50.0,1.0,2.0,3,0,28.97493623499316,469.64832458738795,284.35811599372937
50,150.0,30,50.0,1.5,2.0,2,0,19.725416513236116,505.447760502256,245.70114898511096
50,150.0,30,50.0,1.0,1.0,4,0,58.90536526228715,576.3868486491798,316.5884017606026
50,150.0,30,50.0,1.0,1.5,3,0,31.16995213311135,469.64832458738795,284.35811599372937
50,150.0,30,50.0,2.0,1.5,2,0,31.713072192016664,505.447760502256,245.70114898511096
50,150.0,30,50.0,1.5,1.5,3,0,34.92202268601083,469.64832458738795,284.35811599372937
50,150.0,30,50.0,2.0,2.0,2,0,19.725416513236116,505.447760502256,245.70114898511096
50,150.0,30,50.0,1.5,2.0,3,0,28.97493623499316,469.64832458738795,284.35811599372937
50,150.0,30,50.0,2.0,1.5,4,0,41.28751377753064,576.3868486491798,316.5884017606026
50,150.0,30,50.0,2.0,2.0,3,0,31.841436133881512,469.64832458738795,284.35811599372937
50,150.0,20,100.0,2.0,1.0,1,1,32.604782687692655,491.6143682701822,201.09815262649167
50,150.0,20,100.0,1.5,1.0,1,1,44.92896885201226,491.6143682701822,201.09815262649167
50,150.0,20,100.0,1.0,1.0,0,0,38.107561192631294,470.64839563165447,234.17356719079964
50,150.0,20,100.0,1.5,1.0,4,1,47.22765088519008,576.3868486491798,316.5884017606026
50,150.0,20,100.0,1.5,1.0,2,1,48.24373427719347,505.447760502256,245.70114898511096
50,150.0,20,100.0,1.5,1.0,3,0,49.68277115055917,469.64832458738795,284.35811599372937
50,150.0,30,50.0,1.0,2.0,4,0,74.32306271719827,576.3868486491798,316.5884017606026
50,150.0,20,100.0,2.0,1.0,0,0,39.51849330683013,470.64839563165447,234.17356719079964
50,150.0,20,100.0,1.0,1.0,3,0,43.15493354197493,469.64832458738795,284.35811599372937
50,150.0,20,100.0,1.5,1.5,1,1,45.67525811406337,491.6143682701822,201.09815262649167
50,150.0,20,100.0,1.0,1.0,1,0,48.184896454993144,491.6143682701822,201.09815262649167
50,150.0,20,100.0,1.0,1.5,4,1,56.37381491211174,576.3868486491798,316.5884017606026
50,150.0,20,100.0,2.0,1.0,2,0,45.93308582525166,505.447760502256,245.70114898511096
50,150.0,30,50.0,1.5,1.5,4,1,63.723543165830336,576.3868486491798,316.5884017606026
50,150.0,20,100.0,1.5,1.0,0,0,68.5388409745124,470.64839563165447,234.17356719079964
50,150.0,20,100.0,1.5,1.5,0,1,60.88724419001028,470.64839563165447,234.17356719079964
50,150.0,20,100.0,2.0,1.0,3,0,51.1624143894692,469.64832458738795,284.35811599372937
50,150.0,20,100.0,1.5,1.5,4,1,63.70962181170999,576.3868486491798,316.5884017606026
50,150.0,20,100.0,2.0,1.0,4,1,56.43556731402761,576.3868486491798,316.5884017606026
50,150.0,20,100.0,1.5,1.5,3,0,73.84036622595264,469.64832458738795,284.35811599372937
50,150.0,20,100.0,1.0,1.0,2,0,62.23984956031439,505.447760502256,245.70114898511096
50,150.0,20,100.0,1.5,1.5,2,1,75.48122132424703,505.447760502256,245.70114898511096
50,150.0,25,100.0,1.0,1.0,0,0,18.994625390152912,470.64839563165447,234.17356719079964
50,150.0,30,50.0,2.0,2.0,4,1,66.80312649405847,576.3868486491798,316.5884017606026
50,150.0,20,100.0,2.0,1.5,0,0,40.69498438789079,470.64839563165447,234.17356719079964
50,150.0,20,100.0,1.0,1.5,3,0,95.64885475003788,469.64832458738795,284.35811599372937
50,150.0,25,100.0,1.0,1.0,4,1,28.87086442048816,576.3868486491798,316.5884017606026
50,150.0,20,100.0,1.0,2.0,3,0,43.450898899630054,469.64832458738795,284.35811599372937
50,150.0,20,100.0,1.0,2.0,0,0,44.07174410894076,470.64839563165447,234.17356719079964
50,150.0,25,100.0,1.0,1.0,1,0,30.074036377991828,491.6143682701822,201.09815262649167
50,150.0,25,100.0,1.0,1.0,3,0,30.539014355164333,469.64832458738795,284.35811599372937
50,150.0,30,50.0,1.0,1.5,4,0,97.78361795384603,576.3868486491798,316.5884017606026
50,150.0,20,100.0,2.0,1.5,3,0,47.328133780846684,469.64832458738795,284.35811599372937
50,150.0,20,100.0,2.0,1.5,1,0,47.875752843073094,491.6143682701822,201.09815262649167
50,150.0,20,100.0,1.0,2.0,1,0,55.466822954501815,491.6143682701822,201.09815262649167
50,150.0,20,100.0,1.0,2.0,2,1,55.741599144073355,505.447760502256,245.70114898511096
50,150.0,25,100.0,1.0,1.0,2,0,43.70737322567947,505.447760502256,245.70114898511096
50,150.0,30,50.0,1.5,2.0,4,0,96.58075185157905,576.3868486491798,316.5884017606026
50,150.0,20,100.0,1.0,2.0,4,1,60.94386812152081,576.3868486491798,316.5884017606026
50,150.0,25,100.0,1.0,1.5,0,0,18.994625390152912,470.64839563165447,234.17356719079964
50,150.0,20,100.0,2.0,2.0,3,0,52.29989310050354,469.64832458738795,284.35811599372937
50,150.0,20,100.0,1.0,1.0,4,0,83.60261996269804,576.3868486491798,316.5884017606026
50,150.0,20,100.0,1.5,2.0,4,1,43.749175872268125,576.3868486491798,316.5884017606026
50,150.0,20,100.0,1.5,2.0,3,0,43.82737754296096,469.64832458738795,284.35811599372937
50,150.0,20,100.0,2.0,2.0,0,0,57.53571985048721,470.64839563165447,234.17356719079964
50,150.0,25,100.0,1.0,2.0,0,0,18.994625390152912,470.64839563165447,234.17356719079964
50,150.0,20,100.0,2.0,2.0,4,1,59.96122303503357,576.3868486491798,316.5884017606026
50,150.0,20,100.0,1.5,2.0,0,0,49.16600580745485,470.64839563165447,234.17356719079964
50,150.0,20,100.0,2.0,1.5,2,0,61.65505269601195,505.447760502256,245.70114898511096
50,150.0,25,100.0,1.0,1.5,4,1,28.87086442048816,576.3868486491798,316.5884017606026
50,150.0,20,100.0,2.0,2.0,1,1,64.7235995486119,491.6143682701822,201.09815262649167
50,150.0,20,100.0,2.0,2.0,2,1,64.7287440552404,505.447760502256,245.70114898511096
50,150.0,25,100.0,1.0,1.5,1,0,30.074036377991828,491.6143682701822,201.09815262649167
50,150.0,25,100.0,1.0,1.5,3,0,30.539014355164333,469.64832458738795,284.35811599372937
50,150.0,25,100.0,1.0,2.0,1,0,27.51092913152771,491.6143682701822,201.09815262649167
50,150.0,30,100.0,1.5,1.0,0,0,18.007694283184286,470.64839563165447,234.17356719079964
50,150.0,20,100.0,1.5,2.0,2,1,56.066443714897524,505.447760502256,245.70114898511096
50,150.0,25,100.0,1.0,2.0,2,1,32.26537365969706,505.447760502256,245.70114898511096
50,150.0,30,100.0,1.0,1.0,0,0,17.93673786081318,470.64839563165447,234.17356719079964
50,150.0,25,100.0,1.0,2.0,3,0,32.540234940831155,469.64832458738795,284.35811599372937
50,150.0,20,100.0,1.5,2.0,1,0,59.77278176845627,491.6143682701822,201.09815262649167
50,150.0,30,100.0,1.5,1.0,4,1,24.24009837018321,576.3868486491798,316.5884017606026
50,150.0,30,100.0,1.5,1.0,1,0,24.670148213533928,491.6143682701822,201.09815262649167
50,150.0,25,100.0,1.0,1.5,2,0,37.48998501534024,505.447760502256,245.70114898511096
50,150.0,25,100.0,1.0,2.0,4,0,36.29604176962119,576.3868486491798,316.5884017606026
50,150.0,25,100.0,1.5,1.5,0,0,43.679052270425515,470.64839563165447,234.17356719079964
50,150.0,25,100.0,1.5,1.5,4,1,44.09622362948931,576.3868486491798,316.5884017606026
50,150.0,25,100.0,1.5,1.0,0,0,43.679052270425515,470.64839563165447,234.17356719079964
50,150.0,30,100.0,1.5,1.0,2,0,31.192925389687826,505.447760502256,245.70114898511096
50,150.0,30,100.0,1.0,1.5,0,0,18.45078594906305,470.64839563165447,234.17356719079964
50,150.0,30,100.0,1.0,1.0,4,1,23.753803159257252,576.3868486491798,316.5884017606026
50,150.0,25,100.0,1.5,1.0,4,1,45.96599787095577,576.3868486491798,316.5884017606026
50,150.0,25,100.0,1.5,1.5,2,1,48.67374141914959,505.447760502256,245.70114898511096
50,150.0,30,100.0,1.0,1.0,1,0,24.639136307282197,491.6143682701822,201.09815262649167
50,150.0,30,100.0,2.0,1.0,4,1,23.43703443535267,576.3868486491798,316.5884017606026
50,150.0,30,100.0,1.0,1.5,3,0,19.91522255378069,469.64832458738795,284.35811599372937
50,150.0,25,100.0,1.5,1.0,1,0,49.00037515987648,491.6143682701822,201.09815262649167
50,150.0,30,100.0,1.5,1.0,3,1,40.633358126250016,469.64832458738795,284.35811599372937
50,150.0,25,100.0,1.5,1.5,1,0,55.357800245800355,491.6143682701822,201.09815262649167
50,150.0,25,100.0,2.0,1.5,4,1,44.34294329745802,576.3868486491798,316.5884017606026
50,150.0,25,100.0,1.5,1.5,3,1,55.60971158829593,469.64832458738795,284.35811599372937
50,150.0,30,100.0,1.0,1.5,2,0,27.820395480227738,505.447760502256,245.70114898511096
50,150.0,30,100.0,1.0,1.0,2,0,29.669529838154627,505.447760502256,245.70114898511096
50,150.0,25,100.0,2.0,2.0,4,1,49.19244992983576,576.3868486491798,316.5884017606026
50,150.0,30,100.0,1.5,1.5,0,0,17.93673786081318,470.64839563165447,234.17356719079964
50,150.0,25,100.0,1.5,1.0,2,0,55.60077614905115,505.447760502256,245.70114898511096
50,150.0,25,100.0,2.0,1.5,1,0,46.40743454471503,491.6143682701822,201.09815262649167
50,150.0,25,100.0,1.5,2.0,4,1,52.095664878137164,576.3868486491798,316.5884017606026
50,150.0,30,100.0,1.0,2.0,0,0,18.45078594906305,470.64839563165447,234.17356719079964
50,150.0,30,100.0,2.0,1.0,1,1,34.332757028075505,491.6143682701822,201.09815262649167
50,150.0,30,100.0,1.0,2.0,3,0,19.91522255378069,469.64832458738795,284.35811599372937
50,150.0,30,100.0,1.5,1.5,4,1,23.460742038749267,576.3868486491798,316.5884017606026
50,150.0,25,100.0,2.0,1.5,0,0,51.73436540726395,470.64839563165447,234.17356719079964
50,150.0,30,100.0,1.0,1.0,3,1,39.56088377061651,469.64832458738795,284.35811599372937
50,150.0,30,100.0,2.0,1.5,4,1,23.43703443535267,576.3868486491798,316.5884017606026
50,150.0,25,100.0,1.5,1.0,3,0,65.69686189378699,469.64832458738795,284.35811599372937
50,150.0,30,100.0,2.0,1.0,0,1,39.887959171196684,470.64839563165447,234.17356719079964
50,150.0,30,100.0,1.5,2.0,0,0,17.93673786081318,470.64839563165447,234.17356719079964
50,150.0,30,100.0,1.0,2.0,2,0,27.820395480227738,505.447760502256,245.70114898511096
50,150.0,30,100.0,1.5,1.5,2,0,29.405520488889508,505.447760502256,245.70114898511096
50,150.0,25,100.0,1.5,2.0,2,1,64.14934049210224,505.447760502256,245.70114898511096
50,150.0,30,100.0,1.5,1.5,1,0,30.321177274063437,491.6143682701822,201.09815262649167
50,150.0,25,100.0,1.5,2.0,1,1,66.43854982776816,491.6143682701822,201.09815262649167
50,150.0,30,100.0,1.0,1.5,4,1,43.039667102212924,576.3868486491798,316.5884017606026
50,150.0,30,100.0,1.5,2.0,4,1,23.460742038749267,576.3868486491798,316.5884017606026
50,150.0,25,100.0,2.0,1.5,2,0,62.27045366415987,505.447760502256,245.70114898511096
50,150.0,30,100.0,1.0,1.5,1,0,45.60462090556625,491.6143682701822,201.09815262649167
50,150.0,30,100.0,1.0,2.0,4,0,36.128524175727904,576.3868486491798,316.5884017606026
50,150.0,30,100.0,2.0,1.0,2,1,49.98896194514862,505.447760502256,245.70114898511096
50,150.0,25,100.0,2.0,1.5,3,1,64.40439049124733,469.64832458738795,284.35811599372937
50,150.0,30,100.0,2.0,1.5,1,1,34.332757028075505,491.6143682701822,201.09815262649167
50,150.0,30,100.0,2.0,1.5,2,1,34.35169446675049,505.447760502256,245.70114898511096
50,150.0,25,100.0,1.5,2.0,0,1,75.20552736714593,470.64839563165447,234.17356719079964
50,150.0,30,100.0,2.0,2.0,4,1,23.43703443535267,576.3868486491798,316.5884017606026
50,150.0,25,100.0,2.0,2.0,2,1,76.11656195841275,505.447760502256,245.70114898511096
50,150.0,30,100.0,1.5,2.0,1,0,31.3640689700385,491.6143682701822,201.09815262649167
50,150.0,30,100.0,1.5,1.5,3,0,40.49033418007947,469.64832458738795,284.35811599372937
50,150.0,30,100.0,1.5,2.0,2,1,32.08508567544372,505.447760502256,245.70114898511096
50,150.0,25,100.0,2.0,2.0,3,0,78.1102019594566,469.64832458738795,284.35811599372937
50,150.0,25,100.0,2.0,1.0,3,0,99.6081708319058,469.64832458738795,284.35811599372937
50,150.0,25,100.0,2.0,2.0,1,1,82.13444901306076,491.6143682701822,201.09815262649167
50,150.0,30,100.0,2.0,1.0,3,1,59.918217551391784,469.64832458738795,284.35811599372937
50,150.0,25,100.0,2.0,2.0,0,0,82.42368386452996,470.64839563165447,234.17356719079964
50,150.0,25,100.0,1.5,2.0,3,1,85.81072822249372,469.64832458738795,284.35811599372937
50,150.0,30,100.0,1.0,2.0,1,0,50.1171799828415,491.6143682701822,201.09815262649167
50,150.0,30,100.0,1.5,2.0,3,1,42.62043570871762,469.64832458738795,284.35811599372937
50,150.0,30,100.0,2.0,2.0,1,1,34.332757028075505,491.6143682701822,201.09815262649167
50,150.0,30,100.0,2.0,1.5,0,1,47.254048715596184,470.64839563165447,234.17356719079964
50,150.0,20,150.0,2.0,1.0,4,1,33.00926094933234,576.3868486491798,316.5884017606026
50,150.0,30,100.0,2.0,2.0,2,1,39.93541884539763,505.447760502256,245.70114898511096
50,150.0,30,100.0,2.0,2.0,3,1,40.81816031821787,469.64832458738795,284.35811599372937
50,150.0,20,150.0,1.5,1.0,4,1,34.628316453661235,576.3868486491798,316.5884017606026
50,150.0,20,150.0,2.0,1.0,2,1,38.32609724004829,505.447760502256,245.70114898511096
50,150.0,20,150.0,2.0,1.0,3,1,38.62456798036188,469.64832458738795,284.35811599372937
50,150.0,20,150.0,1.0,1.5,4,1,34.628316453661235,576.3868486491798,316.5884017606026
50,150.0,20,150.0,1.0,1.0,4,1,34.628316453661235,576.3868486491798,316.5884017606026
50,150.0,30,100.0,2.0,2.0,0,1,48.18565648546233,470.64839563165447,234.17356719079964
50,150.0,20,150.0,2.0,1.0,0,1,40.8213953814394,470.64839563165447,234.17356719079964
50,150.0,20,150.0,2.0,1.0,1,1,42.06800822972581,491.6143682701822,201.09815262649167
50,150.0,20,150.0,1.5,1.0,3,1,42.59983911784586,469.64832458738795,284.35811599372937
50,150.0,20,150.0,1.5,1.0,2,1,43.394678929904074,505.447760502256,245.70114898511096
50,150.0,20,150.0,1.0,1.5,3,1,42.59983911784586,469.64832458738795,284.35811599372937
50,150.0,20,150.0,1.0,1.5,2,1,43.394678929904074,505.447760502256,245.70114898511096
50,150.0,20,150.0,1.0,2.0,4,1,33.00926094933234,576.3868486491798,316.5884017606026
50,150.0,20,150.0,1.0,1.0,3,1,42.59983911784586,469.64832458738795,284.35811599372937
50,150.0,30,100.0,2.0,1.5,3,1,63.842273356911704,469.64832458738795,284.35811599372937
50,150.0,20,150.0,1.0,1.0,2,1,43.394678929904074,505.447760502256,245.70114898511096
50,150.0,20,150.0,1.5,2.0,4,1,33.00926094933234,576.3868486491798,316.5884017606026
50,150.0,25,150.0,1.5,1.0,4,1,33.043095741438655,576.3868486491798,316.5884017606026
50,150.0,20,150.0,1.0,2.0,2,1,38.32609724004829,505.447760502256,245.70114898511096
50,150.0,20,150.0,1.0,2.0,3,1,38.62456798036188,469.64832458738795,284.35811599372937
50,150.0,20,150.0,1.5,1.5,4,1,33.00926094933234,576.3868486491798,316.5884017606026
50,150.0,25,150.0,2.0,1.0,4,1,33.043095741438655,576.3868486491798,316.5884017606026
50,150.0,20,150.0,1.0,2.0,0,1,40.8213953814394,470.64839563165447,234.17356719079964
50,150.0,20,150.0,1.5,2.0,2,1,38.32609724004829,505.447760502256,245.70114898511096
50,150.0,20,150.0,2.0,2.0,4,1,33.00926094933234,576.3868486491798,316.5884017606026
50,150.0,20,150.0,1.5,2.0,3,1,38.62456798036188,469.64832458738795,284.35811599372937
50,150.0,20,150.0,1.0,2.0,1,1,42.06800822972581,491.6143682701822,201.09815262649167
50,150.0,20,150.0,1.5,2.0,0,1,40.8213953814394,470.64839563165447,234.17356719079964
50,150.0,20,150.0,1.5,1.5,2,1,38.32609724004829,505.447760502256,245.70114898511096
50,150.0,20,150.0,2.0,1.5,4,1,33.00926094933234,576.3868486491798,316.5884017606026
50,150.0,20,150.0,1.5,1.5,3,1,38.62456798036188,469.64832458738795,284.35811599372937
50,150.0,20,150.0,1.5,2.0,1,1,42.06800822972581,491.6143682701822,201.09815262649167
50,150.0,20,150.0,1.5,1.5,0,1,40.8213953814394,470.64839563165447,234.17356719079964
50,150.0,20,150.0,2.0,2.0,2,1,38.32609724004829,505.447760502256,245.70114898511096
50,150.0,20,150.0,2.0,2.0,3,1,38.62456798036188,469.64832458738795,284.35811599372937
50,150.0,25,150.0,1.0,1.0,4,1,33.043095741438655,576.3868486491798,316.5884017606026
50,150.0,20,150.0,2.0,2.0,0,1,40.8213953814394,470.64839563165447,234.17356719079964
50,150.0,20,150.0,1.5,1.5,1,1,42.06800822972581,491.6143682701822,201.09815262649167
50,150.0,20,150.0,2.0,2.0,1,1,42.06800822972581,491.6143682701822,201.09815262649167
50,150.0,20,150.0,1.0,1.5,0,1,61.903030695610724,470.64839563165447,234.17356719079964
50,150.0,20,150.0,1.0,1.5,1,0,63.08752822352484,491.6143682701822,201.09815262649167
50,150.0,20,150.0,2.0,1.5,2,1,38.32609724004829,505.447760502256,245.70114898511096
50,150.0,20,150.0,2.0,1.5,3,1,38.62456798036188,469.64832458738795,284.35811599372937
50,150.0,20,150.0,1.5,1.0,0,1,61.903030695610724,470.64839563165447,234.17356719079964
50,150.0,20,150.0,1.0,1.0,0,1,61.903030695610724,470.64839563165447,234.17356719079964
50,150.0,20,150.0,1.0,1.0,1,1,61.92404620630745,491.6143682701822,201.09815262649167
50,150.0,20,150.0,2.0,1.5,0,1,40.8213953814394,470.64839563165447,234.17356719079964
50,150.0,25,150.0,1.5,1.0,3,1,52.366538026593695,469.64832458738795,284.35811599372937
50,150.0,20,150.0,1.5,1.0,1,1,67.6687197618463,491.6143682701822,201.09815262649167
50,150.0,20,150.0,2.0,1.5,1,1,42.06800822972581,491.6143682701822,201.09815262649167
50,150.0,25,150.0,2.0,1.0,3,1,52.366538026593695,469.64832458738795,284.35811599372937
50,150.0,25,150.0,1.5,1.0,0,1,54.48087244524828,470.64839563165447,234.17356719079964
50,150.0,25,150.0,1.0,1.5,4,1,33.043095741438655,576.3868486491798,316.5884017606026
50,150.0,25,150.0,2.0,1.0,0,1,54.48087244524828,470.64839563165447,234.17356719079964
50,150.0,25,150.0,1.5,1.5,4,1,33.043095741438655,576.3868486491798,316.5884017606026
50,150.0,25,150.0,1.5,1.0,1,1,62.48225690623324,491.6143682701822,201.09815262649167
50,150.0,25,150.0,1.5,1.0,2,1,62.90875676014971,505.447760502256,245.70114898511096
50,150.0,25,150.0,2.0,1.0,1,1,62.48225690623324,491.6143682701822,201.09815262649167
50,150.0,25,150.0,2.0,1.0,2,1,62.90875676014971,505.447760502256,245.70114898511096
50,150.0,25,150.0,2.0,1.5,4,1,33.043095741438655,576.3868486491798,316.5884017606026
50,150.0,25,150.0,1.0,1.0,3,1,52.366538026593695,469.64832458738795,284.35811599372937
50,150.0,25,150.0,1.0,2.0,4,1,33.043095741438655,576.3868486491798,316.5884017606026
50,150.0,25,150.0,1.0,1.0,0,1,54.48087244524828,470.64839563165447,234.17356719079964
50,150.0,25,150.0,1.5,2.0,4,1,33.043095741438655,576.3868486491798,316.5884017606026
50,150.0,25,150.0,1.0,1.5,3,1,51.36773635627222,469.64832458738795,284.35811599372937
50,150.0,25,150.0,1.5,1.5,3,1,51.36773635627222,469.64832458738795,284.35811599372937
50,150.0,25,150.0,1.0,2.0,3,1,51.40466091351375,469.64832458738795,284.35811599372937
50,150.0,25,150.0,2.0,2.0,4,1,33.043095741438655,576.3868486491798,316.5884017606026
50,150.0,25,150.0,1.0,2.0,0,1,53.91819625471778,470.64839563165447,234.17356719079964
50,150.0,25,150.0,1.0,2.0,2,1,54.564459527734535,505.447760502256,245.70114898511096
50,150.0,25,150.0,2.0,1.5,3,1,51.40466091351375,469.64832458738795,284.35811599372937
50,150.0,25,150.0,2.0,1.5,0,1,53.91819625471778,470.64839563165447,234.17356719079964
50,150.0,25,150.0,1.5,2.0,3,1,51.40466091351375,469.64832458738795,284.35811599372937
50,150.0,25,150.0,2.0,1.5,2,1,54.564459527734535,505.447760502256,245.70114898511096
50,150.0,25,150.0,1.0,1.0,2,1,75.00549550700404,505.447760502256,245.70114898511096
50,150.0,25,150.0,1.0,2.0,1,1,62.26180096401025,491.6143682701822,201.09815262649167
50,150.0,25,150.0,1.5,2.0,0,1,53.91819625471778,470.64839563165447,234.17356719079964
50,150.0,25,150.0,1.5,2.0,2,1,54.564459527734535,505.447760502256,245.70114898511096
50,150.0,30,150.0,1.5,1.0,4,1,53.419486279557816,576.3868486491798,316.5884017606026
50,150.0,30,150.0,1.5,1.0,2,1,58.04393679285634,505.447760502256,245.70114898511096
50,150.0,25,150.0,1.0,1.5,2,1,70.58776745060251,505.447760502256,245.70114898511096
50,150.0,30,150.0,1.5,1.0,0,1,59.343992166652484,470.64839563165447,234.17356719079964
50,150.0,25,150.0,1.5,2.0,1,0,62.87003753454966,491.6143682701822,201.09815262649167
50,150.0,25,150.0,1.5,1.5,0,0,69.92583991520874,470.64839563165447,234.17356719079964
50,150.0,25,150.0,2.0,1.5,1,0,62.87003753454966,491.6143682701822,201.09815262649167
50,150.0,25,150.0,1.5,1.5,2,0,70.28666648792888,505.447760502256,245.70114898511096
50,150.0,30,150.0,1.0,2.0,4,1,46.52672386576583,576.3868486491798,316.5884017606026
50,150.0,30,150.0,2.0,1.0,4,1,45.93054937208978,576.3868486491798,316.5884017606026
50,150.0,25,150.0,1.5,1.5,1,0,72.30262684282562,491.6143682701822,201.09815262649167
50,150.0,30,150.0,1.0,1.5,4,1,45.93054937208978,576.3868486491798,316.5884017606026
50,150.0,25,150.0,2.0,2.0,3,1,51.40466091351375,469.64832458738795,284.35811599372937
50,150.0,30,150.0,2.0,1.5,4,1,46.52672386576583,576.3868486491798,316.5884017606026
50,150.0,25,150.0,1.0,1.5,0,0,75.3412120840948,470.64839563165447,234.17356719079964
50,150.0,30,150.0,1.5,1.0,1,1,67.17731015091542,491.6143682701822,201.09815262649167
50,150.0,25,150.0,2.0,2.0,0,1,53.91819625471778,470.64839563165447,234.17356719079964
50,150.0,25,150.0,2.0,2.0,2,1,54.564459527734535,505.447760502256,245.70114898511096
50,150.0,30,150.0,1.5,1.5,4,1,45.93054937208978,576.3868486491798,316.5884017606026
50,150.0,30,150.0,1.0,1.0,4,1,53.419486279557816,576.3868486491798,316.5884017606026
50,150.0,30,150.0,1.0,2.0,1,1,54.10999882534715,491.6143682701822,201.09815262649167
50,150.0,30,150.0,2.0,1.5,1,1,54.10999882534715,491.6143682701822,201.09815262649167
50,150.0,30,150.0,1.0,1.5,1,1,53.688236017120644,491.6143682701822,201.09815262649167
50,150.0,25,150.0,2.0,2.0,1,0,60.09501733959632,491.6143682701822,201.09815262649167
50,150.0,30,150.0,1.0,1.5,2,1,54.3344992901374,505.447760502256,245.70114898511096
50,150.0,30,150.0,1.5,1.0,3,0,74.11447626531483,469.64832458738795,284.35811599372937
50,150.0,30,150.0,2.0,1.0,1,1,53.688236017120644,491.6143682701822,201.09815262649167
50,150.0,30,150.0,2.0,1.0,2,1,54.3344992901374,505.447760502256,245.70114898511096
50,150.0,30,150.0,1.0,1.5,3,1,56.729594442198746,469.64832458738795,284.35811599372937
50,150.0,30,150.0,1.0,1.0,2,1,58.04393679285634,505.447760502256,245.70114898511096
50,150.0,30,150.0,1.0,1.5,0,1,57.39103045807848,470.64839563165447,234.17356719079964
50,150.0,30,150.0,2.0,1.0,3,1,56.729594442198746,469.64832458738795,284.35811599372937
50,150.0,30,150.0,1.5,1.5,1,1,53.688236017120644,491.6143682701822,201.09815262649167
50,150.0,30,150.0,2.0,1.0,0,1,57.39103045807848,470.64839563165447,234.17356719079964
50,150.0,30,150.0,1.5,1.5,2,1,54.3344992901374,505.447760502256,245.70114898511096
50,150.0,30,150.0,1.0,2.0,0,1,62.225813949464296,470.64839563165447,234.17356719079964
50,150.0,30,150.0,1.0,2.0,2,1,62.98161432603616,505.447760502256,245.70114898511096
50,150.0,30,150.0,2.0,1.5,0,1,62.225813949464296,470.64839563165447,234.17356719079964
50,150.0,30,150.0,1.5,1.5,3,1,56.729594442198746,469.64832458738795,284.35811599372937
50,150.0,30,150.0,2.0,1.5,2,1,62.98161432603616,505.447760502256,245.70114898511096
50,150.0,30,150.0,1.5,1.5,0,1,57.39103045807848,470.64839563165447,234.17356719079964
50,150.0,30,150.0,2.0,1.5,3,1,64.0465401472306,469.64832458738795,284.35811599372937
50,150.0,25,150.0,1.0,1.5,1,0,92.34209592598816,491.6143682701822,201.09815262649167
50,150.0,30,150.0,1.0,1.0,1,1,66.41764561647963,491.6143682701822,201.09815262649167
50,150.0,30,150.0,1.0,1.0,0,1,66.98252940305363,470.64839563165447,234.17356719079964
50,150.0,30,150.0,1.0,2.0,3,1,70.8859426206703,469.64832458738795,284.35811599372937
50,150.0,30,150.0,1.0,1.0,3,0,71.125881784276,469.64832458738795,284.35811599372937
50,150.0,30,150.0,1.5,2.0,4,1,46.52672386576583,576.3868486491798,316.5884017606026
50,150.0,30,150.0,1.5,2.0,1,1,54.10999882534715,491.6143682701822,201.09815262649167
50,150.0,30,150.0,2.0,2.0,4,1,47.89135905158659,576.3868486491798,316.5884017606026
50,150.0,30,150.0,1.5,2.0,0,1,62.225813949464296,470.64839563165447,234.17356719079964
50,150.0,30,150.0,2.0,2.0,2,1,50.86021948434221,505.447760502256,245.70114898511096
50,150.0,30,150.0,1.5,2.0,2,1,62.98161432603616,505.447760502256,245.70114898511096
50,150.0,30,150.0,2.0,2.0,0,1,52.207825610690186,470.64839563165447,234.17356719079964
50,150.0,30,150.0,2.0,2.0,1,1,52.76329221950662,491.6143682701822,201.09815262649167
50,150.0,30,150.0,2.0,2.0,3,1,53.15627026146691,469.64832458738795,284.35811599372937
50,150.0,30,150.0,1.5,2.0,3,1,70.8859426206703,469.64832458738795,284.35811599372937
