seed,sensorRange,acoCandidateCount,acoStepLength,acoAlpha,acoBeta,converged,convergenceTime,victimsFound
40,100.0,12,50.0,0.5,1.0,false,NaN,3
40,100.0,12,50.0,1.0,1.0,false,NaN,3
40,100.0,12,50.0,1.5,1.0,false,NaN,3
40,100.0,12,50.0,2.0,1.0,false,NaN,3
40,100.0,12,50.0,2.5,1.0,false,NaN,3
40,100.0,12,50.0,0.5,1.5,false,NaN,3
40,100.0,12,50.0,1.0,1.5,false,NaN,4
40,100.0,12,50.0,1.5,1.5,false,NaN,3
40,100.0,12,50.0,2.0,1.5,false,NaN,4
40,100.0,12,50.0,2.5,1.5,false,NaN,4
40,100.0,12,50.0,0.5,2.0,false,NaN,4
40,100.0,12,50.0,1.0,2.0,false,NaN,4
40,100.0,12,50.0,1.5,2.0,false,NaN,3
40,100.0,12,50.0,2.0,2.0,false,NaN,4
40,100.0,12,50.0,2.5,2.0,false,NaN,3
40,100.0,12,50.0,0.5,2.5,false,NaN,3
40,100.0,12,50.0,1.0,2.5,false,NaN,4
40,100.0,12,50.0,1.5,2.5,false,NaN,3
40,100.0,12,50.0,2.0,2.5,false,NaN,4
40,100.0,12,50.0,2.5,2.5,false,NaN,3
40,100.0,12,50.0,0.5,3.0,false,NaN,3
40,100.0,12,50.0,1.0,3.0,false,NaN,3
40,100.0,12,50.0,1.5,3.0,false,NaN,3
40,100.0,12,50.0,2.0,3.0,false,NaN,3
40,100.0,12,50.0,2.5,3.0,false,NaN,3
40,100.0,12,50.0,0.5,3.5,false,NaN,2
40,100.0,12,50.0,1.0,3.5,false,NaN,3
40,100.0,12,50.0,1.5,3.5,false,NaN,4
40,100.0,12,50.0,2.0,3.5,false,NaN,4
40,100.0,12,50.0,2.5,3.5,false,NaN,4
40,100.0,12,50.0,0.5,4.0,false,NaN,3
40,100.0,12,50.0,1.0,4.0,false,NaN,3
40,100.0,12,50.0,1.5,4.0,false,NaN,3
40,100.0,12,50.0,2.0,4.0,false,NaN,3
40,100.0,12,50.0,2.5,4.0,false,NaN,4
40,100.0,18,50.0,0.5,1.0,false,NaN,3
40,100.0,18,50.0,1.0,1.0,false,NaN,3
40,100.0,18,50.0,1.5,1.0,false,NaN,4
40,100.0,18,50.0,2.0,1.0,false,NaN,4
40,100.0,18,50.0,2.5,1.0,false,NaN,4
40,100.0,18,50.0,0.5,1.5,false,NaN,3
40,100.0,18,50.0,1.0,1.5,false,NaN,3
40,100.0,18,50.0,1.5,1.5,false,NaN,3
40,100.0,18,50.0,2.0,1.5,false,NaN,3
40,100.0,18,50.0,2.5,1.5,false,NaN,4
40,100.0,18,50.0,0.5,2.0,false,NaN,3
40,100.0,18,50.0,1.0,2.0,false,NaN,3
40,100.0,18,50.0,1.5,2.0,false,NaN,3
40,100.0,18,50.0,2.0,2.0,false,NaN,3
40,100.0,18,50.0,2.5,2.0,false,NaN,3
40,100.0,18,50.0,0.5,2.5,false,NaN,3
40,100.0,18,50.0,1.0,2.5,false,NaN,3
40,100.0,18,50.0,1.5,2.5,false,NaN,3
40,100.0,18,50.0,2.0,2.5,false,NaN,3
40,100.0,18,50.0,2.5,2.5,false,NaN,2
40,100.0,18,50.0,0.5,3.0,false,NaN,3
40,100.0,18,50.0,1.0,3.0,false,NaN,3
40,100.0,18,50.0,1.5,3.0,false,NaN,3
40,100.0,18,50.0,2.0,3.0,false,NaN,4
40,100.0,18,50.0,2.5,3.0,false,NaN,4
40,100.0,18,50.0,0.5,3.5,false,NaN,3
40,100.0,18,50.0,1.0,3.5,false,NaN,2
40,100.0,18,50.0,1.5,3.5,false,NaN,2
40,100.0,18,50.0,2.0,3.5,false,NaN,2
40,100.0,18,50.0,2.5,3.5,false,NaN,2
40,100.0,18,50.0,0.5,4.0,false,NaN,3
40,100.0,18,50.0,1.0,4.0,false,NaN,3
40,100.0,18,50.0,1.5,4.0,false,NaN,3
40,100.0,18,50.0,2.0,4.0,false,NaN,3
40,100.0,18,50.0,2.5,4.0,false,NaN,4
40,100.0,24,50.0,0.5,1.0,false,NaN,3
40,100.0,24,50.0,1.0,1.0,false,NaN,3
40,100.0,24,50.0,1.5,1.0,false,NaN,4
40,100.0,24,50.0,2.0,1.0,false,NaN,4
40,100.0,24,50.0,2.5,1.0,false,NaN,3
40,100.0,24,50.0,0.5,1.5,false,NaN,3
40,100.0,24,50.0,1.0,1.5,false,NaN,3
40,100.0,24,50.0,1.5,1.5,false,NaN,4
40,100.0,24,50.0,2.0,1.5,false,NaN,2
40,100.0,24,50.0,2.5,1.5,false,NaN,2
40,100.0,24,50.0,0.5,2.0,false,NaN,3
40,100.0,24,50.0,1.0,2.0,false,NaN,2
40,100.0,24,50.0,1.5,2.0,false,NaN,3
40,100.0,24,50.0,2.0,2.0,false,NaN,2
40,100.0,24,50.0,2.5,2.0,false,NaN,3
40,100.0,24,50.0,0.5,2.5,false,NaN,3
40,100.0,24,50.0,1.0,2.5,false,NaN,1
40,100.0,24,50.0,1.5,2.5,false,NaN,3
40,100.0,24,50.0,2.0,2.5,false,NaN,3
40,100.0,24,50.0,2.5,2.5,false,NaN,2
40,100.0,24,50.0,0.5,3.0,false,NaN,1
40,100.0,24,50.0,1.0,3.0,false,NaN,3
40,100.0,24,50.0,1.5,3.0,false,NaN,2
40,100.0,24,50.0,2.0,3.0,false,NaN,3
40,100.0,24,50.0,2.5,3.0,false,NaN,2
40,100.0,24,50.0,0.5,3.5,false,NaN,1
40,100.0,24,50.0,1.0,3.5,false,NaN,2
40,100.0,24,50.0,1.5,3.5,false,NaN,1
40,100.0,24,50.0,2.0,3.5,false,NaN,1
40,100.0,24,50.0,2.5,3.5,false,NaN,2
40,100.0,24,50.0,0.5,4.0,false,NaN,1
40,100.0,24,50.0,1.0,4.0,false,NaN,1
40,100.0,24,50.0,1.5,4.0,false,NaN,2
40,100.0,24,50.0,2.0,4.0,false,NaN,2
40,100.0,24,50.0,2.5,4.0,false,NaN,3
40,100.0,30,50.0,0.5,1.0,false,NaN,3
40,100.0,30,50.0,1.0,1.0,false,NaN,2
40,100.0,30,50.0,1.5,1.0,false,NaN,3
40,100.0,30,50.0,2.0,1.0,false,NaN,3
40,100.0,30,50.0,2.5,1.0,false,NaN,3
40,100.0,30,50.0,0.5,1.5,false,NaN,3
40,100.0,30,50.0,1.0,1.5,false,NaN,4
40,100.0,30,50.0,1.5,1.5,false,NaN,2
40,100.0,30,50.0,2.0,1.5,false,NaN,3
40,100.0,30,50.0,2.5,1.5,false,NaN,3
40,100.0,30,50.0,0.5,2.0,false,NaN,3
40,100.0,30,50.0,1.0,2.0,false,NaN,4
40,100.0,30,50.0,1.5,2.0,false,NaN,3
40,100.0,30,50.0,2.0,2.0,false,NaN,2
40,100.0,30,50.0,2.5,2.0,false,NaN,2
40,100.0,30,50.0,0.5,2.5,false,NaN,3
40,100.0,30,50.0,1.0,2.5,false,NaN,3
40,100.0,30,50.0,1.5,2.5,false,NaN,3
40,100.0,30,50.0,2.0,2.5,false,NaN,3
40,100.0,30,50.0,2.5,2.5,false,NaN,3
40,100.0,30,50.0,0.5,3.0,false,NaN,3
40,100.0,30,50.0,1.0,3.0,false,NaN,3
40,100.0,30,50.0,1.5,3.0,false,NaN,3
40,100.0,30,50.0,2.0,3.0,false,NaN,3
40,100.0,30,50.0,2.5,3.0,false,NaN,3
40,100.0,30,50.0,0.5,3.5,false,NaN,3
40,100.0,30,50.0,1.0,3.5,false,NaN,4
40,100.0,30,50.0,1.5,3.5,false,NaN,3
40,100.0,30,50.0,2.0,3.5,false,NaN,3
40,100.0,30,50.0,2.5,3.5,false,NaN,4
40,100.0,30,50.0,0.5,4.0,false,NaN,3
40,100.0,30,50.0,1.0,4.0,false,NaN,3
40,100.0,30,50.0,1.5,4.0,false,NaN,4
40,100.0,30,50.0,2.0,4.0,false,NaN,3
40,100.0,30,50.0,2.5,4.0,false,NaN,3
40,100.0,36,50.0,0.5,1.0,false,NaN,3
40,100.0,36,50.0,1.0,1.0,false,NaN,3
40,100.0,36,50.0,1.5,1.0,false,NaN,3
40,100.0,36,50.0,2.0,1.0,false,NaN,4
40,100.0,36,50.0,2.5,1.0,false,NaN,4
40,100.0,36,50.0,0.5,1.5,false,NaN,3
40,100.0,36,50.0,1.0,1.5,false,NaN,4
40,100.0,36,50.0,1.5,1.5,false,NaN,2
40,100.0,36,50.0,2.0,1.5,false,NaN,2
40,100.0,36,50.0,2.5,1.5,false,NaN,3
40,100.0,36,50.0,0.5,2.0,false,NaN,3
40,100.0,36,50.0,1.0,2.0,false,NaN,3
40,100.0,36,50.0,1.5,2.0,false,NaN,2
40,100.0,36,50.0,2.0,2.0,false,NaN,2
40,100.0,36,50.0,2.5,2.0,false,NaN,3
40,100.0,36,50.0,0.5,2.5,false,NaN,3
40,100.0,36,50.0,1.0,2.5,false,NaN,3
40,100.0,36,50.0,1.5,2.5,false,NaN,3
40,100.0,36,50.0,2.0,2.5,false,NaN,3
40,100.0,36,50.0,2.5,2.5,false,NaN,3
40,100.0,36,50.0,0.5,3.0,false,NaN,3
40,100.0,36,50.0,1.0,3.0,false,NaN,3
40,100.0,36,50.0,1.5,3.0,false,NaN,3
40,100.0,36,50.0,2.0,3.0,false,NaN,2
40,100.0,36,50.0,2.5,3.0,false,NaN,2
40,100.0,36,50.0,0.5,3.5,false,NaN,3
40,100.0,36,50.0,1.0,3.5,false,NaN,3
40,100.0,36,50.0,1.5,3.5,false,NaN,3
40,100.0,36,50.0,2.0,3.5,false,NaN,3
40,100.0,36,50.0,2.5,3.5,false,NaN,2
40,100.0,36,50.0,0.5,4.0,false,NaN,3
40,100.0,36,50.0,1.0,4.0,false,NaN,3
40,100.0,36,50.0,1.5,4.0,false,NaN,2
40,100.0,36,50.0,2.0,4.0,false,NaN,2
40,100.0,36,50.0,2.5,4.0,false,NaN,4
40,100.0,12,75.0,0.5,1.0,false,NaN,3
40,100.0,12,75.0,1.0,1.0,false,NaN,4
40,100.0,12,75.0,1.5,1.0,false,NaN,3
40,100.0,12,75.0,2.0,1.0,false,NaN,4
40,100.0,12,75.0,2.5,1.0,false,NaN,3
40,100.0,12,75.0,0.5,1.5,false,NaN,3
40,100.0,12,75.0,1.0,1.5,false,NaN,4
40,100.0,12,75.0,1.5,1.5,false,NaN,4
40,100.0,12,75.0,2.0,1.5,false,NaN,4
40,100.0,12,75.0,2.5,1.5,false,NaN,4
40,100.0,12,75.0,0.5,2.0,false,NaN,4
40,100.0,12,75.0,1.0,2.0,false,NaN,4
40,100.0,12,75.0,1.5,2.0,false,NaN,4
40,100.0,12,75.0,2.0,2.0,false,NaN,4
40,100.0,12,75.0,2.5,2.0,false,NaN,4
40,100.0,12,75.0,0.5,2.5,false,NaN,4
40,100.0,12,75.0,1.0,2.5,false,NaN,4
40,100.0,12,75.0,1.5,2.5,false,NaN,4
40,100.0,12,75.0,2.0,2.5,false,NaN,4
40,100.0,12,75.0,2.5,2.5,false,NaN,4
40,100.0,12,75.0,0.5,3.0,false,NaN,4
40,100.0,12,75.0,1.0,3.0,false,NaN,4
40,100.0,12,75.0,1.5,3.0,false,NaN,4
40,100.0,12,75.0,2.0,3.0,false,NaN,4
40,100.0,12,75.0,2.5,3.0,false,NaN,4
40,100.0,12,75.0,0.5,3.5,false,NaN,4
40,100.0,12,75.0,1.0,3.5,false,NaN,4
40,100.0,12,75.0,1.5,3.5,false,NaN,4
40,100.0,12,75.0,2.0,3.5,false,NaN,4
40,100.0,12,75.0,2.5,3.5,false,NaN,4
40,100.0,12,75.0,0.5,4.0,false,NaN,4
40,100.0,12,75.0,1.0,4.0,false,NaN,4
40,100.0,12,75.0,1.5,4.0,false,NaN,4
40,100.0,12,75.0,2.0,4.0,false,NaN,4
40,100.0,12,75.0,2.5,4.0,false,NaN,4
40,100.0,18,75.0,0.5,1.0,false,NaN,4
40,100.0,18,75.0,1.0,1.0,false,NaN,3
40,100.0,18,75.0,1.5,1.0,false,NaN,4
40,100.0,18,75.0,2.0,1.0,false,NaN,3
40,100.0,18,75.0,2.5,1.0,false,NaN,3
40,100.0,18,75.0,0.5,1.5,false,NaN,4
40,100.0,18,75.0,1.0,1.5,false,NaN,4
40,100.0,18,75.0,1.5,1.5,false,NaN,4
40,100.0,18,75.0,2.0,1.5,false,NaN,3
40,100.0,18,75.0,2.5,1.5,false,NaN,3
40,100.0,18,75.0,0.5,2.0,false,NaN,3
40,100.0,18,75.0,1.0,2.0,false,NaN,3
40,100.0,18,75.0,1.5,2.0,false,NaN,4
40,100.0,18,75.0,2.0,2.0,false,NaN,4
40,100.0,18,75.0,2.5,2.0,false,NaN,2
40,100.0,18,75.0,0.5,2.5,false,NaN,3
40,100.0,18,75.0,1.0,2.5,false,NaN,4
40,100.0,18,75.0,1.5,2.5,false,NaN,4
40,100.0,18,75.0,2.0,2.5,false,NaN,2
40,100.0,18,75.0,2.5,2.5,false,NaN,2
40,100.0,18,75.0,0.5,3.0,false,NaN,3
40,100.0,18,75.0,1.0,3.0,false,NaN,4
40,100.0,18,75.0,1.5,3.0,false,NaN,2
40,100.0,18,75.0,2.0,3.0,false,NaN,2
40,100.0,18,75.0,2.5,3.0,false,NaN,2
40,100.0,18,75.0,0.5,3.5,false,NaN,2
40,100.0,18,75.0,1.0,3.5,false,NaN,2
40,100.0,18,75.0,1.5,3.5,false,NaN,2
40,100.0,18,75.0,2.0,3.5,false,NaN,2
40,100.0,18,75.0,2.5,3.5,false,NaN,2
40,100.0,18,75.0,0.5,4.0,false,NaN,2
40,100.0,18,75.0,1.0,4.0,false,NaN,2
40,100.0,18,75.0,1.5,4.0,false,NaN,2
40,100.0,18,75.0,2.0,4.0,false,NaN,2
40,100.0,18,75.0,2.5,4.0,false,NaN,2
40,100.0,24,75.0,0.5,1.0,false,NaN,4
40,100.0,24,75.0,1.0,1.0,false,NaN,4
40,100.0,24,75.0,1.5,1.0,false,NaN,4
40,100.0,24,75.0,2.0,1.0,false,NaN,4
40,100.0,24,75.0,2.5,1.0,false,NaN,3
40,100.0,24,75.0,0.5,1.5,false,NaN,4
40,100.0,24,75.0,1.0,1.5,false,NaN,4
40,100.0,24,75.0,1.5,1.5,false,NaN,4
40,100.0,24,75.0,2.0,1.5,false,NaN,4
40,100.0,24,75.0,2.5,1.5,false,NaN,3
40,100.0,24,75.0,0.5,2.0,false,NaN,4
40,100.0,24,75.0,1.0,2.0,false,NaN,4
40,100.0,24,75.0,1.5,2.0,false,NaN,4
40,100.0,24,75.0,2.0,2.0,false,NaN,4
40,100.0,24,75.0,2.5,2.0,false,NaN,4
40,100.0,24,75.0,0.5,2.5,false,NaN,4
40,100.0,24,75.0,1.0,2.5,false,NaN,4
40,100.0,24,75.0,1.5,2.5,false,NaN,4
40,100.0,24,75.0,2.0,2.5,false,NaN,4
40,100.0,24,75.0,2.5,2.5,false,NaN,4
40,100.0,24,75.0,0.5,3.0,false,NaN,3
40,100.0,24,75.0,1.0,3.0,false,NaN,3
40,100.0,24,75.0,1.5,3.0,false,NaN,3
40,100.0,24,75.0,2.0,3.0,false,NaN,3
40,100.0,24,75.0,2.5,3.0,false,NaN,3
40,100.0,24,75.0,0.5,3.5,false,NaN,4
40,100.0,24,75.0,1.0,3.5,false,NaN,4
40,100.0,24,75.0,1.5,3.5,false,NaN,4
40,100.0,24,75.0,2.0,3.5,false,NaN,4
40,100.0,24,75.0,2.5,3.5,false,NaN,4
40,100.0,24,75.0,0.5,4.0,false,NaN,3
40,100.0,24,75.0,1.0,4.0,false,NaN,3
40,100.0,24,75.0,1.5,4.0,false,NaN,3
40,100.0,24,75.0,2.0,4.0,false,NaN,3
40,100.0,24,75.0,2.5,4.0,false,NaN,3
40,100.0,30,75.0,0.5,1.0,false,NaN,4
40,100.0,30,75.0,1.0,1.0,false,NaN,4
40,100.0,30,75.0,1.5,1.0,false,NaN,4
40,100.0,30,75.0,2.0,1.0,false,NaN,4
40,100.0,30,75.0,2.5,1.0,false,NaN,4
40,100.0,30,75.0,0.5,1.5,false,NaN,4
40,100.0,30,75.0,1.0,1.5,false,NaN,4
40,100.0,30,75.0,1.5,1.5,false,NaN,4
40,100.0,30,75.0,2.0,1.5,false,NaN,4
40,100.0,30,75.0,2.5,1.5,false,NaN,4
40,100.0,30,75.0,0.5,2.0,false,NaN,4
40,100.0,30,75.0,1.0,2.0,false,NaN,4
40,100.0,30,75.0,1.5,2.0,false,NaN,4
40,100.0,30,75.0,2.0,2.0,false,NaN,4
40,100.0,30,75.0,2.5,2.0,false,NaN,4
40,100.0,30,75.0,0.5,2.5,false,NaN,4
40,100.0,30,75.0,1.0,2.5,false,NaN,4
40,100.0,30,75.0,1.5,2.5,false,NaN,4
40,100.0,30,75.0,2.0,2.5,false,NaN,4
40,100.0,30,75.0,2.5,2.5,false,NaN,4
40,100.0,30,75.0,0.5,3.0,false,NaN,4
40,100.0,30,75.0,1.0,3.0,false,NaN,4
40,100.0,30,75.0,1.5,3.0,false,NaN,4
40,100.0,30,75.0,2.0,3.0,false,NaN,4
40,100.0,30,75.0,2.5,3.0,false,NaN,4
40,100.0,30,75.0,0.5,3.5,false,NaN,4
40,100.0,30,75.0,1.0,3.5,false,NaN,4
40,100.0,30,75.0,1.5,3.5,false,NaN,4
40,100.0,30,75.0,2.0,3.5,false,NaN,4
40,100.0,30,75.0,2.5,3.5,false,NaN,4
40,100.0,30,75.0,0.5,4.0,false,NaN,4
40,100.0,30,75.0,1.0,4.0,false,NaN,4
40,100.0,30,75.0,1.5,4.0,false,NaN,4
40,100.0,30,75.0,2.0,4.0,false,NaN,4
40,100.0,30,75.0,2.5,4.0,false,NaN,4
40,100.0,36,75.0,0.5,1.0,false,NaN,4
40,100.0,36,75.0,1.0,1.0,false,NaN,3
40,100.0,36,75.0,1.5,1.0,false,NaN,3
40,100.0,36,75.0,2.0,1.0,false,NaN,3
40,100.0,36,75.0,2.5,1.0,false,NaN,3
40,100.0,36,75.0,0.5,1.5,false,NaN,3
40,100.0,36,75.0,1.0,1.5,false,NaN,3
40,100.0,36,75.0,1.5,1.5,false,NaN,3
40,100.0,36,75.0,2.0,1.5,false,NaN,3
40,100.0,36,75.0,2.5,1.5,false,NaN,4
40,100.0,36,75.0,0.5,2.0,false,NaN,4
40,100.0,36,75.0,1.0,2.0,false,NaN,4
40,100.0,36,75.0,1.5,2.0,false,NaN,4
40,100.0,36,75.0,2.0,2.0,false,NaN,4
40,100.0,36,75.0,2.5,2.0,false,NaN,4
40,100.0,36,75.0,0.5,2.5,false,NaN,4
40,100.0,36,75.0,1.0,2.5,false,NaN,4
40,100.0,36,75.0,1.5,2.5,false,NaN,4
40,100.0,36,75.0,2.0,2.5,false,NaN,4
40,100.0,36,75.0,2.5,2.5,false,NaN,4
40,100.0,36,75.0,0.5,3.0,false,NaN,3
40,100.0,36,75.0,1.0,3.0,false,NaN,3
40,100.0,36,75.0,1.5,3.0,false,NaN,4
40,100.0,36,75.0,2.0,3.0,false,NaN,3
40,100.0,36,75.0,2.5,3.0,false,NaN,4
40,100.0,36,75.0,0.5,3.5,false,NaN,3
40,100.0,36,75.0,1.0,3.5,false,NaN,3
40,100.0,36,75.0,1.5,3.5,false,NaN,3
40,100.0,36,75.0,2.0,3.5,false,NaN,3
40,100.0,36,75.0,2.5,3.5,false,NaN,3
40,100.0,36,75.0,0.5,4.0,false,NaN,3
40,100.0,36,75.0,1.0,4.0,false,NaN,3
40,100.0,36,75.0,1.5,4.0,false,NaN,3
40,100.0,36,75.0,2.0,4.0,false,NaN,4
40,100.0,36,75.0,2.5,4.0,false,NaN,4
40,100.0,12,100.0,0.5,1.0,false,NaN,4
40,100.0,12,100.0,1.0,1.0,false,NaN,3
40,100.0,12,100.0,1.5,1.0,false,NaN,3
40,100.0,12,100.0,2.0,1.0,false,NaN,4
40,100.0,12,100.0,2.5,1.0,false,NaN,4
40,100.0,12,100.0,0.5,1.5,false,NaN,4
40,100.0,12,100.0,1.0,1.5,false,NaN,4
40,100.0,12,100.0,1.5,1.5,false,NaN,4
40,100.0,12,100.0,2.0,1.5,false,NaN,4
40,100.0,12,100.0,2.5,1.5,false,NaN,4
40,100.0,12,100.0,0.5,2.0,false,NaN,4
40,100.0,12,100.0,1.0,2.0,false,NaN,4
40,100.0,12,100.0,1.5,2.0,false,NaN,4
40,100.0,12,100.0,2.0,2.0,false,NaN,4
40,100.0,12,100.0,2.5,2.0,false,NaN,4
40,100.0,12,100.0,0.5,2.5,false,NaN,4
40,100.0,12,100.0,1.0,2.5,false,NaN,4
40,100.0,12,100.0,1.5,2.5,false,NaN,4
40,100.0,12,100.0,2.0,2.5,false,NaN,4
40,100.0,12,100.0,2.5,2.5,false,NaN,4
40,100.0,12,100.0,0.5,3.0,false,NaN,4
40,100.0,12,100.0,1.0,3.0,false,NaN,4
40,100.0,12,100.0,1.5,3.0,false,NaN,4
40,100.0,12,100.0,2.0,3.0,false,NaN,4
40,100.0,12,100.0,2.5,3.0,false,NaN,4
40,100.0,12,100.0,0.5,3.5,false,NaN,4
40,100.0,12,100.0,1.0,3.5,false,NaN,4
40,100.0,12,100.0,1.5,3.5,false,NaN,4
40,100.0,12,100.0,2.0,3.5,false,NaN,4
40,100.0,12,100.0,2.5,3.5,false,NaN,4
40,100.0,12,100.0,0.5,4.0,false,NaN,4
40,100.0,12,100.0,1.0,4.0,false,NaN,4
40,100.0,12,100.0,1.5,4.0,false,NaN,4
40,100.0,12,100.0,2.0,4.0,false,NaN,4
40,100.0,12,100.0,2.5,4.0,false,NaN,4
40,100.0,18,100.0,0.5,1.0,false,NaN,4
40,100.0,18,100.0,1.0,1.0,false,NaN,4
40,100.0,18,100.0,1.5,1.0,false,NaN,4
40,100.0,18,100.0,2.0,1.0,false,NaN,4
40,100.0,18,100.0,2.5,1.0,false,NaN,4
40,100.0,18,100.0,0.5,1.5,false,NaN,4
40,100.0,18,100.0,1.0,1.5,false,NaN,4
40,100.0,18,100.0,1.5,1.5,false,NaN,4
40,100.0,18,100.0,2.0,1.5,false,NaN,4
40,100.0,18,100.0,2.5,1.5,false,NaN,4
40,100.0,18,100.0,0.5,2.0,false,NaN,3
40,100.0,18,100.0,1.0,2.0,false,NaN,4
40,100.0,18,100.0,1.5,2.0,false,NaN,4
40,100.0,18,100.0,2.0,2.0,false,NaN,4
40,100.0,18,100.0,2.5,2.0,false,NaN,4
40,100.0,18,100.0,0.5,2.5,false,NaN,3
40,100.0,18,100.0,1.0,2.5,false,NaN,4
40,100.0,18,100.0,1.5,2.5,false,NaN,4
40,100.0,18,100.0,2.0,2.5,false,NaN,4
40,100.0,18,100.0,2.5,2.5,false,NaN,4
40,100.0,18,100.0,0.5,3.0,false,NaN,3
40,100.0,18,100.0,1.0,3.0,false,NaN,3
40,100.0,18,100.0,1.5,3.0,false,NaN,4
40,100.0,18,100.0,2.0,3.0,false,NaN,4
40,100.0,18,100.0,2.5,3.0,false,NaN,4
40,100.0,18,100.0,0.5,3.5,false,NaN,4
40,100.0,18,100.0,1.0,3.5,false,NaN,3
40,100.0,18,100.0,1.5,3.5,false,NaN,4
40,100.0,18,100.0,2.0,3.5,false,NaN,4
40,100.0,18,100.0,2.5,3.5,false,NaN,4
40,100.0,18,100.0,0.5,4.0,false,NaN,3
40,100.0,18,100.0,1.0,4.0,false,NaN,3
40,100.0,18,100.0,1.5,4.0,false,NaN,4
40,100.0,18,100.0,2.0,4.0,false,NaN,4
40,100.0,18,100.0,2.5,4.0,false,NaN,4
40,100.0,24,100.0,0.5,1.0,false,NaN,4
40,100.0,24,100.0,1.0,1.0,false,NaN,3
40,100.0,24,100.0,1.5,1.0,false,NaN,4
40,100.0,24,100.0,2.0,1.0,false,NaN,4
40,100.0,24,100.0,2.5,1.0,false,NaN,4
40,100.0,24,100.0,0.5,1.5,false,NaN,3
40,100.0,24,100.0,1.0,1.5,false,NaN,3
40,100.0,24,100.0,1.5,1.5,false,NaN,4
40,100.0,24,100.0,2.0,1.5,false,NaN,4
40,100.0,24,100.0,2.5,1.5,false,NaN,4
40,100.0,24,100.0,0.5,2.0,false,NaN,3
40,100.0,24,100.0,1.0,2.0,false,NaN,4
40,100.0,24,100.0,1.5,2.0,false,NaN,4
40,100.0,24,100.0,2.0,2.0,false,NaN,4
40,100.0,24,100.0,2.5,2.0,false,NaN,4
40,100.0,24,100.0,0.5,2.5,false,NaN,4
40,100.0,24,100.0,1.0,2.5,false,NaN,4
40,100.0,24,100.0,1.5,2.5,false,NaN,4
40,100.0,24,100.0,2.0,2.5,false,NaN,4
40,100.0,24,100.0,2.5,2.5,false,NaN,4
40,100.0,24,100.0,0.5,3.0,false,NaN,4
40,100.0,24,100.0,1.0,3.0,false,NaN,4
40,100.0,24,100.0,1.5,3.0,false,NaN,4
40,100.0,24,100.0,2.0,3.0,false,NaN,4
40,100.0,24,100.0,2.5,3.0,false,NaN,4
40,100.0,24,100.0,0.5,3.5,false,NaN,4
40,100.0,24,100.0,1.0,3.5,false,NaN,4
40,100.0,24,100.0,1.5,3.5,false,NaN,4
40,100.0,24,100.0,2.0,3.5,false,NaN,4
40,100.0,24,100.0,2.5,3.5,false,NaN,4
40,100.0,24,100.0,0.5,4.0,false,NaN,4
40,100.0,24,100.0,1.0,4.0,false,NaN,4
40,100.0,24,100.0,1.5,4.0,false,NaN,4
40,100.0,24,100.0,2.0,4.0,false,NaN,4
40,100.0,24,100.0,2.5,4.0,false,NaN,4
40,100.0,30,100.0,0.5,1.0,false,NaN,4
40,100.0,30,100.0,1.0,1.0,false,NaN,4
40,100.0,30,100.0,1.5,1.0,false,NaN,4
40,100.0,30,100.0,2.0,1.0,false,NaN,3
40,100.0,30,100.0,2.5,1.0,false,NaN,4
40,100.0,30,100.0,0.5,1.5,false,NaN,4
40,100.0,30,100.0,1.0,1.5,false,NaN,4
40,100.0,30,100.0,1.5,1.5,false,NaN,4
40,100.0,30,100.0,2.0,1.5,false,NaN,4
40,100.0,30,100.0,2.5,1.5,false,NaN,4
40,100.0,30,100.0,0.5,2.0,false,NaN,2
40,100.0,30,100.0,1.0,2.0,false,NaN,3
40,100.0,30,100.0,1.5,2.0,false,NaN,4
40,100.0,30,100.0,2.0,2.0,false,NaN,2
40,100.0,30,100.0,2.5,2.0,false,NaN,4
40,100.0,30,100.0,0.5,2.5,false,NaN,3
40,100.0,30,100.0,1.0,2.5,false,NaN,3
40,100.0,30,100.0,1.5,2.5,false,NaN,3
40,100.0,30,100.0,2.0,2.5,false,NaN,2
40,100.0,30,100.0,2.5,2.5,false,NaN,4
40,100.0,30,100.0,0.5,3.0,false,NaN,3
40,100.0,30,100.0,1.0,3.0,false,NaN,3
40,100.0,30,100.0,1.5,3.0,false,NaN,3
40,100.0,30,100.0,2.0,3.0,false,NaN,2
40,100.0,30,100.0,2.5,3.0,false,NaN,4
40,100.0,30,100.0,0.5,3.5,false,NaN,3
40,100.0,30,100.0,1.0,3.5,false,NaN,3
40,100.0,30,100.0,1.5,3.5,false,NaN,2
40,100.0,30,100.0,2.0,3.5,false,NaN,2
40,100.0,30,100.0,2.5,3.5,false,NaN,3
40,100.0,30,100.0,0.5,4.0,false,NaN,3
40,100.0,30,100.0,1.0,4.0,false,NaN,3
40,100.0,30,100.0,1.5,4.0,false,NaN,2
40,100.0,30,100.0,2.0,4.0,false,NaN,2
40,100.0,30,100.0,2.5,4.0,false,NaN,3
40,100.0,36,100.0,0.5,1.0,false,NaN,4
40,100.0,36,100.0,1.0,1.0,false,NaN,2
40,100.0,36,100.0,1.5,1.0,false,NaN,4
40,100.0,36,100.0,2.0,1.0,false,NaN,4
40,100.0,36,100.0,2.5,1.0,false,NaN,4
40,100.0,36,100.0,0.5,1.5,false,NaN,3
40,100.0,36,100.0,1.0,1.5,false,NaN,4
40,100.0,36,100.0,1.5,1.5,false,NaN,3
40,100.0,36,100.0,2.0,1.5,false,NaN,4
40,100.0,36,100.0,2.5,1.5,false,NaN,4
40,100.0,36,100.0,0.5,2.0,false,NaN,4
40,100.0,36,100.0,1.0,2.0,false,NaN,4
40,100.0,36,100.0,1.5,2.0,false,NaN,4
40,100.0,36,100.0,2.0,2.0,false,NaN,4
40,100.0,36,100.0,2.5,2.0,false,NaN,4
40,100.0,36,100.0,0.5,2.5,false,NaN,3
40,100.0,36,100.0,1.0,2.5,false,NaN,4
40,100.0,36,100.0,1.5,2.5,false,NaN,4
40,100.0,36,100.0,2.0,2.5,false,NaN,4
40,100.0,36,100.0,2.5,2.5,false,NaN,4
40,100.0,36,100.0,0.5,3.0,false,NaN,4
40,100.0,36,100.0,1.0,3.0,false,NaN,4
40,100.0,36,100.0,1.5,3.0,false,NaN,4
40,100.0,36,100.0,2.0,3.0,false,NaN,4
40,100.0,36,100.0,2.5,3.0,false,NaN,4
40,100.0,36,100.0,0.5,3.5,false,NaN,4
40,100.0,36,100.0,1.0,3.5,false,NaN,4
40,100.0,36,100.0,1.5,3.5,false,NaN,4
40,100.0,36,100.0,2.0,3.5,false,NaN,4
40,100.0,36,100.0,2.5,3.5,false,NaN,4
40,100.0,36,100.0,0.5,4.0,false,NaN,4
40,100.0,36,100.0,1.0,4.0,false,NaN,4
40,100.0,36,100.0,1.5,4.0,false,NaN,4
40,100.0,36,100.0,2.0,4.0,false,NaN,4
40,100.0,36,100.0,2.5,4.0,false,NaN,4
40,100.0,12,125.0,0.5,1.0,false,NaN,3
40,100.0,12,125.0,1.0,1.0,false,NaN,4
40,100.0,12,125.0,1.5,1.0,false,NaN,4
40,100.0,12,125.0,2.0,1.0,false,NaN,4
40,100.0,12,125.0,2.5,1.0,false,NaN,4
40,100.0,12,125.0,0.5,1.5,false,NaN,4
40,100.0,12,125.0,1.0,1.5,false,NaN,4
40,100.0,12,125.0,1.5,1.5,false,NaN,4
40,100.0,12,125.0,2.0,1.5,false,NaN,4
40,100.0,12,125.0,2.5,1.5,false,NaN,4
40,100.0,12,125.0,0.5,2.0,false,NaN,4
40,100.0,12,125.0,1.0,2.0,false,NaN,4
40,100.0,12,125.0,1.5,2.0,false,NaN,4
40,100.0,12,125.0,2.0,2.0,false,NaN,4
40,100.0,12,125.0,2.5,2.0,false,NaN,4
40,100.0,12,125.0,0.5,2.5,false,NaN,4
40,100.0,12,125.0,1.0,2.5,false,NaN,4
40,100.0,12,125.0,1.5,2.5,false,NaN,4
40,100.0,12,125.0,2.0,2.5,false,NaN,4
40,100.0,12,125.0,2.5,2.5,false,NaN,4
40,100.0,12,125.0,0.5,3.0,false,NaN,4
40,100.0,12,125.0,1.0,3.0,false,NaN,4
40,100.0,12,125.0,1.5,3.0,false,NaN,4
40,100.0,12,125.0,2.0,3.0,false,NaN,4
40,100.0,12,125.0,2.5,3.0,false,NaN,4
40,100.0,12,125.0,0.5,3.5,false,NaN,4
40,100.0,12,125.0,1.0,3.5,false,NaN,4
40,100.0,12,125.0,1.5,3.5,false,NaN,4
40,100.0,12,125.0,2.0,3.5,false,NaN,4
40,100.0,12,125.0,2.5,3.5,false,NaN,4
40,100.0,12,125.0,0.5,4.0,false,NaN,4
40,100.0,12,125.0,1.0,4.0,false,NaN,4
40,100.0,12,125.0,1.5,4.0,false,NaN,4
40,100.0,12,125.0,2.0,4.0,false,NaN,4
40,100.0,12,125.0,2.5,4.0,false,NaN,4
40,100.0,18,125.0,0.5,1.0,false,NaN,4
40,100.0,18,125.0,1.0,1.0,false,NaN,4
40,100.0,18,125.0,1.5,1.0,false,NaN,4
40,100.0,18,125.0,2.0,1.0,false,NaN,4
40,100.0,18,125.0,2.5,1.0,false,NaN,4
40,100.0,18,125.0,0.5,1.5,false,NaN,4
40,100.0,18,125.0,1.0,1.5,false,NaN,4
40,100.0,18,125.0,1.5,1.5,false,NaN,4
40,100.0,18,125.0,2.0,1.5,false,NaN,4
40,100.0,18,125.0,2.5,1.5,false,NaN,4
40,100.0,18,125.0,0.5,2.0,false,NaN,4
40,100.0,18,125.0,1.0,2.0,false,NaN,4
40,100.0,18,125.0,1.5,2.0,false,NaN,4
40,100.0,18,125.0,2.0,2.0,false,NaN,4
40,100.0,18,125.0,2.5,2.0,false,NaN,4
40,100.0,18,125.0,0.5,2.5,false,NaN,4
40,100.0,18,125.0,1.0,2.5,false,NaN,4
40,100.0,18,125.0,1.5,2.5,false,NaN,4
40,100.0,18,125.0,2.0,2.5,false,NaN,4
40,100.0,18,125.0,2.5,2.5,false,NaN,4
40,100.0,18,125.0,0.5,3.0,false,NaN,4
40,100.0,18,125.0,1.0,3.0,false,NaN,4
40,100.0,18,125.0,1.5,3.0,false,NaN,4
40,100.0,18,125.0,2.0,3.0,false,NaN,4
40,100.0,18,125.0,2.5,3.0,false,NaN,4
40,100.0,18,125.0,0.5,3.5,false,NaN,4
40,100.0,18,125.0,1.0,3.5,false,NaN,4
40,100.0,18,125.0,1.5,3.5,false,NaN,4
40,100.0,18,125.0,2.0,3.5,false,NaN,4
40,100.0,18,125.0,2.5,3.5,false,NaN,4
40,100.0,18,125.0,0.5,4.0,false,NaN,4
40,100.0,18,125.0,1.0,4.0,false,NaN,4
40,100.0,18,125.0,1.5,4.0,false,NaN,4
40,100.0,18,125.0,2.0,4.0,false,NaN,4
40,100.0,18,125.0,2.5,4.0,false,NaN,4
40,100.0,24,125.0,0.5,1.0,false,NaN,4
40,100.0,24,125.0,1.0,1.0,false,NaN,4
40,100.0,24,125.0,1.5,1.0,false,NaN,4
40,100.0,24,125.0,2.0,1.0,false,NaN,4
40,100.0,24,125.0,2.5,1.0,false,NaN,4
40,100.0,24,125.0,0.5,1.5,false,NaN,3
40,100.0,24,125.0,1.0,1.5,false,NaN,4
40,100.0,24,125.0,1.5,1.5,false,NaN,3
40,100.0,24,125.0,2.0,1.5,false,NaN,3
40,100.0,24,125.0,2.5,1.5,false,NaN,4
40,100.0,24,125.0,0.5,2.0,false,NaN,4
40,100.0,24,125.0,1.0,2.0,false,NaN,4
40,100.0,24,125.0,1.5,2.0,false,NaN,4
40,100.0,24,125.0,2.0,2.0,false,NaN,3
40,100.0,24,125.0,2.5,2.0,false,NaN,4
40,100.0,24,125.0,0.5,2.5,false,NaN,3
40,100.0,24,125.0,1.0,2.5,false,NaN,4
40,100.0,24,125.0,1.5,2.5,false,NaN,4
40,100.0,24,125.0,2.0,2.5,false,NaN,4
40,100.0,24,125.0,2.5,2.5,false,NaN,4
40,100.0,24,125.0,0.5,3.0,false,NaN,3
40,100.0,24,125.0,1.0,3.0,false,NaN,3
40,100.0,24,125.0,1.5,3.0,false,NaN,4
40,100.0,24,125.0,2.0,3.0,false,NaN,4
40,100.0,24,125.0,2.5,3.0,false,NaN,4
40,100.0,24,125.0,0.5,3.5,false,NaN,3
40,100.0,24,125.0,1.0,3.5,false,NaN,4
40,100.0,24,125.0,1.5,3.5,false,NaN,4
40,100.0,24,125.0,2.0,3.5,false,NaN,4
40,100.0,24,125.0,2.5,3.5,false,NaN,4
40,100.0,24,125.0,0.5,4.0,false,NaN,3
40,100.0,24,125.0,1.0,4.0,false,NaN,3
40,100.0,24,125.0,1.5,4.0,false,NaN,4
40,100.0,24,125.0,2.0,4.0,false,NaN,4
40,100.0,24,125.0,2.5,4.0,false,NaN,4
40,100.0,30,125.0,0.5,1.0,false,NaN,4
40,100.0,30,125.0,1.0,1.0,false,NaN,4
40,100.0,30,125.0,1.5,1.0,false,NaN,4
40,100.0,30,125.0,2.0,1.0,false,NaN,4
40,100.0,30,125.0,2.5,1.0,false,NaN,4
40,100.0,30,125.0,0.5,1.5,false,NaN,4
40,100.0,30,125.0,1.0,1.5,false,NaN,4
40,100.0,30,125.0,1.5,1.5,false,NaN,4
40,100.0,30,125.0,2.0,1.5,false,NaN,4
40,100.0,30,125.0,2.5,1.5,false,NaN,4
40,100.0,30,125.0,0.5,2.0,false,NaN,4
40,100.0,30,125.0,1.0,2.0,false,NaN,4
40,100.0,30,125.0,1.5,2.0,false,NaN,4
40,100.0,30,125.0,2.0,2.0,false,NaN,4
40,100.0,30,125.0,2.5,2.0,false,NaN,4
40,100.0,30,125.0,0.5,2.5,false,NaN,4
40,100.0,30,125.0,1.0,2.5,false,NaN,4
40,100.0,30,125.0,1.5,2.5,false,NaN,4
40,100.0,30,125.0,2.0,2.5,false,NaN,4
40,100.0,30,125.0,2.5,2.5,false,NaN,4
40,100.0,30,125.0,0.5,3.0,false,NaN,4
40,100.0,30,125.0,1.0,3.0,false,NaN,4
40,100.0,30,125.0,1.5,3.0,false,NaN,4
40,100.0,30,125.0,2.0,3.0,false,NaN,4
40,100.0,30,125.0,2.5,3.0,false,NaN,4
40,100.0,30,125.0,0.5,3.5,false,NaN,4
40,100.0,30,125.0,1.0,3.5,false,NaN,4
40,100.0,30,125.0,1.5,3.5,false,NaN,4
40,100.0,30,125.0,2.0,3.5,false,NaN,4
40,100.0,30,125.0,2.5,3.5,false,NaN,4
40,100.0,30,125.0,0.5,4.0,false,NaN,4
40,100.0,30,125.0,1.0,4.0,false,NaN,4
40,100.0,30,125.0,1.5,4.0,false,NaN,4
40,100.0,30,125.0,2.0,4.0,false,NaN,4
40,100.0,30,125.0,2.5,4.0,false,NaN,4
40,100.0,36,125.0,0.5,1.0,false,NaN,3
40,100.0,36,125.0,1.0,1.0,false,NaN,4
40,100.0,36,125.0,1.5,1.0,false,NaN,2
40,100.0,36,125.0,2.0,1.0,false,NaN,3
40,100.0,36,125.0,2.5,1.0,false,NaN,3
40,100.0,36,125.0,0.5,1.5,false,NaN,3
40,100.0,36,125.0,1.0,1.5,false,NaN,4
40,100.0,36,125.0,1.5,1.5,false,NaN,3
40,100.0,36,125.0,2.0,1.5,false,NaN,4
40,100.0,36,125.0,2.5,1.5,false,NaN,4
40,100.0,36,125.0,0.5,2.0,false,NaN,3
40,100.0,36,125.0,1.0,2.0,false,NaN,4
40,100.0,36,125.0,1.5,2.0,false,NaN,3
40,100.0,36,125.0,2.0,2.0,false,NaN,4
40,100.0,36,125.0,2.5,2.0,false,NaN,4
40,100.0,36,125.0,0.5,2.5,false,NaN,4
40,100.0,36,125.0,1.0,2.5,false,NaN,3
40,100.0,36,125.0,1.5,2.5,false,NaN,3
40,100.0,36,125.0,2.0,2.5,false,NaN,4
40,100.0,36,125.0,2.5,2.5,false,NaN,4
40,100.0,36,125.0,0.5,3.0,false,NaN,4
40,100.0,36,125.0,1.0,3.0,false,NaN,4
40,100.0,36,125.0,1.5,3.0,false,NaN,3
40,100.0,36,125.0,2.0,3.0,false,NaN,4
40,100.0,36,125.0,2.5,3.0,false,NaN,4
40,100.0,36,125.0,0.5,3.5,false,NaN,4
40,100.0,36,125.0,1.0,3.5,false,NaN,3
40,100.0,36,125.0,1.5,3.5,false,NaN,3
40,100.0,36,125.0,2.0,3.5,false,NaN,4
40,100.0,36,125.0,2.5,3.5,false,NaN,4
40,100.0,36,125.0,0.5,4.0,false,NaN,4
40,100.0,36,125.0,1.0,4.0,false,NaN,3
40,100.0,36,125.0,1.5,4.0,false,NaN,3
40,100.0,36,125.0,2.0,4.0,false,NaN,4
40,100.0,36,125.0,2.5,4.0,false,NaN,4
40,100.0,12,150.0,0.5,1.0,false,NaN,4
40,100.0,12,150.0,1.0,1.0,false,NaN,4
40,100.0,12,150.0,1.5,1.0,false,NaN,4
40,100.0,12,150.0,2.0,1.0,false,NaN,4
40,100.0,12,150.0,2.5,1.0,false,NaN,4
40,100.0,12,150.0,0.5,1.5,false,NaN,4
40,100.0,12,150.0,1.0,1.5,false,NaN,4
40,100.0,12,150.0,1.5,1.5,false,NaN,4
40,100.0,12,150.0,2.0,1.5,false,NaN,4
40,100.0,12,150.0,2.5,1.5,false,NaN,4
40,100.0,12,150.0,0.5,2.0,false,NaN,3
40,100.0,12,150.0,1.0,2.0,false,NaN,4
40,100.0,12,150.0,1.5,2.0,false,NaN,3
40,100.0,12,150.0,2.0,2.0,false,NaN,4
40,100.0,12,150.0,2.5,2.0,false,NaN,4
40,100.0,12,150.0,0.5,2.5,false,NaN,3
40,100.0,12,150.0,1.0,2.5,false,NaN,4
40,100.0,12,150.0,1.5,2.5,false,NaN,4
40,100.0,12,150.0,2.0,2.5,false,NaN,4
40,100.0,12,150.0,2.5,2.5,false,NaN,4
40,100.0,12,150.0,0.5,3.0,false,NaN,4
40,100.0,12,150.0,1.0,3.0,false,NaN,4
40,100.0,12,150.0,1.5,3.0,false,NaN,4
40,100.0,12,150.0,2.0,3.0,false,NaN,4
40,100.0,12,150.0,2.5,3.0,false,NaN,4
40,100.0,12,150.0,0.5,3.5,false,NaN,4
40,100.0,12,150.0,1.0,3.5,false,NaN,4
40,100.0,12,150.0,1.5,3.5,false,NaN,4
40,100.0,12,150.0,2.0,3.5,false,NaN,4
40,100.0,12,150.0,2.5,3.5,false,NaN,4
40,100.0,12,150.0,0.5,4.0,false,NaN,4
40,100.0,12,150.0,1.0,4.0,false,NaN,4
40,100.0,12,150.0,1.5,4.0,false,NaN,4
40,100.0,12,150.0,2.0,4.0,false,NaN,4
40,100.0,12,150.0,2.5,4.0,false,NaN,4
40,100.0,18,150.0,0.5,1.0,false,NaN,4
40,100.0,18,150.0,1.0,1.0,false,NaN,4
40,100.0,18,150.0,1.5,1.0,false,NaN,3
40,100.0,18,150.0,2.0,1.0,false,NaN,3
40,100.0,18,150.0,2.5,1.0,false,NaN,3
40,100.0,18,150.0,0.5,1.5,false,NaN,4
40,100.0,18,150.0,1.0,1.5,false,NaN,4
40,100.0,18,150.0,1.5,1.5,false,NaN,4
40,100.0,18,150.0,2.0,1.5,false,NaN,4
40,100.0,18,150.0,2.5,1.5,false,NaN,4
40,100.0,18,150.0,0.5,2.0,false,NaN,4
40,100.0,18,150.0,1.0,2.0,false,NaN,4
40,100.0,18,150.0,1.5,2.0,false,NaN,4
40,100.0,18,150.0,2.0,2.0,false,NaN,4
40,100.0,18,150.0,2.5,2.0,false,NaN,4
40,100.0,18,150.0,0.5,2.5,false,NaN,4
40,100.0,18,150.0,1.0,2.5,false,NaN,4
40,100.0,18,150.0,1.5,2.5,false,NaN,4
40,100.0,18,150.0,2.0,2.5,false,NaN,4
40,100.0,18,150.0,2.5,2.5,false,NaN,4
40,100.0,18,150.0,0.5,3.0,false,NaN,4
40,100.0,18,150.0,1.0,3.0,false,NaN,4
40,100.0,18,150.0,1.5,3.0,false,NaN,4
40,100.0,18,150.0,2.0,3.0,false,NaN,4
40,100.0,18,150.0,2.5,3.0,false,NaN,4
40,100.0,18,150.0,0.5,3.5,false,NaN,4
40,100.0,18,150.0,1.0,3.5,false,NaN,4
40,100.0,18,150.0,1.5,3.5,false,NaN,4
40,100.0,18,150.0,2.0,3.5,false,NaN,4
40,100.0,18,150.0,2.5,3.5,false,NaN,4
40,100.0,18,150.0,0.5,4.0,false,NaN,4
40,100.0,18,150.0,1.0,4.0,false,NaN,4
40,100.0,18,150.0,1.5,4.0,false,NaN,4
40,100.0,18,150.0,2.0,4.0,false,NaN,4
40,100.0,18,150.0,2.5,4.0,false,NaN,4
40,100.0,24,150.0,0.5,1.0,false,NaN,4
40,100.0,24,150.0,1.0,1.0,false,NaN,4
40,100.0,24,150.0,1.5,1.0,false,NaN,4
40,100.0,24,150.0,2.0,1.0,false,NaN,4
40,100.0,24,150.0,2.5,1.0,false,NaN,4
40,100.0,24,150.0,0.5,1.5,false,NaN,4
40,100.0,24,150.0,1.0,1.5,false,NaN,3
40,100.0,24,150.0,1.5,1.5,false,NaN,4
40,100.0,24,150.0,2.0,1.5,false,NaN,4
40,100.0,24,150.0,2.5,1.5,false,NaN,4
40,100.0,24,150.0,0.5,2.0,false,NaN,3
40,100.0,24,150.0,1.0,2.0,false,NaN,3
40,100.0,24,150.0,1.5,2.0,false,NaN,4
40,100.0,24,150.0,2.0,2.0,false,NaN,4
40,100.0,24,150.0,2.5,2.0,false,NaN,4
40,100.0,24,150.0,0.5,2.5,false,NaN,4
40,100.0,24,150.0,1.0,2.5,false,NaN,4
40,100.0,24,150.0,1.5,2.5,false,NaN,4
40,100.0,24,150.0,2.0,2.5,false,NaN,4
40,100.0,24,150.0,2.5,2.5,false,NaN,4
40,100.0,24,150.0,0.5,3.0,false,NaN,4
40,100.0,24,150.0,1.0,3.0,false,NaN,4
40,100.0,24,150.0,1.5,3.0,false,NaN,4
40,100.0,24,150.0,2.0,3.0,false,NaN,4
40,100.0,24,150.0,2.5,3.0,false,NaN,4
40,100.0,24,150.0,0.5,3.5,false,NaN,4
40,100.0,24,150.0,1.0,3.5,false,NaN,4
40,100.0,24,150.0,1.5,3.5,false,NaN,4
40,100.0,24,150.0,2.0,3.5,false,NaN,4
40,100.0,24,150.0,2.5,3.5,false,NaN,4
40,100.0,24,150.0,0.5,4.0,false,NaN,4
40,100.0,24,150.0,1.0,4.0,false,NaN,4
40,100.0,24,150.0,1.5,4.0,false,NaN,4
40,100.0,24,150.0,2.0,4.0,false,NaN,4
40,100.0,24,150.0,2.5,4.0,false,NaN,4
40,100.0,30,150.0,0.5,1.0,false,NaN,3
40,100.0,30,150.0,1.0,1.0,false,NaN,3
40,100.0,30,150.0,1.5,1.0,false,NaN,4
40,100.0,30,150.0,2.0,1.0,false,NaN,4
40,100.0,30,150.0,2.5,1.0,false,NaN,4
40,100.0,30,150.0,0.5,1.5,false,NaN,4
40,100.0,30,150.0,1.0,1.5,false,NaN,4
40,100.0,30,150.0,1.5,1.5,false,NaN,4
40,100.0,30,150.0,2.0,1.5,false,NaN,4
40,100.0,30,150.0,2.5,1.5,false,NaN,4
40,100.0,30,150.0,0.5,2.0,false,NaN,4
40,100.0,30,150.0,1.0,2.0,false,NaN,4
40,100.0,30,150.0,1.5,2.0,false,NaN,4
40,100.0,30,150.0,2.0,2.0,false,NaN,4
40,100.0,30,150.0,2.5,2.0,false,NaN,4
40,100.0,30,150.0,0.5,2.5,false,NaN,4
40,100.0,30,150.0,1.0,2.5,false,NaN,4
40,100.0,30,150.0,1.5,2.5,false,NaN,4
40,100.0,30,150.0,2.0,2.5,false,NaN,4
40,100.0,30,150.0,2.5,2.5,false,NaN,4
40,100.0,30,150.0,0.5,3.0,false,NaN,4
40,100.0,30,150.0,1.0,3.0,false,NaN,4
40,100.0,30,150.0,1.5,3.0,false,NaN,4
40,100.0,30,150.0,2.0,3.0,false,NaN,3
40,100.0,30,150.0,2.5,3.0,false,NaN,3
40,100.0,30,150.0,0.5,3.5,false,NaN,4
40,100.0,30,150.0,1.0,3.5,false,NaN,4
40,100.0,30,150.0,1.5,3.5,false,NaN,3
40,100.0,30,150.0,2.0,3.5,false,NaN,3
40,100.0,30,150.0,2.5,3.5,false,NaN,3
40,100.0,30,150.0,0.5,4.0,false,NaN,4
40,100.0,30,150.0,1.0,4.0,false,NaN,4
40,100.0,30,150.0,1.5,4.0,false,NaN,3
40,100.0,30,150.0,2.0,4.0,false,NaN,3
40,100.0,30,150.0,2.5,4.0,false,NaN,3
40,100.0,36,150.0,0.5,1.0,false,NaN,4
40,100.0,36,150.0,1.0,1.0,false,NaN,4
40,100.0,36,150.0,1.5,1.0,false,NaN,4
40,100.0,36,150.0,2.0,1.0,false,NaN,4
40,100.0,36,150.0,2.5,1.0,false,NaN,4
40,100.0,36,150.0,0.5,1.5,false,NaN,3
40,100.0,36,150.0,1.0,1.5,false,NaN,3
40,100.0,36,150.0,1.5,1.5,false,NaN,3
40,100.0,36,150.0,2.0,1.5,false,NaN,3
40,100.0,36,150.0,2.5,1.5,false,NaN,4
40,100.0,36,150.0,0.5,2.0,false,NaN,4
40,100.0,36,150.0,1.0,2.0,false,NaN,4
40,100.0,36,150.0,1.5,2.0,false,NaN,4
40,100.0,36,150.0,2.0,2.0,false,NaN,4
40,100.0,36,150.0,2.5,2.0,false,NaN,4
40,100.0,36,150.0,0.5,2.5,false,NaN,4
40,100.0,36,150.0,1.0,2.5,false,NaN,4
40,100.0,36,150.0,1.5,2.5,false,NaN,4
40,100.0,36,150.0,2.0,2.5,false,NaN,4
40,100.0,36,150.0,2.5,2.5,false,NaN,4
40,100.0,36,150.0,0.5,3.0,false,NaN,4
40,100.0,36,150.0,1.0,3.0,false,NaN,3
40,100.0,36,150.0,1.5,3.0,false,NaN,4
40,100.0,36,150.0,2.0,3.0,false,NaN,4
40,100.0,36,150.0,2.5,3.0,false,NaN,4
40,100.0,36,150.0,0.5,3.5,false,NaN,3
40,100.0,36,150.0,1.0,3.5,false,NaN,3
40,100.0,36,150.0,1.5,3.5,false,NaN,4
40,100.0,36,150.0,2.0,3.5,false,NaN,4
40,100.0,36,150.0,2.5,3.5,false,NaN,4
40,100.0,36,150.0,0.5,4.0,false,NaN,3
40,100.0,36,150.0,1.0,4.0,false,NaN,3
40,100.0,36,150.0,1.5,4.0,false,NaN,4
40,100.0,36,150.0,2.0,4.0,false,NaN,4
40,100.0,36,150.0,2.5,4.0,false,NaN,4
41,100.0,12,50.0,0.5,1.0,false,NaN,0
41,100.0,12,50.0,1.0,1.0,false,NaN,1
41,100.0,12,50.0,1.5,1.0,false,NaN,3
41,100.0,12,50.0,2.0,1.0,false,NaN,1
41,100.0,12,50.0,2.5,1.0,false,NaN,3
41,100.0,12,50.0,0.5,1.5,false,NaN,0
41,100.0,12,50.0,1.0,1.5,false,NaN,0
41,100.0,12,50.0,1.5,1.5,false,NaN,0
41,100.0,12,50.0,2.0,1.5,false,NaN,3
41,100.0,12,50.0,2.5,1.5,false,NaN,2
41,100.0,12,50.0,0.5,2.0,false,NaN,1
41,100.0,12,50.0,1.0,2.0,false,NaN,1
41,100.0,12,50.0,1.5,2.0,false,NaN,1
41,100.0,12,50.0,2.0,2.0,false,NaN,1
41,100.0,12,50.0,2.5,2.0,false,NaN,2
41,100.0,12,50.0,0.5,2.5,false,NaN,0
41,100.0,12,50.0,1.0,2.5,false,NaN,0
41,100.0,12,50.0,1.5,2.5,false,NaN,2
41,100.0,12,50.0,2.0,2.5,false,NaN,2
41,100.0,12,50.0,2.5,2.5,false,NaN,2
41,100.0,12,50.0,0.5,3.0,false,NaN,0
41,100.0,12,50.0,1.0,3.0,false,NaN,1
41,100.0,12,50.0,1.5,3.0,false,NaN,0
41,100.0,12,50.0,2.0,3.0,false,NaN,1
41,100.0,12,50.0,2.5,3.0,false,NaN,0
41,100.0,12,50.0,0.5,3.5,false,NaN,1
41,100.0,12,50.0,1.0,3.5,false,NaN,0
41,100.0,12,50.0,1.5,3.5,false,NaN,0
41,100.0,12,50.0,2.0,3.5,false,NaN,1
41,100.0,12,50.0,2.5,3.5,false,NaN,1
41,100.0,12,50.0,0.5,4.0,false,NaN,1
41,100.0,12,50.0,1.0,4.0,false,NaN,1
41,100.0,12,50.0,1.5,4.0,false,NaN,0
41,100.0,12,50.0,2.0,4.0,false,NaN,0
41,100.0,12,50.0,2.5,4.0,false,NaN,1
41,100.0,18,50.0,0.5,1.0,false,NaN,2
41,100.0,18,50.0,1.0,1.0,false,NaN,0
41,100.0,18,50.0,1.5,1.0,false,NaN,1
41,100.0,18,50.0,2.0,1.0,false,NaN,3
41,100.0,18,50.0,2.5,1.0,false,NaN,3
41,100.0,18,50.0,0.5,1.5,false,NaN,2
41,100.0,18,50.0,1.0,1.5,false,NaN,0
41,100.0,18,50.0,1.5,1.5,false,NaN,2
41,100.0,18,50.0,2.0,1.5,false,NaN,2
41,100.0,18,50.0,2.5,1.5,false,NaN,4
41,100.0,18,50.0,0.5,2.0,false,NaN,1
41,100.0,18,50.0,1.0,2.0,false,NaN,1
41,100.0,18,50.0,1.5,2.0,false,NaN,2
41,100.0,18,50.0,2.0,2.0,false,NaN,2
41,100.0,18,50.0,2.5,2.0,false,NaN,3
41,100.0,18,50.0,0.5,2.5,false,NaN,0
41,100.0,18,50.0,1.0,2.5,false,NaN,2
41,100.0,18,50.0,1.5,2.5,false,NaN,2
41,100.0,18,50.0,2.0,2.5,false,NaN,2
41,100.0,18,50.0,2.5,2.5,false,NaN,0
41,100.0,18,50.0,0.5,3.0,false,NaN,3
41,100.0,18,50.0,1.0,3.0,false,NaN,2
41,100.0,18,50.0,1.5,3.0,false,NaN,0
41,100.0,18,50.0,2.0,3.0,false,NaN,3
41,100.0,18,50.0,2.5,3.0,false,NaN,2
41,100.0,18,50.0,0.5,3.5,false,NaN,0
41,100.0,18,50.0,1.0,3.5,false,NaN,1
41,100.0,18,50.0,1.5,3.5,false,NaN,1
41,100.0,18,50.0,2.0,3.5,false,NaN,0
41,100.0,18,50.0,2.5,3.5,false,NaN,3
41,100.0,18,50.0,0.5,4.0,false,NaN,0
41,100.0,18,50.0,1.0,4.0,false,NaN,0
41,100.0,18,50.0,1.5,4.0,false,NaN,1
41,100.0,18,50.0,2.0,4.0,false,NaN,0
41,100.0,18,50.0,2.5,4.0,false,NaN,0
41,100.0,24,50.0,0.5,1.0,false,NaN,0
41,100.0,24,50.0,1.0,1.0,false,NaN,1
41,100.0,24,50.0,1.5,1.0,false,NaN,1
41,100.0,24,50.0,2.0,1.0,false,NaN,2
41,100.0,24,50.0,2.5,1.0,false,NaN,3
41,100.0,24,50.0,0.5,1.5,false,NaN,1
41,100.0,24,50.0,1.0,1.5,false,NaN,1
41,100.0,24,50.0,1.5,1.5,false,NaN,1
41,100.0,24,50.0,2.0,1.5,false,NaN,0
41,100.0,24,50.0,2.5,1.5,false,NaN,2
41,100.0,24,50.0,0.5,2.0,false,NaN,0
41,100.0,24,50.0,1.0,2.0,false,NaN,3
41,100.0,24,50.0,1.5,2.0,false,NaN,1
41,100.0,24,50.0,2.0,2.0,false,NaN,1
41,100.0,24,50.0,2.5,2.0,false,NaN,2
41,100.0,24,50.0,0.5,2.5,false,NaN,3
41,100.0,24,50.0,1.0,2.5,false,NaN,1
41,100.0,24,50.0,1.5,2.5,false,NaN,4
41,100.0,24,50.0,2.0,2.5,false,NaN,2
41,100.0,24,50.0,2.5,2.5,false,NaN,0
41,100.0,24,50.0,0.5,3.0,false,NaN,2
41,100.0,24,50.0,1.0,3.0,false,NaN,1
41,100.0,24,50.0,1.5,3.0,false,NaN,2
41,100.0,24,50.0,2.0,3.0,false,NaN,1
41,100.0,24,50.0,2.5,3.0,false,NaN,1
41,100.0,24,50.0,0.5,3.5,false,NaN,1
41,100.0,24,50.0,1.0,3.5,false,NaN,3
41,100.0,24,50.0,1.5,3.5,false,NaN,0
41,100.0,24,50.0,2.0,3.5,false,NaN,2
41,100.0,24,50.0,2.5,3.5,false,NaN,1
41,100.0,24,50.0,0.5,4.0,false,NaN,1
41,100.0,24,50.0,1.0,4.0,false,NaN,2
41,100.0,24,50.0,1.5,4.0,false,NaN,2
41,100.0,24,50.0,2.0,4.0,false,NaN,2
41,100.0,24,50.0,2.5,4.0,false,NaN,1
41,100.0,30,50.0,0.5,1.0,false,NaN,0
41,100.0,30,50.0,1.0,1.0,false,NaN,2
41,100.0,30,50.0,1.5,1.0,false,NaN,1
41,100.0,30,50.0,2.0,1.0,false,NaN,2
41,100.0,30,50.0,2.5,1.0,false,NaN,3
41,100.0,30,50.0,0.5,1.5,false,NaN,3
41,100.0,30,50.0,1.0,1.5,false,NaN,2
41,100.0,30,50.0,1.5,1.5,false,NaN,2
41,100.0,30,50.0,2.0,1.5,false,NaN,3
41,100.0,30,50.0,2.5,1.5,false,NaN,2
41,100.0,30,50.0,0.5,2.0,false,NaN,0
41,100.0,30,50.0,1.0,2.0,false,NaN,1
41,100.0,30,50.0,1.5,2.0,false,NaN,1
41,100.0,30,50.0,2.0,2.0,false,NaN,1
41,100.0,30,50.0,2.5,2.0,false,NaN,1
41,100.0,30,50.0,0.5,2.5,false,NaN,0
41,100.0,30,50.0,1.0,2.5,false,NaN,1
41,100.0,30,50.0,1.5,2.5,false,NaN,1
41,100.0,30,50.0,2.0,2.5,false,NaN,2
41,100.0,30,50.0,2.5,2.5,false,NaN,1
41,100.0,30,50.0,0.5,3.0,false,NaN,0
41,100.0,30,50.0,1.0,3.0,false,NaN,1
41,100.0,30,50.0,1.5,3.0,false,NaN,2
41,100.0,30,50.0,2.0,3.0,false,NaN,0
41,100.0,30,50.0,2.5,3.0,false,NaN,1
41,100.0,30,50.0,0.5,3.5,false,NaN,0
41,100.0,30,50.0,1.0,3.5,false,NaN,2
41,100.0,30,50.0,1.5,3.5,false,NaN,0
41,100.0,30,50.0,2.0,3.5,false,NaN,2
41,100.0,30,50.0,2.5,3.5,false,NaN,1
41,100.0,30,50.0,0.5,4.0,false,NaN,2
41,100.0,30,50.0,1.0,4.0,false,NaN,2
41,100.0,30,50.0,1.5,4.0,false,NaN,2
41,100.0,30,50.0,2.0,4.0,false,NaN,0
41,100.0,30,50.0,2.5,4.0,false,NaN,1
41,100.0,36,50.0,0.5,1.0,false,NaN,1
41,100.0,36,50.0,1.0,1.0,false,NaN,2
41,100.0,36,50.0,1.5,1.0,false,NaN,1
41,100.0,36,50.0,2.0,1.0,false,NaN,1
41,100.0,36,50.0,2.5,1.0,false,NaN,2
41,100.0,36,50.0,0.5,1.5,false,NaN,2
41,100.0,36,50.0,1.0,1.5,false,NaN,1
41,100.0,36,50.0,1.5,1.5,false,NaN,2
41,100.0,36,50.0,2.0,1.5,false,NaN,2
41,100.0,36,50.0,2.5,1.5,false,NaN,3
41,100.0,36,50.0,0.5,2.0,false,NaN,1
41,100.0,36,50.0,1.0,2.0,false,NaN,2
41,100.0,36,50.0,1.5,2.0,false,NaN,3
41,100.0,36,50.0,2.0,2.0,false,NaN,0
41,100.0,36,50.0,2.5,2.0,false,NaN,3
41,100.0,36,50.0,0.5,2.5,false,NaN,0
41,100.0,36,50.0,1.0,2.5,false,NaN,2
41,100.0,36,50.0,1.5,2.5,false,NaN,1
41,100.0,36,50.0,2.0,2.5,false,NaN,3
41,100.0,36,50.0,2.5,2.5,false,NaN,3
41,100.0,36,50.0,0.5,3.0,false,NaN,1
41,100.0,36,50.0,1.0,3.0,false,NaN,2
41,100.0,36,50.0,1.5,3.0,false,NaN,2
41,100.0,36,50.0,2.0,3.0,false,NaN,0
41,100.0,36,50.0,2.5,3.0,false,NaN,1
41,100.0,36,50.0,0.5,3.5,false,NaN,0
41,100.0,36,50.0,1.0,3.5,false,NaN,0
41,100.0,36,50.0,1.5,3.5,false,NaN,3
41,100.0,36,50.0,2.0,3.5,false,NaN,3
41,100.0,36,50.0,2.5,3.5,false,NaN,2
41,100.0,36,50.0,0.5,4.0,false,NaN,0
41,100.0,36,50.0,1.0,4.0,false,NaN,0
41,100.0,36,50.0,1.5,4.0,false,NaN,3
41,100.0,36,50.0,2.0,4.0,false,NaN,3
41,100.0,36,50.0,2.5,4.0,false,NaN,2
41,100.0,12,75.0,0.5,1.0,false,NaN,3
41,100.0,12,75.0,1.0,1.0,false,NaN,3
41,100.0,12,75.0,1.5,1.0,false,NaN,3
41,100.0,12,75.0,2.0,1.0,false,NaN,3
41,100.0,12,75.0,2.5,1.0,false,NaN,3
41,100.0,12,75.0,0.5,1.5,false,NaN,3
41,100.0,12,75.0,1.0,1.5,false,NaN,4
41,100.0,12,75.0,1.5,1.5,false,NaN,3
41,100.0,12,75.0,2.0,1.5,false,NaN,3
41,100.0,12,75.0,2.5,1.5,false,NaN,3
41,100.0,12,75.0,0.5,2.0,false,NaN,4
41,100.0,12,75.0,1.0,2.0,false,NaN,3
41,100.0,12,75.0,1.5,2.0,false,NaN,3
41,100.0,12,75.0,2.0,2.0,false,NaN,3
41,100.0,12,75.0,2.5,2.0,false,NaN,3
41,100.0,12,75.0,0.5,2.5,false,NaN,3
41,100.0,12,75.0,1.0,2.5,false,NaN,3
41,100.0,12,75.0,1.5,2.5,false,NaN,3
41,100.0,12,75.0,2.0,2.5,false,NaN,3
41,100.0,12,75.0,2.5,2.5,false,NaN,3
41,100.0,12,75.0,0.5,3.0,false,NaN,3
41,100.0,12,75.0,1.0,3.0,false,NaN,3
41,100.0,12,75.0,1.5,3.0,false,NaN,3
41,100.0,12,75.0,2.0,3.0,false,NaN,3
41,100.0,12,75.0,2.5,3.0,false,NaN,3
41,100.0,12,75.0,0.5,3.5,false,NaN,3
41,100.0,12,75.0,1.0,3.5,false,NaN,3
41,100.0,12,75.0,1.5,3.5,false,NaN,3
41,100.0,12,75.0,2.0,3.5,false,NaN,3
41,100.0,12,75.0,2.5,3.5,false,NaN,3
41,100.0,12,75.0,0.5,4.0,false,NaN,3
41,100.0,12,75.0,1.0,4.0,false,NaN,3
41,100.0,12,75.0,1.5,4.0,false,NaN,3
41,100.0,12,75.0,2.0,4.0,false,NaN,3
41,100.0,12,75.0,2.5,4.0,false,NaN,3
41,100.0,18,75.0,0.5,1.0,false,NaN,3
41,100.0,18,75.0,1.0,1.0,false,NaN,3
41,100.0,18,75.0,1.5,1.0,false,NaN,3
41,100.0,18,75.0,2.0,1.0,false,NaN,3
41,100.0,18,75.0,2.5,1.0,false,NaN,3
41,100.0,18,75.0,0.5,1.5,false,NaN,3
41,100.0,18,75.0,1.0,1.5,false,NaN,3
41,100.0,18,75.0,1.5,1.5,false,NaN,3
41,100.0,18,75.0,2.0,1.5,false,NaN,3
41,100.0,18,75.0,2.5,1.5,false,NaN,3
41,100.0,18,75.0,0.5,2.0,false,NaN,3
41,100.0,18,75.0,1.0,2.0,false,NaN,3
41,100.0,18,75.0,1.5,2.0,false,NaN,3
41,100.0,18,75.0,2.0,2.0,false,NaN,3
41,100.0,18,75.0,2.5,2.0,false,NaN,3
41,100.0,18,75.0,0.5,2.5,false,NaN,3
41,100.0,18,75.0,1.0,2.5,false,NaN,3
41,100.0,18,75.0,1.5,2.5,false,NaN,3
41,100.0,18,75.0,2.0,2.5,false,NaN,3
41,100.0,18,75.0,2.5,2.5,false,NaN,3
41,100.0,18,75.0,0.5,3.0,false,NaN,3
41,100.0,18,75.0,1.0,3.0,false,NaN,3
41,100.0,18,75.0,1.5,3.0,false,NaN,3
41,100.0,18,75.0,2.0,3.0,false,NaN,3
41,100.0,18,75.0,2.5,3.0,false,NaN,3
41,100.0,18,75.0,0.5,3.5,false,NaN,3
41,100.0,18,75.0,1.0,3.5,false,NaN,3
41,100.0,18,75.0,1.5,3.5,false,NaN,3
41,100.0,18,75.0,2.0,3.5,false,NaN,3
41,100.0,18,75.0,2.5,3.5,false,NaN,3
41,100.0,18,75.0,0.5,4.0,false,NaN,3
41,100.0,18,75.0,1.0,4.0,false,NaN,3
41,100.0,18,75.0,1.5,4.0,false,NaN,3
41,100.0,18,75.0,2.0,4.0,false,NaN,3
41,100.0,18,75.0,2.5,4.0,false,NaN,3
41,100.0,24,75.0,0.5,1.0,false,NaN,3
41,100.0,24,75.0,1.0,1.0,false,NaN,4
41,100.0,24,75.0,1.5,1.0,false,NaN,2
41,100.0,24,75.0,2.0,1.0,false,NaN,4
41,100.0,24,75.0,2.5,1.0,false,NaN,4
41,100.0,24,75.0,0.5,1.5,false,NaN,4
41,100.0,24,75.0,1.0,1.5,false,NaN,2
41,100.0,24,75.0,1.5,1.5,false,NaN,2
41,100.0,24,75.0,2.0,1.5,false,NaN,2
41,100.0,24,75.0,2.5,1.5,false,NaN,2
41,100.0,24,75.0,0.5,2.0,false,NaN,2
41,100.0,24,75.0,1.0,2.0,false,NaN,4
41,100.0,24,75.0,1.5,2.0,false,NaN,2
41,100.0,24,75.0,2.0,2.0,false,NaN,2
41,100.0,24,75.0,2.5,2.0,false,NaN,4
41,100.0,24,75.0,0.5,2.5,false,NaN,4
41,100.0,24,75.0,1.0,2.5,true,89.25476883227567,5
41,100.0,24,75.0,1.5,2.5,true,89.08235112992244,5
41,100.0,24,75.0,2.0,2.5,true,89.25476883227567,5
41,100.0,24,75.0,2.5,2.5,false,NaN,2
41,100.0,24,75.0,0.5,3.0,false,NaN,4
41,100.0,24,75.0,1.0,3.0,true,89.25476883227567,5
41,100.0,24,75.0,1.5,3.0,true,89.25476883227567,5
41,100.0,24,75.0,2.0,3.0,false,NaN,4
41,100.0,24,75.0,2.5,3.0,false,NaN,2
41,100.0,24,75.0,0.5,3.5,true,89.25476883227567,5
41,100.0,24,75.0,1.0,3.5,true,89.25476883227567,5
41,100.0,24,75.0,1.5,3.5,true,89.25476883227567,5
41,100.0,24,75.0,2.0,3.5,true,94.90051834382426,5
41,100.0,24,75.0,2.5,3.5,true,93.67198995674,5
41,100.0,24,75.0,0.5,4.0,true,87.69908134247007,5
41,100.0,24,75.0,1.0,4.0,true,86.83434903490046,5
41,100.0,24,75.0,1.5,4.0,true,88.56275276538254,5
41,100.0,24,75.0,2.0,4.0,true,94.90051834382426,5
41,100.0,24,75.0,2.5,4.0,true,94.90051834382426,5
41,100.0,30,75.0,0.5,1.0,false,NaN,2
41,100.0,30,75.0,1.0,1.0,false,NaN,3
41,100.0,30,75.0,1.5,1.0,false,NaN,4
41,100.0,30,75.0,2.0,1.0,false,NaN,4
41,100.0,30,75.0,2.5,1.0,false,NaN,4
41,100.0,30,75.0,0.5,1.5,false,NaN,3
41,100.0,30,75.0,1.0,1.5,true,59.40678323145775,5
41,100.0,30,75.0,1.5,1.5,true,59.40678323145775,5
41,100.0,30,75.0,2.0,1.5,true,59.40678323145775,5
41,100.0,30,75.0,2.5,1.5,true,59.40678323145775,5
41,100.0,30,75.0,0.5,2.0,true,59.40678323145775,5
41,100.0,30,75.0,1.0,2.0,true,65.28351277020727,5
41,100.0,30,75.0,1.5,2.0,true,65.28351277020727,5
41,100.0,30,75.0,2.0,2.0,true,65.28351277020727,5
41,100.0,30,75.0,2.5,2.0,true,65.28351277020727,5
41,100.0,30,75.0,0.5,2.5,true,65.28351277020727,5
41,100.0,30,75.0,1.0,2.5,true,65.28351277020727,5
41,100.0,30,75.0,1.5,2.5,true,65.28351277020727,5
41,100.0,30,75.0,2.0,2.5,true,65.28351277020727,5
41,100.0,30,75.0,2.5,2.5,true,65.28351277020727,5
41,100.0,30,75.0,0.5,3.0,true,64.60607652890597,5
41,100.0,30,75.0,1.0,3.0,true,64.60607652890597,5
41,100.0,30,75.0,1.5,3.0,true,66.12837115182604,5
41,100.0,30,75.0,2.0,3.0,true,66.12837115182604,5
41,100.0,30,75.0,2.5,3.0,true,66.12837115182604,5
41,100.0,30,75.0,0.5,3.5,true,84.4836110281304,5
41,100.0,30,75.0,1.0,3.5,true,66.12837115182604,5
41,100.0,30,75.0,1.5,3.5,true,66.12837115182604,5
41,100.0,30,75.0,2.0,3.5,true,66.12837115182604,5
41,100.0,30,75.0,2.5,3.5,true,66.12837115182604,5
41,100.0,30,75.0,0.5,4.0,true,66.12837115182604,5
41,100.0,30,75.0,1.0,4.0,true,66.12837115182604,5
41,100.0,30,75.0,1.5,4.0,true,66.12837115182604,5
41,100.0,30,75.0,2.0,4.0,true,66.12837115182604,5
41,100.0,30,75.0,2.5,4.0,true,66.12837115182604,5
41,100.0,36,75.0,0.5,1.0,true,52.60724752839491,5
41,100.0,36,75.0,1.0,1.0,true,60.79915413732118,5
41,100.0,36,75.0,1.5,1.0,true,67.73961765257576,5
41,100.0,36,75.0,2.0,1.0,true,72.25756482073398,5
41,100.0,36,75.0,2.5,1.0,true,72.07504988932926,5
41,100.0,36,75.0,0.5,1.5,true,59.23282450366168,5
41,100.0,36,75.0,1.0,1.5,true,55.940184264123594,5
41,100.0,36,75.0,1.5,1.5,true,55.940184264123594,5
41,100.0,36,75.0,2.0,1.5,true,55.940184264123594,5
41,100.0,36,75.0,2.5,1.5,true,55.940184264123594,5
41,100.0,36,75.0,0.5,2.0,true,49.90333677234897,5
41,100.0,36,75.0,1.0,2.0,true,49.50755427420987,5
41,100.0,36,75.0,1.5,2.0,true,49.50755427420987,5
41,100.0,36,75.0,2.0,2.0,true,49.50755427420987,5
41,100.0,36,75.0,2.5,2.0,true,49.50755427420987,5
41,100.0,36,75.0,0.5,2.5,false,NaN,4
41,100.0,36,75.0,1.0,2.5,true,54.3563926744915,5
41,100.0,36,75.0,1.5,2.5,true,48.484684925865466,5
41,100.0,36,75.0,2.0,2.5,true,48.484684925865466,5
41,100.0,36,75.0,2.5,2.5,true,48.484684925865466,5
41,100.0,36,75.0,0.5,3.0,true,66.47871751324607,5
41,100.0,36,75.0,1.0,3.0,true,51.896146786941884,5
41,100.0,36,75.0,1.5,3.0,true,51.20908439925965,5
41,100.0,36,75.0,2.0,3.0,false,NaN,4
41,100.0,36,75.0,2.5,3.0,true,55.690762573532446,5
41,100.0,36,75.0,0.5,3.5,true,95.26353104558126,5
41,100.0,36,75.0,1.0,3.5,true,51.29617050881529,5
41,100.0,36,75.0,1.5,3.5,true,51.20908439925965,5
41,100.0,36,75.0,2.0,3.5,true,51.20908439925965,5
41,100.0,36,75.0,2.5,3.5,true,55.690762573532446,5
41,100.0,36,75.0,0.5,4.0,true,53.40423631700297,5
41,100.0,36,75.0,1.0,4.0,false,NaN,4
41,100.0,36,75.0,1.5,4.0,true,51.896146786941884,5
41,100.0,36,75.0,2.0,4.0,true,51.20908439925965,5
41,100.0,36,75.0,2.5,4.0,true,55.690762573532446,5
41,100.0,12,100.0,0.5,1.0,true,51.13835074002497,5
41,100.0,12,100.0,1.0,1.0,true,46.80652282809927,5
41,100.0,12,100.0,1.5,1.0,true,46.80652282809927,5
41,100.0,12,100.0,2.0,1.0,true,46.80652282809927,5
41,100.0,12,100.0,2.5,1.0,true,46.80652282809927,5
41,100.0,12,100.0,0.5,1.5,true,55.39665622571357,5
41,100.0,12,100.0,1.0,1.5,true,55.39665622571357,5
41,100.0,12,100.0,1.5,1.5,true,55.39665622571357,5
41,100.0,12,100.0,2.0,1.5,true,55.39665622571357,5
41,100.0,12,100.0,2.5,1.5,true,55.39665622571357,5
41,100.0,12,100.0,0.5,2.0,true,55.39665622571357,5
41,100.0,12,100.0,1.0,2.0,true,55.39665622571357,5
41,100.0,12,100.0,1.5,2.0,true,55.39665622571357,5
41,100.0,12,100.0,2.0,2.0,true,55.39665622571357,5
41,100.0,12,100.0,2.5,2.0,true,55.39665622571357,5
41,100.0,12,100.0,0.5,2.5,true,55.39665622571357,5
41,100.0,12,100.0,1.0,2.5,true,55.39665622571357,5
41,100.0,12,100.0,1.5,2.5,true,55.39665622571357,5
41,100.0,12,100.0,2.0,2.5,true,55.39665622571357,5
41,100.0,12,100.0,2.5,2.5,true,55.39665622571357,5
41,100.0,12,100.0,0.5,3.0,true,55.39665622571357,5
41,100.0,12,100.0,1.0,3.0,true,55.39665622571357,5
41,100.0,12,100.0,1.5,3.0,true,55.39665622571357,5
41,100.0,12,100.0,2.0,3.0,true,55.39665622571357,5
41,100.0,12,100.0,2.5,3.0,true,55.39665622571357,5
41,100.0,12,100.0,0.5,3.5,true,55.39665622571357,5
41,100.0,12,100.0,1.0,3.5,true,55.39665622571357,5
41,100.0,12,100.0,1.5,3.5,true,55.39665622571357,5
41,100.0,12,100.0,2.0,3.5,true,55.39665622571357,5
41,100.0,12,100.0,2.5,3.5,true,55.39665622571357,5
41,100.0,12,100.0,0.5,4.0,true,55.39665622571357,5
41,100.0,12,100.0,1.0,4.0,true,55.39665622571357,5
41,100.0,12,100.0,1.5,4.0,true,55.39665622571357,5
41,100.0,12,100.0,2.0,4.0,true,55.39665622571357,5
41,100.0,12,100.0,2.5,4.0,true,55.39665622571357,5
41,100.0,18,100.0,0.5,1.0,false,NaN,4
41,100.0,18,100.0,1.0,1.0,false,NaN,4
41,100.0,18,100.0,1.5,1.0,true,65.00030482382836,5
41,100.0,18,100.0,2.0,1.0,true,65.00030482382836,5
41,100.0,18,100.0,2.5,1.0,true,65.00030482382836,5
41,100.0,18,100.0,0.5,1.5,true,69.6325173393143,5
41,100.0,18,100.0,1.0,1.5,true,76.6802383438107,5
41,100.0,18,100.0,1.5,1.5,true,76.6802383438107,5
41,100.0,18,100.0,2.0,1.5,true,76.6802383438107,5
41,100.0,18,100.0,2.5,1.5,true,76.6802383438107,5
41,100.0,18,100.0,0.5,2.0,true,65.9349760771909,5
41,100.0,18,100.0,1.0,2.0,true,80.2911802359106,5
41,100.0,18,100.0,1.5,2.0,true,80.2911802359106,5
41,100.0,18,100.0,2.0,2.0,true,77.92810669743115,5
41,100.0,18,100.0,2.5,2.0,true,77.92810669743115,5
41,100.0,18,100.0,0.5,2.5,true,60.36818499013662,5
41,100.0,18,100.0,1.0,2.5,true,57.01699101741136,5
41,100.0,18,100.0,1.5,2.5,true,57.01699101741136,5
41,100.0,18,100.0,2.0,2.5,true,57.01699101741136,5
41,100.0,18,100.0,2.5,2.5,true,57.01699101741136,5
41,100.0,18,100.0,0.5,3.0,true,60.36818499013662,5
41,100.0,18,100.0,1.0,3.0,true,57.01699101741136,5
41,100.0,18,100.0,1.5,3.0,true,57.01699101741136,5
41,100.0,18,100.0,2.0,3.0,true,57.01699101741136,5
41,100.0,18,100.0,2.5,3.0,true,57.01699101741136,5
41,100.0,18,100.0,0.5,3.5,true,60.36818499013662,5
41,100.0,18,100.0,1.0,3.5,true,57.01699101741136,5
41,100.0,18,100.0,1.5,3.5,true,57.01699101741136,5
41,100.0,18,100.0,2.0,3.5,true,57.01699101741136,5
41,100.0,18,100.0,2.5,3.5,true,57.01699101741136,5
41,100.0,18,100.0,0.5,4.0,true,56.95970449491576,5
41,100.0,18,100.0,1.0,4.0,true,56.95970449491576,5
41,100.0,18,100.0,1.5,4.0,true,56.95970449491576,5
41,100.0,18,100.0,2.0,4.0,true,56.95970449491576,5
41,100.0,18,100.0,2.5,4.0,true,56.95970449491576,5
41,100.0,24,100.0,0.5,1.0,true,84.38009895147057,5
41,100.0,24,100.0,1.0,1.0,true,82.84092734120557,5
41,100.0,24,100.0,1.5,1.0,false,NaN,4
41,100.0,24,100.0,2.0,1.0,true,90.94122225210354,5
41,100.0,24,100.0,2.5,1.0,true,81.08992486331904,5
41,100.0,24,100.0,0.5,1.5,true,88.01175179998295,5
41,100.0,24,100.0,1.0,1.5,true,91.32022782376274,5
41,100.0,24,100.0,1.5,1.5,true,93.13865202580595,5
41,100.0,24,100.0,2.0,1.5,true,93.13865202580595,5
41,100.0,24,100.0,2.5,1.5,true,93.13865202580595,5
41,100.0,24,100.0,0.5,2.0,true,94.69991803124395,5
41,100.0,24,100.0,1.0,2.0,true,78.58570689958798,5
41,100.0,24,100.0,1.5,2.0,true,78.58570689958798,5
41,100.0,24,100.0,2.0,2.0,true,99.6371083696873,5
41,100.0,24,100.0,2.5,2.0,true,95.84158244860316,5
41,100.0,24,100.0,0.5,2.5,false,NaN,4
41,100.0,24,100.0,1.0,2.5,true,82.72389592184715,5
41,100.0,24,100.0,1.5,2.5,true,73.95315641364103,5
41,100.0,24,100.0,2.0,2.5,true,73.95315641364103,5
41,100.0,24,100.0,2.5,2.5,true,73.95315641364103,5
41,100.0,24,100.0,0.5,3.0,false,NaN,4
41,100.0,24,100.0,1.0,3.0,true,74.23417143836299,5
41,100.0,24,100.0,1.5,3.0,true,74.23417143836299,5
41,100.0,24,100.0,2.0,3.0,true,74.23417143836299,5
41,100.0,24,100.0,2.5,3.0,true,74.23417143836299,5
41,100.0,24,100.0,0.5,3.5,true,94.79168161408592,5
41,100.0,24,100.0,1.0,3.5,true,94.79168161408592,5
41,100.0,24,100.0,1.5,3.5,true,94.79168161408592,5
41,100.0,24,100.0,2.0,3.5,true,94.79168161408592,5
41,100.0,24,100.0,2.5,3.5,true,72.09614634559172,5
41,100.0,24,100.0,0.5,4.0,false,NaN,4
41,100.0,24,100.0,1.0,4.0,false,NaN,4
41,100.0,24,100.0,1.5,4.0,false,NaN,4
41,100.0,24,100.0,2.0,4.0,true,91.04038764019663,5
41,100.0,24,100.0,2.5,4.0,true,91.04038764019663,5
41,100.0,30,100.0,0.5,1.0,false,NaN,4
41,100.0,30,100.0,1.0,1.0,true,56.14982969034939,5
41,100.0,30,100.0,1.5,1.0,true,55.87605408783583,5
41,100.0,30,100.0,2.0,1.0,true,64.18948022883542,5
41,100.0,30,100.0,2.5,1.0,true,64.18948022883542,5
41,100.0,30,100.0,0.5,1.5,true,61.25971596405235,5
41,100.0,30,100.0,1.0,1.5,true,61.25971596405235,5
41,100.0,30,100.0,1.5,1.5,true,86.75979384621208,5
41,100.0,30,100.0,2.0,1.5,true,86.75979384621208,5
41,100.0,30,100.0,2.5,1.5,true,86.75979384621208,5
41,100.0,30,100.0,0.5,2.0,true,59.259411564884694,5
41,100.0,30,100.0,1.0,2.0,false,NaN,4
41,100.0,30,100.0,1.5,2.0,false,NaN,4
41,100.0,30,100.0,2.0,2.0,true,72.43595955684945,5
41,100.0,30,100.0,2.5,2.0,true,72.43595955684945,5
41,100.0,30,100.0,0.5,2.5,false,NaN,4
41,100.0,30,100.0,1.0,2.5,true,96.88608262144048,5
41,100.0,30,100.0,1.5,2.5,true,96.88608262144048,5
41,100.0,30,100.0,2.0,2.5,true,96.88608262144048,5
41,100.0,30,100.0,2.5,2.5,false,NaN,4
41,100.0,30,100.0,0.5,3.0,false,NaN,3
41,100.0,30,100.0,1.0,3.0,true,69.05757709639839,5
41,100.0,30,100.0,1.5,3.0,true,96.88608262144048,5
41,100.0,30,100.0,2.0,3.0,true,96.88608262144048,5
41,100.0,30,100.0,2.5,3.0,false,NaN,4
41,100.0,30,100.0,0.5,3.5,true,69.51092261424095,5
41,100.0,30,100.0,1.0,3.5,true,69.05757709639839,5
41,100.0,30,100.0,1.5,3.5,true,69.05757709639839,5
41,100.0,30,100.0,2.0,3.5,true,69.05757709639839,5
41,100.0,30,100.0,2.5,3.5,true,69.05757709639839,5
41,100.0,30,100.0,0.5,4.0,true,69.51092261424095,5
41,100.0,30,100.0,1.0,4.0,true,69.05757709639839,5
41,100.0,30,100.0,1.5,4.0,true,69.05757709639839,5
41,100.0,30,100.0,2.0,4.0,true,69.05757709639839,5
41,100.0,30,100.0,2.5,4.0,true,69.05757709639839,5
41,100.0,36,100.0,0.5,1.0,true,73.63953792354629,5
41,100.0,36,100.0,1.0,1.0,true,81.14226336967532,5
41,100.0,36,100.0,1.5,1.0,true,67.82046923311604,5
41,100.0,36,100.0,2.0,1.0,true,67.82046923311604,5
41,100.0,36,100.0,2.5,1.0,true,67.82046923311604,5
41,100.0,36,100.0,0.5,1.5,false,NaN,4
41,100.0,36,100.0,1.0,1.5,false,NaN,4
41,100.0,36,100.0,1.5,1.5,true,66.89516726315034,5
41,100.0,36,100.0,2.0,1.5,false,NaN,4
41,100.0,36,100.0,2.5,1.5,false,NaN,4
41,100.0,36,100.0,0.5,2.0,true,97.06410567398362,5
41,100.0,36,100.0,1.0,2.0,true,87.41742150870526,5
41,100.0,36,100.0,1.5,2.0,true,82.3691289608705,5
41,100.0,36,100.0,2.0,2.0,false,NaN,4
41,100.0,36,100.0,2.5,2.0,false,NaN,4
41,100.0,36,100.0,0.5,2.5,false,NaN,4
41,100.0,36,100.0,1.0,2.5,false,NaN,4
41,100.0,36,100.0,1.5,2.5,true,77.07946303596728,5
41,100.0,36,100.0,2.0,2.5,true,68.70635870335137,5
41,100.0,36,100.0,2.5,2.5,true,68.70635870335137,5
41,100.0,36,100.0,0.5,3.0,false,NaN,4
41,100.0,36,100.0,1.0,3.0,false,NaN,4
41,100.0,36,100.0,1.5,3.0,true,67.63734199753318,5
41,100.0,36,100.0,2.0,3.0,true,67.63734199753318,5
41,100.0,36,100.0,2.5,3.0,true,67.63734199753318,5
41,100.0,36,100.0,0.5,3.5,false,NaN,4
41,100.0,36,100.0,1.0,3.5,false,NaN,4
41,100.0,36,100.0,1.5,3.5,true,67.63734199753318,5
41,100.0,36,100.0,2.0,3.5,true,67.63734199753318,5
41,100.0,36,100.0,2.5,3.5,true,67.63734199753318,5
41,100.0,36,100.0,0.5,4.0,false,NaN,4
41,100.0,36,100.0,1.0,4.0,false,NaN,4
41,100.0,36,100.0,1.5,4.0,true,67.63734199753318,5
41,100.0,36,100.0,2.0,4.0,true,67.63734199753318,5
41,100.0,36,100.0,2.5,4.0,true,67.63734199753318,5
41,100.0,12,125.0,0.5,1.0,false,NaN,4
41,100.0,12,125.0,1.0,1.0,false,NaN,4
41,100.0,12,125.0,1.5,1.0,false,NaN,4
41,100.0,12,125.0,2.0,1.0,true,79.55033169194697,5
41,100.0,12,125.0,2.5,1.0,true,79.55033169194697,5
41,100.0,12,125.0,0.5,1.5,false,NaN,3
41,100.0,12,125.0,1.0,1.5,false,NaN,3
41,100.0,12,125.0,1.5,1.5,false,NaN,4
41,100.0,12,125.0,2.0,1.5,false,NaN,4
41,100.0,12,125.0,2.5,1.5,false,NaN,4
41,100.0,12,125.0,0.5,2.0,false,NaN,3
41,100.0,12,125.0,1.0,2.0,false,NaN,3
41,100.0,12,125.0,1.5,2.0,false,NaN,4
41,100.0,12,125.0,2.0,2.0,false,NaN,4
41,100.0,12,125.0,2.5,2.0,false,NaN,4
41,100.0,12,125.0,0.5,2.5,false,NaN,3
41,100.0,12,125.0,1.0,2.5,false,NaN,3
41,100.0,12,125.0,1.5,2.5,false,NaN,4
41,100.0,12,125.0,2.0,2.5,false,NaN,4
41,100.0,12,125.0,2.5,2.5,false,NaN,4
41,100.0,12,125.0,0.5,3.0,false,NaN,3
41,100.0,12,125.0,1.0,3.0,false,NaN,3
41,100.0,12,125.0,1.5,3.0,false,NaN,4
41,100.0,12,125.0,2.0,3.0,false,NaN,4
41,100.0,12,125.0,2.5,3.0,false,NaN,4
41,100.0,12,125.0,0.5,3.5,false,NaN,3
41,100.0,12,125.0,1.0,3.5,false,NaN,3
41,100.0,12,125.0,1.5,3.5,false,NaN,4
41,100.0,12,125.0,2.0,3.5,false,NaN,4
41,100.0,12,125.0,2.5,3.5,false,NaN,4
41,100.0,12,125.0,0.5,4.0,false,NaN,3
41,100.0,12,125.0,1.0,4.0,false,NaN,3
41,100.0,12,125.0,1.5,4.0,false,NaN,4
41,100.0,12,125.0,2.0,4.0,false,NaN,4
41,100.0,12,125.0,2.5,4.0,false,NaN,4
41,100.0,18,125.0,0.5,1.0,false,NaN,4
41,100.0,18,125.0,1.0,1.0,true,71.68482167834439,5
41,100.0,18,125.0,1.5,1.0,true,71.68482167834439,5
41,100.0,18,125.0,2.0,1.0,true,71.68482167834439,5
41,100.0,18,125.0,2.5,1.0,true,71.68482167834439,5
41,100.0,18,125.0,0.5,1.5,false,NaN,4
41,100.0,18,125.0,1.0,1.5,false,NaN,4
41,100.0,18,125.0,1.5,1.5,false,NaN,4
41,100.0,18,125.0,2.0,1.5,false,NaN,4
41,100.0,18,125.0,2.5,1.5,false,NaN,4
41,100.0,18,125.0,0.5,2.0,false,NaN,4
41,100.0,18,125.0,1.0,2.0,false,NaN,4
41,100.0,18,125.0,1.5,2.0,true,73.74318889910082,5
41,100.0,18,125.0,2.0,2.0,false,NaN,4
41,100.0,18,125.0,2.5,2.0,false,NaN,4
41,100.0,18,125.0,0.5,2.5,false,NaN,4
41,100.0,18,125.0,1.0,2.5,false,NaN,4
41,100.0,18,125.0,1.5,2.5,true,52.37436803576657,5
41,100.0,18,125.0,2.0,2.5,true,52.37436803576657,5
41,100.0,18,125.0,2.5,2.5,true,52.37436803576657,5
41,100.0,18,125.0,0.5,3.0,true,52.37436803576657,5
41,100.0,18,125.0,1.0,3.0,true,52.37436803576657,5
41,100.0,18,125.0,1.5,3.0,true,52.37436803576657,5
41,100.0,18,125.0,2.0,3.0,true,52.37436803576657,5
41,100.0,18,125.0,2.5,3.0,true,52.37436803576657,5
41,100.0,18,125.0,0.5,3.5,true,52.37436803576657,5
41,100.0,18,125.0,1.0,3.5,true,52.37436803576657,5
41,100.0,18,125.0,1.5,3.5,true,52.37436803576657,5
41,100.0,18,125.0,2.0,3.5,true,52.37436803576657,5
41,100.0,18,125.0,2.5,3.5,true,52.37436803576657,5
41,100.0,18,125.0,0.5,4.0,true,52.37436803576657,5
41,100.0,18,125.0,1.0,4.0,true,52.37436803576657,5
41,100.0,18,125.0,1.5,4.0,true,52.37436803576657,5
41,100.0,18,125.0,2.0,4.0,true,52.37436803576657,5
41,100.0,18,125.0,2.5,4.0,true,52.37436803576657,5
41,100.0,24,125.0,0.5,1.0,false,NaN,4
41,100.0,24,125.0,1.0,1.0,false,NaN,4
41,100.0,24,125.0,1.5,1.0,true,95.56889242271541,5
41,100.0,24,125.0,2.0,1.0,true,95.56889242271541,5
41,100.0,24,125.0,2.5,1.0,true,95.56889242271541,5
41,100.0,24,125.0,0.5,1.5,false,NaN,4
41,100.0,24,125.0,1.0,1.5,true,86.78445350208695,5
41,100.0,24,125.0,1.5,1.5,true,91.59267646925761,5
41,100.0,24,125.0,2.0,1.5,true,91.59267646925761,5
41,100.0,24,125.0,2.5,1.5,true,91.59267646925761,5
41,100.0,24,125.0,0.5,2.0,false,NaN,2
41,100.0,24,125.0,1.0,2.0,true,88.57175971576541,5
41,100.0,24,125.0,1.5,2.0,true,91.59267646925761,5
41,100.0,24,125.0,2.0,2.0,true,91.59267646925761,5
41,100.0,24,125.0,2.5,2.0,true,91.59267646925761,5
41,100.0,24,125.0,0.5,2.5,false,NaN,4
41,100.0,24,125.0,1.0,2.5,false,NaN,3
41,100.0,24,125.0,1.5,2.5,true,91.59267646925761,5
41,100.0,24,125.0,2.0,2.5,true,91.59267646925761,5
41,100.0,24,125.0,2.5,2.5,true,91.59267646925761,5
41,100.0,24,125.0,0.5,3.0,false,NaN,4
41,100.0,24,125.0,1.0,3.0,true,90.97815049671287,5
41,100.0,24,125.0,1.5,3.0,true,90.97815049671287,5
41,100.0,24,125.0,2.0,3.0,true,90.97815049671287,5
41,100.0,24,125.0,2.5,3.0,true,90.97815049671287,5
41,100.0,24,125.0,0.5,3.5,false,NaN,4
41,100.0,24,125.0,1.0,3.5,true,89.96292124278662,5
41,100.0,24,125.0,1.5,3.5,true,89.96292124278662,5
41,100.0,24,125.0,2.0,3.5,true,89.96292124278662,5
41,100.0,24,125.0,2.5,3.5,true,89.96292124278662,5
41,100.0,24,125.0,0.5,4.0,false,NaN,2
41,100.0,24,125.0,1.0,4.0,true,85.81955486790868,5
41,100.0,24,125.0,1.5,4.0,true,85.81955486790868,5
41,100.0,24,125.0,2.0,4.0,true,85.81955486790868,5
41,100.0,24,125.0,2.5,4.0,true,85.81955486790868,5
41,100.0,30,125.0,0.5,1.0,true,90.3835072085116,5
41,100.0,30,125.0,1.0,1.0,true,88.70874689090604,5
41,100.0,30,125.0,1.5,1.0,true,89.57834667230362,5
41,100.0,30,125.0,2.0,1.0,true,67.1721183172979,5
41,100.0,30,125.0,2.5,1.0,true,67.1721183172979,5
41,100.0,30,125.0,0.5,1.5,true,64.48484240667223,5
41,100.0,30,125.0,1.0,1.5,false,NaN,4
41,100.0,30,125.0,1.5,1.5,false,NaN,4
41,100.0,30,125.0,2.0,1.5,false,NaN,4
41,100.0,30,125.0,2.5,1.5,false,NaN,4
41,100.0,30,125.0,0.5,2.0,false,NaN,4
41,100.0,30,125.0,1.0,2.0,false,NaN,4
41,100.0,30,125.0,1.5,2.0,true,78.19436661908834,5
41,100.0,30,125.0,2.0,2.0,true,78.19436661908834,5
41,100.0,30,125.0,2.5,2.0,true,78.19436661908834,5
41,100.0,30,125.0,0.5,2.5,true,77.32379149525042,5
41,100.0,30,125.0,1.0,2.5,true,77.32379149525042,5
41,100.0,30,125.0,1.5,2.5,true,77.32379149525042,5
41,100.0,30,125.0,2.0,2.5,true,77.32379149525042,5
41,100.0,30,125.0,2.5,2.5,true,77.32379149525042,5
41,100.0,30,125.0,0.5,3.0,true,76.23995867899103,5
41,100.0,30,125.0,1.0,3.0,true,69.9879221052277,5
41,100.0,30,125.0,1.5,3.0,true,69.9879221052277,5
41,100.0,30,125.0,2.0,3.0,true,69.9879221052277,5
41,100.0,30,125.0,2.5,3.0,true,69.9879221052277,5
41,100.0,30,125.0,0.5,3.5,true,70.50756338796732,5
41,100.0,30,125.0,1.0,3.5,true,70.50756338796732,5
41,100.0,30,125.0,1.5,3.5,true,70.50756338796732,5
41,100.0,30,125.0,2.0,3.5,true,70.50756338796732,5
41,100.0,30,125.0,2.5,3.5,true,70.50756338796732,5
41,100.0,30,125.0,0.5,4.0,true,70.50756338796732,5
41,100.0,30,125.0,1.0,4.0,true,70.50756338796732,5
41,100.0,30,125.0,1.5,4.0,true,70.50756338796732,5
41,100.0,30,125.0,2.0,4.0,true,70.50756338796732,5
41,100.0,30,125.0,2.5,4.0,true,70.50756338796732,5
41,100.0,36,125.0,0.5,1.0,true,70.17864749527614,5
41,100.0,36,125.0,1.0,1.0,true,54.745110155487765,5
41,100.0,36,125.0,1.5,1.0,true,54.745110155487765,5
41,100.0,36,125.0,2.0,1.0,true,74.83950236297807,5
41,100.0,36,125.0,2.5,1.0,true,74.83950236297807,5
41,100.0,36,125.0,0.5,1.5,true,88.14344829137583,5
41,100.0,36,125.0,1.0,1.5,true,96.11711639040634,5
41,100.0,36,125.0,1.5,1.5,true,94.57973842973401,5
41,100.0,36,125.0,2.0,1.5,true,89.95028160202767,5
41,100.0,36,125.0,2.5,1.5,true,89.95028160202767,5
41,100.0,36,125.0,0.5,2.0,true,93.88964601874213,5
41,100.0,36,125.0,1.0,2.0,true,95.2549143465778,5
41,100.0,36,125.0,1.5,2.0,false,NaN,4
41,100.0,36,125.0,2.0,2.0,true,91.34795569496171,5
41,100.0,36,125.0,2.5,2.0,true,91.34795569496171,5
41,100.0,36,125.0,0.5,2.5,true,86.39837250022505,5
41,100.0,36,125.0,1.0,2.5,true,96.10632622670404,5
41,100.0,36,125.0,1.5,2.5,true,96.70685660826577,5
41,100.0,36,125.0,2.0,2.5,true,96.70685660826577,5
41,100.0,36,125.0,2.5,2.5,true,95.2290776638685,5
41,100.0,36,125.0,0.5,3.0,true,74.65657730378936,5
41,100.0,36,125.0,1.0,3.0,true,99.90843999022354,5
41,100.0,36,125.0,1.5,3.0,false,NaN,4
41,100.0,36,125.0,2.0,3.0,false,NaN,4
41,100.0,36,125.0,2.5,3.0,false,NaN,4
41,100.0,36,125.0,0.5,3.5,true,55.05272894253858,5
41,100.0,36,125.0,1.0,3.5,true,55.05272894253858,5
41,100.0,36,125.0,1.5,3.5,true,53.91100393764984,5
41,100.0,36,125.0,2.0,3.5,true,53.434920905819624,5
41,100.0,36,125.0,2.5,3.5,false,NaN,4
41,100.0,36,125.0,0.5,4.0,true,55.90938576710726,5
41,100.0,36,125.0,1.0,4.0,true,55.05272894253858,5
41,100.0,36,125.0,1.5,4.0,true,53.91100393764984,5
41,100.0,36,125.0,2.0,4.0,true,53.434920905819624,5
41,100.0,36,125.0,2.5,4.0,false,NaN,4
41,100.0,12,150.0,0.5,1.0,true,77.11818367352272,5
41,100.0,12,150.0,1.0,1.0,false,NaN,4
41,100.0,12,150.0,1.5,1.0,false,NaN,3
41,100.0,12,150.0,2.0,1.0,false,NaN,3
41,100.0,12,150.0,2.5,1.0,false,NaN,2
41,100.0,12,150.0,0.5,1.5,true,84.39640238412149,5
41,100.0,12,150.0,1.0,1.5,false,NaN,4
41,100.0,12,150.0,1.5,1.5,true,81.3730616717965,5
41,100.0,12,150.0,2.0,1.5,false,NaN,3
41,100.0,12,150.0,2.5,1.5,false,NaN,2
41,100.0,12,150.0,0.5,2.0,true,97.54494232164366,5
41,100.0,12,150.0,1.0,2.0,true,86.06314103406163,5
41,100.0,12,150.0,1.5,2.0,true,86.06314103406163,5
41,100.0,12,150.0,2.0,2.0,true,81.3730616717965,5
41,100.0,12,150.0,2.5,2.0,false,NaN,2
41,100.0,12,150.0,0.5,2.5,false,NaN,2
41,100.0,12,150.0,1.0,2.5,true,86.06314103406163,5
41,100.0,12,150.0,1.5,2.5,true,86.06314103406163,5
41,100.0,12,150.0,2.0,2.5,true,86.06314103406163,5
41,100.0,12,150.0,2.5,2.5,false,NaN,2
41,100.0,12,150.0,0.5,3.0,false,NaN,2
41,100.0,12,150.0,1.0,3.0,false,NaN,4
41,100.0,12,150.0,1.5,3.0,true,86.06314103406163,5
41,100.0,12,150.0,2.0,3.0,false,NaN,4
41,100.0,12,150.0,2.5,3.0,true,96.56351108359303,5
41,100.0,12,150.0,0.5,3.5,false,NaN,2
41,100.0,12,150.0,1.0,3.5,false,NaN,2
41,100.0,12,150.0,1.5,3.5,false,NaN,2
41,100.0,12,150.0,2.0,3.5,false,NaN,4
41,100.0,12,150.0,2.5,3.5,false,NaN,4
41,100.0,12,150.0,0.5,4.0,false,NaN,2
41,100.0,12,150.0,1.0,4.0,false,NaN,2
41,100.0,12,150.0,1.5,4.0,false,NaN,2
41,100.0,12,150.0,2.0,4.0,false,NaN,4
41,100.0,12,150.0,2.5,4.0,false,NaN,4
41,100.0,18,150.0,0.5,1.0,false,NaN,4
41,100.0,18,150.0,1.0,1.0,false,NaN,3
41,100.0,18,150.0,1.5,1.0,true,77.10078490066024,5
41,100.0,18,150.0,2.0,1.0,true,77.10078490066024,5
41,100.0,18,150.0,2.5,1.0,true,77.10078490066024,5
41,100.0,18,150.0,0.5,1.5,false,NaN,4
41,100.0,18,150.0,1.0,1.5,true,77.02744868547211,5
41,100.0,18,150.0,1.5,1.5,true,77.02744868547211,5
41,100.0,18,150.0,2.0,1.5,true,77.02744868547211,5
41,100.0,18,150.0,2.5,1.5,true,77.02744868547211,5
41,100.0,18,150.0,0.5,2.0,true,59.058829288284414,5
41,100.0,18,150.0,1.0,2.0,true,59.058829288284414,5
41,100.0,18,150.0,1.5,2.0,true,59.058829288284414,5
41,100.0,18,150.0,2.0,2.0,true,59.058829288284414,5
41,100.0,18,150.0,2.5,2.0,true,59.058829288284414,5
41,100.0,18,150.0,0.5,2.5,true,59.058829288284414,5
41,100.0,18,150.0,1.0,2.5,true,59.058829288284414,5
41,100.0,18,150.0,1.5,2.5,true,59.058829288284414,5
41,100.0,18,150.0,2.0,2.5,true,59.058829288284414,5
41,100.0,18,150.0,2.5,2.5,true,59.058829288284414,5
41,100.0,18,150.0,0.5,3.0,true,59.058829288284414,5
41,100.0,18,150.0,1.0,3.0,true,59.058829288284414,5
41,100.0,18,150.0,1.5,3.0,true,59.058829288284414,5
41,100.0,18,150.0,2.0,3.0,true,59.058829288284414,5
41,100.0,18,150.0,2.5,3.0,true,59.058829288284414,5
41,100.0,18,150.0,0.5,3.5,true,59.058829288284414,5
41,100.0,18,150.0,1.0,3.5,true,59.058829288284414,5
41,100.0,18,150.0,1.5,3.5,true,59.058829288284414,5
41,100.0,18,150.0,2.0,3.5,true,59.058829288284414,5
41,100.0,18,150.0,2.5,3.5,true,59.058829288284414,5
41,100.0,18,150.0,0.5,4.0,true,59.058829288284414,5
41,100.0,18,150.0,1.0,4.0,true,59.058829288284414,5
41,100.0,18,150.0,1.5,4.0,true,59.058829288284414,5
41,100.0,18,150.0,2.0,4.0,true,59.058829288284414,5
41,100.0,18,150.0,2.5,4.0,true,59.058829288284414,5
41,100.0,24,150.0,0.5,1.0,false,NaN,4
41,100.0,24,150.0,1.0,1.0,false,NaN,3
41,100.0,24,150.0,1.5,1.0,false,NaN,4
41,100.0,24,150.0,2.0,1.0,false,NaN,4
41,100.0,24,150.0,2.5,1.0,false,NaN,4
41,100.0,24,150.0,0.5,1.5,false,NaN,3
41,100.0,24,150.0,1.0,1.5,false,NaN,3
41,100.0,24,150.0,1.5,1.5,false,NaN,3
41,100.0,24,150.0,2.0,1.5,false,NaN,4
41,100.0,24,150.0,2.5,1.5,false,NaN,4
41,100.0,24,150.0,0.5,2.0,false,NaN,4
41,100.0,24,150.0,1.0,2.0,true,90.96139400903091,5
41,100.0,24,150.0,1.5,2.0,false,NaN,4
41,100.0,24,150.0,2.0,2.0,false,NaN,4
41,100.0,24,150.0,2.5,2.0,false,NaN,4
41,100.0,24,150.0,0.5,2.5,false,NaN,4
41,100.0,24,150.0,1.0,2.5,false,NaN,4
41,100.0,24,150.0,1.5,2.5,false,NaN,4
41,100.0,24,150.0,2.0,2.5,false,NaN,4
41,100.0,24,150.0,2.5,2.5,false,NaN,4
41,100.0,24,150.0,0.5,3.0,false,NaN,4
41,100.0,24,150.0,1.0,3.0,false,NaN,2
41,100.0,24,150.0,1.5,3.0,false,NaN,4
41,100.0,24,150.0,2.0,3.0,false,NaN,4
41,100.0,24,150.0,2.5,3.0,false,NaN,4
41,100.0,24,150.0,0.5,3.5,false,NaN,3
41,100.0,24,150.0,1.0,3.5,false,NaN,4
41,100.0,24,150.0,1.5,3.5,false,NaN,4
41,100.0,24,150.0,2.0,3.5,false,NaN,4
41,100.0,24,150.0,2.5,3.5,false,NaN,4
41,100.0,24,150.0,0.5,4.0,false,NaN,3
41,100.0,24,150.0,1.0,4.0,false,NaN,4
41,100.0,24,150.0,1.5,4.0,false,NaN,4
41,100.0,24,150.0,2.0,4.0,false,NaN,4
41,100.0,24,150.0,2.5,4.0,false,NaN,4
41,100.0,30,150.0,0.5,1.0,false,NaN,3
41,100.0,30,150.0,1.0,1.0,false,NaN,3
41,100.0,30,150.0,1.5,1.0,false,NaN,4
41,100.0,30,150.0,2.0,1.0,false,NaN,4
41,100.0,30,150.0,2.5,1.0,false,NaN,4
41,100.0,30,150.0,0.5,1.5,false,NaN,2
41,100.0,30,150.0,1.0,1.5,false,NaN,3
41,100.0,30,150.0,1.5,1.5,false,NaN,4
41,100.0,30,150.0,2.0,1.5,false,NaN,4
41,100.0,30,150.0,2.5,1.5,false,NaN,4
41,100.0,30,150.0,0.5,2.0,false,NaN,3
41,100.0,30,150.0,1.0,2.0,false,NaN,4
41,100.0,30,150.0,1.5,2.0,false,NaN,4
41,100.0,30,150.0,2.0,2.0,false,NaN,4
41,100.0,30,150.0,2.5,2.0,false,NaN,4
41,100.0,30,150.0,0.5,2.5,false,NaN,3
41,100.0,30,150.0,1.0,2.5,false,NaN,4
41,100.0,30,150.0,1.5,2.5,true,84.83046066603994,5
41,100.0,30,150.0,2.0,2.5,false,NaN,3
41,100.0,30,150.0,2.5,2.5,false,NaN,3
41,100.0,30,150.0,0.5,3.0,false,NaN,4
41,100.0,30,150.0,1.0,3.0,true,84.83046066603994,5
41,100.0,30,150.0,1.5,3.0,true,84.83046066603994,5
41,100.0,30,150.0,2.0,3.0,false,NaN,3
41,100.0,30,150.0,2.5,3.0,false,NaN,3
41,100.0,30,150.0,0.5,3.5,true,99.32412180034689,5
41,100.0,30,150.0,1.0,3.5,false,NaN,3
41,100.0,30,150.0,1.5,3.5,false,NaN,3
41,100.0,30,150.0,2.0,3.5,true,90.74664753763133,5
41,100.0,30,150.0,2.5,3.5,true,90.74664753763133,5
41,100.0,30,150.0,0.5,4.0,true,91.06028248777776,5
41,100.0,30,150.0,1.0,4.0,false,NaN,3
41,100.0,30,150.0,1.5,4.0,true,90.74664753763133,5
41,100.0,30,150.0,2.0,4.0,false,NaN,4
41,100.0,30,150.0,2.5,4.0,false,NaN,3
41,100.0,36,150.0,0.5,1.0,false,NaN,4
41,100.0,36,150.0,1.0,1.0,false,NaN,4
41,100.0,36,150.0,1.5,1.0,true,56.20789335784363,5
41,100.0,36,150.0,2.0,1.0,true,56.20789335784363,5
41,100.0,36,150.0,2.5,1.0,true,56.20789335784363,5
41,100.0,36,150.0,0.5,1.5,true,83.45083971956507,5
41,100.0,36,150.0,1.0,1.5,true,56.20789335784363,5
41,100.0,36,150.0,1.5,1.5,true,56.20789335784363,5
41,100.0,36,150.0,2.0,1.5,true,56.20789335784363,5
41,100.0,36,150.0,2.5,1.5,true,56.20789335784363,5
41,100.0,36,150.0,0.5,2.0,true,86.16259969787576,5
41,100.0,36,150.0,1.0,2.0,true,56.20789335784363,5
41,100.0,36,150.0,1.5,2.0,true,56.20789335784363,5
41,100.0,36,150.0,2.0,2.0,true,56.20789335784363,5
41,100.0,36,150.0,2.5,2.0,true,56.20789335784363,5
41,100.0,36,150.0,0.5,2.5,true,85.53533392835907,5
41,100.0,36,150.0,1.0,2.5,true,56.20789335784363,5
41,100.0,36,150.0,1.5,2.5,true,56.20789335784363,5
41,100.0,36,150.0,2.0,2.5,true,56.20789335784363,5
41,100.0,36,150.0,2.5,2.5,true,56.20789335784363,5
41,100.0,36,150.0,0.5,3.0,false,NaN,4
41,100.0,36,150.0,1.0,3.0,true,56.20789335784363,5
41,100.0,36,150.0,1.5,3.0,true,56.20789335784363,5
41,100.0,36,150.0,2.0,3.0,true,56.20789335784363,5
41,100.0,36,150.0,2.5,3.0,true,56.20789335784363,5
41,100.0,36,150.0,0.5,3.5,true,56.20789335784363,5
41,100.0,36,150.0,1.0,3.5,true,56.20789335784363,5
41,100.0,36,150.0,1.5,3.5,true,56.20789335784363,5
41,100.0,36,150.0,2.0,3.5,true,56.20789335784363,5
41,100.0,36,150.0,2.5,3.5,true,56.20789335784363,5
41,100.0,36,150.0,0.5,4.0,true,56.20789335784363,5
41,100.0,36,150.0,1.0,4.0,true,56.20789335784363,5
41,100.0,36,150.0,1.5,4.0,true,56.20789335784363,5
41,100.0,36,150.0,2.0,4.0,true,56.20789335784363,5
41,100.0,36,150.0,2.5,4.0,true,56.20789335784363,5
42,100.0,12,50.0,0.5,1.0,false,NaN,3
42,100.0,12,50.0,1.0,1.0,false,NaN,4
42,100.0,12,50.0,1.5,1.0,false,NaN,3
42,100.0,12,50.0,2.0,1.0,false,NaN,4
42,100.0,12,50.0,2.5,1.0,false,NaN,4
42,100.0,12,50.0,0.5,1.5,false,NaN,3
42,100.0,12,50.0,1.0,1.5,false,NaN,4
42,100.0,12,50.0,1.5,1.5,false,NaN,4
42,100.0,12,50.0,2.0,1.5,true,86.0217030089061,5
42,100.0,12,50.0,2.5,1.5,false,NaN,2
42,100.0,12,50.0,0.5,2.0,false,NaN,2
42,100.0,12,50.0,1.0,2.0,false,NaN,3
42,100.0,12,50.0,1.5,2.0,true,85.65516632644736,5
42,100.0,12,50.0,2.0,2.0,false,NaN,4
42,100.0,12,50.0,2.5,2.0,false,NaN,4
42,100.0,12,50.0,0.5,2.5,false,NaN,3
42,100.0,12,50.0,1.0,2.5,false,NaN,4
42,100.0,12,50.0,1.5,2.5,false,NaN,3
42,100.0,12,50.0,2.0,2.5,false,NaN,2
42,100.0,12,50.0,2.5,2.5,false,NaN,3
42,100.0,12,50.0,0.5,3.0,false,NaN,2
42,100.0,12,50.0,1.0,3.0,false,NaN,4
42,100.0,12,50.0,1.5,3.0,false,NaN,4
42,100.0,12,50.0,2.0,3.0,false,NaN,3
42,100.0,12,50.0,2.5,3.0,false,NaN,4
42,100.0,12,50.0,0.5,3.5,false,NaN,3
42,100.0,12,50.0,1.0,3.5,false,NaN,3
42,100.0,12,50.0,1.5,3.5,false,NaN,4
42,100.0,12,50.0,2.0,3.5,false,NaN,3
42,100.0,12,50.0,2.5,3.5,false,NaN,3
42,100.0,12,50.0,0.5,4.0,false,NaN,3
42,100.0,12,50.0,1.0,4.0,false,NaN,2
42,100.0,12,50.0,1.5,4.0,false,NaN,4
42,100.0,12,50.0,2.0,4.0,false,NaN,2
42,100.0,12,50.0,2.5,4.0,false,NaN,1
42,100.0,18,50.0,0.5,1.0,false,NaN,4
42,100.0,18,50.0,1.0,1.0,false,NaN,3
42,100.0,18,50.0,1.5,1.0,false,NaN,2
42,100.0,18,50.0,2.0,1.0,false,NaN,3
42,100.0,18,50.0,2.5,1.0,false,NaN,4
42,100.0,18,50.0,0.5,1.5,false,NaN,2
42,100.0,18,50.0,1.0,1.5,false,NaN,1
42,100.0,18,50.0,1.5,1.5,false,NaN,3
42,100.0,18,50.0,2.0,1.5,false,NaN,4
42,100.0,18,50.0,2.5,1.5,false,NaN,3
42,100.0,18,50.0,0.5,2.0,false,NaN,2
42,100.0,18,50.0,1.0,2.0,false,NaN,3
42,100.0,18,50.0,1.5,2.0,false,NaN,4
42,100.0,18,50.0,2.0,2.0,false,NaN,3
42,100.0,18,50.0,2.5,2.0,false,NaN,3
42,100.0,18,50.0,0.5,2.5,false,NaN,2
42,100.0,18,50.0,1.0,2.5,false,NaN,4
42,100.0,18,50.0,1.5,2.5,false,NaN,3
42,100.0,18,50.0,2.0,2.5,false,NaN,3
42,100.0,18,50.0,2.5,2.5,false,NaN,2
42,100.0,18,50.0,0.5,3.0,false,NaN,3
42,100.0,18,50.0,1.0,3.0,false,NaN,3
42,100.0,18,50.0,1.5,3.0,false,NaN,3
42,100.0,18,50.0,2.0,3.0,false,NaN,3
42,100.0,18,50.0,2.5,3.0,false,NaN,3
42,100.0,18,50.0,0.5,3.5,false,NaN,3
42,100.0,18,50.0,1.0,3.5,false,NaN,1
42,100.0,18,50.0,1.5,3.5,false,NaN,3
42,100.0,18,50.0,2.0,3.5,false,NaN,3
42,100.0,18,50.0,2.5,3.5,false,NaN,3
42,100.0,18,50.0,0.5,4.0,false,NaN,3
42,100.0,18,50.0,1.0,4.0,false,NaN,3
42,100.0,18,50.0,1.5,4.0,false,NaN,2
42,100.0,18,50.0,2.0,4.0,false,NaN,2
42,100.0,18,50.0,2.5,4.0,false,NaN,2
42,100.0,24,50.0,0.5,1.0,false,NaN,2
42,100.0,24,50.0,1.0,1.0,false,NaN,2
42,100.0,24,50.0,1.5,1.0,false,NaN,3
42,100.0,24,50.0,2.0,1.0,false,NaN,2
42,100.0,24,50.0,2.5,1.0,false,NaN,4
42,100.0,24,50.0,0.5,1.5,false,NaN,3
42,100.0,24,50.0,1.0,1.5,false,NaN,1
42,100.0,24,50.0,1.5,1.5,false,NaN,3
42,100.0,24,50.0,2.0,1.5,false,NaN,4
42,100.0,24,50.0,2.5,1.5,false,NaN,4
42,100.0,24,50.0,0.5,2.0,false,NaN,3
42,100.0,24,50.0,1.0,2.0,false,NaN,3
42,100.0,24,50.0,1.5,2.0,false,NaN,4
42,100.0,24,50.0,2.0,2.0,false,NaN,3
42,100.0,24,50.0,2.5,2.0,false,NaN,4
42,100.0,24,50.0,0.5,2.5,false,NaN,3
42,100.0,24,50.0,1.0,2.5,false,NaN,4
42,100.0,24,50.0,1.5,2.5,false,NaN,2
42,100.0,24,50.0,2.0,2.5,false,NaN,1
42,100.0,24,50.0,2.5,2.5,false,NaN,1
42,100.0,24,50.0,0.5,3.0,false,NaN,4
42,100.0,24,50.0,1.0,3.0,false,NaN,4
42,100.0,24,50.0,1.5,3.0,false,NaN,3
42,100.0,24,50.0,2.0,3.0,false,NaN,3
42,100.0,24,50.0,2.5,3.0,false,NaN,4
42,100.0,24,50.0,0.5,3.5,false,NaN,3
42,100.0,24,50.0,1.0,3.5,false,NaN,3
42,100.0,24,50.0,1.5,3.5,false,NaN,2
42,100.0,24,50.0,2.0,3.5,false,NaN,1
42,100.0,24,50.0,2.5,3.5,false,NaN,1
42,100.0,24,50.0,0.5,4.0,false,NaN,3
42,100.0,24,50.0,1.0,4.0,false,NaN,3
42,100.0,24,50.0,1.5,4.0,false,NaN,1
42,100.0,24,50.0,2.0,4.0,false,NaN,3
42,100.0,24,50.0,2.5,4.0,false,NaN,3
42,100.0,30,50.0,0.5,1.0,false,NaN,3
42,100.0,30,50.0,1.0,1.0,false,NaN,3
42,100.0,30,50.0,1.5,1.0,false,NaN,3
42,100.0,30,50.0,2.0,1.0,false,NaN,3
42,100.0,30,50.0,2.5,1.0,false,NaN,2
42,100.0,30,50.0,0.5,1.5,false,NaN,3
42,100.0,30,50.0,1.0,1.5,false,NaN,1
42,100.0,30,50.0,1.5,1.5,false,NaN,2
42,100.0,30,50.0,2.0,1.5,false,NaN,3
42,100.0,30,50.0,2.5,1.5,false,NaN,3
42,100.0,30,50.0,0.5,2.0,false,NaN,3
42,100.0,30,50.0,1.0,2.0,true,89.06299754329696,5
42,100.0,30,50.0,1.5,2.0,false,NaN,4
42,100.0,30,50.0,2.0,2.0,false,NaN,4
42,100.0,30,50.0,2.5,2.0,false,NaN,2
42,100.0,30,50.0,0.5,2.5,false,NaN,4
42,100.0,30,50.0,1.0,2.5,false,NaN,4
42,100.0,30,50.0,1.5,2.5,false,NaN,2
42,100.0,30,50.0,2.0,2.5,false,NaN,4
42,100.0,30,50.0,2.5,2.5,false,NaN,2
42,100.0,30,50.0,0.5,3.0,false,NaN,4
42,100.0,30,50.0,1.0,3.0,false,NaN,4
42,100.0,30,50.0,1.5,3.0,false,NaN,3
42,100.0,30,50.0,2.0,3.0,false,NaN,4
42,100.0,30,50.0,2.5,3.0,false,NaN,3
42,100.0,30,50.0,0.5,3.5,false,NaN,2
42,100.0,30,50.0,1.0,3.5,false,NaN,3
42,100.0,30,50.0,1.5,3.5,false,NaN,3
42,100.0,30,50.0,2.0,3.5,false,NaN,3
42,100.0,30,50.0,2.5,3.5,true,97.7577551690209,5
42,100.0,30,50.0,0.5,4.0,false,NaN,2
42,100.0,30,50.0,1.0,4.0,false,NaN,2
42,100.0,30,50.0,1.5,4.0,false,NaN,2
42,100.0,30,50.0,2.0,4.0,false,NaN,2
42,100.0,30,50.0,2.5,4.0,false,NaN,3
42,100.0,36,50.0,0.5,1.0,false,NaN,3
42,100.0,36,50.0,1.0,1.0,false,NaN,2
42,100.0,36,50.0,1.5,1.0,false,NaN,2
42,100.0,36,50.0,2.0,1.0,false,NaN,3
42,100.0,36,50.0,2.5,1.0,false,NaN,2
42,100.0,36,50.0,0.5,1.5,false,NaN,2
42,100.0,36,50.0,1.0,1.5,false,NaN,1
42,100.0,36,50.0,1.5,1.5,true,77.0365788599976,5
42,100.0,36,50.0,2.0,1.5,false,NaN,2
42,100.0,36,50.0,2.5,1.5,false,NaN,4
42,100.0,36,50.0,0.5,2.0,false,NaN,2
42,100.0,36,50.0,1.0,2.0,false,NaN,4
42,100.0,36,50.0,1.5,2.0,false,NaN,3
42,100.0,36,50.0,2.0,2.0,false,NaN,3
42,100.0,36,50.0,2.5,2.0,false,NaN,4
42,100.0,36,50.0,0.5,2.5,false,NaN,4
42,100.0,36,50.0,1.0,2.5,false,NaN,4
42,100.0,36,50.0,1.5,2.5,false,NaN,2
42,100.0,36,50.0,2.0,2.5,false,NaN,2
42,100.0,36,50.0,2.5,2.5,false,NaN,4
42,100.0,36,50.0,0.5,3.0,false,NaN,2
42,100.0,36,50.0,1.0,3.0,false,NaN,2
42,100.0,36,50.0,1.5,3.0,false,NaN,3
42,100.0,36,50.0,2.0,3.0,false,NaN,2
42,100.0,36,50.0,2.5,3.0,false,NaN,2
42,100.0,36,50.0,0.5,3.5,false,NaN,2
42,100.0,36,50.0,1.0,3.5,false,NaN,3
42,100.0,36,50.0,1.5,3.5,false,NaN,3
42,100.0,36,50.0,2.0,3.5,false,NaN,3
42,100.0,36,50.0,2.5,3.5,false,NaN,3
42,100.0,36,50.0,0.5,4.0,false,NaN,4
42,100.0,36,50.0,1.0,4.0,false,NaN,4
42,100.0,36,50.0,1.5,4.0,false,NaN,3
42,100.0,36,50.0,2.0,4.0,false,NaN,4
42,100.0,36,50.0,2.5,4.0,false,NaN,4
42,100.0,12,75.0,0.5,1.0,true,44.0502660654592,5
42,100.0,12,75.0,1.0,1.0,true,46.41742077677367,5
42,100.0,12,75.0,1.5,1.0,true,82.96119013592273,5
42,100.0,12,75.0,2.0,1.0,false,NaN,4
42,100.0,12,75.0,2.5,1.0,false,NaN,4
42,100.0,12,75.0,0.5,1.5,true,96.93376403969827,5
42,100.0,12,75.0,1.0,1.5,false,NaN,4
42,100.0,12,75.0,1.5,1.5,true,56.886917882047996,5
42,100.0,12,75.0,2.0,1.5,true,86.1714904592148,5
42,100.0,12,75.0,2.5,1.5,true,86.1714904592148,5
42,100.0,12,75.0,0.5,2.0,true,70.65940298158665,5
42,100.0,12,75.0,1.0,2.0,true,70.65940298158665,5
42,100.0,12,75.0,1.5,2.0,true,70.65940298158665,5
42,100.0,12,75.0,2.0,2.0,true,70.65940298158665,5
42,100.0,12,75.0,2.5,2.0,true,62.39237211969531,5
42,100.0,12,75.0,0.5,2.5,true,70.75150936111918,5
42,100.0,12,75.0,1.0,2.5,true,70.75150936111918,5
42,100.0,12,75.0,1.5,2.5,true,70.75150936111918,5
42,100.0,12,75.0,2.0,2.5,true,70.75150936111918,5
42,100.0,12,75.0,2.5,2.5,true,70.75150936111918,5
42,100.0,12,75.0,0.5,3.0,false,NaN,3
42,100.0,12,75.0,1.0,3.0,false,NaN,3
42,100.0,12,75.0,1.5,3.0,false,NaN,4
42,100.0,12,75.0,2.0,3.0,false,NaN,4
42,100.0,12,75.0,2.5,3.0,false,NaN,4
42,100.0,12,75.0,0.5,3.5,false,NaN,3
42,100.0,12,75.0,1.0,3.5,false,NaN,3
42,100.0,12,75.0,1.5,3.5,false,NaN,3
42,100.0,12,75.0,2.0,3.5,false,NaN,3
42,100.0,12,75.0,2.5,3.5,false,NaN,3
42,100.0,12,75.0,0.5,4.0,false,NaN,3
42,100.0,12,75.0,1.0,4.0,false,NaN,3
42,100.0,12,75.0,1.5,4.0,false,NaN,3
42,100.0,12,75.0,2.0,4.0,false,NaN,3
42,100.0,12,75.0,2.5,4.0,false,NaN,3
42,100.0,18,75.0,0.5,1.0,true,52.11496370666011,5
42,100.0,18,75.0,1.0,1.0,true,52.11496370666011,5
42,100.0,18,75.0,1.5,1.0,false,NaN,4
42,100.0,18,75.0,2.0,1.0,true,70.20134425303458,5
42,100.0,18,75.0,2.5,1.0,true,69.34857687338075,5
42,100.0,18,75.0,0.5,1.5,true,51.11612274572056,5
42,100.0,18,75.0,1.0,1.5,true,46.73494761099139,5
42,100.0,18,75.0,1.5,1.5,true,86.52788506991732,5
42,100.0,18,75.0,2.0,1.5,true,66.59280584689442,5
42,100.0,18,75.0,2.5,1.5,true,66.59280584689442,5
42,100.0,18,75.0,0.5,2.0,true,46.73494761099139,5
42,100.0,18,75.0,1.0,2.0,true,46.73494761099139,5
42,100.0,18,75.0,1.5,2.0,true,45.68391192320951,5
42,100.0,18,75.0,2.0,2.0,true,45.68391192320951,5
42,100.0,18,75.0,2.5,2.0,true,45.68391192320951,5
42,100.0,18,75.0,0.5,2.5,true,59.711357566016126,5
42,100.0,18,75.0,1.0,2.5,true,59.711357566016126,5
42,100.0,18,75.0,1.5,2.5,true,45.68391192320951,5
42,100.0,18,75.0,2.0,2.5,true,45.68391192320951,5
42,100.0,18,75.0,2.5,2.5,true,45.68391192320951,5
42,100.0,18,75.0,0.5,3.0,true,49.78361203104873,5
42,100.0,18,75.0,1.0,3.0,true,49.78361203104873,5
42,100.0,18,75.0,1.5,3.0,true,45.68391192320951,5
42,100.0,18,75.0,2.0,3.0,true,45.68391192320951,5
42,100.0,18,75.0,2.5,3.0,true,45.68391192320951,5
42,100.0,18,75.0,0.5,3.5,true,49.78361203104873,5
42,100.0,18,75.0,1.0,3.5,true,49.78361203104873,5
42,100.0,18,75.0,1.5,3.5,true,45.68391192320951,5
42,100.0,18,75.0,2.0,3.5,true,45.68391192320951,5
42,100.0,18,75.0,2.5,3.5,true,45.68391192320951,5
42,100.0,18,75.0,0.5,4.0,true,49.78361203104873,5
42,100.0,18,75.0,1.0,4.0,true,49.78361203104873,5
42,100.0,18,75.0,1.5,4.0,true,45.68391192320951,5
42,100.0,18,75.0,2.0,4.0,true,45.68391192320951,5
42,100.0,18,75.0,2.5,4.0,true,45.68391192320951,5
42,100.0,24,75.0,0.5,1.0,true,38.716575254782384,5
42,100.0,24,75.0,1.0,1.0,true,75.05184030890157,5
42,100.0,24,75.0,1.5,1.0,true,49.2059899465174,5
42,100.0,24,75.0,2.0,1.0,true,49.2059899465174,5
42,100.0,24,75.0,2.5,1.0,true,48.634529365076915,5
42,100.0,24,75.0,0.5,1.5,true,49.32195516452476,5
42,100.0,24,75.0,1.0,1.5,false,NaN,4
42,100.0,24,75.0,1.5,1.5,true,41.467210947921885,5
42,100.0,24,75.0,2.0,1.5,false,NaN,4
42,100.0,24,75.0,2.5,1.5,false,NaN,4
42,100.0,24,75.0,0.5,2.0,true,38.34797013301422,5
42,100.0,24,75.0,1.0,2.0,true,38.34797013301422,5
42,100.0,24,75.0,1.5,2.0,true,41.772131349670204,5
42,100.0,24,75.0,2.0,2.0,true,75.74713140811367,5
42,100.0,24,75.0,2.5,2.0,false,NaN,4
42,100.0,24,75.0,0.5,2.5,true,38.34797013301422,5
42,100.0,24,75.0,1.0,2.5,true,38.34797013301422,5
42,100.0,24,75.0,1.5,2.5,true,38.34797013301422,5
42,100.0,24,75.0,2.0,2.5,true,32.99690615739877,5
42,100.0,24,75.0,2.5,2.5,true,70.77454392944541,5
42,100.0,24,75.0,0.5,3.0,true,36.04774119160767,5
42,100.0,24,75.0,1.0,3.0,true,36.04774119160767,5
42,100.0,24,75.0,1.5,3.0,true,36.04774119160767,5
42,100.0,24,75.0,2.0,3.0,true,44.97420978261367,5
42,100.0,24,75.0,2.5,3.0,true,44.97420978261367,5
42,100.0,24,75.0,0.5,3.5,true,43.6239033390592,5
42,100.0,24,75.0,1.0,3.5,true,43.397435579507,5
42,100.0,24,75.0,1.5,3.5,true,37.22278961183914,5
42,100.0,24,75.0,2.0,3.5,true,39.261711834985604,5
42,100.0,24,75.0,2.5,3.5,true,39.261711834985604,5
42,100.0,24,75.0,0.5,4.0,true,45.262835161389454,5
42,100.0,24,75.0,1.0,4.0,true,45.262835161389454,5
42,100.0,24,75.0,1.5,4.0,true,45.262835161389454,5
42,100.0,24,75.0,2.0,4.0,true,39.261711834985604,5
42,100.0,24,75.0,2.5,4.0,true,39.261711834985604,5
42,100.0,30,75.0,0.5,1.0,true,64.83624828842458,5
42,100.0,30,75.0,1.0,1.0,true,71.92983466907127,5
42,100.0,30,75.0,1.5,1.0,true,71.92983466907127,5
42,100.0,30,75.0,2.0,1.0,true,55.68539199533661,5
42,100.0,30,75.0,2.5,1.0,true,55.08140561102246,5
42,100.0,30,75.0,0.5,1.5,true,43.8984631100902,5
42,100.0,30,75.0,1.0,1.5,true,43.8984631100902,5
42,100.0,30,75.0,1.5,1.5,true,43.8984631100902,5
42,100.0,30,75.0,2.0,1.5,true,43.8984631100902,5
42,100.0,30,75.0,2.5,1.5,true,43.8984631100902,5
42,100.0,30,75.0,0.5,2.0,true,57.18681536005768,5
42,100.0,30,75.0,1.0,2.0,true,57.18681536005768,5
42,100.0,30,75.0,1.5,2.0,true,57.18681536005768,5
42,100.0,30,75.0,2.0,2.0,true,57.18681536005768,5
42,100.0,30,75.0,2.5,2.0,true,57.18681536005768,5
42,100.0,30,75.0,0.5,2.5,false,NaN,4
42,100.0,30,75.0,1.0,2.5,true,59.32348621217857,5
42,100.0,30,75.0,1.5,2.5,true,41.817744100050916,5
42,100.0,30,75.0,2.0,2.5,false,NaN,4
42,100.0,30,75.0,2.5,2.5,true,54.17953952911945,5
42,100.0,30,75.0,0.5,3.0,true,50.06060786985518,5
42,100.0,30,75.0,1.0,3.0,true,50.06060786985518,5
42,100.0,30,75.0,1.5,3.0,true,50.06060786985518,5
42,100.0,30,75.0,2.0,3.0,true,50.06060786985518,5
42,100.0,30,75.0,2.5,3.0,true,50.06060786985518,5
42,100.0,30,75.0,0.5,3.5,true,52.24715156938309,5
42,100.0,30,75.0,1.0,3.5,true,52.24715156938309,5
42,100.0,30,75.0,1.5,3.5,true,52.24715156938309,5
42,100.0,30,75.0,2.0,3.5,true,52.24715156938309,5
42,100.0,30,75.0,2.5,3.5,true,52.24715156938309,5
42,100.0,30,75.0,0.5,4.0,true,58.3027034481861,5
42,100.0,30,75.0,1.0,4.0,true,58.3027034481861,5
42,100.0,30,75.0,1.5,4.0,true,58.967985341919636,5
42,100.0,30,75.0,2.0,4.0,true,58.967985341919636,5
42,100.0,30,75.0,2.5,4.0,true,58.967985341919636,5
42,100.0,36,75.0,0.5,1.0,false,NaN,4
42,100.0,36,75.0,1.0,1.0,true,91.97416690602803,5
42,100.0,36,75.0,1.5,1.0,false,NaN,4
42,100.0,36,75.0,2.0,1.0,false,NaN,4
42,100.0,36,75.0,2.5,1.0,true,72.19024352431826,5
42,100.0,36,75.0,0.5,1.5,true,92.22135998874325,5
42,100.0,36,75.0,1.0,1.5,true,90.73591638317977,5
42,100.0,36,75.0,1.5,1.5,false,NaN,4
42,100.0,36,75.0,2.0,1.5,true,64.73230562723467,5
42,100.0,36,75.0,2.5,1.5,true,64.73230562723467,5
42,100.0,36,75.0,0.5,2.0,true,61.51778834514912,5
42,100.0,36,75.0,1.0,2.0,true,88.1184787527581,5
42,100.0,36,75.0,1.5,2.0,true,98.68450793235382,5
42,100.0,36,75.0,2.0,2.0,false,NaN,4
42,100.0,36,75.0,2.5,2.0,false,NaN,3
42,100.0,36,75.0,0.5,2.5,false,NaN,4
42,100.0,36,75.0,1.0,2.5,true,57.64398267654495,5
42,100.0,36,75.0,1.5,2.5,true,97.28185071637654,5
42,100.0,36,75.0,2.0,2.5,true,60.210036459794935,5
42,100.0,36,75.0,2.5,2.5,true,60.210036459794935,5
42,100.0,36,75.0,0.5,3.0,false,NaN,4
42,100.0,36,75.0,1.0,3.0,true,58.422990947325836,5
42,100.0,36,75.0,1.5,3.0,true,98.56577946377178,5
42,100.0,36,75.0,2.0,3.0,true,61.40745428540432,5
42,100.0,36,75.0,2.5,3.0,true,61.40745428540432,5
42,100.0,36,75.0,0.5,3.5,true,96.68046073893896,5
42,100.0,36,75.0,1.0,3.5,true,58.422990947325836,5
42,100.0,36,75.0,1.5,3.5,true,64.53231302379314,5
42,100.0,36,75.0,2.0,3.5,true,59.12310555665199,5
42,100.0,36,75.0,2.5,3.5,true,60.86164012491503,5
42,100.0,36,75.0,0.5,4.0,true,70.18597851646194,5
42,100.0,36,75.0,1.0,4.0,false,NaN,4
42,100.0,36,75.0,1.5,4.0,true,61.452367359278966,5
42,100.0,36,75.0,2.0,4.0,true,59.12310555665199,5
42,100.0,36,75.0,2.5,4.0,true,59.361711579830214,5
42,100.0,12,100.0,0.5,1.0,false,NaN,3
42,100.0,12,100.0,1.0,1.0,false,NaN,3
42,100.0,12,100.0,1.5,1.0,false,NaN,3
42,100.0,12,100.0,2.0,1.0,false,NaN,3
42,100.0,12,100.0,2.5,1.0,false,NaN,3
42,100.0,12,100.0,0.5,1.5,false,NaN,4
42,100.0,12,100.0,1.0,1.5,false,NaN,3
42,100.0,12,100.0,1.5,1.5,true,88.95641720379908,5
42,100.0,12,100.0,2.0,1.5,true,81.63542841665625,5
42,100.0,12,100.0,2.5,1.5,false,NaN,4
42,100.0,12,100.0,0.5,2.0,false,NaN,2
42,100.0,12,100.0,1.0,2.0,false,NaN,3
42,100.0,12,100.0,1.5,2.0,false,NaN,3
42,100.0,12,100.0,2.0,2.0,true,81.63542841665625,5
42,100.0,12,100.0,2.5,2.0,false,NaN,4
42,100.0,12,100.0,0.5,2.5,false,NaN,4
42,100.0,12,100.0,1.0,2.5,false,NaN,3
42,100.0,12,100.0,1.5,2.5,false,NaN,3
42,100.0,12,100.0,2.0,2.5,false,NaN,3
42,100.0,12,100.0,2.5,2.5,false,NaN,4
42,100.0,12,100.0,0.5,3.0,false,NaN,4
42,100.0,12,100.0,1.0,3.0,false,NaN,3
42,100.0,12,100.0,1.5,3.0,false,NaN,3
42,100.0,12,100.0,2.0,3.0,false,NaN,4
42,100.0,12,100.0,2.5,3.0,false,NaN,4
42,100.0,12,100.0,0.5,3.5,true,86.28410953858948,5
42,100.0,12,100.0,1.0,3.5,false,NaN,3
42,100.0,12,100.0,1.5,3.5,false,NaN,3
42,100.0,12,100.0,2.0,3.5,false,NaN,4
42,100.0,12,100.0,2.5,3.5,true,87.13591014472276,5
42,100.0,12,100.0,0.5,4.0,true,86.28410953858948,5
42,100.0,12,100.0,1.0,4.0,false,NaN,3
42,100.0,12,100.0,1.5,4.0,false,NaN,3
42,100.0,12,100.0,2.0,4.0,false,NaN,3
42,100.0,12,100.0,2.5,4.0,false,NaN,4
42,100.0,18,100.0,0.5,1.0,true,50.25625132581597,5
42,100.0,18,100.0,1.0,1.0,true,76.05943929897263,5
42,100.0,18,100.0,1.5,1.0,true,77.52077193960213,5
42,100.0,18,100.0,2.0,1.0,true,77.52077193960213,5
42,100.0,18,100.0,2.5,1.0,false,NaN,4
42,100.0,18,100.0,0.5,1.5,true,40.08020170391261,5
42,100.0,18,100.0,1.0,1.5,true,65.27410678260186,5
42,100.0,18,100.0,1.5,1.5,true,54.72755708863611,5
42,100.0,18,100.0,2.0,1.5,true,54.72755708863611,5
42,100.0,18,100.0,2.5,1.5,true,54.72755708863611,5
42,100.0,18,100.0,0.5,2.0,false,NaN,3
42,100.0,18,100.0,1.0,2.0,true,96.82669402401788,5
42,100.0,18,100.0,1.5,2.0,true,61.878862352024896,5
42,100.0,18,100.0,2.0,2.0,true,61.878862352024896,5
42,100.0,18,100.0,2.5,2.0,true,61.878862352024896,5
42,100.0,18,100.0,0.5,2.5,false,NaN,2
42,100.0,18,100.0,1.0,2.5,true,61.878862352024896,5
42,100.0,18,100.0,1.5,2.5,true,61.878862352024896,5
42,100.0,18,100.0,2.0,2.5,true,61.878862352024896,5
42,100.0,18,100.0,2.5,2.5,true,61.878862352024896,5
42,100.0,18,100.0,0.5,3.0,true,61.878862352024896,5
42,100.0,18,100.0,1.0,3.0,true,61.878862352024896,5
42,100.0,18,100.0,1.5,3.0,true,61.878862352024896,5
42,100.0,18,100.0,2.0,3.0,true,61.878862352024896,5
42,100.0,18,100.0,2.5,3.0,true,61.878862352024896,5
42,100.0,18,100.0,0.5,3.5,true,61.878862352024896,5
42,100.0,18,100.0,1.0,3.5,true,61.878862352024896,5
42,100.0,18,100.0,1.5,3.5,true,61.878862352024896,5
42,100.0,18,100.0,2.0,3.5,true,61.878862352024896,5
42,100.0,18,100.0,2.5,3.5,true,61.878862352024896,5
42,100.0,18,100.0,0.5,4.0,true,61.878862352024896,5
42,100.0,18,100.0,1.0,4.0,true,61.878862352024896,5
42,100.0,18,100.0,1.5,4.0,true,61.878862352024896,5
42,100.0,18,100.0,2.0,4.0,true,61.878862352024896,5
42,100.0,18,100.0,2.5,4.0,true,61.878862352024896,5
42,100.0,24,100.0,0.5,1.0,true,65.85695080443244,5
42,100.0,24,100.0,1.0,1.0,true,47.67012198318963,5
42,100.0,24,100.0,1.5,1.0,true,43.12031804505719,5
42,100.0,24,100.0,2.0,1.0,true,60.52967739982142,5
42,100.0,24,100.0,2.5,1.0,true,47.2404778140138,5
42,100.0,24,100.0,0.5,1.5,false,NaN,3
42,100.0,24,100.0,1.0,1.5,true,69.12934899221378,5
42,100.0,24,100.0,1.5,1.5,true,75.97856719044695,5
42,100.0,24,100.0,2.0,1.5,true,55.048605954899145,5
42,100.0,24,100.0,2.5,1.5,true,96.9296956621453,5
42,100.0,24,100.0,0.5,2.0,true,99.52650831200793,5
42,100.0,24,100.0,1.0,2.0,true,75.69678460081121,5
42,100.0,24,100.0,1.5,2.0,true,75.69678460081121,5
42,100.0,24,100.0,2.0,2.0,true,75.97856719044695,5
42,100.0,24,100.0,2.5,2.0,true,96.9296956621453,5
42,100.0,24,100.0,0.5,2.5,true,65.29847305707185,5
42,100.0,24,100.0,1.0,2.5,false,NaN,4
42,100.0,24,100.0,1.5,2.5,false,NaN,4
42,100.0,24,100.0,2.0,2.5,false,NaN,4
42,100.0,24,100.0,2.5,2.5,true,74.28228067598582,5
42,100.0,24,100.0,0.5,3.0,true,55.26178796691353,5
42,100.0,24,100.0,1.0,3.0,true,55.26178796691353,5
42,100.0,24,100.0,1.5,3.0,false,NaN,4
42,100.0,24,100.0,2.0,3.0,false,NaN,4
42,100.0,24,100.0,2.5,3.0,false,NaN,4
42,100.0,24,100.0,0.5,3.5,true,55.26178796691353,5
42,100.0,24,100.0,1.0,3.5,true,55.26178796691353,5
42,100.0,24,100.0,1.5,3.5,true,55.26178796691353,5
42,100.0,24,100.0,2.0,3.5,false,NaN,4
42,100.0,24,100.0,2.5,3.5,false,NaN,4
42,100.0,24,100.0,0.5,4.0,true,54.86593735217658,5
42,100.0,24,100.0,1.0,4.0,true,54.86593735217658,5
42,100.0,24,100.0,1.5,4.0,true,54.86593735217658,5
42,100.0,24,100.0,2.0,4.0,true,54.86593735217658,5
42,100.0,24,100.0,2.5,4.0,false,NaN,3
42,100.0,30,100.0,0.5,1.0,true,40.37959387566227,5
42,100.0,30,100.0,1.0,1.0,false,NaN,4
42,100.0,30,100.0,1.5,1.0,true,44.1559652012468,5
42,100.0,30,100.0,2.0,1.0,true,44.1559652012468,5
42,100.0,30,100.0,2.5,1.0,true,44.1559652012468,5
42,100.0,30,100.0,0.5,1.5,false,NaN,4
42,100.0,30,100.0,1.0,1.5,true,44.1559652012468,5
42,100.0,30,100.0,1.5,1.5,true,44.1559652012468,5
42,100.0,30,100.0,2.0,1.5,true,44.1559652012468,5
42,100.0,30,100.0,2.5,1.5,true,44.1559652012468,5
42,100.0,30,100.0,0.5,2.0,true,44.1559652012468,5
42,100.0,30,100.0,1.0,2.0,true,44.1559652012468,5
42,100.0,30,100.0,1.5,2.0,true,44.1559652012468,5
42,100.0,30,100.0,2.0,2.0,true,44.1559652012468,5
42,100.0,30,100.0,2.5,2.0,true,44.1559652012468,5
42,100.0,30,100.0,0.5,2.5,true,44.1559652012468,5
42,100.0,30,100.0,1.0,2.5,true,44.1559652012468,5
42,100.0,30,100.0,1.5,2.5,true,44.1559652012468,5
42,100.0,30,100.0,2.0,2.5,true,44.1559652012468,5
42,100.0,30,100.0,2.5,2.5,true,44.1559652012468,5
42,100.0,30,100.0,0.5,3.0,true,44.1559652012468,5
42,100.0,30,100.0,1.0,3.0,true,44.1559652012468,5
42,100.0,30,100.0,1.5,3.0,true,44.1559652012468,5
42,100.0,30,100.0,2.0,3.0,true,44.1559652012468,5
42,100.0,30,100.0,2.5,3.0,true,44.1559652012468,5
42,100.0,30,100.0,0.5,3.5,true,44.1559652012468,5
42,100.0,30,100.0,1.0,3.5,true,44.1559652012468,5
42,100.0,30,100.0,1.5,3.5,true,44.1559652012468,5
42,100.0,30,100.0,2.0,3.5,true,44.1559652012468,5
42,100.0,30,100.0,2.5,3.5,true,44.1559652012468,5
42,100.0,30,100.0,0.5,4.0,true,44.1559652012468,5
42,100.0,30,100.0,1.0,4.0,true,44.1559652012468,5
42,100.0,30,100.0,1.5,4.0,true,44.1559652012468,5
42,100.0,30,100.0,2.0,4.0,true,44.1559652012468,5
42,100.0,30,100.0,2.5,4.0,true,44.1559652012468,5
42,100.0,36,100.0,0.5,1.0,true,48.0640174555036,5
42,100.0,36,100.0,1.0,1.0,true,35.22278110457191,5
42,100.0,36,100.0,1.5,1.0,true,41.446136377834975,5
42,100.0,36,100.0,2.0,1.0,true,41.446136377834975,5
42,100.0,36,100.0,2.5,1.0,true,41.446136377834975,5
42,100.0,36,100.0,0.5,1.5,true,42.65862965102347,5
42,100.0,36,100.0,1.0,1.5,true,53.549404764108814,5
42,100.0,36,100.0,1.5,1.5,true,53.549404764108814,5
42,100.0,36,100.0,2.0,1.5,true,53.549404764108814,5
42,100.0,36,100.0,2.5,1.5,true,53.549404764108814,5
42,100.0,36,100.0,0.5,2.0,true,34.25751411052919,5
42,100.0,36,100.0,1.0,2.0,true,34.25751411052919,5
42,100.0,36,100.0,1.5,2.0,true,34.25751411052919,5
42,100.0,36,100.0,2.0,2.0,true,34.25751411052919,5
42,100.0,36,100.0,2.5,2.0,true,34.25751411052919,5
42,100.0,36,100.0,0.5,2.5,true,34.25751411052919,5
42,100.0,36,100.0,1.0,2.5,true,34.25751411052919,5
42,100.0,36,100.0,1.5,2.5,true,34.25751411052919,5
42,100.0,36,100.0,2.0,2.5,true,34.25751411052919,5
42,100.0,36,100.0,2.5,2.5,true,34.25751411052919,5
42,100.0,36,100.0,0.5,3.0,true,34.25751411052919,5
42,100.0,36,100.0,1.0,3.0,true,34.25751411052919,5
42,100.0,36,100.0,1.5,3.0,true,34.25751411052919,5
42,100.0,36,100.0,2.0,3.0,true,34.25751411052919,5
42,100.0,36,100.0,2.5,3.0,true,34.25751411052919,5
42,100.0,36,100.0,0.5,3.5,true,34.25751411052919,5
42,100.0,36,100.0,1.0,3.5,true,34.25751411052919,5
42,100.0,36,100.0,1.5,3.5,true,34.25751411052919,5
42,100.0,36,100.0,2.0,3.5,true,34.25751411052919,5
42,100.0,36,100.0,2.5,3.5,true,34.25751411052919,5
42,100.0,36,100.0,0.5,4.0,true,34.25751411052919,5
42,100.0,36,100.0,1.0,4.0,true,34.25751411052919,5
42,100.0,36,100.0,1.5,4.0,true,34.25751411052919,5
42,100.0,36,100.0,2.0,4.0,true,34.25751411052919,5
42,100.0,36,100.0,2.5,4.0,true,34.25751411052919,5
42,100.0,12,125.0,0.5,1.0,false,NaN,4
42,100.0,12,125.0,1.0,1.0,false,NaN,4
42,100.0,12,125.0,1.5,1.0,false,NaN,3
42,100.0,12,125.0,2.0,1.0,true,69.12769843470502,5
42,100.0,12,125.0,2.5,1.0,true,69.12769843470502,5
42,100.0,12,125.0,0.5,1.5,true,49.247833633261116,5
42,100.0,12,125.0,1.0,1.5,true,56.0383612390231,5
42,100.0,12,125.0,1.5,1.5,true,45.482799187183325,5
42,100.0,12,125.0,2.0,1.5,true,45.482799187183325,5
42,100.0,12,125.0,2.5,1.5,true,45.482799187183325,5
42,100.0,12,125.0,0.5,2.0,false,NaN,3
42,100.0,12,125.0,1.0,2.0,true,45.482799187183325,5
42,100.0,12,125.0,1.5,2.0,true,45.482799187183325,5
42,100.0,12,125.0,2.0,2.0,true,45.482799187183325,5
42,100.0,12,125.0,2.5,2.0,true,45.482799187183325,5
42,100.0,12,125.0,0.5,2.5,true,74.48906382127556,5
42,100.0,12,125.0,1.0,2.5,true,45.482799187183325,5
42,100.0,12,125.0,1.5,2.5,true,45.482799187183325,5
42,100.0,12,125.0,2.0,2.5,true,45.482799187183325,5
42,100.0,12,125.0,2.5,2.5,true,45.482799187183325,5
42,100.0,12,125.0,0.5,3.0,true,74.48906382127556,5
42,100.0,12,125.0,1.0,3.0,true,74.48906382127556,5
42,100.0,12,125.0,1.5,3.0,true,45.482799187183325,5
42,100.0,12,125.0,2.0,3.0,true,45.482799187183325,5
42,100.0,12,125.0,2.5,3.0,true,45.482799187183325,5
42,100.0,12,125.0,0.5,3.5,true,74.48906382127556,5
42,100.0,12,125.0,1.0,3.5,true,74.48906382127556,5
42,100.0,12,125.0,1.5,3.5,true,45.482799187183325,5
42,100.0,12,125.0,2.0,3.5,true,45.482799187183325,5
42,100.0,12,125.0,2.5,3.5,true,45.482799187183325,5
42,100.0,12,125.0,0.5,4.0,true,74.48906382127556,5
42,100.0,12,125.0,1.0,4.0,true,74.48906382127556,5
42,100.0,12,125.0,1.5,4.0,true,45.482799187183325,5
42,100.0,12,125.0,2.0,4.0,true,45.482799187183325,5
42,100.0,12,125.0,2.5,4.0,true,45.482799187183325,5
42,100.0,18,125.0,0.5,1.0,true,48.56890981120791,5
42,100.0,18,125.0,1.0,1.0,true,62.23244012123154,5
42,100.0,18,125.0,1.5,1.0,true,52.15173046089601,5
42,100.0,18,125.0,2.0,1.0,true,89.4325900424465,5
42,100.0,18,125.0,2.5,1.0,true,89.4325900424465,5
42,100.0,18,125.0,0.5,1.5,false,NaN,4
42,100.0,18,125.0,1.0,1.5,true,39.934963318550125,5
42,100.0,18,125.0,1.5,1.5,true,89.4325900424465,5
42,100.0,18,125.0,2.0,1.5,true,89.4325900424465,5
42,100.0,18,125.0,2.5,1.5,true,89.4325900424465,5
42,100.0,18,125.0,0.5,2.0,true,39.934963318550125,5
42,100.0,18,125.0,1.0,2.0,true,89.4325900424465,5
42,100.0,18,125.0,1.5,2.0,true,89.4325900424465,5
42,100.0,18,125.0,2.0,2.0,true,89.4325900424465,5
42,100.0,18,125.0,2.5,2.0,true,89.4325900424465,5
42,100.0,18,125.0,0.5,2.5,true,39.67738921941094,5
42,100.0,18,125.0,1.0,2.5,true,95.45274413718457,5
42,100.0,18,125.0,1.5,2.5,true,95.45274413718457,5
42,100.0,18,125.0,2.0,2.5,true,95.45274413718457,5
42,100.0,18,125.0,2.5,2.5,true,95.45274413718457,5
42,100.0,18,125.0,0.5,3.0,true,95.45274413718457,5
42,100.0,18,125.0,1.0,3.0,true,95.45274413718457,5
42,100.0,18,125.0,1.5,3.0,true,95.45274413718457,5
42,100.0,18,125.0,2.0,3.0,true,95.45274413718457,5
42,100.0,18,125.0,2.5,3.0,true,95.45274413718457,5
42,100.0,18,125.0,0.5,3.5,true,59.670112706104184,5
42,100.0,18,125.0,1.0,3.5,true,59.670112706104184,5
42,100.0,18,125.0,1.5,3.5,true,59.670112706104184,5
42,100.0,18,125.0,2.0,3.5,true,59.670112706104184,5
42,100.0,18,125.0,2.5,3.5,true,59.670112706104184,5
42,100.0,18,125.0,0.5,4.0,true,57.31486696918343,5
42,100.0,18,125.0,1.0,4.0,true,57.31486696918343,5
42,100.0,18,125.0,1.5,4.0,true,57.31486696918343,5
42,100.0,18,125.0,2.0,4.0,true,57.31486696918343,5
42,100.0,18,125.0,2.5,4.0,true,57.31486696918343,5
42,100.0,24,125.0,0.5,1.0,false,NaN,3
42,100.0,24,125.0,1.0,1.0,true,52.8929121888408,5
42,100.0,24,125.0,1.5,1.0,true,48.52910709293978,5
42,100.0,24,125.0,2.0,1.0,true,48.52910709293978,5
42,100.0,24,125.0,2.5,1.0,false,NaN,4
42,100.0,24,125.0,0.5,1.5,false,NaN,3
42,100.0,24,125.0,1.0,1.5,true,54.924894329107595,5
42,100.0,24,125.0,1.5,1.5,true,48.52910709293978,5
42,100.0,24,125.0,2.0,1.5,true,48.52910709293978,5
42,100.0,24,125.0,2.5,1.5,true,64.67241406634058,5
42,100.0,24,125.0,0.5,2.0,false,NaN,4
42,100.0,24,125.0,1.0,2.0,true,81.5729305488606,5
42,100.0,24,125.0,1.5,2.0,true,48.52910709293978,5
42,100.0,24,125.0,2.0,2.0,true,48.52910709293978,5
42,100.0,24,125.0,2.5,2.0,true,64.67241406634058,5
42,100.0,24,125.0,0.5,2.5,false,NaN,3
42,100.0,24,125.0,1.0,2.5,true,81.5729305488606,5
42,100.0,24,125.0,1.5,2.5,true,48.52910709293978,5
42,100.0,24,125.0,2.0,2.5,true,48.52910709293978,5
42,100.0,24,125.0,2.5,2.5,true,47.43825452096015,5
42,100.0,24,125.0,0.5,3.0,false,NaN,3
42,100.0,24,125.0,1.0,3.0,false,NaN,4
42,100.0,24,125.0,1.5,3.0,true,48.52771922895447,5
42,100.0,24,125.0,2.0,3.0,true,48.52771922895447,5
42,100.0,24,125.0,2.5,3.0,true,47.43825452096015,5
42,100.0,24,125.0,0.5,3.5,true,76.14847558662238,5
42,100.0,24,125.0,1.0,3.5,false,NaN,4
42,100.0,24,125.0,1.5,3.5,true,48.52771922895447,5
42,100.0,24,125.0,2.0,3.5,true,48.52771922895447,5
42,100.0,24,125.0,2.5,3.5,true,47.43825452096015,5
42,100.0,24,125.0,0.5,4.0,true,76.14847558662238,5
42,100.0,24,125.0,1.0,4.0,false,NaN,4
42,100.0,24,125.0,1.5,4.0,true,48.52771922895447,5
42,100.0,24,125.0,2.0,4.0,true,48.52771922895447,5
42,100.0,24,125.0,2.5,4.0,true,47.43825452096015,5
42,100.0,30,125.0,0.5,1.0,true,50.62959836432267,5
42,100.0,30,125.0,1.0,1.0,true,70.1541938704496,5
42,100.0,30,125.0,1.5,1.0,false,NaN,3
42,100.0,30,125.0,2.0,1.0,false,NaN,3
42,100.0,30,125.0,2.5,1.0,false,NaN,3
42,100.0,30,125.0,0.5,1.5,false,NaN,3
42,100.0,30,125.0,1.0,1.5,false,NaN,2
42,100.0,30,125.0,1.5,1.5,false,NaN,3
42,100.0,30,125.0,2.0,1.5,false,NaN,3
42,100.0,30,125.0,2.5,1.5,false,NaN,3
42,100.0,30,125.0,0.5,2.0,false,NaN,3
42,100.0,30,125.0,1.0,2.0,false,NaN,3
42,100.0,30,125.0,1.5,2.0,true,66.76218538522458,5
42,100.0,30,125.0,2.0,2.0,true,66.82544038981273,5
42,100.0,30,125.0,2.5,2.0,true,66.82544038981273,5
42,100.0,30,125.0,0.5,2.5,false,NaN,3
42,100.0,30,125.0,1.0,2.5,false,NaN,2
42,100.0,30,125.0,1.5,2.5,false,NaN,4
42,100.0,30,125.0,2.0,2.5,true,66.82544038981273,5
42,100.0,30,125.0,2.5,2.5,true,66.82544038981273,5
42,100.0,30,125.0,0.5,3.0,false,NaN,1
42,100.0,30,125.0,1.0,3.0,false,NaN,2
42,100.0,30,125.0,1.5,3.0,false,NaN,3
42,100.0,30,125.0,2.0,3.0,true,66.82544038981273,5
42,100.0,30,125.0,2.5,3.0,true,66.82544038981273,5
42,100.0,30,125.0,0.5,3.5,false,NaN,3
42,100.0,30,125.0,1.0,3.5,false,NaN,3
42,100.0,30,125.0,1.5,3.5,false,NaN,4
42,100.0,30,125.0,2.0,3.5,true,66.82544038981273,5
42,100.0,30,125.0,2.5,3.5,true,66.82544038981273,5
42,100.0,30,125.0,0.5,4.0,false,NaN,2
42,100.0,30,125.0,1.0,4.0,false,NaN,2
42,100.0,30,125.0,1.5,4.0,false,NaN,2
42,100.0,30,125.0,2.0,4.0,false,NaN,4
42,100.0,30,125.0,2.5,4.0,true,66.82544038981273,5
42,100.0,36,125.0,0.5,1.0,false,NaN,4
42,100.0,36,125.0,1.0,1.0,true,69.09611540044305,5
42,100.0,36,125.0,1.5,1.0,true,73.95808845963128,5
42,100.0,36,125.0,2.0,1.0,true,47.79818935184249,5
42,100.0,36,125.0,2.5,1.0,true,47.79818935184249,5
42,100.0,36,125.0,0.5,1.5,false,NaN,3
42,100.0,36,125.0,1.0,1.5,false,NaN,4
42,100.0,36,125.0,1.5,1.5,true,68.80692158392297,5
42,100.0,36,125.0,2.0,1.5,true,65.62377387081165,5
42,100.0,36,125.0,2.5,1.5,true,65.62377387081165,5
42,100.0,36,125.0,0.5,2.0,true,68.95346349054581,5
42,100.0,36,125.0,1.0,2.0,true,66.56248218624212,5
42,100.0,36,125.0,1.5,2.0,true,68.11223731616636,5
42,100.0,36,125.0,2.0,2.0,true,47.55172604853144,5
42,100.0,36,125.0,2.5,2.0,true,47.55172604853144,5
42,100.0,36,125.0,0.5,2.5,true,68.95346349054581,5
42,100.0,36,125.0,1.0,2.5,true,69.09611540044305,5
42,100.0,36,125.0,1.5,2.5,true,67.27990672140699,5
42,100.0,36,125.0,2.0,2.5,true,47.55172604853144,5
42,100.0,36,125.0,2.5,2.5,true,47.55172604853144,5
42,100.0,36,125.0,0.5,3.0,true,68.95346349054581,5
42,100.0,36,125.0,1.0,3.0,true,69.09611540044305,5
42,100.0,36,125.0,1.5,3.0,true,67.27990672140699,5
42,100.0,36,125.0,2.0,3.0,true,41.61136416206989,5
42,100.0,36,125.0,2.5,3.0,true,41.61136416206989,5
42,100.0,36,125.0,0.5,3.5,true,68.95346349054581,5
42,100.0,36,125.0,1.0,3.5,true,69.09611540044305,5
42,100.0,36,125.0,1.5,3.5,true,62.74932282036678,5
42,100.0,36,125.0,2.0,3.5,true,41.61136416206989,5
42,100.0,36,125.0,2.5,3.5,true,41.61136416206989,5
42,100.0,36,125.0,0.5,4.0,true,68.95346349054581,5
42,100.0,36,125.0,1.0,4.0,true,85.50433757272799,5
42,100.0,36,125.0,1.5,4.0,true,62.48501689713748,5
42,100.0,36,125.0,2.0,4.0,true,41.61136416206989,5
42,100.0,36,125.0,2.5,4.0,true,41.61136416206989,5
42,100.0,12,150.0,0.5,1.0,true,43.99332452306094,5
42,100.0,12,150.0,1.0,1.0,true,43.99332452306094,5
42,100.0,12,150.0,1.5,1.0,true,43.99332452306094,5
42,100.0,12,150.0,2.0,1.0,true,43.99332452306094,5
42,100.0,12,150.0,2.5,1.0,true,43.99332452306094,5
42,100.0,12,150.0,0.5,1.5,true,43.99332452306094,5
42,100.0,12,150.0,1.0,1.5,true,43.99332452306094,5
42,100.0,12,150.0,1.5,1.5,true,43.99332452306094,5
42,100.0,12,150.0,2.0,1.5,true,43.99332452306094,5
42,100.0,12,150.0,2.5,1.5,true,43.99332452306094,5
42,100.0,12,150.0,0.5,2.0,true,48.982167609927586,5
42,100.0,12,150.0,1.0,2.0,true,48.982167609927586,5
42,100.0,12,150.0,1.5,2.0,true,48.982167609927586,5
42,100.0,12,150.0,2.0,2.0,true,48.982167609927586,5
42,100.0,12,150.0,2.5,2.0,true,48.982167609927586,5
42,100.0,12,150.0,0.5,2.5,true,48.982167609927586,5
42,100.0,12,150.0,1.0,2.5,true,48.982167609927586,5
42,100.0,12,150.0,1.5,2.5,true,48.982167609927586,5
42,100.0,12,150.0,2.0,2.5,true,48.982167609927586,5
42,100.0,12,150.0,2.5,2.5,true,48.982167609927586,5
42,100.0,12,150.0,0.5,3.0,true,48.982167609927586,5
42,100.0,12,150.0,1.0,3.0,true,48.982167609927586,5
42,100.0,12,150.0,1.5,3.0,true,48.982167609927586,5
42,100.0,12,150.0,2.0,3.0,true,48.982167609927586,5
42,100.0,12,150.0,2.5,3.0,true,48.982167609927586,5
42,100.0,12,150.0,0.5,3.5,true,48.982167609927586,5
42,100.0,12,150.0,1.0,3.5,true,48.982167609927586,5
42,100.0,12,150.0,1.5,3.5,true,48.982167609927586,5
42,100.0,12,150.0,2.0,3.5,true,48.982167609927586,5
42,100.0,12,150.0,2.5,3.5,true,48.982167609927586,5
42,100.0,12,150.0,0.5,4.0,true,48.982167609927586,5
42,100.0,12,150.0,1.0,4.0,true,48.982167609927586,5
42,100.0,12,150.0,1.5,4.0,true,48.982167609927586,5
42,100.0,12,150.0,2.0,4.0,true,48.982167609927586,5
42,100.0,12,150.0,2.5,4.0,true,48.982167609927586,5
42,100.0,18,150.0,0.5,1.0,false,NaN,3
42,100.0,18,150.0,1.0,1.0,false,NaN,3
42,100.0,18,150.0,1.5,1.0,false,NaN,3
42,100.0,18,150.0,2.0,1.0,true,46.97315672474687,5
42,100.0,18,150.0,2.5,1.0,true,46.97315672474687,5
42,100.0,18,150.0,0.5,1.5,false,NaN,3
42,100.0,18,150.0,1.0,1.5,false,NaN,3
42,100.0,18,150.0,1.5,1.5,false,NaN,3
42,100.0,18,150.0,2.0,1.5,true,46.97315672474687,5
42,100.0,18,150.0,2.5,1.5,true,46.97315672474687,5
42,100.0,18,150.0,0.5,2.0,false,NaN,3
42,100.0,18,150.0,1.0,2.0,false,NaN,3
42,100.0,18,150.0,1.5,2.0,false,NaN,3
42,100.0,18,150.0,2.0,2.0,true,46.97315672474687,5
42,100.0,18,150.0,2.5,2.0,true,46.97315672474687,5
42,100.0,18,150.0,0.5,2.5,false,NaN,3
42,100.0,18,150.0,1.0,2.5,false,NaN,3
42,100.0,18,150.0,1.5,2.5,false,NaN,3
42,100.0,18,150.0,2.0,2.5,true,46.97315672474687,5
42,100.0,18,150.0,2.5,2.5,true,46.97315672474687,5
42,100.0,18,150.0,0.5,3.0,false,NaN,3
42,100.0,18,150.0,1.0,3.0,false,NaN,3
42,100.0,18,150.0,1.5,3.0,false,NaN,3
42,100.0,18,150.0,2.0,3.0,true,46.97315672474687,5
42,100.0,18,150.0,2.5,3.0,true,46.97315672474687,5
42,100.0,18,150.0,0.5,3.5,false,NaN,3
42,100.0,18,150.0,1.0,3.5,false,NaN,3
42,100.0,18,150.0,1.5,3.5,false,NaN,3
42,100.0,18,150.0,2.0,3.5,true,46.97315672474687,5
42,100.0,18,150.0,2.5,3.5,true,46.97315672474687,5
42,100.0,18,150.0,0.5,4.0,false,NaN,3
42,100.0,18,150.0,1.0,4.0,false,NaN,3
42,100.0,18,150.0,1.5,4.0,false,NaN,3
42,100.0,18,150.0,2.0,4.0,true,46.97315672474687,5
42,100.0,18,150.0,2.5,4.0,true,46.97315672474687,5
42,100.0,24,150.0,0.5,1.0,true,80.7110269836447,5
42,100.0,24,150.0,1.0,1.0,true,70.12216325926984,5
42,100.0,24,150.0,1.5,1.0,false,NaN,4
42,100.0,24,150.0,2.0,1.0,false,NaN,4
42,100.0,24,150.0,2.5,1.0,false,NaN,3
42,100.0,24,150.0,0.5,1.5,false,NaN,2
42,100.0,24,150.0,1.0,1.5,false,NaN,4
42,100.0,24,150.0,1.5,1.5,false,NaN,4
42,100.0,24,150.0,2.0,1.5,false,NaN,4
42,100.0,24,150.0,2.5,1.5,false,NaN,3
42,100.0,24,150.0,0.5,2.0,false,NaN,4
42,100.0,24,150.0,1.0,2.0,false,NaN,4
42,100.0,24,150.0,1.5,2.0,false,NaN,4
42,100.0,24,150.0,2.0,2.0,false,NaN,4
42,100.0,24,150.0,2.5,2.0,false,NaN,3
42,100.0,24,150.0,0.5,2.5,false,NaN,4
42,100.0,24,150.0,1.0,2.5,true,67.32548944313345,5
42,100.0,24,150.0,1.5,2.5,true,67.32548944313345,5
42,100.0,24,150.0,2.0,2.5,true,67.32548944313345,5
42,100.0,24,150.0,2.5,2.5,false,NaN,4
42,100.0,24,150.0,0.5,3.0,false,NaN,4
42,100.0,24,150.0,1.0,3.0,false,NaN,4
42,100.0,24,150.0,1.5,3.0,false,NaN,4
42,100.0,24,150.0,2.0,3.0,false,NaN,4
42,100.0,24,150.0,2.5,3.0,false,NaN,4
42,100.0,24,150.0,0.5,3.5,false,NaN,4
42,100.0,24,150.0,1.0,3.5,false,NaN,4
42,100.0,24,150.0,1.5,3.5,false,NaN,4
42,100.0,24,150.0,2.0,3.5,false,NaN,4
42,100.0,24,150.0,2.5,3.5,false,NaN,4
42,100.0,24,150.0,0.5,4.0,false,NaN,4
42,100.0,24,150.0,1.0,4.0,true,72.10015237220593,5
42,100.0,24,150.0,1.5,4.0,true,72.10015237220593,5
42,100.0,24,150.0,2.0,4.0,true,72.10015237220593,5
42,100.0,24,150.0,2.5,4.0,false,NaN,4
42,100.0,30,150.0,0.5,1.0,false,NaN,4
42,100.0,30,150.0,1.0,1.0,true,67.23445306990695,5
42,100.0,30,150.0,1.5,1.0,true,58.37008992528801,5
42,100.0,30,150.0,2.0,1.0,true,58.37008992528801,5
42,100.0,30,150.0,2.5,1.0,true,78.57063314080908,5
42,100.0,30,150.0,0.5,1.5,false,NaN,4
42,100.0,30,150.0,1.0,1.5,true,58.37008992528801,5
42,100.0,30,150.0,1.5,1.5,true,58.37008992528801,5
42,100.0,30,150.0,2.0,1.5,true,78.52090603364348,5
42,100.0,30,150.0,2.5,1.5,true,78.52090603364348,5
42,100.0,30,150.0,0.5,2.0,false,NaN,2
42,100.0,30,150.0,1.0,2.0,true,58.37008992528801,5
42,100.0,30,150.0,1.5,2.0,true,78.52090603364348,5
42,100.0,30,150.0,2.0,2.0,true,78.52090603364348,5
42,100.0,30,150.0,2.5,2.0,true,78.52090603364348,5
42,100.0,30,150.0,0.5,2.5,true,82.84381299191445,5
42,100.0,30,150.0,1.0,2.5,true,78.52090603364348,5
42,100.0,30,150.0,1.5,2.5,true,78.52090603364348,5
42,100.0,30,150.0,2.0,2.5,true,78.52090603364348,5
42,100.0,30,150.0,2.5,2.5,true,78.52090603364348,5
42,100.0,30,150.0,0.5,3.0,true,78.57063314080908,5
42,100.0,30,150.0,1.0,3.0,true,78.57063314080908,5
42,100.0,30,150.0,1.5,3.0,true,78.57063314080908,5
42,100.0,30,150.0,2.0,3.0,true,78.57063314080908,5
42,100.0,30,150.0,2.5,3.0,true,78.57063314080908,5
42,100.0,30,150.0,0.5,3.5,true,78.57063314080908,5
42,100.0,30,150.0,1.0,3.5,true,78.57063314080908,5
42,100.0,30,150.0,1.5,3.5,true,78.57063314080908,5
42,100.0,30,150.0,2.0,3.5,true,78.57063314080908,5
42,100.0,30,150.0,2.5,3.5,true,78.57063314080908,5
42,100.0,30,150.0,0.5,4.0,true,78.57063314080908,5
42,100.0,30,150.0,1.0,4.0,true,78.57063314080908,5
42,100.0,30,150.0,1.5,4.0,true,78.57063314080908,5
42,100.0,30,150.0,2.0,4.0,true,78.57063314080908,5
42,100.0,30,150.0,2.5,4.0,true,78.57063314080908,5
42,100.0,36,150.0,0.5,1.0,false,NaN,3
42,100.0,36,150.0,1.0,1.0,false,NaN,4
42,100.0,36,150.0,1.5,1.0,false,NaN,4
42,100.0,36,150.0,2.0,1.0,false,NaN,4
42,100.0,36,150.0,2.5,1.0,false,NaN,4
42,100.0,36,150.0,0.5,1.5,false,NaN,4
42,100.0,36,150.0,1.0,1.5,true,77.7517613602044,5
42,100.0,36,150.0,1.5,1.5,true,69.84139779449299,5
42,100.0,36,150.0,2.0,1.5,true,68.62503683680974,5
42,100.0,36,150.0,2.5,1.5,true,68.62503683680974,5
42,100.0,36,150.0,0.5,2.0,false,NaN,4
42,100.0,36,150.0,1.0,2.0,false,NaN,4
42,100.0,36,150.0,1.5,2.0,false,NaN,4
42,100.0,36,150.0,2.0,2.0,false,NaN,4
42,100.0,36,150.0,2.5,2.0,true,69.65137290412503,5
42,100.0,36,150.0,0.5,2.5,true,74.55479729299812,5
42,100.0,36,150.0,1.0,2.5,false,NaN,4
42,100.0,36,150.0,1.5,2.5,false,NaN,4
42,100.0,36,150.0,2.0,2.5,false,NaN,4
42,100.0,36,150.0,2.5,2.5,false,NaN,4
42,100.0,36,150.0,0.5,3.0,false,NaN,3
42,100.0,36,150.0,1.0,3.0,false,NaN,3
42,100.0,36,150.0,1.5,3.0,false,NaN,4
42,100.0,36,150.0,2.0,3.0,false,NaN,4
42,100.0,36,150.0,2.5,3.0,false,NaN,4
42,100.0,36,150.0,0.5,3.5,false,NaN,3
42,100.0,36,150.0,1.0,3.5,false,NaN,3
42,100.0,36,150.0,1.5,3.5,false,NaN,3
42,100.0,36,150.0,2.0,3.5,false,NaN,3
42,100.0,36,150.0,2.5,3.5,false,NaN,3
42,100.0,36,150.0,0.5,4.0,false,NaN,3
42,100.0,36,150.0,1.0,4.0,false,NaN,4
42,100.0,36,150.0,1.5,4.0,false,NaN,3
42,100.0,36,150.0,2.0,4.0,false,NaN,3
42,100.0,36,150.0,2.5,4.0,false,NaN,3
43,100.0,12,50.0,0.5,1.0,false,NaN,3
43,100.0,12,50.0,1.0,1.0,false,NaN,3
43,100.0,12,50.0,1.5,1.0,false,NaN,3
43,100.0,12,50.0,2.0,1.0,false,NaN,3
43,100.0,12,50.0,2.5,1.0,false,NaN,3
43,100.0,12,50.0,0.5,1.5,false,NaN,3
43,100.0,12,50.0,1.0,1.5,false,NaN,3
43,100.0,12,50.0,1.5,1.5,false,NaN,3
43,100.0,12,50.0,2.0,1.5,false,NaN,3
43,100.0,12,50.0,2.5,1.5,false,NaN,3
43,100.0,12,50.0,0.5,2.0,false,NaN,3
43,100.0,12,50.0,1.0,2.0,false,NaN,3
43,100.0,12,50.0,1.5,2.0,false,NaN,3
43,100.0,12,50.0,2.0,2.0,false,NaN,3
43,100.0,12,50.0,2.5,2.0,false,NaN,3
43,100.0,12,50.0,0.5,2.5,false,NaN,3
43,100.0,12,50.0,1.0,2.5,false,NaN,3
43,100.0,12,50.0,1.5,2.5,false,NaN,3
43,100.0,12,50.0,2.0,2.5,false,NaN,3
43,100.0,12,50.0,2.5,2.5,false,NaN,3
43,100.0,12,50.0,0.5,3.0,false,NaN,3
43,100.0,12,50.0,1.0,3.0,false,NaN,3
43,100.0,12,50.0,1.5,3.0,false,NaN,3
43,100.0,12,50.0,2.0,3.0,false,NaN,3
43,100.0,12,50.0,2.5,3.0,false,NaN,3
43,100.0,12,50.0,0.5,3.5,false,NaN,3
43,100.0,12,50.0,1.0,3.5,false,NaN,3
43,100.0,12,50.0,1.5,3.5,false,NaN,3
43,100.0,12,50.0,2.0,3.5,false,NaN,3
43,100.0,12,50.0,2.5,3.5,false,NaN,3
43,100.0,12,50.0,0.5,4.0,false,NaN,3
43,100.0,12,50.0,1.0,4.0,false,NaN,3
43,100.0,12,50.0,1.5,4.0,false,NaN,3
43,100.0,12,50.0,2.0,4.0,false,NaN,3
43,100.0,12,50.0,2.5,4.0,false,NaN,3
43,100.0,18,50.0,0.5,1.0,false,NaN,3
43,100.0,18,50.0,1.0,1.0,false,NaN,3
43,100.0,18,50.0,1.5,1.0,false,NaN,3
43,100.0,18,50.0,2.0,1.0,false,NaN,3
43,100.0,18,50.0,2.5,1.0,false,NaN,3
43,100.0,18,50.0,0.5,1.5,false,NaN,3
43,100.0,18,50.0,1.0,1.5,false,NaN,3
43,100.0,18,50.0,1.5,1.5,false,NaN,3
43,100.0,18,50.0,2.0,1.5,false,NaN,3
43,100.0,18,50.0,2.5,1.5,false,NaN,3
43,100.0,18,50.0,0.5,2.0,false,NaN,3
43,100.0,18,50.0,1.0,2.0,false,NaN,3
43,100.0,18,50.0,1.5,2.0,false,NaN,4
43,100.0,18,50.0,2.0,2.0,false,NaN,3
43,100.0,18,50.0,2.5,2.0,false,NaN,4
43,100.0,18,50.0,0.5,2.5,false,NaN,3
43,100.0,18,50.0,1.0,2.5,false,NaN,3
43,100.0,18,50.0,1.5,2.5,false,NaN,3
43,100.0,18,50.0,2.0,2.5,false,NaN,3
43,100.0,18,50.0,2.5,2.5,false,NaN,4
43,100.0,18,50.0,0.5,3.0,false,NaN,3
43,100.0,18,50.0,1.0,3.0,false,NaN,3
43,100.0,18,50.0,1.5,3.0,false,NaN,3
43,100.0,18,50.0,2.0,3.0,false,NaN,3
43,100.0,18,50.0,2.5,3.0,false,NaN,4
43,100.0,18,50.0,0.5,3.5,false,NaN,3
43,100.0,18,50.0,1.0,3.5,false,NaN,3
43,100.0,18,50.0,1.5,3.5,false,NaN,3
43,100.0,18,50.0,2.0,3.5,false,NaN,4
43,100.0,18,50.0,2.5,3.5,false,NaN,3
43,100.0,18,50.0,0.5,4.0,false,NaN,3
43,100.0,18,50.0,1.0,4.0,false,NaN,3
43,100.0,18,50.0,1.5,4.0,false,NaN,4
43,100.0,18,50.0,2.0,4.0,false,NaN,3
43,100.0,18,50.0,2.5,4.0,false,NaN,4
43,100.0,24,50.0,0.5,1.0,false,NaN,4
43,100.0,24,50.0,1.0,1.0,false,NaN,3
43,100.0,24,50.0,1.5,1.0,false,NaN,3
43,100.0,24,50.0,2.0,1.0,false,NaN,3
43,100.0,24,50.0,2.5,1.0,false,NaN,4
43,100.0,24,50.0,0.5,1.5,false,NaN,3
43,100.0,24,50.0,1.0,1.5,false,NaN,3
43,100.0,24,50.0,1.5,1.5,false,NaN,4
43,100.0,24,50.0,2.0,1.5,false,NaN,3
43,100.0,24,50.0,2.5,1.5,false,NaN,3
43,100.0,24,50.0,0.5,2.0,false,NaN,3
43,100.0,24,50.0,1.0,2.0,false,NaN,3
43,100.0,24,50.0,1.5,2.0,false,NaN,3
43,100.0,24,50.0,2.0,2.0,false,NaN,3
43,100.0,24,50.0,2.5,2.0,false,NaN,3
43,100.0,24,50.0,0.5,2.5,false,NaN,3
43,100.0,24,50.0,1.0,2.5,false,NaN,3
43,100.0,24,50.0,1.5,2.5,false,NaN,3
43,100.0,24,50.0,2.0,2.5,false,NaN,3
43,100.0,24,50.0,2.5,2.5,false,NaN,3
43,100.0,24,50.0,0.5,3.0,false,NaN,3
43,100.0,24,50.0,1.0,3.0,false,NaN,3
43,100.0,24,50.0,1.5,3.0,false,NaN,3
43,100.0,24,50.0,2.0,3.0,false,NaN,3
43,100.0,24,50.0,2.5,3.0,false,NaN,4
43,100.0,24,50.0,0.5,3.5,false,NaN,3
43,100.0,24,50.0,1.0,3.5,false,NaN,4
43,100.0,24,50.0,1.5,3.5,false,NaN,3
43,100.0,24,50.0,2.0,3.5,false,NaN,3
43,100.0,24,50.0,2.5,3.5,false,NaN,4
43,100.0,24,50.0,0.5,4.0,false,NaN,3
43,100.0,24,50.0,1.0,4.0,false,NaN,3
43,100.0,24,50.0,1.5,4.0,false,NaN,3
43,100.0,24,50.0,2.0,4.0,false,NaN,3
43,100.0,24,50.0,2.5,4.0,false,NaN,3
43,100.0,30,50.0,0.5,1.0,false,NaN,3
43,100.0,30,50.0,1.0,1.0,false,NaN,3
43,100.0,30,50.0,1.5,1.0,false,NaN,3
43,100.0,30,50.0,2.0,1.0,false,NaN,3
43,100.0,30,50.0,2.5,1.0,false,NaN,3
43,100.0,30,50.0,0.5,1.5,false,NaN,3
43,100.0,30,50.0,1.0,1.5,false,NaN,3
43,100.0,30,50.0,1.5,1.5,false,NaN,3
43,100.0,30,50.0,2.0,1.5,false,NaN,3
43,100.0,30,50.0,2.5,1.5,false,NaN,3
43,100.0,30,50.0,0.5,2.0,false,NaN,3
43,100.0,30,50.0,1.0,2.0,false,NaN,3
43,100.0,30,50.0,1.5,2.0,false,NaN,4
43,100.0,30,50.0,2.0,2.0,false,NaN,3
43,100.0,30,50.0,2.5,2.0,false,NaN,3
43,100.0,30,50.0,0.5,2.5,false,NaN,3
43,100.0,30,50.0,1.0,2.5,false,NaN,3
43,100.0,30,50.0,1.5,2.5,false,NaN,3
43,100.0,30,50.0,2.0,2.5,false,NaN,4
43,100.0,30,50.0,2.5,2.5,false,NaN,3
43,100.0,30,50.0,0.5,3.0,false,NaN,3
43,100.0,30,50.0,1.0,3.0,false,NaN,3
43,100.0,30,50.0,1.5,3.0,false,NaN,3
43,100.0,30,50.0,2.0,3.0,false,NaN,3
43,100.0,30,50.0,2.5,3.0,false,NaN,3
43,100.0,30,50.0,0.5,3.5,false,NaN,3
43,100.0,30,50.0,1.0,3.5,false,NaN,3
43,100.0,30,50.0,1.5,3.5,false,NaN,4
43,100.0,30,50.0,2.0,3.5,false,NaN,4
43,100.0,30,50.0,2.5,3.5,false,NaN,3
43,100.0,30,50.0,0.5,4.0,false,NaN,3
43,100.0,30,50.0,1.0,4.0,false,NaN,3
43,100.0,30,50.0,1.5,4.0,false,NaN,3
43,100.0,30,50.0,2.0,4.0,false,NaN,3
43,100.0,30,50.0,2.5,4.0,false,NaN,3
43,100.0,36,50.0,0.5,1.0,false,NaN,3
43,100.0,36,50.0,1.0,1.0,false,NaN,3
43,100.0,36,50.0,1.5,1.0,false,NaN,3
43,100.0,36,50.0,2.0,1.0,false,NaN,4
43,100.0,36,50.0,2.5,1.0,false,NaN,4
43,100.0,36,50.0,0.5,1.5,false,NaN,3
43,100.0,36,50.0,1.0,1.5,false,NaN,3
43,100.0,36,50.0,1.5,1.5,false,NaN,3
43,100.0,36,50.0,2.0,1.5,false,NaN,3
43,100.0,36,50.0,2.5,1.5,false,NaN,4
43,100.0,36,50.0,0.5,2.0,false,NaN,3
43,100.0,36,50.0,1.0,2.0,false,NaN,3
43,100.0,36,50.0,1.5,2.0,false,NaN,3
43,100.0,36,50.0,2.0,2.0,false,NaN,3
43,100.0,36,50.0,2.5,2.0,false,NaN,3
43,100.0,36,50.0,0.5,2.5,false,NaN,3
43,100.0,36,50.0,1.0,2.5,false,NaN,4
43,100.0,36,50.0,1.5,2.5,false,NaN,3
43,100.0,36,50.0,2.0,2.5,false,NaN,4
43,100.0,36,50.0,2.5,2.5,false,NaN,4
43,100.0,36,50.0,0.5,3.0,false,NaN,3
43,100.0,36,50.0,1.0,3.0,false,NaN,3
43,100.0,36,50.0,1.5,3.0,false,NaN,3
43,100.0,36,50.0,2.0,3.0,false,NaN,3
43,100.0,36,50.0,2.5,3.0,false,NaN,3
43,100.0,36,50.0,0.5,3.5,false,NaN,3
43,100.0,36,50.0,1.0,3.5,false,NaN,3
43,100.0,36,50.0,1.5,3.5,false,NaN,3
43,100.0,36,50.0,2.0,3.5,false,NaN,3
43,100.0,36,50.0,2.5,3.5,false,NaN,3
43,100.0,36,50.0,0.5,4.0,false,NaN,3
43,100.0,36,50.0,1.0,4.0,false,NaN,3
43,100.0,36,50.0,1.5,4.0,false,NaN,4
43,100.0,36,50.0,2.0,4.0,false,NaN,4
43,100.0,36,50.0,2.5,4.0,false,NaN,3
43,100.0,12,75.0,0.5,1.0,false,NaN,4
43,100.0,12,75.0,1.0,1.0,false,NaN,4
43,100.0,12,75.0,1.5,1.0,false,NaN,4
43,100.0,12,75.0,2.0,1.0,false,NaN,4
43,100.0,12,75.0,2.5,1.0,false,NaN,4
43,100.0,12,75.0,0.5,1.5,false,NaN,4
43,100.0,12,75.0,1.0,1.5,false,NaN,4
43,100.0,12,75.0,1.5,1.5,false,NaN,4
43,100.0,12,75.0,2.0,1.5,false,NaN,4
43,100.0,12,75.0,2.5,1.5,false,NaN,4
43,100.0,12,75.0,0.5,2.0,false,NaN,3
43,100.0,12,75.0,1.0,2.0,false,NaN,3
43,100.0,12,75.0,1.5,2.0,false,NaN,3
43,100.0,12,75.0,2.0,2.0,false,NaN,3
43,100.0,12,75.0,2.5,2.0,false,NaN,3
43,100.0,12,75.0,0.5,2.5,false,NaN,3
43,100.0,12,75.0,1.0,2.5,false,NaN,3
43,100.0,12,75.0,1.5,2.5,false,NaN,3
43,100.0,12,75.0,2.0,2.5,false,NaN,3
43,100.0,12,75.0,2.5,2.5,false,NaN,3
43,100.0,12,75.0,0.5,3.0,false,NaN,3
43,100.0,12,75.0,1.0,3.0,false,NaN,3
43,100.0,12,75.0,1.5,3.0,false,NaN,3
43,100.0,12,75.0,2.0,3.0,false,NaN,3
43,100.0,12,75.0,2.5,3.0,false,NaN,3
43,100.0,12,75.0,0.5,3.5,false,NaN,4
43,100.0,12,75.0,1.0,3.5,false,NaN,4
43,100.0,12,75.0,1.5,3.5,false,NaN,4
43,100.0,12,75.0,2.0,3.5,false,NaN,4
43,100.0,12,75.0,2.5,3.5,false,NaN,4
43,100.0,12,75.0,0.5,4.0,false,NaN,4
43,100.0,12,75.0,1.0,4.0,false,NaN,4
43,100.0,12,75.0,1.5,4.0,false,NaN,4
43,100.0,12,75.0,2.0,4.0,false,NaN,4
43,100.0,12,75.0,2.5,4.0,false,NaN,4
43,100.0,18,75.0,0.5,1.0,false,NaN,4
43,100.0,18,75.0,1.0,1.0,false,NaN,4
43,100.0,18,75.0,1.5,1.0,false,NaN,4
43,100.0,18,75.0,2.0,1.0,false,NaN,4
43,100.0,18,75.0,2.5,1.0,false,NaN,4
43,100.0,18,75.0,0.5,1.5,false,NaN,4
43,100.0,18,75.0,1.0,1.5,false,NaN,4
43,100.0,18,75.0,1.5,1.5,false,NaN,4
43,100.0,18,75.0,2.0,1.5,false,NaN,4
43,100.0,18,75.0,2.5,1.5,false,NaN,4
43,100.0,18,75.0,0.5,2.0,false,NaN,3
43,100.0,18,75.0,1.0,2.0,false,NaN,4
43,100.0,18,75.0,1.5,2.0,false,NaN,4
43,100.0,18,75.0,2.0,2.0,false,NaN,4
43,100.0,18,75.0,2.5,2.0,false,NaN,4
43,100.0,18,75.0,0.5,2.5,false,NaN,4
43,100.0,18,75.0,1.0,2.5,false,NaN,4
43,100.0,18,75.0,1.5,2.5,false,NaN,4
43,100.0,18,75.0,2.0,2.5,false,NaN,4
43,100.0,18,75.0,2.5,2.5,false,NaN,4
43,100.0,18,75.0,0.5,3.0,false,NaN,3
43,100.0,18,75.0,1.0,3.0,false,NaN,3
43,100.0,18,75.0,1.5,3.0,false,NaN,3
43,100.0,18,75.0,2.0,3.0,false,NaN,3
43,100.0,18,75.0,2.5,3.0,false,NaN,3
43,100.0,18,75.0,0.5,3.5,false,NaN,3
43,100.0,18,75.0,1.0,3.5,false,NaN,3
43,100.0,18,75.0,1.5,3.5,false,NaN,3
43,100.0,18,75.0,2.0,3.5,false,NaN,3
43,100.0,18,75.0,2.5,3.5,false,NaN,3
43,100.0,18,75.0,0.5,4.0,false,NaN,3
43,100.0,18,75.0,1.0,4.0,false,NaN,3
43,100.0,18,75.0,1.5,4.0,false,NaN,3
43,100.0,18,75.0,2.0,4.0,false,NaN,3
43,100.0,18,75.0,2.5,4.0,false,NaN,3
43,100.0,24,75.0,0.5,1.0,false,NaN,3
43,100.0,24,75.0,1.0,1.0,false,NaN,3
43,100.0,24,75.0,1.5,1.0,false,NaN,4
43,100.0,24,75.0,2.0,1.0,false,NaN,4
43,100.0,24,75.0,2.5,1.0,false,NaN,4
43,100.0,24,75.0,0.5,1.5,false,NaN,4
43,100.0,24,75.0,1.0,1.5,false,NaN,4
43,100.0,24,75.0,1.5,1.5,false,NaN,3
43,100.0,24,75.0,2.0,1.5,false,NaN,3
43,100.0,24,75.0,2.5,1.5,false,NaN,4
43,100.0,24,75.0,0.5,2.0,false,NaN,3
43,100.0,24,75.0,1.0,2.0,false,NaN,4
43,100.0,24,75.0,1.5,2.0,false,NaN,4
43,100.0,24,75.0,2.0,2.0,false,NaN,4
43,100.0,24,75.0,2.5,2.0,false,NaN,4
43,100.0,24,75.0,0.5,2.5,false,NaN,3
43,100.0,24,75.0,1.0,2.5,false,NaN,4
43,100.0,24,75.0,1.5,2.5,false,NaN,4
43,100.0,24,75.0,2.0,2.5,false,NaN,4
43,100.0,24,75.0,2.5,2.5,false,NaN,4
43,100.0,24,75.0,0.5,3.0,false,NaN,3
43,100.0,24,75.0,1.0,3.0,false,NaN,4
43,100.0,24,75.0,1.5,3.0,false,NaN,3
43,100.0,24,75.0,2.0,3.0,false,NaN,3
43,100.0,24,75.0,2.5,3.0,false,NaN,3
43,100.0,24,75.0,0.5,3.5,false,NaN,3
43,100.0,24,75.0,1.0,3.5,false,NaN,4
43,100.0,24,75.0,1.5,3.5,false,NaN,4
43,100.0,24,75.0,2.0,3.5,false,NaN,3
43,100.0,24,75.0,2.5,3.5,false,NaN,3
43,100.0,24,75.0,0.5,4.0,false,NaN,3
43,100.0,24,75.0,1.0,4.0,false,NaN,4
43,100.0,24,75.0,1.5,4.0,false,NaN,4
43,100.0,24,75.0,2.0,4.0,false,NaN,3
43,100.0,24,75.0,2.5,4.0,false,NaN,3
43,100.0,30,75.0,0.5,1.0,false,NaN,4
43,100.0,30,75.0,1.0,1.0,false,NaN,4
43,100.0,30,75.0,1.5,1.0,false,NaN,4
43,100.0,30,75.0,2.0,1.0,false,NaN,4
43,100.0,30,75.0,2.5,1.0,false,NaN,4
43,100.0,30,75.0,0.5,1.5,false,NaN,4
43,100.0,30,75.0,1.0,1.5,false,NaN,3
43,100.0,30,75.0,1.5,1.5,false,NaN,3
43,100.0,30,75.0,2.0,1.5,false,NaN,3
43,100.0,30,75.0,2.5,1.5,false,NaN,3
43,100.0,30,75.0,0.5,2.0,false,NaN,4
43,100.0,30,75.0,1.0,2.0,false,NaN,4
43,100.0,30,75.0,1.5,2.0,false,NaN,4
43,100.0,30,75.0,2.0,2.0,false,NaN,4
43,100.0,30,75.0,2.5,2.0,false,NaN,3
43,100.0,30,75.0,0.5,2.5,false,NaN,3
43,100.0,30,75.0,1.0,2.5,false,NaN,4
43,100.0,30,75.0,1.5,2.5,false,NaN,4
43,100.0,30,75.0,2.0,2.5,false,NaN,4
43,100.0,30,75.0,2.5,2.5,false,NaN,4
43,100.0,30,75.0,0.5,3.0,false,NaN,4
43,100.0,30,75.0,1.0,3.0,false,NaN,4
43,100.0,30,75.0,1.5,3.0,false,NaN,4
43,100.0,30,75.0,2.0,3.0,false,NaN,4
43,100.0,30,75.0,2.5,3.0,false,NaN,4
43,100.0,30,75.0,0.5,3.5,false,NaN,4
43,100.0,30,75.0,1.0,3.5,false,NaN,4
43,100.0,30,75.0,1.5,3.5,false,NaN,4
43,100.0,30,75.0,2.0,3.5,false,NaN,4
43,100.0,30,75.0,2.5,3.5,false,NaN,4
43,100.0,30,75.0,0.5,4.0,false,NaN,4
43,100.0,30,75.0,1.0,4.0,false,NaN,4
43,100.0,30,75.0,1.5,4.0,false,NaN,4
43,100.0,30,75.0,2.0,4.0,false,NaN,4
43,100.0,30,75.0,2.5,4.0,false,NaN,4
43,100.0,36,75.0,0.5,1.0,false,NaN,4
43,100.0,36,75.0,1.0,1.0,false,NaN,4
43,100.0,36,75.0,1.5,1.0,false,NaN,4
43,100.0,36,75.0,2.0,1.0,false,NaN,4
43,100.0,36,75.0,2.5,1.0,false,NaN,4
43,100.0,36,75.0,0.5,1.5,false,NaN,3
43,100.0,36,75.0,1.0,1.5,false,NaN,4
43,100.0,36,75.0,1.5,1.5,false,NaN,3
43,100.0,36,75.0,2.0,1.5,false,NaN,3
43,100.0,36,75.0,2.5,1.5,false,NaN,3
43,100.0,36,75.0,0.5,2.0,false,NaN,4
43,100.0,36,75.0,1.0,2.0,false,NaN,4
43,100.0,36,75.0,1.5,2.0,false,NaN,4
43,100.0,36,75.0,2.0,2.0,false,NaN,4
43,100.0,36,75.0,2.5,2.0,false,NaN,3
43,100.0,36,75.0,0.5,2.5,false,NaN,3
43,100.0,36,75.0,1.0,2.5,false,NaN,4
43,100.0,36,75.0,1.5,2.5,false,NaN,4
43,100.0,36,75.0,2.0,2.5,false,NaN,4
43,100.0,36,75.0,2.5,2.5,false,NaN,4
43,100.0,36,75.0,0.5,3.0,false,NaN,4
43,100.0,36,75.0,1.0,3.0,false,NaN,4
43,100.0,36,75.0,1.5,3.0,false,NaN,3
43,100.0,36,75.0,2.0,3.0,false,NaN,3
43,100.0,36,75.0,2.5,3.0,false,NaN,4
43,100.0,36,75.0,0.5,3.5,false,NaN,4
43,100.0,36,75.0,1.0,3.5,false,NaN,4
43,100.0,36,75.0,1.5,3.5,false,NaN,4
43,100.0,36,75.0,2.0,3.5,false,NaN,4
43,100.0,36,75.0,2.5,3.5,false,NaN,4
43,100.0,36,75.0,0.5,4.0,false,NaN,3
43,100.0,36,75.0,1.0,4.0,false,NaN,4
43,100.0,36,75.0,1.5,4.0,false,NaN,4
43,100.0,36,75.0,2.0,4.0,false,NaN,4
43,100.0,36,75.0,2.5,4.0,false,NaN,3
43,100.0,12,100.0,0.5,1.0,false,NaN,3
43,100.0,12,100.0,1.0,1.0,false,NaN,3
43,100.0,12,100.0,1.5,1.0,false,NaN,3
43,100.0,12,100.0,2.0,1.0,false,NaN,3
43,100.0,12,100.0,2.5,1.0,false,NaN,3
43,100.0,12,100.0,0.5,1.5,false,NaN,4
43,100.0,12,100.0,1.0,1.5,false,NaN,4
43,100.0,12,100.0,1.5,1.5,false,NaN,4
43,100.0,12,100.0,2.0,1.5,false,NaN,4
43,100.0,12,100.0,2.5,1.5,false,NaN,4
43,100.0,12,100.0,0.5,2.0,false,NaN,4
43,100.0,12,100.0,1.0,2.0,false,NaN,4
43,100.0,12,100.0,1.5,2.0,false,NaN,4
43,100.0,12,100.0,2.0,2.0,false,NaN,4
43,100.0,12,100.0,2.5,2.0,false,NaN,4
43,100.0,12,100.0,0.5,2.5,false,NaN,4
43,100.0,12,100.0,1.0,2.5,false,NaN,4
43,100.0,12,100.0,1.5,2.5,false,NaN,4
43,100.0,12,100.0,2.0,2.5,false,NaN,4
43,100.0,12,100.0,2.5,2.5,false,NaN,4
43,100.0,12,100.0,0.5,3.0,false,NaN,4
43,100.0,12,100.0,1.0,3.0,false,NaN,4
43,100.0,12,100.0,1.5,3.0,false,NaN,4
43,100.0,12,100.0,2.0,3.0,false,NaN,4
43,100.0,12,100.0,2.5,3.0,false,NaN,4
43,100.0,12,100.0,0.5,3.5,false,NaN,4
43,100.0,12,100.0,1.0,3.5,false,NaN,4
43,100.0,12,100.0,1.5,3.5,false,NaN,4
43,100.0,12,100.0,2.0,3.5,false,NaN,4
43,100.0,12,100.0,2.5,3.5,false,NaN,4
43,100.0,12,100.0,0.5,4.0,false,NaN,4
43,100.0,12,100.0,1.0,4.0,false,NaN,4
43,100.0,12,100.0,1.5,4.0,false,NaN,4
43,100.0,12,100.0,2.0,4.0,false,NaN,4
43,100.0,12,100.0,2.5,4.0,false,NaN,4
43,100.0,18,100.0,0.5,1.0,false,NaN,3
43,100.0,18,100.0,1.0,1.0,false,NaN,3
43,100.0,18,100.0,1.5,1.0,false,NaN,3
43,100.0,18,100.0,2.0,1.0,false,NaN,3
43,100.0,18,100.0,2.5,1.0,false,NaN,3
43,100.0,18,100.0,0.5,1.5,false,NaN,3
43,100.0,18,100.0,1.0,1.5,false,NaN,3
43,100.0,18,100.0,1.5,1.5,false,NaN,3
43,100.0,18,100.0,2.0,1.5,false,NaN,3
43,100.0,18,100.0,2.5,1.5,false,NaN,3
43,100.0,18,100.0,0.5,2.0,false,NaN,4
43,100.0,18,100.0,1.0,2.0,false,NaN,4
43,100.0,18,100.0,1.5,2.0,false,NaN,4
43,100.0,18,100.0,2.0,2.0,false,NaN,4
43,100.0,18,100.0,2.5,2.0,false,NaN,4
43,100.0,18,100.0,0.5,2.5,false,NaN,4
43,100.0,18,100.0,1.0,2.5,false,NaN,4
43,100.0,18,100.0,1.5,2.5,false,NaN,4
43,100.0,18,100.0,2.0,2.5,false,NaN,4
43,100.0,18,100.0,2.5,2.5,false,NaN,4
43,100.0,18,100.0,0.5,3.0,false,NaN,4
43,100.0,18,100.0,1.0,3.0,false,NaN,4
43,100.0,18,100.0,1.5,3.0,false,NaN,4
43,100.0,18,100.0,2.0,3.0,false,NaN,4
43,100.0,18,100.0,2.5,3.0,false,NaN,4
43,100.0,18,100.0,0.5,3.5,false,NaN,4
43,100.0,18,100.0,1.0,3.5,false,NaN,4
43,100.0,18,100.0,1.5,3.5,false,NaN,4
43,100.0,18,100.0,2.0,3.5,false,NaN,4
43,100.0,18,100.0,2.5,3.5,false,NaN,4
43,100.0,18,100.0,0.5,4.0,false,NaN,3
43,100.0,18,100.0,1.0,4.0,false,NaN,4
43,100.0,18,100.0,1.5,4.0,false,NaN,4
43,100.0,18,100.0,2.0,4.0,false,NaN,4
43,100.0,18,100.0,2.5,4.0,false,NaN,4
43,100.0,24,100.0,0.5,1.0,false,NaN,4
43,100.0,24,100.0,1.0,1.0,false,NaN,4
43,100.0,24,100.0,1.5,1.0,false,NaN,3
43,100.0,24,100.0,2.0,1.0,false,NaN,3
43,100.0,24,100.0,2.5,1.0,false,NaN,3
43,100.0,24,100.0,0.5,1.5,false,NaN,3
43,100.0,24,100.0,1.0,1.5,false,NaN,3
43,100.0,24,100.0,1.5,1.5,false,NaN,3
43,100.0,24,100.0,2.0,1.5,false,NaN,4
43,100.0,24,100.0,2.5,1.5,false,NaN,3
43,100.0,24,100.0,0.5,2.0,false,NaN,3
43,100.0,24,100.0,1.0,2.0,false,NaN,3
43,100.0,24,100.0,1.5,2.0,false,NaN,3
43,100.0,24,100.0,2.0,2.0,false,NaN,4
43,100.0,24,100.0,2.5,2.0,false,NaN,3
43,100.0,24,100.0,0.5,2.5,false,NaN,3
43,100.0,24,100.0,1.0,2.5,false,NaN,3
43,100.0,24,100.0,1.5,2.5,false,NaN,3
43,100.0,24,100.0,2.0,2.5,false,NaN,4
43,100.0,24,100.0,2.5,2.5,false,NaN,3
43,100.0,24,100.0,0.5,3.0,false,NaN,3
43,100.0,24,100.0,1.0,3.0,false,NaN,3
43,100.0,24,100.0,1.5,3.0,false,NaN,3
43,100.0,24,100.0,2.0,3.0,false,NaN,4
43,100.0,24,100.0,2.5,3.0,false,NaN,3
43,100.0,24,100.0,0.5,3.5,false,NaN,3
43,100.0,24,100.0,1.0,3.5,false,NaN,3
43,100.0,24,100.0,1.5,3.5,false,NaN,3
43,100.0,24,100.0,2.0,3.5,false,NaN,4
43,100.0,24,100.0,2.5,3.5,false,NaN,3
43,100.0,24,100.0,0.5,4.0,false,NaN,3
43,100.0,24,100.0,1.0,4.0,false,NaN,3
43,100.0,24,100.0,1.5,4.0,false,NaN,3
43,100.0,24,100.0,2.0,4.0,false,NaN,4
43,100.0,24,100.0,2.5,4.0,false,NaN,3
43,100.0,30,100.0,0.5,1.0,false,NaN,4
43,100.0,30,100.0,1.0,1.0,false,NaN,4
43,100.0,30,100.0,1.5,1.0,false,NaN,3
43,100.0,30,100.0,2.0,1.0,false,NaN,3
43,100.0,30,100.0,2.5,1.0,false,NaN,3
43,100.0,30,100.0,0.5,1.5,false,NaN,4
43,100.0,30,100.0,1.0,1.5,false,NaN,4
43,100.0,30,100.0,1.5,1.5,false,NaN,4
43,100.0,30,100.0,2.0,1.5,false,NaN,4
43,100.0,30,100.0,2.5,1.5,false,NaN,3
43,100.0,30,100.0,0.5,2.0,false,NaN,3
43,100.0,30,100.0,1.0,2.0,false,NaN,3
43,100.0,30,100.0,1.5,2.0,false,NaN,3
43,100.0,30,100.0,2.0,2.0,false,NaN,3
43,100.0,30,100.0,2.5,2.0,false,NaN,3
43,100.0,30,100.0,0.5,2.5,false,NaN,3
43,100.0,30,100.0,1.0,2.5,false,NaN,3
43,100.0,30,100.0,1.5,2.5,false,NaN,3
43,100.0,30,100.0,2.0,2.5,false,NaN,3
43,100.0,30,100.0,2.5,2.5,false,NaN,3
43,100.0,30,100.0,0.5,3.0,false,NaN,3
43,100.0,30,100.0,1.0,3.0,false,NaN,3
43,100.0,30,100.0,1.5,3.0,false,NaN,3
43,100.0,30,100.0,2.0,3.0,false,NaN,3
43,100.0,30,100.0,2.5,3.0,false,NaN,3
43,100.0,30,100.0,0.5,3.5,false,NaN,3
43,100.0,30,100.0,1.0,3.5,false,NaN,3
43,100.0,30,100.0,1.5,3.5,false,NaN,3
43,100.0,30,100.0,2.0,3.5,false,NaN,3
43,100.0,30,100.0,2.5,3.5,false,NaN,3
43,100.0,30,100.0,0.5,4.0,false,NaN,3
43,100.0,30,100.0,1.0,4.0,false,NaN,3
43,100.0,30,100.0,1.5,4.0,false,NaN,3
43,100.0,30,100.0,2.0,4.0,false,NaN,3
43,100.0,30,100.0,2.5,4.0,false,NaN,3
43,100.0,36,100.0,0.5,1.0,false,NaN,3
43,100.0,36,100.0,1.0,1.0,false,NaN,3
43,100.0,36,100.0,1.5,1.0,false,NaN,3
43,100.0,36,100.0,2.0,1.0,false,NaN,3
43,100.0,36,100.0,2.5,1.0,false,NaN,4
43,100.0,36,100.0,0.5,1.5,false,NaN,4
43,100.0,36,100.0,1.0,1.5,false,NaN,4
43,100.0,36,100.0,1.5,1.5,false,NaN,4
43,100.0,36,100.0,2.0,1.5,false,NaN,4
43,100.0,36,100.0,2.5,1.5,false,NaN,4
43,100.0,36,100.0,0.5,2.0,false,NaN,4
43,100.0,36,100.0,1.0,2.0,false,NaN,4
43,100.0,36,100.0,1.5,2.0,false,NaN,4
43,100.0,36,100.0,2.0,2.0,false,NaN,4
43,100.0,36,100.0,2.5,2.0,false,NaN,4
43,100.0,36,100.0,0.5,2.5,false,NaN,4
43,100.0,36,100.0,1.0,2.5,false,NaN,3
43,100.0,36,100.0,1.5,2.5,false,NaN,3
43,100.0,36,100.0,2.0,2.5,false,NaN,3
43,100.0,36,100.0,2.5,2.5,false,NaN,4
43,100.0,36,100.0,0.5,3.0,false,NaN,3
43,100.0,36,100.0,1.0,3.0,false,NaN,3
43,100.0,36,100.0,1.5,3.0,false,NaN,3
43,100.0,36,100.0,2.0,3.0,false,NaN,3
43,100.0,36,100.0,2.5,3.0,false,NaN,3
43,100.0,36,100.0,0.5,3.5,false,NaN,3
43,100.0,36,100.0,1.0,3.5,false,NaN,3
43,100.0,36,100.0,1.5,3.5,false,NaN,3
43,100.0,36,100.0,2.0,3.5,false,NaN,3
43,100.0,36,100.0,2.5,3.5,false,NaN,3
43,100.0,36,100.0,0.5,4.0,false,NaN,3
43,100.0,36,100.0,1.0,4.0,false,NaN,3
43,100.0,36,100.0,1.5,4.0,false,NaN,3
43,100.0,36,100.0,2.0,4.0,false,NaN,3
43,100.0,36,100.0,2.5,4.0,false,NaN,3
43,100.0,12,125.0,0.5,1.0,false,NaN,3
43,100.0,12,125.0,1.0,1.0,false,NaN,4
43,100.0,12,125.0,1.5,1.0,false,NaN,4
43,100.0,12,125.0,2.0,1.0,false,NaN,4
43,100.0,12,125.0,2.5,1.0,false,NaN,4
43,100.0,12,125.0,0.5,1.5,false,NaN,3
43,100.0,12,125.0,1.0,1.5,false,NaN,3
43,100.0,12,125.0,1.5,1.5,false,NaN,3
43,100.0,12,125.0,2.0,1.5,false,NaN,3
43,100.0,12,125.0,2.5,1.5,false,NaN,3
43,100.0,12,125.0,0.5,2.0,false,NaN,4
43,100.0,12,125.0,1.0,2.0,false,NaN,3
43,100.0,12,125.0,1.5,2.0,false,NaN,4
43,100.0,12,125.0,2.0,2.0,false,NaN,4
43,100.0,12,125.0,2.5,2.0,false,NaN,4
43,100.0,12,125.0,0.5,2.5,false,NaN,3
43,100.0,12,125.0,1.0,2.5,false,NaN,3
43,100.0,12,125.0,1.5,2.5,false,NaN,3
43,100.0,12,125.0,2.0,2.5,false,NaN,3
43,100.0,12,125.0,2.5,2.5,false,NaN,3
43,100.0,12,125.0,0.5,3.0,false,NaN,3
43,100.0,12,125.0,1.0,3.0,false,NaN,3
43,100.0,12,125.0,1.5,3.0,false,NaN,4
43,100.0,12,125.0,2.0,3.0,false,NaN,4
43,100.0,12,125.0,2.5,3.0,false,NaN,4
43,100.0,12,125.0,0.5,3.5,false,NaN,3
43,100.0,12,125.0,1.0,3.5,false,NaN,3
43,100.0,12,125.0,1.5,3.5,false,NaN,4
43,100.0,12,125.0,2.0,3.5,false,NaN,4
43,100.0,12,125.0,2.5,3.5,false,NaN,4
43,100.0,12,125.0,0.5,4.0,false,NaN,3
43,100.0,12,125.0,1.0,4.0,false,NaN,3
43,100.0,12,125.0,1.5,4.0,false,NaN,4
43,100.0,12,125.0,2.0,4.0,false,NaN,4
43,100.0,12,125.0,2.5,4.0,false,NaN,4
43,100.0,18,125.0,0.5,1.0,false,NaN,4
43,100.0,18,125.0,1.0,1.0,false,NaN,3
43,100.0,18,125.0,1.5,1.0,false,NaN,4
43,100.0,18,125.0,2.0,1.0,false,NaN,4
43,100.0,18,125.0,2.5,1.0,false,NaN,3
43,100.0,18,125.0,0.5,1.5,false,NaN,4
43,100.0,18,125.0,1.0,1.5,false,NaN,4
43,100.0,18,125.0,1.5,1.5,false,NaN,4
43,100.0,18,125.0,2.0,1.5,false,NaN,4
43,100.0,18,125.0,2.5,1.5,false,NaN,4
43,100.0,18,125.0,0.5,2.0,false,NaN,3
43,100.0,18,125.0,1.0,2.0,false,NaN,3
43,100.0,18,125.0,1.5,2.0,false,NaN,4
43,100.0,18,125.0,2.0,2.0,false,NaN,4
43,100.0,18,125.0,2.5,2.0,false,NaN,4
43,100.0,18,125.0,0.5,2.5,false,NaN,3
43,100.0,18,125.0,1.0,2.5,false,NaN,3
43,100.0,18,125.0,1.5,2.5,false,NaN,4
43,100.0,18,125.0,2.0,2.5,false,NaN,4
43,100.0,18,125.0,2.5,2.5,false,NaN,3
43,100.0,18,125.0,0.5,3.0,false,NaN,3
43,100.0,18,125.0,1.0,3.0,false,NaN,3
43,100.0,18,125.0,1.5,3.0,false,NaN,4
43,100.0,18,125.0,2.0,3.0,false,NaN,4
43,100.0,18,125.0,2.5,3.0,false,NaN,4
43,100.0,18,125.0,0.5,3.5,false,NaN,3
43,100.0,18,125.0,1.0,3.5,false,NaN,3
43,100.0,18,125.0,1.5,3.5,false,NaN,4
43,100.0,18,125.0,2.0,3.5,false,NaN,4
43,100.0,18,125.0,2.5,3.5,false,NaN,4
43,100.0,18,125.0,0.5,4.0,false,NaN,3
43,100.0,18,125.0,1.0,4.0,false,NaN,3
43,100.0,18,125.0,1.5,4.0,false,NaN,4
43,100.0,18,125.0,2.0,4.0,false,NaN,4
43,100.0,18,125.0,2.5,4.0,false,NaN,4
43,100.0,24,125.0,0.5,1.0,false,NaN,4
43,100.0,24,125.0,1.0,1.0,false,NaN,3
43,100.0,24,125.0,1.5,1.0,false,NaN,3
43,100.0,24,125.0,2.0,1.0,false,NaN,4
43,100.0,24,125.0,2.5,1.0,false,NaN,4
43,100.0,24,125.0,0.5,1.5,false,NaN,3
43,100.0,24,125.0,1.0,1.5,false,NaN,3
43,100.0,24,125.0,1.5,1.5,false,NaN,4
43,100.0,24,125.0,2.0,1.5,false,NaN,4
43,100.0,24,125.0,2.5,1.5,false,NaN,4
43,100.0,24,125.0,0.5,2.0,false,NaN,4
43,100.0,24,125.0,1.0,2.0,false,NaN,4
43,100.0,24,125.0,1.5,2.0,false,NaN,4
43,100.0,24,125.0,2.0,2.0,false,NaN,4
43,100.0,24,125.0,2.5,2.0,false,NaN,4
43,100.0,24,125.0,0.5,2.5,false,NaN,3
43,100.0,24,125.0,1.0,2.5,false,NaN,4
43,100.0,24,125.0,1.5,2.5,false,NaN,4
43,100.0,24,125.0,2.0,2.5,false,NaN,4
43,100.0,24,125.0,2.5,2.5,false,NaN,4
43,100.0,24,125.0,0.5,3.0,false,NaN,4
43,100.0,24,125.0,1.0,3.0,false,NaN,4
43,100.0,24,125.0,1.5,3.0,false,NaN,4
43,100.0,24,125.0,2.0,3.0,false,NaN,4
43,100.0,24,125.0,2.5,3.0,false,NaN,4
43,100.0,24,125.0,0.5,3.5,false,NaN,4
43,100.0,24,125.0,1.0,3.5,false,NaN,4
43,100.0,24,125.0,1.5,3.5,false,NaN,4
43,100.0,24,125.0,2.0,3.5,false,NaN,4
43,100.0,24,125.0,2.5,3.5,false,NaN,4
43,100.0,24,125.0,0.5,4.0,false,NaN,4
43,100.0,24,125.0,1.0,4.0,false,NaN,4
43,100.0,24,125.0,1.5,4.0,false,NaN,4
43,100.0,24,125.0,2.0,4.0,false,NaN,4
43,100.0,24,125.0,2.5,4.0,false,NaN,4
43,100.0,30,125.0,0.5,1.0,false,NaN,4
43,100.0,30,125.0,1.0,1.0,false,NaN,4
43,100.0,30,125.0,1.5,1.0,false,NaN,4
43,100.0,30,125.0,2.0,1.0,false,NaN,4
43,100.0,30,125.0,2.5,1.0,false,NaN,4
43,100.0,30,125.0,0.5,1.5,false,NaN,3
43,100.0,30,125.0,1.0,1.5,false,NaN,4
43,100.0,30,125.0,1.5,1.5,false,NaN,4
43,100.0,30,125.0,2.0,1.5,false,NaN,4
43,100.0,30,125.0,2.5,1.5,false,NaN,4
43,100.0,30,125.0,0.5,2.0,false,NaN,4
43,100.0,30,125.0,1.0,2.0,false,NaN,3
43,100.0,30,125.0,1.5,2.0,false,NaN,3
43,100.0,30,125.0,2.0,2.0,false,NaN,3
43,100.0,30,125.0,2.5,2.0,false,NaN,3
43,100.0,30,125.0,0.5,2.5,false,NaN,4
43,100.0,30,125.0,1.0,2.5,false,NaN,4
43,100.0,30,125.0,1.5,2.5,false,NaN,3
43,100.0,30,125.0,2.0,2.5,false,NaN,3
43,100.0,30,125.0,2.5,2.5,false,NaN,3
43,100.0,30,125.0,0.5,3.0,false,NaN,3
43,100.0,30,125.0,1.0,3.0,false,NaN,4
43,100.0,30,125.0,1.5,3.0,false,NaN,3
43,100.0,30,125.0,2.0,3.0,false,NaN,4
43,100.0,30,125.0,2.5,3.0,false,NaN,3
43,100.0,30,125.0,0.5,3.5,false,NaN,3
43,100.0,30,125.0,1.0,3.5,false,NaN,4
43,100.0,30,125.0,1.5,3.5,false,NaN,3
43,100.0,30,125.0,2.0,3.5,false,NaN,4
43,100.0,30,125.0,2.5,3.5,false,NaN,3
43,100.0,30,125.0,0.5,4.0,false,NaN,3
43,100.0,30,125.0,1.0,4.0,false,NaN,4
43,100.0,30,125.0,1.5,4.0,false,NaN,3
43,100.0,30,125.0,2.0,4.0,false,NaN,4
43,100.0,30,125.0,2.5,4.0,false,NaN,3
43,100.0,36,125.0,0.5,1.0,false,NaN,4
43,100.0,36,125.0,1.0,1.0,false,NaN,4
43,100.0,36,125.0,1.5,1.0,false,NaN,3
43,100.0,36,125.0,2.0,1.0,false,NaN,4
43,100.0,36,125.0,2.5,1.0,false,NaN,4
43,100.0,36,125.0,0.5,1.5,false,NaN,3
43,100.0,36,125.0,1.0,1.5,false,NaN,3
43,100.0,36,125.0,1.5,1.5,false,NaN,3
43,100.0,36,125.0,2.0,1.5,false,NaN,4
43,100.0,36,125.0,2.5,1.5,false,NaN,4
43,100.0,36,125.0,0.5,2.0,false,NaN,3
43,100.0,36,125.0,1.0,2.0,false,NaN,3
43,100.0,36,125.0,1.5,2.0,false,NaN,3
43,100.0,36,125.0,2.0,2.0,false,NaN,3
43,100.0,36,125.0,2.5,2.0,false,NaN,3
43,100.0,36,125.0,0.5,2.5,false,NaN,4
43,100.0,36,125.0,1.0,2.5,false,NaN,3
43,100.0,36,125.0,1.5,2.5,false,NaN,3
43,100.0,36,125.0,2.0,2.5,false,NaN,3
43,100.0,36,125.0,2.5,2.5,false,NaN,3
43,100.0,36,125.0,0.5,3.0,false,NaN,3
43,100.0,36,125.0,1.0,3.0,false,NaN,3
43,100.0,36,125.0,1.5,3.0,false,NaN,3
43,100.0,36,125.0,2.0,3.0,false,NaN,3
43,100.0,36,125.0,2.5,3.0,false,NaN,3
43,100.0,36,125.0,0.5,3.5,false,NaN,3
43,100.0,36,125.0,1.0,3.5,false,NaN,3
43,100.0,36,125.0,1.5,3.5,false,NaN,3
43,100.0,36,125.0,2.0,3.5,false,NaN,3
43,100.0,36,125.0,2.5,3.5,false,NaN,3
43,100.0,36,125.0,0.5,4.0,false,NaN,3
43,100.0,36,125.0,1.0,4.0,false,NaN,3
43,100.0,36,125.0,1.5,4.0,false,NaN,3
43,100.0,36,125.0,2.0,4.0,false,NaN,3
43,100.0,36,125.0,2.5,4.0,false,NaN,3
43,100.0,12,150.0,0.5,1.0,false,NaN,3
43,100.0,12,150.0,1.0,1.0,false,NaN,3
43,100.0,12,150.0,1.5,1.0,false,NaN,3
43,100.0,12,150.0,2.0,1.0,false,NaN,3
43,100.0,12,150.0,2.5,1.0,false,NaN,3
43,100.0,12,150.0,0.5,1.5,false,NaN,3
43,100.0,12,150.0,1.0,1.5,false,NaN,3
43,100.0,12,150.0,1.5,1.5,false,NaN,3
43,100.0,12,150.0,2.0,1.5,false,NaN,3
43,100.0,12,150.0,2.5,1.5,false,NaN,3
43,100.0,12,150.0,0.5,2.0,false,NaN,3
43,100.0,12,150.0,1.0,2.0,false,NaN,3
43,100.0,12,150.0,1.5,2.0,false,NaN,3
43,100.0,12,150.0,2.0,2.0,false,NaN,3
43,100.0,12,150.0,2.5,2.0,false,NaN,3
43,100.0,12,150.0,0.5,2.5,false,NaN,3
43,100.0,12,150.0,1.0,2.5,false,NaN,3
43,100.0,12,150.0,1.5,2.5,false,NaN,3
43,100.0,12,150.0,2.0,2.5,false,NaN,3
43,100.0,12,150.0,2.5,2.5,false,NaN,3
43,100.0,12,150.0,0.5,3.0,false,NaN,3
43,100.0,12,150.0,1.0,3.0,false,NaN,3
43,100.0,12,150.0,1.5,3.0,false,NaN,3
43,100.0,12,150.0,2.0,3.0,false,NaN,3
43,100.0,12,150.0,2.5,3.0,false,NaN,3
43,100.0,12,150.0,0.5,3.5,false,NaN,3
43,100.0,12,150.0,1.0,3.5,false,NaN,3
43,100.0,12,150.0,1.5,3.5,false,NaN,3
43,100.0,12,150.0,2.0,3.5,false,NaN,3
43,100.0,12,150.0,2.5,3.5,false,NaN,3
43,100.0,12,150.0,0.5,4.0,false,NaN,3
43,100.0,12,150.0,1.0,4.0,false,NaN,3
43,100.0,12,150.0,1.5,4.0,false,NaN,3
43,100.0,12,150.0,2.0,4.0,false,NaN,3
43,100.0,12,150.0,2.5,4.0,false,NaN,3
43,100.0,18,150.0,0.5,1.0,false,NaN,4
43,100.0,18,150.0,1.0,1.0,false,NaN,3
43,100.0,18,150.0,1.5,1.0,false,NaN,4
43,100.0,18,150.0,2.0,1.0,false,NaN,4
43,100.0,18,150.0,2.5,1.0,false,NaN,4
43,100.0,18,150.0,0.5,1.5,false,NaN,3
43,100.0,18,150.0,1.0,1.5,false,NaN,4
43,100.0,18,150.0,1.5,1.5,false,NaN,4
43,100.0,18,150.0,2.0,1.5,false,NaN,4
43,100.0,18,150.0,2.5,1.5,false,NaN,3
43,100.0,18,150.0,0.5,2.0,false,NaN,4
43,100.0,18,150.0,1.0,2.0,false,NaN,4
43,100.0,18,150.0,1.5,2.0,false,NaN,4
43,100.0,18,150.0,2.0,2.0,false,NaN,4
43,100.0,18,150.0,2.5,2.0,false,NaN,3
43,100.0,18,150.0,0.5,2.5,false,NaN,4
43,100.0,18,150.0,1.0,2.5,false,NaN,4
43,100.0,18,150.0,1.5,2.5,false,NaN,4
43,100.0,18,150.0,2.0,2.5,false,NaN,4
43,100.0,18,150.0,2.5,2.5,false,NaN,3
43,100.0,18,150.0,0.5,3.0,false,NaN,4
43,100.0,18,150.0,1.0,3.0,false,NaN,4
43,100.0,18,150.0,1.5,3.0,false,NaN,4
43,100.0,18,150.0,2.0,3.0,false,NaN,4
43,100.0,18,150.0,2.5,3.0,false,NaN,3
43,100.0,18,150.0,0.5,3.5,false,NaN,4
43,100.0,18,150.0,1.0,3.5,false,NaN,4
43,100.0,18,150.0,1.5,3.5,false,NaN,4
43,100.0,18,150.0,2.0,3.5,false,NaN,4
43,100.0,18,150.0,2.5,3.5,false,NaN,3
43,100.0,18,150.0,0.5,4.0,false,NaN,4
43,100.0,18,150.0,1.0,4.0,false,NaN,4
43,100.0,18,150.0,1.5,4.0,false,NaN,4
43,100.0,18,150.0,2.0,4.0,false,NaN,4
43,100.0,18,150.0,2.5,4.0,false,NaN,3
43,100.0,24,150.0,0.5,1.0,false,NaN,4
43,100.0,24,150.0,1.0,1.0,false,NaN,4
43,100.0,24,150.0,1.5,1.0,false,NaN,3
43,100.0,24,150.0,2.0,1.0,false,NaN,3
43,100.0,24,150.0,2.5,1.0,false,NaN,3
43,100.0,24,150.0,0.5,1.5,false,NaN,3
43,100.0,24,150.0,1.0,1.5,false,NaN,3
43,100.0,24,150.0,1.5,1.5,false,NaN,3
43,100.0,24,150.0,2.0,1.5,false,NaN,3
43,100.0,24,150.0,2.5,1.5,false,NaN,3
43,100.0,24,150.0,0.5,2.0,false,NaN,4
43,100.0,24,150.0,1.0,2.0,false,NaN,4
43,100.0,24,150.0,1.5,2.0,false,NaN,3
43,100.0,24,150.0,2.0,2.0,false,NaN,4
43,100.0,24,150.0,2.5,2.0,false,NaN,4
43,100.0,24,150.0,0.5,2.5,false,NaN,4
43,100.0,24,150.0,1.0,2.5,false,NaN,4
43,100.0,24,150.0,1.5,2.5,false,NaN,4
43,100.0,24,150.0,2.0,2.5,false,NaN,4
43,100.0,24,150.0,2.5,2.5,false,NaN,4
43,100.0,24,150.0,0.5,3.0,false,NaN,4
43,100.0,24,150.0,1.0,3.0,false,NaN,4
43,100.0,24,150.0,1.5,3.0,false,NaN,4
43,100.0,24,150.0,2.0,3.0,false,NaN,4
43,100.0,24,150.0,2.5,3.0,false,NaN,4
43,100.0,24,150.0,0.5,3.5,false,NaN,4
43,100.0,24,150.0,1.0,3.5,false,NaN,4
43,100.0,24,150.0,1.5,3.5,false,NaN,4
43,100.0,24,150.0,2.0,3.5,false,NaN,4
43,100.0,24,150.0,2.5,3.5,false,NaN,4
43,100.0,24,150.0,0.5,4.0,false,NaN,4
43,100.0,24,150.0,1.0,4.0,false,NaN,4
43,100.0,24,150.0,1.5,4.0,false,NaN,4
43,100.0,24,150.0,2.0,4.0,false,NaN,4
43,100.0,24,150.0,2.5,4.0,false,NaN,4
43,100.0,30,150.0,0.5,1.0,false,NaN,3
43,100.0,30,150.0,1.0,1.0,false,NaN,4
43,100.0,30,150.0,1.5,1.0,false,NaN,4
43,100.0,30,150.0,2.0,1.0,false,NaN,4
43,100.0,30,150.0,2.5,1.0,false,NaN,3
43,100.0,30,150.0,0.5,1.5,false,NaN,3
43,100.0,30,150.0,1.0,1.5,false,NaN,3
43,100.0,30,150.0,1.5,1.5,false,NaN,4
43,100.0,30,150.0,2.0,1.5,false,NaN,4
43,100.0,30,150.0,2.5,1.5,false,NaN,3
43,100.0,30,150.0,0.5,2.0,false,NaN,3
43,100.0,30,150.0,1.0,2.0,false,NaN,4
43,100.0,30,150.0,1.5,2.0,false,NaN,4
43,100.0,30,150.0,2.0,2.0,false,NaN,4
43,100.0,30,150.0,2.5,2.0,false,NaN,3
43,100.0,30,150.0,0.5,2.5,false,NaN,3
43,100.0,30,150.0,1.0,2.5,false,NaN,3
43,100.0,30,150.0,1.5,2.5,false,NaN,3
43,100.0,30,150.0,2.0,2.5,false,NaN,4
43,100.0,30,150.0,2.5,2.5,false,NaN,3
43,100.0,30,150.0,0.5,3.0,false,NaN,3
43,100.0,30,150.0,1.0,3.0,false,NaN,3
43,100.0,30,150.0,1.5,3.0,false,NaN,3
43,100.0,30,150.0,2.0,3.0,false,NaN,3
43,100.0,30,150.0,2.5,3.0,false,NaN,3
43,100.0,30,150.0,0.5,3.5,false,NaN,3
43,100.0,30,150.0,1.0,3.5,false,NaN,3
43,100.0,30,150.0,1.5,3.5,false,NaN,3
43,100.0,30,150.0,2.0,3.5,false,NaN,3
43,100.0,30,150.0,2.5,3.5,false,NaN,3
43,100.0,30,150.0,0.5,4.0,false,NaN,3
43,100.0,30,150.0,1.0,4.0,false,NaN,3
43,100.0,30,150.0,1.5,4.0,false,NaN,3
43,100.0,30,150.0,2.0,4.0,false,NaN,3
43,100.0,30,150.0,2.5,4.0,false,NaN,3
43,100.0,36,150.0,0.5,1.0,false,NaN,3
43,100.0,36,150.0,1.0,1.0,false,NaN,3
43,100.0,36,150.0,1.5,1.0,false,NaN,4
43,100.0,36,150.0,2.0,1.0,false,NaN,4
43,100.0,36,150.0,2.5,1.0,false,NaN,3
43,100.0,36,150.0,0.5,1.5,false,NaN,3
43,100.0,36,150.0,1.0,1.5,false,NaN,3
43,100.0,36,150.0,1.5,1.5,false,NaN,4
43,100.0,36,150.0,2.0,1.5,false,NaN,4
43,100.0,36,150.0,2.5,1.5,false,NaN,4
43,100.0,36,150.0,0.5,2.0,false,NaN,4
43,100.0,36,150.0,1.0,2.0,false,NaN,4
43,100.0,36,150.0,1.5,2.0,false,NaN,3
43,100.0,36,150.0,2.0,2.0,false,NaN,4
43,100.0,36,150.0,2.5,2.0,false,NaN,4
43,100.0,36,150.0,0.5,2.5,false,NaN,3
43,100.0,36,150.0,1.0,2.5,false,NaN,3
43,100.0,36,150.0,1.5,2.5,false,NaN,3
43,100.0,36,150.0,2.0,2.5,false,NaN,3
43,100.0,36,150.0,2.5,2.5,false,NaN,3
43,100.0,36,150.0,0.5,3.0,false,NaN,3
43,100.0,36,150.0,1.0,3.0,false,NaN,3
43,100.0,36,150.0,1.5,3.0,false,NaN,3
43,100.0,36,150.0,2.0,3.0,false,NaN,3
43,100.0,36,150.0,2.5,3.0,false,NaN,3
43,100.0,36,150.0,0.5,3.5,false,NaN,4
43,100.0,36,150.0,1.0,3.5,false,NaN,3
43,100.0,36,150.0,1.5,3.5,false,NaN,3
43,100.0,36,150.0,2.0,3.5,false,NaN,3
43,100.0,36,150.0,2.5,3.5,false,NaN,3
43,100.0,36,150.0,0.5,4.0,false,NaN,4
43,100.0,36,150.0,1.0,4.0,false,NaN,3
43,100.0,36,150.0,1.5,4.0,false,NaN,3
43,100.0,36,150.0,2.0,4.0,false,NaN,3
43,100.0,36,150.0,2.5,4.0,false,NaN,3
44,100.0,12,50.0,0.5,1.0,false,NaN,3
44,100.0,12,50.0,1.0,1.0,true,78.88032513407602,5
44,100.0,12,50.0,1.5,1.0,false,NaN,4
44,100.0,12,50.0,2.0,1.0,true,86.78286182834263,5
44,100.0,12,50.0,2.5,1.0,false,NaN,4
44,100.0,12,50.0,0.5,1.5,false,NaN,4
44,100.0,12,50.0,1.0,1.5,true,98.05953055964515,5
44,100.0,12,50.0,1.5,1.5,false,NaN,4
44,100.0,12,50.0,2.0,1.5,true,80.92264822096844,5
44,100.0,12,50.0,2.5,1.5,false,NaN,4
44,100.0,12,50.0,0.5,2.0,true,96.87343218993574,5
44,100.0,12,50.0,1.0,2.0,false,NaN,3
44,100.0,12,50.0,1.5,2.0,false,NaN,4
44,100.0,12,50.0,2.0,2.0,true,96.79011359207335,5
44,100.0,12,50.0,2.5,2.0,false,NaN,4
44,100.0,12,50.0,0.5,2.5,false,NaN,4
44,100.0,12,50.0,1.0,2.5,false,NaN,4
44,100.0,12,50.0,1.5,2.5,false,NaN,4
44,100.0,12,50.0,2.0,2.5,false,NaN,3
44,100.0,12,50.0,2.5,2.5,false,NaN,4
44,100.0,12,50.0,0.5,3.0,false,NaN,3
44,100.0,12,50.0,1.0,3.0,false,NaN,3
44,100.0,12,50.0,1.5,3.0,false,NaN,3
44,100.0,12,50.0,2.0,3.0,false,NaN,3
44,100.0,12,50.0,2.5,3.0,false,NaN,3
44,100.0,12,50.0,0.5,3.5,false,NaN,4
44,100.0,12,50.0,1.0,3.5,false,NaN,4
44,100.0,12,50.0,1.5,3.5,false,NaN,3
44,100.0,12,50.0,2.0,3.5,false,NaN,4
44,100.0,12,50.0,2.5,3.5,true,91.34024205730427,5
44,100.0,12,50.0,0.5,4.0,false,NaN,3
44,100.0,12,50.0,1.0,4.0,false,NaN,3
44,100.0,12,50.0,1.5,4.0,true,91.34024205730427,5
44,100.0,12,50.0,2.0,4.0,true,90.00228859679649,5
44,100.0,12,50.0,2.5,4.0,true,85.21930189401085,5
44,100.0,18,50.0,0.5,1.0,false,NaN,4
44,100.0,18,50.0,1.0,1.0,false,NaN,4
44,100.0,18,50.0,1.5,1.0,false,NaN,4
44,100.0,18,50.0,2.0,1.0,false,NaN,4
44,100.0,18,50.0,2.5,1.0,false,NaN,4
44,100.0,18,50.0,0.5,1.5,false,NaN,4
44,100.0,18,50.0,1.0,1.5,false,NaN,4
44,100.0,18,50.0,1.5,1.5,false,NaN,4
44,100.0,18,50.0,2.0,1.5,false,NaN,3
44,100.0,18,50.0,2.5,1.5,false,NaN,3
44,100.0,18,50.0,0.5,2.0,false,NaN,4
44,100.0,18,50.0,1.0,2.0,false,NaN,3
44,100.0,18,50.0,1.5,2.0,false,NaN,4
44,100.0,18,50.0,2.0,2.0,false,NaN,4
44,100.0,18,50.0,2.5,2.0,false,NaN,4
44,100.0,18,50.0,0.5,2.5,true,95.27732872649341,5
44,100.0,18,50.0,1.0,2.5,false,NaN,4
44,100.0,18,50.0,1.5,2.5,false,NaN,4
44,100.0,18,50.0,2.0,2.5,true,97.90702914898161,5
44,100.0,18,50.0,2.5,2.5,false,NaN,4
44,100.0,18,50.0,0.5,3.0,true,96.6419610302354,5
44,100.0,18,50.0,1.0,3.0,false,NaN,3
44,100.0,18,50.0,1.5,3.0,false,NaN,4
44,100.0,18,50.0,2.0,3.0,false,NaN,3
44,100.0,18,50.0,2.5,3.0,false,NaN,4
44,100.0,18,50.0,0.5,3.5,false,NaN,3
44,100.0,18,50.0,1.0,3.5,true,98.26438829879898,5
44,100.0,18,50.0,1.5,3.5,false,NaN,3
44,100.0,18,50.0,2.0,3.5,false,NaN,3
44,100.0,18,50.0,2.5,3.5,false,NaN,3
44,100.0,18,50.0,0.5,4.0,false,NaN,4
44,100.0,18,50.0,1.0,4.0,false,NaN,3
44,100.0,18,50.0,1.5,4.0,false,NaN,4
44,100.0,18,50.0,2.0,4.0,false,NaN,3
44,100.0,18,50.0,2.5,4.0,false,NaN,4
44,100.0,24,50.0,0.5,1.0,false,NaN,4
44,100.0,24,50.0,1.0,1.0,false,NaN,4
44,100.0,24,50.0,1.5,1.0,true,60.491700535423554,5
44,100.0,24,50.0,2.0,1.0,true,72.69536072405383,5
44,100.0,24,50.0,2.5,1.0,false,NaN,4
44,100.0,24,50.0,0.5,1.5,false,NaN,3
44,100.0,24,50.0,1.0,1.5,false,NaN,4
44,100.0,24,50.0,1.5,1.5,true,83.51930043441045,5
44,100.0,24,50.0,2.0,1.5,false,NaN,3
44,100.0,24,50.0,2.5,1.5,false,NaN,4
44,100.0,24,50.0,0.5,2.0,false,NaN,3
44,100.0,24,50.0,1.0,2.0,false,NaN,4
44,100.0,24,50.0,1.5,2.0,false,NaN,3
44,100.0,24,50.0,2.0,2.0,false,NaN,4
44,100.0,24,50.0,2.5,2.0,true,79.12276691199344,5
44,100.0,24,50.0,0.5,2.5,false,NaN,3
44,100.0,24,50.0,1.0,2.5,false,NaN,3
44,100.0,24,50.0,1.5,2.5,true,75.19234083777191,5
44,100.0,24,50.0,2.0,2.5,false,NaN,3
44,100.0,24,50.0,2.5,2.5,false,NaN,4
44,100.0,24,50.0,0.5,3.0,false,NaN,3
44,100.0,24,50.0,1.0,3.0,false,NaN,3
44,100.0,24,50.0,1.5,3.0,false,NaN,3
44,100.0,24,50.0,2.0,3.0,false,NaN,3
44,100.0,24,50.0,2.5,3.0,false,NaN,4
44,100.0,24,50.0,0.5,3.5,false,NaN,3
44,100.0,24,50.0,1.0,3.5,false,NaN,4
44,100.0,24,50.0,1.5,3.5,false,NaN,4
44,100.0,24,50.0,2.0,3.5,false,NaN,4
44,100.0,24,50.0,2.5,3.5,false,NaN,4
44,100.0,24,50.0,0.5,4.0,true,98.21940374140975,5
44,100.0,24,50.0,1.0,4.0,false,NaN,4
44,100.0,24,50.0,1.5,4.0,false,NaN,4
44,100.0,24,50.0,2.0,4.0,false,NaN,4
44,100.0,24,50.0,2.5,4.0,false,NaN,4
44,100.0,30,50.0,0.5,1.0,true,84.87767236701468,5
44,100.0,30,50.0,1.0,1.0,false,NaN,4
44,100.0,30,50.0,1.5,1.0,true,73.94301103332482,5
44,100.0,30,50.0,2.0,1.0,false,NaN,4
44,100.0,30,50.0,2.5,1.0,true,69.50148121086885,5
44,100.0,30,50.0,0.5,1.5,false,NaN,3
44,100.0,30,50.0,1.0,1.5,false,NaN,4
44,100.0,30,50.0,1.5,1.5,false,NaN,4
44,100.0,30,50.0,2.0,1.5,true,66.2639452738516,5
44,100.0,30,50.0,2.5,1.5,false,NaN,4
44,100.0,30,50.0,0.5,2.0,false,NaN,4
44,100.0,30,50.0,1.0,2.0,false,NaN,4
44,100.0,30,50.0,1.5,2.0,false,NaN,4
44,100.0,30,50.0,2.0,2.0,true,50.575151385021364,5
44,100.0,30,50.0,2.5,2.0,true,98.15877007278672,5
44,100.0,30,50.0,0.5,2.5,false,NaN,4
44,100.0,30,50.0,1.0,2.5,false,NaN,4
44,100.0,30,50.0,1.5,2.5,true,63.687458173639286,5
44,100.0,30,50.0,2.0,2.5,false,NaN,3
44,100.0,30,50.0,2.5,2.5,false,NaN,4
44,100.0,30,50.0,0.5,3.0,false,NaN,3
44,100.0,30,50.0,1.0,3.0,false,NaN,4
44,100.0,30,50.0,1.5,3.0,false,NaN,3
44,100.0,30,50.0,2.0,3.0,true,99.68796053110681,5
44,100.0,30,50.0,2.5,3.0,false,NaN,4
44,100.0,30,50.0,0.5,3.5,false,NaN,3
44,100.0,30,50.0,1.0,3.5,false,NaN,4
44,100.0,30,50.0,1.5,3.5,false,NaN,3
44,100.0,30,50.0,2.0,3.5,false,NaN,4
44,100.0,30,50.0,2.5,3.5,false,NaN,4
44,100.0,30,50.0,0.5,4.0,false,NaN,4
44,100.0,30,50.0,1.0,4.0,false,NaN,4
44,100.0,30,50.0,1.5,4.0,true,83.37414008883458,5
44,100.0,30,50.0,2.0,4.0,false,NaN,3
44,100.0,30,50.0,2.5,4.0,true,96.29939261063184,5
44,100.0,36,50.0,0.5,1.0,false,NaN,4
44,100.0,36,50.0,1.0,1.0,true,88.19232135517991,5
44,100.0,36,50.0,1.5,1.0,false,NaN,4
44,100.0,36,50.0,2.0,1.0,false,NaN,4
44,100.0,36,50.0,2.5,1.0,false,NaN,4
44,100.0,36,50.0,0.5,1.5,false,NaN,4
44,100.0,36,50.0,1.0,1.5,false,NaN,4
44,100.0,36,50.0,1.5,1.5,false,NaN,4
44,100.0,36,50.0,2.0,1.5,true,59.418899300055244,5
44,100.0,36,50.0,2.5,1.5,false,NaN,4
44,100.0,36,50.0,0.5,2.0,true,95.55006578420435,5
44,100.0,36,50.0,1.0,2.0,true,99.3003649973467,5
44,100.0,36,50.0,1.5,2.0,false,NaN,3
44,100.0,36,50.0,2.0,2.0,false,NaN,4
44,100.0,36,50.0,2.5,2.0,true,89.07886165320122,5
44,100.0,36,50.0,0.5,2.5,false,NaN,3
44,100.0,36,50.0,1.0,2.5,false,NaN,3
44,100.0,36,50.0,1.5,2.5,false,NaN,4
44,100.0,36,50.0,2.0,2.5,false,NaN,3
44,100.0,36,50.0,2.5,2.5,false,NaN,3
44,100.0,36,50.0,0.5,3.0,true,54.68773202347461,5
44,100.0,36,50.0,1.0,3.0,false,NaN,3
44,100.0,36,50.0,1.5,3.0,false,NaN,4
44,100.0,36,50.0,2.0,3.0,false,NaN,4
44,100.0,36,50.0,2.5,3.0,false,NaN,4
44,100.0,36,50.0,0.5,3.5,false,NaN,3
44,100.0,36,50.0,1.0,3.5,false,NaN,4
44,100.0,36,50.0,1.5,3.5,true,99.16826515432656,5
44,100.0,36,50.0,2.0,3.5,false,NaN,4
44,100.0,36,50.0,2.5,3.5,false,NaN,3
44,100.0,36,50.0,0.5,4.0,false,NaN,3
44,100.0,36,50.0,1.0,4.0,false,NaN,4
44,100.0,36,50.0,1.5,4.0,false,NaN,3
44,100.0,36,50.0,2.0,4.0,false,NaN,3
44,100.0,36,50.0,2.5,4.0,false,NaN,3
44,100.0,12,75.0,0.5,1.0,true,51.4621207029778,5
44,100.0,12,75.0,1.0,1.0,true,72.43101014559043,5
44,100.0,12,75.0,1.5,1.0,true,39.88780503753396,5
44,100.0,12,75.0,2.0,1.0,true,39.88780503753396,5
44,100.0,12,75.0,2.5,1.0,true,39.88780503753396,5
44,100.0,12,75.0,0.5,1.5,true,40.640001081845156,5
44,100.0,12,75.0,1.0,1.5,true,40.55828920605203,5
44,100.0,12,75.0,1.5,1.5,true,76.27063763747022,5
44,100.0,12,75.0,2.0,1.5,true,76.27063763747022,5
44,100.0,12,75.0,2.5,1.5,true,76.27063763747022,5
44,100.0,12,75.0,0.5,2.0,true,38.874421325383494,5
44,100.0,12,75.0,1.0,2.0,true,38.874421325383494,5
44,100.0,12,75.0,1.5,2.0,true,38.05599172356118,5
44,100.0,12,75.0,2.0,2.0,true,38.05599172356118,5
44,100.0,12,75.0,2.5,2.0,true,38.05599172356118,5
44,100.0,12,75.0,0.5,2.5,true,43.282373310173995,5
44,100.0,12,75.0,1.0,2.5,true,46.03657214715912,5
44,100.0,12,75.0,1.5,2.5,true,58.05047021379618,5
44,100.0,12,75.0,2.0,2.5,true,58.05047021379618,5
44,100.0,12,75.0,2.5,2.5,true,58.05047021379618,5
44,100.0,12,75.0,0.5,3.0,false,NaN,4
44,100.0,12,75.0,1.0,3.0,false,NaN,4
44,100.0,12,75.0,1.5,3.0,true,37.0231578439512,5
44,100.0,12,75.0,2.0,3.0,true,37.0231578439512,5
44,100.0,12,75.0,2.5,3.0,true,37.0231578439512,5
44,100.0,12,75.0,0.5,3.5,false,NaN,4
44,100.0,12,75.0,1.0,3.5,false,NaN,4
44,100.0,12,75.0,1.5,3.5,true,37.0231578439512,5
44,100.0,12,75.0,2.0,3.5,true,37.0231578439512,5
44,100.0,12,75.0,2.5,3.5,true,37.0231578439512,5
44,100.0,12,75.0,0.5,4.0,true,95.76777230970856,5
44,100.0,12,75.0,1.0,4.0,false,NaN,4
44,100.0,12,75.0,1.5,4.0,true,37.0231578439512,5
44,100.0,12,75.0,2.0,4.0,true,37.0231578439512,5
44,100.0,12,75.0,2.5,4.0,true,37.0231578439512,5
44,100.0,18,75.0,0.5,1.0,true,64.57274465488555,5
44,100.0,18,75.0,1.0,1.0,true,63.1055431455185,5
44,100.0,18,75.0,1.5,1.0,true,64.3565215441916,5
44,100.0,18,75.0,2.0,1.0,true,64.3565215441916,5
44,100.0,18,75.0,2.5,1.0,true,64.3565215441916,5
44,100.0,18,75.0,0.5,1.5,true,39.71890093909438,5
44,100.0,18,75.0,1.0,1.5,true,28.116820540690696,5
44,100.0,18,75.0,1.5,1.5,true,28.116820540690696,5
44,100.0,18,75.0,2.0,1.5,true,54.23516485674454,5
44,100.0,18,75.0,2.5,1.5,true,54.23516485674454,5
44,100.0,18,75.0,0.5,2.0,true,55.37500220232808,5
44,100.0,18,75.0,1.0,2.0,false,NaN,4
44,100.0,18,75.0,1.5,2.0,true,92.1875610454825,5
44,100.0,18,75.0,2.0,2.0,true,54.23516485674454,5
44,100.0,18,75.0,2.5,2.0,true,54.23516485674454,5
44,100.0,18,75.0,0.5,2.5,true,74.18322157468876,5
44,100.0,18,75.0,1.0,2.5,true,53.087756650359154,5
44,100.0,18,75.0,1.5,2.5,true,49.00797177400772,5
44,100.0,18,75.0,2.0,2.5,true,49.430520206071826,5
44,100.0,18,75.0,2.5,2.5,true,49.430520206071826,5
44,100.0,18,75.0,0.5,3.0,true,51.86884656340369,5
44,100.0,18,75.0,1.0,3.0,true,44.01732754118206,5
44,100.0,18,75.0,1.5,3.0,true,52.00643552311446,5
44,100.0,18,75.0,2.0,3.0,true,52.00643552311446,5
44,100.0,18,75.0,2.5,3.0,true,52.00643552311446,5
44,100.0,18,75.0,0.5,3.5,true,61.498009698930936,5
44,100.0,18,75.0,1.0,3.5,false,NaN,4
44,100.0,18,75.0,1.5,3.5,false,NaN,4
44,100.0,18,75.0,2.0,3.5,false,NaN,4
44,100.0,18,75.0,2.5,3.5,false,NaN,4
44,100.0,18,75.0,0.5,4.0,true,78.30944877421197,5
44,100.0,18,75.0,1.0,4.0,true,59.441997140224075,5
44,100.0,18,75.0,1.5,4.0,true,61.48755487612261,5
44,100.0,18,75.0,2.0,4.0,true,61.48755487612261,5
44,100.0,18,75.0,2.5,4.0,true,61.48755487612261,5
44,100.0,24,75.0,0.5,1.0,true,54.42448949070674,5
44,100.0,24,75.0,1.0,1.0,true,64.69368034574688,5
44,100.0,24,75.0,1.5,1.0,true,33.68026885430644,5
44,100.0,24,75.0,2.0,1.0,true,33.68026885430644,5
44,100.0,24,75.0,2.5,1.0,true,33.68026885430644,5
44,100.0,24,75.0,0.5,1.5,true,84.13193076629179,5
44,100.0,24,75.0,1.0,1.5,true,30.016119155880954,5
44,100.0,24,75.0,1.5,1.5,true,30.016119155880954,5
44,100.0,24,75.0,2.0,1.5,true,30.016119155880954,5
44,100.0,24,75.0,2.5,1.5,true,30.016119155880954,5
44,100.0,24,75.0,0.5,2.0,true,30.016119155880954,5
44,100.0,24,75.0,1.0,2.0,true,30.016119155880954,5
44,100.0,24,75.0,1.5,2.0,true,30.016119155880954,5
44,100.0,24,75.0,2.0,2.0,true,30.016119155880954,5
44,100.0,24,75.0,2.5,2.0,true,30.016119155880954,5
44,100.0,24,75.0,0.5,2.5,true,30.016119155880954,5
44,100.0,24,75.0,1.0,2.5,true,30.016119155880954,5
44,100.0,24,75.0,1.5,2.5,true,39.184961800498506,5
44,100.0,24,75.0,2.0,2.5,true,39.184961800498506,5
44,100.0,24,75.0,2.5,2.5,true,39.184961800498506,5
44,100.0,24,75.0,0.5,3.0,true,39.184961800498506,5
44,100.0,24,75.0,1.0,3.0,true,39.184961800498506,5
44,100.0,24,75.0,1.5,3.0,true,39.184961800498506,5
44,100.0,24,75.0,2.0,3.0,true,39.184961800498506,5
44,100.0,24,75.0,2.5,3.0,true,39.184961800498506,5
44,100.0,24,75.0,0.5,3.5,true,39.184961800498506,5
44,100.0,24,75.0,1.0,3.5,true,39.184961800498506,5
44,100.0,24,75.0,1.5,3.5,true,39.184961800498506,5
44,100.0,24,75.0,2.0,3.5,true,39.184961800498506,5
44,100.0,24,75.0,2.5,3.5,true,39.184961800498506,5
44,100.0,24,75.0,0.5,4.0,true,34.643626649693246,5
44,100.0,24,75.0,1.0,4.0,true,34.643626649693246,5
44,100.0,24,75.0,1.5,4.0,true,34.643626649693246,5
44,100.0,24,75.0,2.0,4.0,true,34.643626649693246,5
44,100.0,24,75.0,2.5,4.0,true,34.643626649693246,5
44,100.0,30,75.0,0.5,1.0,true,91.837507580183,5
44,100.0,30,75.0,1.0,1.0,false,NaN,4
44,100.0,30,75.0,1.5,1.0,true,77.8557562874377,5
44,100.0,30,75.0,2.0,1.0,true,61.62825076094136,5
44,100.0,30,75.0,2.5,1.0,true,61.62825076094136,5
44,100.0,30,75.0,0.5,1.5,true,66.08470496737162,5
44,100.0,30,75.0,1.0,1.5,true,64.27999644670473,5
44,100.0,30,75.0,1.5,1.5,true,59.12724071876217,5
44,100.0,30,75.0,2.0,1.5,true,59.12724071876217,5
44,100.0,30,75.0,2.5,1.5,true,59.12724071876217,5
44,100.0,30,75.0,0.5,2.0,true,26.32733547430901,5
44,100.0,30,75.0,1.0,2.0,true,26.32733547430901,5
44,100.0,30,75.0,1.5,2.0,true,26.32733547430901,5
44,100.0,30,75.0,2.0,2.0,true,26.32733547430901,5
44,100.0,30,75.0,2.5,2.0,true,26.32733547430901,5
44,100.0,30,75.0,0.5,2.5,true,26.32733547430901,5
44,100.0,30,75.0,1.0,2.5,true,26.32733547430901,5
44,100.0,30,75.0,1.5,2.5,true,26.32733547430901,5
44,100.0,30,75.0,2.0,2.5,true,26.32733547430901,5
44,100.0,30,75.0,2.5,2.5,true,26.32733547430901,5
44,100.0,30,75.0,0.5,3.0,true,26.32733547430901,5
44,100.0,30,75.0,1.0,3.0,true,26.32733547430901,5
44,100.0,30,75.0,1.5,3.0,true,26.32733547430901,5
44,100.0,30,75.0,2.0,3.0,true,26.32733547430901,5
44,100.0,30,75.0,2.5,3.0,true,26.32733547430901,5
44,100.0,30,75.0,0.5,3.5,true,26.32733547430901,5
44,100.0,30,75.0,1.0,3.5,true,26.32733547430901,5
44,100.0,30,75.0,1.5,3.5,true,26.32733547430901,5
44,100.0,30,75.0,2.0,3.5,true,26.32733547430901,5
44,100.0,30,75.0,2.5,3.5,true,26.32733547430901,5
44,100.0,30,75.0,0.5,4.0,true,26.32733547430901,5
44,100.0,30,75.0,1.0,4.0,true,26.32733547430901,5
44,100.0,30,75.0,1.5,4.0,true,26.32733547430901,5
44,100.0,30,75.0,2.0,4.0,true,26.32733547430901,5
44,100.0,30,75.0,2.5,4.0,true,26.32733547430901,5
44,100.0,36,75.0,0.5,1.0,true,54.63500104281859,5
44,100.0,36,75.0,1.0,1.0,true,56.850763781313475,5
44,100.0,36,75.0,1.5,1.0,false,NaN,4
44,100.0,36,75.0,2.0,1.0,true,77.32973716163461,5
44,100.0,36,75.0,2.5,1.0,true,77.82365636736164,5
44,100.0,36,75.0,0.5,1.5,true,39.75359785479699,5
44,100.0,36,75.0,1.0,1.5,true,34.38791076365117,5
44,100.0,36,75.0,1.5,1.5,true,34.38791076365117,5
44,100.0,36,75.0,2.0,1.5,true,34.38791076365117,5
44,100.0,36,75.0,2.5,1.5,true,34.38791076365117,5
44,100.0,36,75.0,0.5,2.0,true,40.184766508820594,5
44,100.0,36,75.0,1.0,2.0,true,34.38791076365117,5
44,100.0,36,75.0,1.5,2.0,true,34.38791076365117,5
44,100.0,36,75.0,2.0,2.0,true,34.38791076365117,5
44,100.0,36,75.0,2.5,2.0,true,34.38791076365117,5
44,100.0,36,75.0,0.5,2.5,true,40.184766508820594,5
44,100.0,36,75.0,1.0,2.5,true,34.38791076365117,5
44,100.0,36,75.0,1.5,2.5,true,34.38791076365117,5
44,100.0,36,75.0,2.0,2.5,true,34.38791076365117,5
44,100.0,36,75.0,2.5,2.5,true,34.38791076365117,5
44,100.0,36,75.0,0.5,3.0,true,25.27990930161546,5
44,100.0,36,75.0,1.0,3.0,true,25.27990930161546,5
44,100.0,36,75.0,1.5,3.0,true,25.27990930161546,5
44,100.0,36,75.0,2.0,3.0,true,25.27990930161546,5
44,100.0,36,75.0,2.5,3.0,true,25.27990930161546,5
44,100.0,36,75.0,0.5,3.5,true,25.27990930161546,5
44,100.0,36,75.0,1.0,3.5,true,25.27990930161546,5
44,100.0,36,75.0,1.5,3.5,true,25.27990930161546,5
44,100.0,36,75.0,2.0,3.5,true,25.27990930161546,5
44,100.0,36,75.0,2.5,3.5,true,25.27990930161546,5
44,100.0,36,75.0,0.5,4.0,true,25.27990930161546,5
44,100.0,36,75.0,1.0,4.0,true,25.27990930161546,5
44,100.0,36,75.0,1.5,4.0,true,25.27990930161546,5
44,100.0,36,75.0,2.0,4.0,true,25.27990930161546,5
44,100.0,36,75.0,2.5,4.0,true,25.27990930161546,5
44,100.0,12,100.0,0.5,1.0,true,43.98154583445177,5
44,100.0,12,100.0,1.0,1.0,true,44.07810273369254,5
44,100.0,12,100.0,1.5,1.0,true,44.07810273369254,5
44,100.0,12,100.0,2.0,1.0,true,44.07810273369254,5
44,100.0,12,100.0,2.5,1.0,true,44.07810273369254,5
44,100.0,12,100.0,0.5,1.5,true,44.07810273369254,5
44,100.0,12,100.0,1.0,1.5,true,44.07810273369254,5
44,100.0,12,100.0,1.5,1.5,true,44.07810273369254,5
44,100.0,12,100.0,2.0,1.5,true,44.07810273369254,5
44,100.0,12,100.0,2.5,1.5,true,44.24017908363431,5
44,100.0,12,100.0,0.5,2.0,true,45.753664048201344,5
44,100.0,12,100.0,1.0,2.0,true,45.753664048201344,5
44,100.0,12,100.0,1.5,2.0,true,45.753664048201344,5
44,100.0,12,100.0,2.0,2.0,true,48.294835727539166,5
44,100.0,12,100.0,2.5,2.0,true,48.294835727539166,5
44,100.0,12,100.0,0.5,2.5,true,38.575881482546095,5
44,100.0,12,100.0,1.0,2.5,true,38.575881482546095,5
44,100.0,12,100.0,1.5,2.5,true,38.575881482546095,5
44,100.0,12,100.0,2.0,2.5,true,38.575881482546095,5
44,100.0,12,100.0,2.5,2.5,true,38.575881482546095,5
44,100.0,12,100.0,0.5,3.0,true,38.575881482546095,5
44,100.0,12,100.0,1.0,3.0,true,38.575881482546095,5
44,100.0,12,100.0,1.5,3.0,true,38.575881482546095,5
44,100.0,12,100.0,2.0,3.0,true,38.575881482546095,5
44,100.0,12,100.0,2.5,3.0,true,38.575881482546095,5
44,100.0,12,100.0,0.5,3.5,true,38.575881482546095,5
44,100.0,12,100.0,1.0,3.5,true,38.575881482546095,5
44,100.0,12,100.0,1.5,3.5,true,38.575881482546095,5
44,100.0,12,100.0,2.0,3.5,true,38.575881482546095,5
44,100.0,12,100.0,2.5,3.5,true,38.575881482546095,5
44,100.0,12,100.0,0.5,4.0,true,33.87842742026361,5
44,100.0,12,100.0,1.0,4.0,true,33.87842742026361,5
44,100.0,12,100.0,1.5,4.0,true,33.87842742026361,5
44,100.0,12,100.0,2.0,4.0,true,33.87842742026361,5
44,100.0,12,100.0,2.5,4.0,true,33.87842742026361,5
44,100.0,18,100.0,0.5,1.0,true,30.126262258422713,5
44,100.0,18,100.0,1.0,1.0,true,30.126262258422713,5
44,100.0,18,100.0,1.5,1.0,true,30.126262258422713,5
44,100.0,18,100.0,2.0,1.0,true,30.126262258422713,5
44,100.0,18,100.0,2.5,1.0,true,30.126262258422713,5
44,100.0,18,100.0,0.5,1.5,true,30.126262258422713,5
44,100.0,18,100.0,1.0,1.5,true,30.126262258422713,5
44,100.0,18,100.0,1.5,1.5,true,30.126262258422713,5
44,100.0,18,100.0,2.0,1.5,true,30.126262258422713,5
44,100.0,18,100.0,2.5,1.5,true,30.126262258422713,5
44,100.0,18,100.0,0.5,2.0,true,30.126262258422713,5
44,100.0,18,100.0,1.0,2.0,true,30.126262258422713,5
44,100.0,18,100.0,1.5,2.0,true,30.126262258422713,5
44,100.0,18,100.0,2.0,2.0,true,30.126262258422713,5
44,100.0,18,100.0,2.5,2.0,true,30.126262258422713,5
44,100.0,18,100.0,0.5,2.5,true,30.126262258422713,5
44,100.0,18,100.0,1.0,2.5,true,30.126262258422713,5
44,100.0,18,100.0,1.5,2.5,true,30.126262258422713,5
44,100.0,18,100.0,2.0,2.5,true,30.126262258422713,5
44,100.0,18,100.0,2.5,2.5,true,30.126262258422713,5
44,100.0,18,100.0,0.5,3.0,true,30.126262258422713,5
44,100.0,18,100.0,1.0,3.0,true,30.126262258422713,5
44,100.0,18,100.0,1.5,3.0,true,30.126262258422713,5
44,100.0,18,100.0,2.0,3.0,true,30.126262258422713,5
44,100.0,18,100.0,2.5,3.0,true,30.126262258422713,5
44,100.0,18,100.0,0.5,3.5,true,30.126262258422713,5
44,100.0,18,100.0,1.0,3.5,true,30.126262258422713,5
44,100.0,18,100.0,1.5,3.5,true,30.126262258422713,5
44,100.0,18,100.0,2.0,3.5,true,30.126262258422713,5
44,100.0,18,100.0,2.5,3.5,true,30.126262258422713,5
44,100.0,18,100.0,0.5,4.0,true,30.126262258422713,5
44,100.0,18,100.0,1.0,4.0,true,30.126262258422713,5
44,100.0,18,100.0,1.5,4.0,true,30.126262258422713,5
44,100.0,18,100.0,2.0,4.0,true,30.126262258422713,5
44,100.0,18,100.0,2.5,4.0,true,30.126262258422713,5
44,100.0,24,100.0,0.5,1.0,true,72.2414692542262,5
44,100.0,24,100.0,1.0,1.0,true,92.77689442264376,5
44,100.0,24,100.0,1.5,1.0,true,50.13552576857127,5
44,100.0,24,100.0,2.0,1.0,true,50.13552576857127,5
44,100.0,24,100.0,2.5,1.0,true,50.13552576857127,5
44,100.0,24,100.0,0.5,1.5,true,84.50073682367334,5
44,100.0,24,100.0,1.0,1.5,false,NaN,4
44,100.0,24,100.0,1.5,1.5,false,NaN,4
44,100.0,24,100.0,2.0,1.5,true,81.6931567635009,5
44,100.0,24,100.0,2.5,1.5,false,NaN,4
44,100.0,24,100.0,0.5,2.0,false,NaN,4
44,100.0,24,100.0,1.0,2.0,true,87.42608095863152,5
44,100.0,24,100.0,1.5,2.0,true,87.42608095863152,5
44,100.0,24,100.0,2.0,2.0,true,82.97997232587717,5
44,100.0,24,100.0,2.5,2.0,true,82.97997232587717,5
44,100.0,24,100.0,0.5,2.5,true,82.97997232587717,5
44,100.0,24,100.0,1.0,2.5,true,87.42608095863152,5
44,100.0,24,100.0,1.5,2.5,true,86.17776156992801,5
44,100.0,24,100.0,2.0,2.5,true,91.17990235224948,5
44,100.0,24,100.0,2.5,2.5,true,91.17990235224948,5
44,100.0,24,100.0,0.5,3.0,true,91.46421013428304,5
44,100.0,24,100.0,1.0,3.0,true,87.42608095863152,5
44,100.0,24,100.0,1.5,3.0,true,86.17776156992801,5
44,100.0,24,100.0,2.0,3.0,true,91.17990235224948,5
44,100.0,24,100.0,2.5,3.0,true,91.17990235224948,5
44,100.0,24,100.0,0.5,3.5,true,91.46421013428304,5
44,100.0,24,100.0,1.0,3.5,true,87.42608095863152,5
44,100.0,24,100.0,1.5,3.5,true,86.17776156992801,5
44,100.0,24,100.0,2.0,3.5,true,91.17990235224948,5
44,100.0,24,100.0,2.5,3.5,true,91.17990235224948,5
44,100.0,24,100.0,0.5,4.0,true,91.46421013428304,5
44,100.0,24,100.0,1.0,4.0,true,90.4970433677464,5
44,100.0,24,100.0,1.5,4.0,true,86.17776156992801,5
44,100.0,24,100.0,2.0,4.0,true,91.17990235224948,5
44,100.0,24,100.0,2.5,4.0,true,91.17990235224948,5
44,100.0,30,100.0,0.5,1.0,true,23.275874119435574,5
44,100.0,30,100.0,1.0,1.0,true,22.218677764329804,5
44,100.0,30,100.0,1.5,1.0,true,22.218677764329804,5
44,100.0,30,100.0,2.0,1.0,true,22.218677764329804,5
44,100.0,30,100.0,2.5,1.0,true,22.218677764329804,5
44,100.0,30,100.0,0.5,1.5,true,22.218677764329804,5
44,100.0,30,100.0,1.0,1.5,true,22.218677764329804,5
44,100.0,30,100.0,1.5,1.5,true,22.218677764329804,5
44,100.0,30,100.0,2.0,1.5,true,22.218677764329804,5
44,100.0,30,100.0,2.5,1.5,true,22.218677764329804,5
44,100.0,30,100.0,0.5,2.0,true,22.218677764329804,5
44,100.0,30,100.0,1.0,2.0,true,22.218677764329804,5
44,100.0,30,100.0,1.5,2.0,true,22.218677764329804,5
44,100.0,30,100.0,2.0,2.0,true,22.218677764329804,5
44,100.0,30,100.0,2.5,2.0,true,22.218677764329804,5
44,100.0,30,100.0,0.5,2.5,true,38.38044044916493,5
44,100.0,30,100.0,1.0,2.5,true,38.38044044916493,5
44,100.0,30,100.0,1.5,2.5,true,38.38044044916493,5
44,100.0,30,100.0,2.0,2.5,true,38.38044044916493,5
44,100.0,30,100.0,2.5,2.5,true,38.38044044916493,5
44,100.0,30,100.0,0.5,3.0,true,41.33608656040698,5
44,100.0,30,100.0,1.0,3.0,true,40.7811578247881,5
44,100.0,30,100.0,1.5,3.0,true,40.7811578247881,5
44,100.0,30,100.0,2.0,3.0,true,40.7811578247881,5
44,100.0,30,100.0,2.5,3.0,true,40.7811578247881,5
44,100.0,30,100.0,0.5,3.5,true,25.497716452234982,5
44,100.0,30,100.0,1.0,3.5,true,25.497716452234982,5
44,100.0,30,100.0,1.5,3.5,true,25.497716452234982,5
44,100.0,30,100.0,2.0,3.5,true,25.497716452234982,5
44,100.0,30,100.0,2.5,3.5,true,25.497716452234982,5
44,100.0,30,100.0,0.5,4.0,true,25.497716452234982,5
44,100.0,30,100.0,1.0,4.0,true,25.497716452234982,5
44,100.0,30,100.0,1.5,4.0,true,25.497716452234982,5
44,100.0,30,100.0,2.0,4.0,true,25.497716452234982,5
44,100.0,30,100.0,2.5,4.0,true,25.497716452234982,5
44,100.0,36,100.0,0.5,1.0,true,30.425286590480386,5
44,100.0,36,100.0,1.0,1.0,true,30.425286590480386,5
44,100.0,36,100.0,1.5,1.0,true,30.425286590480386,5
44,100.0,36,100.0,2.0,1.0,true,30.425286590480386,5
44,100.0,36,100.0,2.5,1.0,true,30.425286590480386,5
44,100.0,36,100.0,0.5,1.5,true,30.425286590480386,5
44,100.0,36,100.0,1.0,1.5,true,30.425286590480386,5
44,100.0,36,100.0,1.5,1.5,true,30.425286590480386,5
44,100.0,36,100.0,2.0,1.5,true,30.425286590480386,5
44,100.0,36,100.0,2.5,1.5,true,30.425286590480386,5
44,100.0,36,100.0,0.5,2.0,true,24.38192449566197,5
44,100.0,36,100.0,1.0,2.0,true,24.38192449566197,5
44,100.0,36,100.0,1.5,2.0,true,24.38192449566197,5
44,100.0,36,100.0,2.0,2.0,true,24.38192449566197,5
44,100.0,36,100.0,2.5,2.0,true,24.38192449566197,5
44,100.0,36,100.0,0.5,2.5,true,30.425286590480386,5
44,100.0,36,100.0,1.0,2.5,true,30.425286590480386,5
44,100.0,36,100.0,1.5,2.5,true,30.425286590480386,5
44,100.0,36,100.0,2.0,2.5,true,30.425286590480386,5
44,100.0,36,100.0,2.5,2.5,true,30.425286590480386,5
44,100.0,36,100.0,0.5,3.0,true,30.425286590480386,5
44,100.0,36,100.0,1.0,3.0,true,30.425286590480386,5
44,100.0,36,100.0,1.5,3.0,true,30.425286590480386,5
44,100.0,36,100.0,2.0,3.0,true,30.425286590480386,5
44,100.0,36,100.0,2.5,3.0,true,30.425286590480386,5
44,100.0,36,100.0,0.5,3.5,true,30.425286590480386,5
44,100.0,36,100.0,1.0,3.5,true,30.425286590480386,5
44,100.0,36,100.0,1.5,3.5,true,30.425286590480386,5
44,100.0,36,100.0,2.0,3.5,true,30.425286590480386,5
44,100.0,36,100.0,2.5,3.5,true,30.425286590480386,5
44,100.0,36,100.0,0.5,4.0,true,30.425286590480386,5
44,100.0,36,100.0,1.0,4.0,true,30.425286590480386,5
44,100.0,36,100.0,1.5,4.0,true,30.425286590480386,5
44,100.0,36,100.0,2.0,4.0,true,30.425286590480386,5
44,100.0,36,100.0,2.5,4.0,true,30.425286590480386,5
44,100.0,12,125.0,0.5,1.0,true,38.108498029844796,5
44,100.0,12,125.0,1.0,1.0,true,38.108498029844796,5
44,100.0,12,125.0,1.5,1.0,true,38.108498029844796,5
44,100.0,12,125.0,2.0,1.0,true,38.108498029844796,5
44,100.0,12,125.0,2.5,1.0,true,38.108498029844796,5
44,100.0,12,125.0,0.5,1.5,true,50.34770691410016,5
44,100.0,12,125.0,1.0,1.5,true,50.34770691410016,5
44,100.0,12,125.0,1.5,1.5,true,50.34770691410016,5
44,100.0,12,125.0,2.0,1.5,true,50.34770691410016,5
44,100.0,12,125.0,2.5,1.5,true,50.34770691410016,5
44,100.0,12,125.0,0.5,2.0,true,43.953592384838,5
44,100.0,12,125.0,1.0,2.0,true,43.953592384838,5
44,100.0,12,125.0,1.5,2.0,true,43.953592384838,5
44,100.0,12,125.0,2.0,2.0,true,43.953592384838,5
44,100.0,12,125.0,2.5,2.0,true,43.953592384838,5
44,100.0,12,125.0,0.5,2.5,true,43.953592384838,5
44,100.0,12,125.0,1.0,2.5,true,43.953592384838,5
44,100.0,12,125.0,1.5,2.5,true,43.953592384838,5
44,100.0,12,125.0,2.0,2.5,true,43.953592384838,5
44,100.0,12,125.0,2.5,2.5,true,43.953592384838,5
44,100.0,12,125.0,0.5,3.0,true,43.953592384838,5
44,100.0,12,125.0,1.0,3.0,true,43.953592384838,5
44,100.0,12,125.0,1.5,3.0,true,43.953592384838,5
44,100.0,12,125.0,2.0,3.0,true,43.953592384838,5
44,100.0,12,125.0,2.5,3.0,true,43.953592384838,5
44,100.0,12,125.0,0.5,3.5,true,43.953592384838,5
44,100.0,12,125.0,1.0,3.5,true,43.953592384838,5
44,100.0,12,125.0,1.5,3.5,true,43.953592384838,5
44,100.0,12,125.0,2.0,3.5,true,43.953592384838,5
44,100.0,12,125.0,2.5,3.5,true,43.953592384838,5
44,100.0,12,125.0,0.5,4.0,true,43.953592384838,5
44,100.0,12,125.0,1.0,4.0,true,43.953592384838,5
44,100.0,12,125.0,1.5,4.0,true,43.953592384838,5
44,100.0,12,125.0,2.0,4.0,true,43.953592384838,5
44,100.0,12,125.0,2.5,4.0,true,43.953592384838,5
44,100.0,18,125.0,0.5,1.0,true,23.708706080424008,5
44,100.0,18,125.0,1.0,1.0,true,23.708706080424008,5
44,100.0,18,125.0,1.5,1.0,true,23.708706080424008,5
44,100.0,18,125.0,2.0,1.0,true,23.708706080424008,5
44,100.0,18,125.0,2.5,1.0,true,23.708706080424008,5
44,100.0,18,125.0,0.5,1.5,true,23.708706080424008,5
44,100.0,18,125.0,1.0,1.5,true,23.708706080424008,5
44,100.0,18,125.0,1.5,1.5,true,23.708706080424008,5
44,100.0,18,125.0,2.0,1.5,true,23.708706080424008,5
44,100.0,18,125.0,2.5,1.5,true,23.708706080424008,5
44,100.0,18,125.0,0.5,2.0,true,23.708706080424008,5
44,100.0,18,125.0,1.0,2.0,true,23.708706080424008,5
44,100.0,18,125.0,1.5,2.0,true,23.708706080424008,5
44,100.0,18,125.0,2.0,2.0,true,23.708706080424008,5
44,100.0,18,125.0,2.5,2.0,true,23.708706080424008,5
44,100.0,18,125.0,0.5,2.5,true,23.708706080424008,5
44,100.0,18,125.0,1.0,2.5,true,23.708706080424008,5
44,100.0,18,125.0,1.5,2.5,true,23.708706080424008,5
44,100.0,18,125.0,2.0,2.5,true,23.708706080424008,5
44,100.0,18,125.0,2.5,2.5,true,23.708706080424008,5
44,100.0,18,125.0,0.5,3.0,true,23.708706080424008,5
44,100.0,18,125.0,1.0,3.0,true,23.708706080424008,5
44,100.0,18,125.0,1.5,3.0,true,23.708706080424008,5
44,100.0,18,125.0,2.0,3.0,true,23.708706080424008,5
44,100.0,18,125.0,2.5,3.0,true,23.708706080424008,5
44,100.0,18,125.0,0.5,3.5,true,23.708706080424008,5
44,100.0,18,125.0,1.0,3.5,true,23.708706080424008,5
44,100.0,18,125.0,1.5,3.5,true,23.708706080424008,5
44,100.0,18,125.0,2.0,3.5,true,23.708706080424008,5
44,100.0,18,125.0,2.5,3.5,true,23.708706080424008,5
44,100.0,18,125.0,0.5,4.0,true,23.708706080424008,5
44,100.0,18,125.0,1.0,4.0,true,23.708706080424008,5
44,100.0,18,125.0,1.5,4.0,true,23.708706080424008,5
44,100.0,18,125.0,2.0,4.0,true,23.708706080424008,5
44,100.0,18,125.0,2.5,4.0,true,23.708706080424008,5
44,100.0,24,125.0,0.5,1.0,true,28.029879802774854,5
44,100.0,24,125.0,1.0,1.0,true,50.70075638635616,5
44,100.0,24,125.0,1.5,1.0,true,50.70075638635616,5
44,100.0,24,125.0,2.0,1.0,true,50.70075638635616,5
44,100.0,24,125.0,2.5,1.0,true,50.70075638635616,5
44,100.0,24,125.0,0.5,1.5,true,28.029879802774854,5
44,100.0,24,125.0,1.0,1.5,true,28.029879802774854,5
44,100.0,24,125.0,1.5,1.5,true,28.029879802774854,5
44,100.0,24,125.0,2.0,1.5,true,28.029879802774854,5
44,100.0,24,125.0,2.5,1.5,true,28.029879802774854,5
44,100.0,24,125.0,0.5,2.0,true,28.029879802774854,5
44,100.0,24,125.0,1.0,2.0,true,28.029879802774854,5
44,100.0,24,125.0,1.5,2.0,true,28.029879802774854,5
44,100.0,24,125.0,2.0,2.0,true,28.029879802774854,5
44,100.0,24,125.0,2.5,2.0,true,28.029879802774854,5
44,100.0,24,125.0,0.5,2.5,true,28.029879802774854,5
44,100.0,24,125.0,1.0,2.5,true,28.029879802774854,5
44,100.0,24,125.0,1.5,2.5,true,28.029879802774854,5
44,100.0,24,125.0,2.0,2.5,true,28.029879802774854,5
44,100.0,24,125.0,2.5,2.5,true,28.029879802774854,5
44,100.0,24,125.0,0.5,3.0,true,28.029879802774854,5
44,100.0,24,125.0,1.0,3.0,true,28.029879802774854,5
44,100.0,24,125.0,1.5,3.0,true,28.029879802774854,5
44,100.0,24,125.0,2.0,3.0,true,28.029879802774854,5
44,100.0,24,125.0,2.5,3.0,true,28.029879802774854,5
44,100.0,24,125.0,0.5,3.5,true,28.029879802774854,5
44,100.0,24,125.0,1.0,3.5,true,28.029879802774854,5
44,100.0,24,125.0,1.5,3.5,true,28.029879802774854,5
44,100.0,24,125.0,2.0,3.5,true,28.029879802774854,5
44,100.0,24,125.0,2.5,3.5,true,28.029879802774854,5
44,100.0,24,125.0,0.5,4.0,true,28.029879802774854,5
44,100.0,24,125.0,1.0,4.0,true,28.029879802774854,5
44,100.0,24,125.0,1.5,4.0,true,28.029879802774854,5
44,100.0,24,125.0,2.0,4.0,true,28.029879802774854,5
44,100.0,24,125.0,2.5,4.0,true,28.029879802774854,5
44,100.0,30,125.0,0.5,1.0,true,30.7276283126125,5
44,100.0,30,125.0,1.0,1.0,true,30.7276283126125,5
44,100.0,30,125.0,1.5,1.0,true,30.7276283126125,5
44,100.0,30,125.0,2.0,1.0,true,30.7276283126125,5
44,100.0,30,125.0,2.5,1.0,true,30.7276283126125,5
44,100.0,30,125.0,0.5,1.5,true,30.7276283126125,5
44,100.0,30,125.0,1.0,1.5,true,30.7276283126125,5
44,100.0,30,125.0,1.5,1.5,true,30.7276283126125,5
44,100.0,30,125.0,2.0,1.5,true,30.7276283126125,5
44,100.0,30,125.0,2.5,1.5,true,30.7276283126125,5
44,100.0,30,125.0,0.5,2.0,true,30.7276283126125,5
44,100.0,30,125.0,1.0,2.0,true,30.7276283126125,5
44,100.0,30,125.0,1.5,2.0,true,30.7276283126125,5
44,100.0,30,125.0,2.0,2.0,true,30.7276283126125,5
44,100.0,30,125.0,2.5,2.0,true,30.7276283126125,5
44,100.0,30,125.0,0.5,2.5,true,30.7276283126125,5
44,100.0,30,125.0,1.0,2.5,true,30.7276283126125,5
44,100.0,30,125.0,1.5,2.5,true,30.7276283126125,5
44,100.0,30,125.0,2.0,2.5,true,30.7276283126125,5
44,100.0,30,125.0,2.5,2.5,true,30.7276283126125,5
44,100.0,30,125.0,0.5,3.0,true,30.7276283126125,5
44,100.0,30,125.0,1.0,3.0,true,30.7276283126125,5
44,100.0,30,125.0,1.5,3.0,true,30.7276283126125,5
44,100.0,30,125.0,2.0,3.0,true,30.7276283126125,5
44,100.0,30,125.0,2.5,3.0,true,30.7276283126125,5
44,100.0,30,125.0,0.5,3.5,true,30.7276283126125,5
44,100.0,30,125.0,1.0,3.5,true,30.7276283126125,5
44,100.0,30,125.0,1.5,3.5,true,30.7276283126125,5
44,100.0,30,125.0,2.0,3.5,true,30.7276283126125,5
44,100.0,30,125.0,2.5,3.5,true,30.7276283126125,5
44,100.0,30,125.0,0.5,4.0,true,30.7276283126125,5
44,100.0,30,125.0,1.0,4.0,true,30.7276283126125,5
44,100.0,30,125.0,1.5,4.0,true,30.7276283126125,5
44,100.0,30,125.0,2.0,4.0,true,30.7276283126125,5
44,100.0,30,125.0,2.5,4.0,true,30.7276283126125,5
44,100.0,36,125.0,0.5,1.0,true,41.46556348008639,5
44,100.0,36,125.0,1.0,1.0,true,41.46556348008639,5
44,100.0,36,125.0,1.5,1.0,true,41.46556348008639,5
44,100.0,36,125.0,2.0,1.0,true,41.46556348008639,5
44,100.0,36,125.0,2.5,1.0,true,41.46556348008639,5
44,100.0,36,125.0,0.5,1.5,true,39.32970775961791,5
44,100.0,36,125.0,1.0,1.5,true,39.32970775961791,5
44,100.0,36,125.0,1.5,1.5,true,39.32970775961791,5
44,100.0,36,125.0,2.0,1.5,true,40.90677871445973,5
44,100.0,36,125.0,2.5,1.5,true,40.90677871445973,5
44,100.0,36,125.0,0.5,2.0,true,43.7613537061302,5
44,100.0,36,125.0,1.0,2.0,true,43.7613537061302,5
44,100.0,36,125.0,1.5,2.0,true,43.7613537061302,5
44,100.0,36,125.0,2.0,2.0,true,43.7613537061302,5
44,100.0,36,125.0,2.5,2.0,true,43.7613537061302,5
44,100.0,36,125.0,0.5,2.5,true,43.7613537061302,5
44,100.0,36,125.0,1.0,2.5,true,43.7613537061302,5
44,100.0,36,125.0,1.5,2.5,true,43.7613537061302,5
44,100.0,36,125.0,2.0,2.5,true,43.7613537061302,5
44,100.0,36,125.0,2.5,2.5,true,43.7613537061302,5
44,100.0,36,125.0,0.5,3.0,true,43.7613537061302,5
44,100.0,36,125.0,1.0,3.0,true,43.7613537061302,5
44,100.0,36,125.0,1.5,3.0,true,43.7613537061302,5
44,100.0,36,125.0,2.0,3.0,true,43.7613537061302,5
44,100.0,36,125.0,2.5,3.0,true,43.7613537061302,5
44,100.0,36,125.0,0.5,3.5,true,43.7613537061302,5
44,100.0,36,125.0,1.0,3.5,true,43.7613537061302,5
44,100.0,36,125.0,1.5,3.5,true,43.7613537061302,5
44,100.0,36,125.0,2.0,3.5,true,43.7613537061302,5
44,100.0,36,125.0,2.5,3.5,true,43.7613537061302,5
44,100.0,36,125.0,0.5,4.0,true,43.7613537061302,5
44,100.0,36,125.0,1.0,4.0,true,43.7613537061302,5
44,100.0,36,125.0,1.5,4.0,true,43.7613537061302,5
44,100.0,36,125.0,2.0,4.0,true,43.7613537061302,5
44,100.0,36,125.0,2.5,4.0,true,43.7613537061302,5
44,100.0,12,150.0,0.5,1.0,true,50.27942266670616,5
44,100.0,12,150.0,1.0,1.0,false,NaN,4
44,100.0,12,150.0,1.5,1.0,true,82.660691305238,5
44,100.0,12,150.0,2.0,1.0,true,72.01907341995813,5
44,100.0,12,150.0,2.5,1.0,true,36.17019627998582,5
44,100.0,12,150.0,0.5,1.5,true,52.42096648376658,5
44,100.0,12,150.0,1.0,1.5,true,52.42096648376658,5
44,100.0,12,150.0,1.5,1.5,true,52.338017992723735,5
44,100.0,12,150.0,2.0,1.5,true,36.17019627998582,5
44,100.0,12,150.0,2.5,1.5,true,36.17019627998582,5
44,100.0,12,150.0,0.5,2.0,true,23.33310236311704,5
44,100.0,12,150.0,1.0,2.0,true,23.33310236311704,5
44,100.0,12,150.0,1.5,2.0,true,23.33310236311704,5
44,100.0,12,150.0,2.0,2.0,true,23.33310236311704,5
44,100.0,12,150.0,2.5,2.0,true,23.33310236311704,5
44,100.0,12,150.0,0.5,2.5,true,23.410828810270516,5
44,100.0,12,150.0,1.0,2.5,true,23.33310236311704,5
44,100.0,12,150.0,1.5,2.5,true,23.33310236311704,5
44,100.0,12,150.0,2.0,2.5,true,23.33310236311704,5
44,100.0,12,150.0,2.5,2.5,true,23.33310236311704,5
44,100.0,12,150.0,0.5,3.0,true,43.10121949566507,5
44,100.0,12,150.0,1.0,3.0,true,43.10121949566507,5
44,100.0,12,150.0,1.5,3.0,true,23.33310236311704,5
44,100.0,12,150.0,2.0,3.0,true,31.73810823910977,5
44,100.0,12,150.0,2.5,3.0,true,31.73810823910977,5
44,100.0,12,150.0,0.5,3.5,true,23.33310236311704,5
44,100.0,12,150.0,1.0,3.5,true,23.33310236311704,5
44,100.0,12,150.0,1.5,3.5,true,31.73810823910977,5
44,100.0,12,150.0,2.0,3.5,true,31.73810823910977,5
44,100.0,12,150.0,2.5,3.5,true,31.73810823910977,5
44,100.0,12,150.0,0.5,4.0,true,23.33310236311704,5
44,100.0,12,150.0,1.0,4.0,true,23.33310236311704,5
44,100.0,12,150.0,1.5,4.0,true,31.73810823910977,5
44,100.0,12,150.0,2.0,4.0,true,31.73810823910977,5
44,100.0,12,150.0,2.5,4.0,true,31.73810823910977,5
44,100.0,18,150.0,0.5,1.0,true,26.72183347598322,5
44,100.0,18,150.0,1.0,1.0,true,26.72183347598322,5
44,100.0,18,150.0,1.5,1.0,true,26.72183347598322,5
44,100.0,18,150.0,2.0,1.0,true,26.72183347598322,5
44,100.0,18,150.0,2.5,1.0,true,26.72183347598322,5
44,100.0,18,150.0,0.5,1.5,true,26.72183347598322,5
44,100.0,18,150.0,1.0,1.5,true,26.72183347598322,5
44,100.0,18,150.0,1.5,1.5,true,26.72183347598322,5
44,100.0,18,150.0,2.0,1.5,true,26.72183347598322,5
44,100.0,18,150.0,2.5,1.5,true,26.72183347598322,5
44,100.0,18,150.0,0.5,2.0,true,26.72183347598322,5
44,100.0,18,150.0,1.0,2.0,true,26.72183347598322,5
44,100.0,18,150.0,1.5,2.0,true,26.72183347598322,5
44,100.0,18,150.0,2.0,2.0,true,26.72183347598322,5
44,100.0,18,150.0,2.5,2.0,true,26.72183347598322,5
44,100.0,18,150.0,0.5,2.5,true,26.72183347598322,5
44,100.0,18,150.0,1.0,2.5,true,26.72183347598322,5
44,100.0,18,150.0,1.5,2.5,true,26.72183347598322,5
44,100.0,18,150.0,2.0,2.5,true,26.72183347598322,5
44,100.0,18,150.0,2.5,2.5,true,26.72183347598322,5
44,100.0,18,150.0,0.5,3.0,true,26.72183347598322,5
44,100.0,18,150.0,1.0,3.0,true,26.72183347598322,5
44,100.0,18,150.0,1.5,3.0,true,26.72183347598322,5
44,100.0,18,150.0,2.0,3.0,true,26.72183347598322,5
44,100.0,18,150.0,2.5,3.0,true,26.72183347598322,5
44,100.0,18,150.0,0.5,3.5,true,26.72183347598322,5
44,100.0,18,150.0,1.0,3.5,true,26.72183347598322,5
44,100.0,18,150.0,1.5,3.5,true,26.72183347598322,5
44,100.0,18,150.0,2.0,3.5,true,26.72183347598322,5
44,100.0,18,150.0,2.5,3.5,true,26.72183347598322,5
44,100.0,18,150.0,0.5,4.0,true,26.72183347598322,5
44,100.0,18,150.0,1.0,4.0,true,26.72183347598322,5
44,100.0,18,150.0,1.5,4.0,true,26.72183347598322,5
44,100.0,18,150.0,2.0,4.0,true,26.72183347598322,5
44,100.0,18,150.0,2.5,4.0,true,26.72183347598322,5
44,100.0,24,150.0,0.5,1.0,true,45.7623324209451,5
44,100.0,24,150.0,1.0,1.0,true,43.87342854597592,5
44,100.0,24,150.0,1.5,1.0,true,43.87342854597592,5
44,100.0,24,150.0,2.0,1.0,true,43.87342854597592,5
44,100.0,24,150.0,2.5,1.0,true,43.87342854597592,5
44,100.0,24,150.0,0.5,1.5,true,43.87342854597592,5
44,100.0,24,150.0,1.0,1.5,true,43.87342854597592,5
44,100.0,24,150.0,1.5,1.5,true,43.87342854597592,5
44,100.0,24,150.0,2.0,1.5,true,43.87342854597592,5
44,100.0,24,150.0,2.5,1.5,true,43.87342854597592,5
44,100.0,24,150.0,0.5,2.0,true,61.53877110017044,5
44,100.0,24,150.0,1.0,2.0,true,66.23334173783684,5
44,100.0,24,150.0,1.5,2.0,false,NaN,4
44,100.0,24,150.0,2.0,2.0,true,39.490956505953406,5
44,100.0,24,150.0,2.5,2.0,true,39.490956505953406,5
44,100.0,24,150.0,0.5,2.5,true,53.4696505821423,5
44,100.0,24,150.0,1.0,2.5,true,37.4175816327267,5
44,100.0,24,150.0,1.5,2.5,true,37.4175816327267,5
44,100.0,24,150.0,2.0,2.5,true,37.4175816327267,5
44,100.0,24,150.0,2.5,2.5,true,37.4175816327267,5
44,100.0,24,150.0,0.5,3.0,true,29.708123543458875,5
44,100.0,24,150.0,1.0,3.0,true,29.708123543458875,5
44,100.0,24,150.0,1.5,3.0,true,29.708123543458875,5
44,100.0,24,150.0,2.0,3.0,true,29.708123543458875,5
44,100.0,24,150.0,2.5,3.0,true,29.708123543458875,5
44,100.0,24,150.0,0.5,3.5,true,29.708123543458875,5
44,100.0,24,150.0,1.0,3.5,true,29.708123543458875,5
44,100.0,24,150.0,1.5,3.5,true,29.708123543458875,5
44,100.0,24,150.0,2.0,3.5,true,29.708123543458875,5
44,100.0,24,150.0,2.5,3.5,true,29.708123543458875,5
44,100.0,24,150.0,0.5,4.0,true,29.708123543458875,5
44,100.0,24,150.0,1.0,4.0,true,29.708123543458875,5
44,100.0,24,150.0,1.5,4.0,true,29.708123543458875,5
44,100.0,24,150.0,2.0,4.0,true,29.708123543458875,5
44,100.0,24,150.0,2.5,4.0,true,29.708123543458875,5
44,100.0,30,150.0,0.5,1.0,true,37.64710305895304,5
44,100.0,30,150.0,1.0,1.0,true,83.28851529875077,5
44,100.0,30,150.0,1.5,1.0,true,76.68856931259664,5
44,100.0,30,150.0,2.0,1.0,false,NaN,4
44,100.0,30,150.0,2.5,1.0,false,NaN,4
44,100.0,30,150.0,0.5,1.5,false,NaN,4
44,100.0,30,150.0,1.0,1.5,false,NaN,4
44,100.0,30,150.0,1.5,1.5,false,NaN,4
44,100.0,30,150.0,2.0,1.5,true,77.25869916060232,5
44,100.0,30,150.0,2.5,1.5,true,77.25869916060232,5
44,100.0,30,150.0,0.5,2.0,true,68.01476627124951,5
44,100.0,30,150.0,1.0,2.0,true,65.80993817599283,5
44,100.0,30,150.0,1.5,2.0,false,NaN,4
44,100.0,30,150.0,2.0,2.0,false,NaN,4
44,100.0,30,150.0,2.5,2.0,true,77.19454558223654,5
44,100.0,30,150.0,0.5,2.5,false,NaN,4
44,100.0,30,150.0,1.0,2.5,true,45.381746324306135,5
44,100.0,30,150.0,1.5,2.5,false,NaN,4
44,100.0,30,150.0,2.0,2.5,false,NaN,4
44,100.0,30,150.0,2.5,2.5,false,NaN,4
44,100.0,30,150.0,0.5,3.0,false,NaN,4
44,100.0,30,150.0,1.0,3.0,true,73.22732116197574,5
44,100.0,30,150.0,1.5,3.0,false,NaN,4
44,100.0,30,150.0,2.0,3.0,false,NaN,4
44,100.0,30,150.0,2.5,3.0,false,NaN,4
44,100.0,30,150.0,0.5,3.5,false,NaN,4
44,100.0,30,150.0,1.0,3.5,true,98.54923920473811,5
44,100.0,30,150.0,1.5,3.5,false,NaN,4
44,100.0,30,150.0,2.0,3.5,false,NaN,4
44,100.0,30,150.0,2.5,3.5,true,98.00394275486259,5
44,100.0,30,150.0,0.5,4.0,false,NaN,4
44,100.0,30,150.0,1.0,4.0,false,NaN,4
44,100.0,30,150.0,1.5,4.0,true,99.47604217067634,5
44,100.0,30,150.0,2.0,4.0,true,98.47888043047344,5
44,100.0,30,150.0,2.5,4.0,true,98.01602287251438,5
44,100.0,36,150.0,0.5,1.0,true,39.858572337140146,5
44,100.0,36,150.0,1.0,1.0,true,46.456961062330244,5
44,100.0,36,150.0,1.5,1.0,false,NaN,4
44,100.0,36,150.0,2.0,1.0,false,NaN,4
44,100.0,36,150.0,2.5,1.0,true,77.17474479087088,5
44,100.0,36,150.0,0.5,1.5,true,47.268067510265595,5
44,100.0,36,150.0,1.0,1.5,true,47.268067510265595,5
44,100.0,36,150.0,1.5,1.5,true,47.268067510265595,5
44,100.0,36,150.0,2.0,1.5,true,47.268067510265595,5
44,100.0,36,150.0,2.5,1.5,true,47.268067510265595,5
44,100.0,36,150.0,0.5,2.0,true,47.268067510265595,5
44,100.0,36,150.0,1.0,2.0,true,47.093281630754376,5
44,100.0,36,150.0,1.5,2.0,true,47.093281630754376,5
44,100.0,36,150.0,2.0,2.0,true,47.093281630754376,5
44,100.0,36,150.0,2.5,2.0,true,47.093281630754376,5
44,100.0,36,150.0,0.5,2.5,true,47.093281630754376,5
44,100.0,36,150.0,1.0,2.5,true,47.093281630754376,5
44,100.0,36,150.0,1.5,2.5,true,47.093281630754376,5
44,100.0,36,150.0,2.0,2.5,true,47.093281630754376,5
44,100.0,36,150.0,2.5,2.5,true,47.093281630754376,5
44,100.0,36,150.0,0.5,3.0,true,47.093281630754376,5
44,100.0,36,150.0,1.0,3.0,true,47.093281630754376,5
44,100.0,36,150.0,1.5,3.0,true,47.093281630754376,5
44,100.0,36,150.0,2.0,3.0,true,47.093281630754376,5
44,100.0,36,150.0,2.5,3.0,true,47.093281630754376,5
44,100.0,36,150.0,0.5,3.5,true,38.38446261629389,5
44,100.0,36,150.0,1.0,3.5,true,38.38446261629389,5
44,100.0,36,150.0,1.5,3.5,true,38.38446261629389,5
44,100.0,36,150.0,2.0,3.5,true,38.38446261629389,5
44,100.0,36,150.0,2.5,3.5,true,38.38446261629389,5
44,100.0,36,150.0,0.5,4.0,true,74.69264693562825,5
44,100.0,36,150.0,1.0,4.0,true,74.69264693562825,5
44,100.0,36,150.0,1.5,4.0,true,74.69264693562825,5
44,100.0,36,150.0,2.0,4.0,true,74.69264693562825,5
44,100.0,36,150.0,2.5,4.0,true,74.69264693562825,5
45,100.0,12,50.0,0.5,1.0,false,NaN,1
45,100.0,12,50.0,1.0,1.0,false,NaN,0
45,100.0,12,50.0,1.5,1.0,false,NaN,0
45,100.0,12,50.0,2.0,1.0,false,NaN,1
45,100.0,12,50.0,2.5,1.0,false,NaN,0
45,100.0,12,50.0,0.5,1.5,false,NaN,0
45,100.0,12,50.0,1.0,1.5,false,NaN,1
45,100.0,12,50.0,1.5,1.5,false,NaN,3
45,100.0,12,50.0,2.0,1.5,false,NaN,1
45,100.0,12,50.0,2.5,1.5,false,NaN,3
45,100.0,12,50.0,0.5,2.0,false,NaN,0
45,100.0,12,50.0,1.0,2.0,false,NaN,0
45,100.0,12,50.0,1.5,2.0,false,NaN,0
45,100.0,12,50.0,2.0,2.0,false,NaN,0
45,100.0,12,50.0,2.5,2.0,false,NaN,0
45,100.0,12,50.0,0.5,2.5,false,NaN,0
45,100.0,12,50.0,1.0,2.5,false,NaN,1
45,100.0,12,50.0,1.5,2.5,false,NaN,0
45,100.0,12,50.0,2.0,2.5,false,NaN,0
45,100.0,12,50.0,2.5,2.5,false,NaN,0
45,100.0,12,50.0,0.5,3.0,false,NaN,1
45,100.0,12,50.0,1.0,3.0,false,NaN,0
45,100.0,12,50.0,1.5,3.0,false,NaN,0
45,100.0,12,50.0,2.0,3.0,false,NaN,0
45,100.0,12,50.0,2.5,3.0,false,NaN,1
45,100.0,12,50.0,0.5,3.5,false,NaN,0
45,100.0,12,50.0,1.0,3.5,false,NaN,1
45,100.0,12,50.0,1.5,3.5,false,NaN,0
45,100.0,12,50.0,2.0,3.5,false,NaN,0
45,100.0,12,50.0,2.5,3.5,false,NaN,0
45,100.0,12,50.0,0.5,4.0,false,NaN,0
45,100.0,12,50.0,1.0,4.0,false,NaN,0
45,100.0,12,50.0,1.5,4.0,false,NaN,0
45,100.0,12,50.0,2.0,4.0,false,NaN,0
45,100.0,12,50.0,2.5,4.0,false,NaN,0
45,100.0,18,50.0,0.5,1.0,false,NaN,0
45,100.0,18,50.0,1.0,1.0,false,NaN,2
45,100.0,18,50.0,1.5,1.0,false,NaN,1
45,100.0,18,50.0,2.0,1.0,false,NaN,0
45,100.0,18,50.0,2.5,1.0,false,NaN,1
45,100.0,18,50.0,0.5,1.5,false,NaN,0
45,100.0,18,50.0,1.0,1.5,false,NaN,0
45,100.0,18,50.0,1.5,1.5,false,NaN,1
45,100.0,18,50.0,2.0,1.5,false,NaN,1
45,100.0,18,50.0,2.5,1.5,false,NaN,0
45,100.0,18,50.0,0.5,2.0,false,NaN,0
45,100.0,18,50.0,1.0,2.0,false,NaN,0
45,100.0,18,50.0,1.5,2.0,false,NaN,0
45,100.0,18,50.0,2.0,2.0,false,NaN,0
45,100.0,18,50.0,2.5,2.0,false,NaN,0
45,100.0,18,50.0,0.5,2.5,false,NaN,0
45,100.0,18,50.0,1.0,2.5,false,NaN,0
45,100.0,18,50.0,1.5,2.5,false,NaN,1
45,100.0,18,50.0,2.0,2.5,false,NaN,1
45,100.0,18,50.0,2.5,2.5,false,NaN,1
45,100.0,18,50.0,0.5,3.0,false,NaN,0
45,100.0,18,50.0,1.0,3.0,false,NaN,0
45,100.0,18,50.0,1.5,3.0,false,NaN,0
45,100.0,18,50.0,2.0,3.0,false,NaN,1
45,100.0,18,50.0,2.5,3.0,false,NaN,0
45,100.0,18,50.0,0.5,3.5,false,NaN,0
45,100.0,18,50.0,1.0,3.5,false,NaN,0
45,100.0,18,50.0,1.5,3.5,false,NaN,1
45,100.0,18,50.0,2.0,3.5,false,NaN,2
45,100.0,18,50.0,2.5,3.5,false,NaN,0
45,100.0,18,50.0,0.5,4.0,false,NaN,0
45,100.0,18,50.0,1.0,4.0,false,NaN,0
45,100.0,18,50.0,1.5,4.0,false,NaN,0
45,100.0,18,50.0,2.0,4.0,false,NaN,1
45,100.0,18,50.0,2.5,4.0,false,NaN,2
45,100.0,24,50.0,0.5,1.0,false,NaN,0
45,100.0,24,50.0,1.0,1.0,false,NaN,3
45,100.0,24,50.0,1.5,1.0,false,NaN,3
45,100.0,24,50.0,2.0,1.0,false,NaN,3
45,100.0,24,50.0,2.5,1.0,false,NaN,1
45,100.0,24,50.0,0.5,1.5,false,NaN,0
45,100.0,24,50.0,1.0,1.5,false,NaN,1
45,100.0,24,50.0,1.5,1.5,false,NaN,0
45,100.0,24,50.0,2.0,1.5,false,NaN,0
45,100.0,24,50.0,2.5,1.5,false,NaN,1
45,100.0,24,50.0,0.5,2.0,false,NaN,0
45,100.0,24,50.0,1.0,2.0,false,NaN,0
45,100.0,24,50.0,1.5,2.0,false,NaN,0
45,100.0,24,50.0,2.0,2.0,false,NaN,1
45,100.0,24,50.0,2.5,2.0,false,NaN,1
45,100.0,24,50.0,0.5,2.5,false,NaN,0
45,100.0,24,50.0,1.0,2.5,false,NaN,0
45,100.0,24,50.0,1.5,2.5,false,NaN,0
45,100.0,24,50.0,2.0,2.5,false,NaN,0
45,100.0,24,50.0,2.5,2.5,false,NaN,1
45,100.0,24,50.0,0.5,3.0,false,NaN,2
45,100.0,24,50.0,1.0,3.0,false,NaN,0
45,100.0,24,50.0,1.5,3.0,false,NaN,0
45,100.0,24,50.0,2.0,3.0,false,NaN,0
45,100.0,24,50.0,2.5,3.0,false,NaN,0
45,100.0,24,50.0,0.5,3.5,false,NaN,2
45,100.0,24,50.0,1.0,3.5,false,NaN,0
45,100.0,24,50.0,1.5,3.5,false,NaN,0
45,100.0,24,50.0,2.0,3.5,false,NaN,1
45,100.0,24,50.0,2.5,3.5,false,NaN,1
45,100.0,24,50.0,0.5,4.0,false,NaN,0
45,100.0,24,50.0,1.0,4.0,false,NaN,2
45,100.0,24,50.0,1.5,4.0,false,NaN,3
45,100.0,24,50.0,2.0,4.0,false,NaN,0
45,100.0,24,50.0,2.5,4.0,false,NaN,1
45,100.0,30,50.0,0.5,1.0,false,NaN,0
45,100.0,30,50.0,1.0,1.0,false,NaN,0
45,100.0,30,50.0,1.5,1.0,false,NaN,1
45,100.0,30,50.0,2.0,1.0,false,NaN,0
45,100.0,30,50.0,2.5,1.0,false,NaN,3
45,100.0,30,50.0,0.5,1.5,false,NaN,1
45,100.0,30,50.0,1.0,1.5,false,NaN,2
45,100.0,30,50.0,1.5,1.5,false,NaN,1
45,100.0,30,50.0,2.0,1.5,false,NaN,3
45,100.0,30,50.0,2.5,1.5,false,NaN,3
45,100.0,30,50.0,0.5,2.0,false,NaN,0
45,100.0,30,50.0,1.0,2.0,false,NaN,0
45,100.0,30,50.0,1.5,2.0,false,NaN,2
45,100.0,30,50.0,2.0,2.0,false,NaN,0
45,100.0,30,50.0,2.5,2.0,false,NaN,3
45,100.0,30,50.0,0.5,2.5,false,NaN,0
45,100.0,30,50.0,1.0,2.5,false,NaN,0
45,100.0,30,50.0,1.5,2.5,false,NaN,0
45,100.0,30,50.0,2.0,2.5,false,NaN,0
45,100.0,30,50.0,2.5,2.5,false,NaN,2
45,100.0,30,50.0,0.5,3.0,false,NaN,0
45,100.0,30,50.0,1.0,3.0,false,NaN,0
45,100.0,30,50.0,1.5,3.0,false,NaN,0
45,100.0,30,50.0,2.0,3.0,false,NaN,2
45,100.0,30,50.0,2.5,3.0,false,NaN,0
45,100.0,30,50.0,0.5,3.5,false,NaN,0
45,100.0,30,50.0,1.0,3.5,false,NaN,2
45,100.0,30,50.0,1.5,3.5,false,NaN,2
45,100.0,30,50.0,2.0,3.5,false,NaN,1
45,100.0,30,50.0,2.5,3.5,false,NaN,0
45,100.0,30,50.0,0.5,4.0,false,NaN,0
45,100.0,30,50.0,1.0,4.0,false,NaN,0
45,100.0,30,50.0,1.5,4.0,false,NaN,0
45,100.0,30,50.0,2.0,4.0,false,NaN,0
45,100.0,30,50.0,2.5,4.0,false,NaN,1
45,100.0,36,50.0,0.5,1.0,false,NaN,3
45,100.0,36,50.0,1.0,1.0,false,NaN,3
45,100.0,36,50.0,1.5,1.0,false,NaN,0
45,100.0,36,50.0,2.0,1.0,false,NaN,0
45,100.0,36,50.0,2.5,1.0,false,NaN,0
45,100.0,36,50.0,0.5,1.5,false,NaN,1
45,100.0,36,50.0,1.0,1.5,false,NaN,1
45,100.0,36,50.0,1.5,1.5,false,NaN,1
45,100.0,36,50.0,2.0,1.5,false,NaN,3
45,100.0,36,50.0,2.5,1.5,false,NaN,0
45,100.0,36,50.0,0.5,2.0,false,NaN,0
45,100.0,36,50.0,1.0,2.0,false,NaN,0
45,100.0,36,50.0,1.5,2.0,false,NaN,2
45,100.0,36,50.0,2.0,2.0,false,NaN,2
45,100.0,36,50.0,2.5,2.0,false,NaN,1
45,100.0,36,50.0,0.5,2.5,false,NaN,0
45,100.0,36,50.0,1.0,2.5,false,NaN,1
45,100.0,36,50.0,1.5,2.5,false,NaN,0
45,100.0,36,50.0,2.0,2.5,false,NaN,3
45,100.0,36,50.0,2.5,2.5,false,NaN,1
45,100.0,36,50.0,0.5,3.0,false,NaN,0
45,100.0,36,50.0,1.0,3.0,false,NaN,0
45,100.0,36,50.0,1.5,3.0,false,NaN,0
45,100.0,36,50.0,2.0,3.0,false,NaN,1
45,100.0,36,50.0,2.5,3.0,false,NaN,0
45,100.0,36,50.0,0.5,3.5,false,NaN,2
45,100.0,36,50.0,1.0,3.5,false,NaN,3
45,100.0,36,50.0,1.5,3.5,false,NaN,0
45,100.0,36,50.0,2.0,3.5,false,NaN,1
45,100.0,36,50.0,2.5,3.5,false,NaN,0
45,100.0,36,50.0,0.5,4.0,false,NaN,0
45,100.0,36,50.0,1.0,4.0,false,NaN,0
45,100.0,36,50.0,1.5,4.0,false,NaN,0
45,100.0,36,50.0,2.0,4.0,false,NaN,0
45,100.0,36,50.0,2.5,4.0,false,NaN,0
45,100.0,12,75.0,0.5,1.0,false,NaN,4
45,100.0,12,75.0,1.0,1.0,false,NaN,2
45,100.0,12,75.0,1.5,1.0,false,NaN,2
45,100.0,12,75.0,2.0,1.0,false,NaN,4
45,100.0,12,75.0,2.5,1.0,false,NaN,4
45,100.0,12,75.0,0.5,1.5,false,NaN,4
45,100.0,12,75.0,1.0,1.5,false,NaN,4
45,100.0,12,75.0,1.5,1.5,false,NaN,1
45,100.0,12,75.0,2.0,1.5,false,NaN,1
45,100.0,12,75.0,2.5,1.5,false,NaN,0
45,100.0,12,75.0,0.5,2.0,false,NaN,1
45,100.0,12,75.0,1.0,2.0,false,NaN,2
45,100.0,12,75.0,1.5,2.0,false,NaN,1
45,100.0,12,75.0,2.0,2.0,false,NaN,1
45,100.0,12,75.0,2.5,2.0,false,NaN,0
45,100.0,12,75.0,0.5,2.5,false,NaN,3
45,100.0,12,75.0,1.0,2.5,false,NaN,4
45,100.0,12,75.0,1.5,2.5,false,NaN,3
45,100.0,12,75.0,2.0,2.5,false,NaN,3
45,100.0,12,75.0,2.5,2.5,false,NaN,1
45,100.0,12,75.0,0.5,3.0,false,NaN,2
45,100.0,12,75.0,1.0,3.0,false,NaN,2
45,100.0,12,75.0,1.5,3.0,false,NaN,3
45,100.0,12,75.0,2.0,3.0,false,NaN,2
45,100.0,12,75.0,2.5,3.0,false,NaN,3
45,100.0,12,75.0,0.5,3.5,false,NaN,3
45,100.0,12,75.0,1.0,3.5,false,NaN,2
45,100.0,12,75.0,1.5,3.5,false,NaN,3
45,100.0,12,75.0,2.0,3.5,false,NaN,2
45,100.0,12,75.0,2.5,3.5,false,NaN,4
45,100.0,12,75.0,0.5,4.0,false,NaN,2
45,100.0,12,75.0,1.0,4.0,false,NaN,2
45,100.0,12,75.0,1.5,4.0,false,NaN,3
45,100.0,12,75.0,2.0,4.0,false,NaN,2
45,100.0,12,75.0,2.5,4.0,false,NaN,2
45,100.0,18,75.0,0.5,1.0,false,NaN,3
45,100.0,18,75.0,1.0,1.0,false,NaN,3
45,100.0,18,75.0,1.5,1.0,false,NaN,3
45,100.0,18,75.0,2.0,1.0,false,NaN,3
45,100.0,18,75.0,2.5,1.0,false,NaN,3
45,100.0,18,75.0,0.5,1.5,false,NaN,3
45,100.0,18,75.0,1.0,1.5,false,NaN,1
45,100.0,18,75.0,1.5,1.5,false,NaN,3
45,100.0,18,75.0,2.0,1.5,false,NaN,3
45,100.0,18,75.0,2.5,1.5,false,NaN,3
45,100.0,18,75.0,0.5,2.0,false,NaN,1
45,100.0,18,75.0,1.0,2.0,false,NaN,4
45,100.0,18,75.0,1.5,2.0,false,NaN,3
45,100.0,18,75.0,2.0,2.0,false,NaN,3
45,100.0,18,75.0,2.5,2.0,false,NaN,3
45,100.0,18,75.0,0.5,2.5,false,NaN,1
45,100.0,18,75.0,1.0,2.5,false,NaN,4
45,100.0,18,75.0,1.5,2.5,false,NaN,4
45,100.0,18,75.0,2.0,2.5,false,NaN,4
45,100.0,18,75.0,2.5,2.5,false,NaN,2
45,100.0,18,75.0,0.5,3.0,false,NaN,2
45,100.0,18,75.0,1.0,3.0,false,NaN,2
45,100.0,18,75.0,1.5,3.0,false,NaN,2
45,100.0,18,75.0,2.0,3.0,false,NaN,3
45,100.0,18,75.0,2.5,3.0,false,NaN,2
45,100.0,18,75.0,0.5,3.5,false,NaN,3
45,100.0,18,75.0,1.0,3.5,false,NaN,3
45,100.0,18,75.0,1.5,3.5,false,NaN,2
45,100.0,18,75.0,2.0,3.5,false,NaN,2
45,100.0,18,75.0,2.5,3.5,false,NaN,2
45,100.0,18,75.0,0.5,4.0,false,NaN,3
45,100.0,18,75.0,1.0,4.0,false,NaN,2
45,100.0,18,75.0,1.5,4.0,false,NaN,2
45,100.0,18,75.0,2.0,4.0,false,NaN,1
45,100.0,18,75.0,2.5,4.0,false,NaN,3
45,100.0,24,75.0,0.5,1.0,false,NaN,3
45,100.0,24,75.0,1.0,1.0,false,NaN,1
45,100.0,24,75.0,1.5,1.0,false,NaN,1
45,100.0,24,75.0,2.0,1.0,false,NaN,1
45,100.0,24,75.0,2.5,1.0,false,NaN,1
45,100.0,24,75.0,0.5,1.5,false,NaN,3
45,100.0,24,75.0,1.0,1.5,false,NaN,1
45,100.0,24,75.0,1.5,1.5,false,NaN,1
45,100.0,24,75.0,2.0,1.5,false,NaN,1
45,100.0,24,75.0,2.5,1.5,false,NaN,1
45,100.0,24,75.0,0.5,2.0,false,NaN,0
45,100.0,24,75.0,1.0,2.0,false,NaN,2
45,100.0,24,75.0,1.5,2.0,false,NaN,1
45,100.0,24,75.0,2.0,2.0,false,NaN,1
45,100.0,24,75.0,2.5,2.0,false,NaN,1
45,100.0,24,75.0,0.5,2.5,false,NaN,2
45,100.0,24,75.0,1.0,2.5,false,NaN,1
45,100.0,24,75.0,1.5,2.5,false,NaN,1
45,100.0,24,75.0,2.0,2.5,false,NaN,2
45,100.0,24,75.0,2.5,2.5,false,NaN,2
45,100.0,24,75.0,0.5,3.0,false,NaN,3
45,100.0,24,75.0,1.0,3.0,false,NaN,0
45,100.0,24,75.0,1.5,3.0,false,NaN,0
45,100.0,24,75.0,2.0,3.0,false,NaN,0
45,100.0,24,75.0,2.5,3.0,false,NaN,2
45,100.0,24,75.0,0.5,3.5,false,NaN,3
45,100.0,24,75.0,1.0,3.5,false,NaN,0
45,100.0,24,75.0,1.5,3.5,false,NaN,0
45,100.0,24,75.0,2.0,3.5,false,NaN,2
45,100.0,24,75.0,2.5,3.5,false,NaN,2
45,100.0,24,75.0,0.5,4.0,false,NaN,3
45,100.0,24,75.0,1.0,4.0,false,NaN,0
45,100.0,24,75.0,1.5,4.0,false,NaN,0
45,100.0,24,75.0,2.0,4.0,false,NaN,2
45,100.0,24,75.0,2.5,4.0,false,NaN,2
45,100.0,30,75.0,0.5,1.0,false,NaN,0
45,100.0,30,75.0,1.0,1.0,false,NaN,4
45,100.0,30,75.0,1.5,1.0,false,NaN,2
45,100.0,30,75.0,2.0,1.0,false,NaN,4
45,100.0,30,75.0,2.5,1.0,false,NaN,4
45,100.0,30,75.0,0.5,1.5,false,NaN,1
45,100.0,30,75.0,1.0,1.5,false,NaN,0
45,100.0,30,75.0,1.5,1.5,false,NaN,2
45,100.0,30,75.0,2.0,1.5,false,NaN,2
45,100.0,30,75.0,2.5,1.5,false,NaN,2
45,100.0,30,75.0,0.5,2.0,false,NaN,0
45,100.0,30,75.0,1.0,2.0,false,NaN,2
45,100.0,30,75.0,1.5,2.0,false,NaN,1
45,100.0,30,75.0,2.0,2.0,false,NaN,1
45,100.0,30,75.0,2.5,2.0,false,NaN,1
45,100.0,30,75.0,0.5,2.5,false,NaN,3
45,100.0,30,75.0,1.0,2.5,false,NaN,3
45,100.0,30,75.0,1.5,2.5,false,NaN,2
45,100.0,30,75.0,2.0,2.5,false,NaN,4
45,100.0,30,75.0,2.5,2.5,false,NaN,4
45,100.0,30,75.0,0.5,3.0,false,NaN,2
45,100.0,30,75.0,1.0,3.0,false,NaN,1
45,100.0,30,75.0,1.5,3.0,false,NaN,2
45,100.0,30,75.0,2.0,3.0,false,NaN,4
45,100.0,30,75.0,2.5,3.0,false,NaN,4
45,100.0,30,75.0,0.5,3.5,false,NaN,3
45,100.0,30,75.0,1.0,3.5,false,NaN,3
45,100.0,30,75.0,1.5,3.5,false,NaN,2
45,100.0,30,75.0,2.0,3.5,false,NaN,4
45,100.0,30,75.0,2.5,3.5,false,NaN,4
45,100.0,30,75.0,0.5,4.0,false,NaN,3
45,100.0,30,75.0,1.0,4.0,false,NaN,3
45,100.0,30,75.0,1.5,4.0,false,NaN,1
45,100.0,30,75.0,2.0,4.0,false,NaN,4
45,100.0,30,75.0,2.5,4.0,false,NaN,4
45,100.0,36,75.0,0.5,1.0,false,NaN,2
45,100.0,36,75.0,1.0,1.0,false,NaN,3
45,100.0,36,75.0,1.5,1.0,false,NaN,3
45,100.0,36,75.0,2.0,1.0,false,NaN,3
45,100.0,36,75.0,2.5,1.0,false,NaN,1
45,100.0,36,75.0,0.5,1.5,false,NaN,2
45,100.0,36,75.0,1.0,1.5,false,NaN,3
45,100.0,36,75.0,1.5,1.5,false,NaN,1
45,100.0,36,75.0,2.0,1.5,false,NaN,3
45,100.0,36,75.0,2.5,1.5,false,NaN,2
45,100.0,36,75.0,0.5,2.0,false,NaN,1
45,100.0,36,75.0,1.0,2.0,false,NaN,0
45,100.0,36,75.0,1.5,2.0,false,NaN,3
45,100.0,36,75.0,2.0,2.0,false,NaN,1
45,100.0,36,75.0,2.5,2.0,false,NaN,3
45,100.0,36,75.0,0.5,2.5,false,NaN,0
45,100.0,36,75.0,1.0,2.5,false,NaN,3
45,100.0,36,75.0,1.5,2.5,false,NaN,3
45,100.0,36,75.0,2.0,2.5,false,NaN,4
45,100.0,36,75.0,2.5,2.5,false,NaN,3
45,100.0,36,75.0,0.5,3.0,false,NaN,1
45,100.0,36,75.0,1.0,3.0,false,NaN,4
45,100.0,36,75.0,1.5,3.0,false,NaN,1
45,100.0,36,75.0,2.0,3.0,false,NaN,3
45,100.0,36,75.0,2.5,3.0,false,NaN,3
45,100.0,36,75.0,0.5,3.5,false,NaN,2
45,100.0,36,75.0,1.0,3.5,false,NaN,1
45,100.0,36,75.0,1.5,3.5,false,NaN,3
45,100.0,36,75.0,2.0,3.5,false,NaN,3
45,100.0,36,75.0,2.5,3.5,false,NaN,3
45,100.0,36,75.0,0.5,4.0,false,NaN,4
45,100.0,36,75.0,1.0,4.0,false,NaN,3
45,100.0,36,75.0,1.5,4.0,false,NaN,2
45,100.0,36,75.0,2.0,4.0,false,NaN,3
45,100.0,36,75.0,2.5,4.0,false,NaN,3
45,100.0,12,100.0,0.5,1.0,false,NaN,4
45,100.0,12,100.0,1.0,1.0,false,NaN,4
45,100.0,12,100.0,1.5,1.0,false,NaN,4
45,100.0,12,100.0,2.0,1.0,false,NaN,4
45,100.0,12,100.0,2.5,1.0,false,NaN,4
45,100.0,12,100.0,0.5,1.5,false,NaN,4
45,100.0,12,100.0,1.0,1.5,false,NaN,4
45,100.0,12,100.0,1.5,1.5,false,NaN,4
45,100.0,12,100.0,2.0,1.5,false,NaN,4
45,100.0,12,100.0,2.5,1.5,false,NaN,4
45,100.0,12,100.0,0.5,2.0,false,NaN,4
45,100.0,12,100.0,1.0,2.0,false,NaN,4
45,100.0,12,100.0,1.5,2.0,false,NaN,4
45,100.0,12,100.0,2.0,2.0,false,NaN,4
45,100.0,12,100.0,2.5,2.0,false,NaN,4
45,100.0,12,100.0,0.5,2.5,false,NaN,4
45,100.0,12,100.0,1.0,2.5,false,NaN,4
45,100.0,12,100.0,1.5,2.5,false,NaN,4
45,100.0,12,100.0,2.0,2.5,false,NaN,4
45,100.0,12,100.0,2.5,2.5,false,NaN,4
45,100.0,12,100.0,0.5,3.0,false,NaN,4
45,100.0,12,100.0,1.0,3.0,false,NaN,4
45,100.0,12,100.0,1.5,3.0,false,NaN,4
45,100.0,12,100.0,2.0,3.0,false,NaN,4
45,100.0,12,100.0,2.5,3.0,false,NaN,4
45,100.0,12,100.0,0.5,3.5,false,NaN,4
45,100.0,12,100.0,1.0,3.5,false,NaN,4
45,100.0,12,100.0,1.5,3.5,false,NaN,4
45,100.0,12,100.0,2.0,3.5,false,NaN,4
45,100.0,12,100.0,2.5,3.5,false,NaN,4
45,100.0,12,100.0,0.5,4.0,false,NaN,4
45,100.0,12,100.0,1.0,4.0,false,NaN,4
45,100.0,12,100.0,1.5,4.0,false,NaN,4
45,100.0,12,100.0,2.0,4.0,false,NaN,4
45,100.0,12,100.0,2.5,4.0,false,NaN,4
45,100.0,18,100.0,0.5,1.0,false,NaN,4
45,100.0,18,100.0,1.0,1.0,false,NaN,4
45,100.0,18,100.0,1.5,1.0,false,NaN,4
45,100.0,18,100.0,2.0,1.0,false,NaN,4
45,100.0,18,100.0,2.5,1.0,false,NaN,4
45,100.0,18,100.0,0.5,1.5,false,NaN,4
45,100.0,18,100.0,1.0,1.5,false,NaN,4
45,100.0,18,100.0,1.5,1.5,false,NaN,4
45,100.0,18,100.0,2.0,1.5,false,NaN,4
45,100.0,18,100.0,2.5,1.5,false,NaN,4
45,100.0,18,100.0,0.5,2.0,false,NaN,4
45,100.0,18,100.0,1.0,2.0,false,NaN,3
45,100.0,18,100.0,1.5,2.0,false,NaN,4
45,100.0,18,100.0,2.0,2.0,false,NaN,4
45,100.0,18,100.0,2.5,2.0,false,NaN,4
45,100.0,18,100.0,0.5,2.5,false,NaN,4
45,100.0,18,100.0,1.0,2.5,false,NaN,4
45,100.0,18,100.0,1.5,2.5,false,NaN,4
45,100.0,18,100.0,2.0,2.5,false,NaN,4
45,100.0,18,100.0,2.5,2.5,false,NaN,4
45,100.0,18,100.0,0.5,3.0,false,NaN,3
45,100.0,18,100.0,1.0,3.0,false,NaN,4
45,100.0,18,100.0,1.5,3.0,false,NaN,4
45,100.0,18,100.0,2.0,3.0,false,NaN,4
45,100.0,18,100.0,2.5,3.0,false,NaN,4
45,100.0,18,100.0,0.5,3.5,false,NaN,3
45,100.0,18,100.0,1.0,3.5,false,NaN,4
45,100.0,18,100.0,1.5,3.5,false,NaN,4
45,100.0,18,100.0,2.0,3.5,false,NaN,4
45,100.0,18,100.0,2.5,3.5,false,NaN,4
45,100.0,18,100.0,0.5,4.0,false,NaN,4
45,100.0,18,100.0,1.0,4.0,false,NaN,4
45,100.0,18,100.0,1.5,4.0,false,NaN,4
45,100.0,18,100.0,2.0,4.0,false,NaN,4
45,100.0,18,100.0,2.5,4.0,false,NaN,4
45,100.0,24,100.0,0.5,1.0,false,NaN,4
45,100.0,24,100.0,1.0,1.0,false,NaN,4
45,100.0,24,100.0,1.5,1.0,false,NaN,3
45,100.0,24,100.0,2.0,1.0,false,NaN,3
45,100.0,24,100.0,2.5,1.0,false,NaN,3
45,100.0,24,100.0,0.5,1.5,false,NaN,3
45,100.0,24,100.0,1.0,1.5,false,NaN,3
45,100.0,24,100.0,1.5,1.5,false,NaN,4
45,100.0,24,100.0,2.0,1.5,false,NaN,4
45,100.0,24,100.0,2.5,1.5,false,NaN,4
45,100.0,24,100.0,0.5,2.0,false,NaN,2
45,100.0,24,100.0,1.0,2.0,false,NaN,4
45,100.0,24,100.0,1.5,2.0,false,NaN,4
45,100.0,24,100.0,2.0,2.0,false,NaN,2
45,100.0,24,100.0,2.5,2.0,false,NaN,4
45,100.0,24,100.0,0.5,2.5,false,NaN,4
45,100.0,24,100.0,1.0,2.5,false,NaN,4
45,100.0,24,100.0,1.5,2.5,false,NaN,3
45,100.0,24,100.0,2.0,2.5,false,NaN,2
45,100.0,24,100.0,2.5,2.5,false,NaN,4
45,100.0,24,100.0,0.5,3.0,false,NaN,3
45,100.0,24,100.0,1.0,3.0,false,NaN,4
45,100.0,24,100.0,1.5,3.0,false,NaN,3
45,100.0,24,100.0,2.0,3.0,false,NaN,3
45,100.0,24,100.0,2.5,3.0,false,NaN,4
45,100.0,24,100.0,0.5,3.5,false,NaN,3
45,100.0,24,100.0,1.0,3.5,false,NaN,4
45,100.0,24,100.0,1.5,3.5,false,NaN,3
45,100.0,24,100.0,2.0,3.5,false,NaN,3
45,100.0,24,100.0,2.5,3.5,false,NaN,4
45,100.0,24,100.0,0.5,4.0,false,NaN,4
45,100.0,24,100.0,1.0,4.0,false,NaN,4
45,100.0,24,100.0,1.5,4.0,false,NaN,3
45,100.0,24,100.0,2.0,4.0,false,NaN,3
45,100.0,24,100.0,2.5,4.0,false,NaN,4
45,100.0,30,100.0,0.5,1.0,false,NaN,4
45,100.0,30,100.0,1.0,1.0,false,NaN,4
45,100.0,30,100.0,1.5,1.0,false,NaN,3
45,100.0,30,100.0,2.0,1.0,false,NaN,3
45,100.0,30,100.0,2.5,1.0,false,NaN,3
45,100.0,30,100.0,0.5,1.5,false,NaN,4
45,100.0,30,100.0,1.0,1.5,false,NaN,3
45,100.0,30,100.0,1.5,1.5,false,NaN,3
45,100.0,30,100.0,2.0,1.5,false,NaN,3
45,100.0,30,100.0,2.5,1.5,false,NaN,3
45,100.0,30,100.0,0.5,2.0,false,NaN,3
45,100.0,30,100.0,1.0,2.0,false,NaN,4
45,100.0,30,100.0,1.5,2.0,false,NaN,3
45,100.0,30,100.0,2.0,2.0,false,NaN,3
45,100.0,30,100.0,2.5,2.0,false,NaN,3
45,100.0,30,100.0,0.5,2.5,false,NaN,4
45,100.0,30,100.0,1.0,2.5,false,NaN,4
45,100.0,30,100.0,1.5,2.5,false,NaN,3
45,100.0,30,100.0,2.0,2.5,false,NaN,3
45,100.0,30,100.0,2.5,2.5,false,NaN,3
45,100.0,30,100.0,0.5,3.0,false,NaN,3
45,100.0,30,100.0,1.0,3.0,false,NaN,4
45,100.0,30,100.0,1.5,3.0,false,NaN,3
45,100.0,30,100.0,2.0,3.0,false,NaN,3
45,100.0,30,100.0,2.5,3.0,false,NaN,3
45,100.0,30,100.0,0.5,3.5,false,NaN,4
45,100.0,30,100.0,1.0,3.5,false,NaN,4
45,100.0,30,100.0,1.5,3.5,false,NaN,4
45,100.0,30,100.0,2.0,3.5,false,NaN,4
45,100.0,30,100.0,2.5,3.5,false,NaN,4
45,100.0,30,100.0,0.5,4.0,false,NaN,4
45,100.0,30,100.0,1.0,4.0,false,NaN,3
45,100.0,30,100.0,1.5,4.0,false,NaN,4
45,100.0,30,100.0,2.0,4.0,false,NaN,4
45,100.0,30,100.0,2.5,4.0,false,NaN,4
45,100.0,36,100.0,0.5,1.0,false,NaN,3
45,100.0,36,100.0,1.0,1.0,false,NaN,4
45,100.0,36,100.0,1.5,1.0,false,NaN,4
45,100.0,36,100.0,2.0,1.0,false,NaN,4
45,100.0,36,100.0,2.5,1.0,false,NaN,4
45,100.0,36,100.0,0.5,1.5,false,NaN,4
45,100.0,36,100.0,1.0,1.5,false,NaN,3
45,100.0,36,100.0,1.5,1.5,false,NaN,2
45,100.0,36,100.0,2.0,1.5,false,NaN,3
45,100.0,36,100.0,2.5,1.5,false,NaN,3
45,100.0,36,100.0,0.5,2.0,false,NaN,4
45,100.0,36,100.0,1.0,2.0,false,NaN,3
45,100.0,36,100.0,1.5,2.0,false,NaN,2
45,100.0,36,100.0,2.0,2.0,false,NaN,3
45,100.0,36,100.0,2.5,2.0,false,NaN,3
45,100.0,36,100.0,0.5,2.5,false,NaN,4
45,100.0,36,100.0,1.0,2.5,false,NaN,4
45,100.0,36,100.0,1.5,2.5,false,NaN,3
45,100.0,36,100.0,2.0,2.5,false,NaN,3
45,100.0,36,100.0,2.5,2.5,false,NaN,3
45,100.0,36,100.0,0.5,3.0,false,NaN,3
45,100.0,36,100.0,1.0,3.0,false,NaN,3
45,100.0,36,100.0,1.5,3.0,false,NaN,3
45,100.0,36,100.0,2.0,3.0,false,NaN,3
45,100.0,36,100.0,2.5,3.0,false,NaN,3
45,100.0,36,100.0,0.5,3.5,false,NaN,3
45,100.0,36,100.0,1.0,3.5,false,NaN,3
45,100.0,36,100.0,1.5,3.5,false,NaN,3
45,100.0,36,100.0,2.0,3.5,false,NaN,3
45,100.0,36,100.0,2.5,3.5,false,NaN,4
45,100.0,36,100.0,0.5,4.0,false,NaN,4
45,100.0,36,100.0,1.0,4.0,false,NaN,3
45,100.0,36,100.0,1.5,4.0,false,NaN,3
45,100.0,36,100.0,2.0,4.0,false,NaN,3
45,100.0,36,100.0,2.5,4.0,false,NaN,4
45,100.0,12,125.0,0.5,1.0,false,NaN,3
45,100.0,12,125.0,1.0,1.0,false,NaN,4
45,100.0,12,125.0,1.5,1.0,false,NaN,4
45,100.0,12,125.0,2.0,1.0,false,NaN,4
45,100.0,12,125.0,2.5,1.0,false,NaN,3
45,100.0,12,125.0,0.5,1.5,false,NaN,4
45,100.0,12,125.0,1.0,1.5,false,NaN,4
45,100.0,12,125.0,1.5,1.5,false,NaN,4
45,100.0,12,125.0,2.0,1.5,false,NaN,3
45,100.0,12,125.0,2.5,1.5,false,NaN,3
45,100.0,12,125.0,0.5,2.0,false,NaN,4
45,100.0,12,125.0,1.0,2.0,false,NaN,4
45,100.0,12,125.0,1.5,2.0,false,NaN,4
45,100.0,12,125.0,2.0,2.0,false,NaN,4
45,100.0,12,125.0,2.5,2.0,false,NaN,4
45,100.0,12,125.0,0.5,2.5,false,NaN,3
45,100.0,12,125.0,1.0,2.5,false,NaN,3
45,100.0,12,125.0,1.5,2.5,false,NaN,4
45,100.0,12,125.0,2.0,2.5,false,NaN,4
45,100.0,12,125.0,2.5,2.5,false,NaN,4
45,100.0,12,125.0,0.5,3.0,false,NaN,3
45,100.0,12,125.0,1.0,3.0,false,NaN,3
45,100.0,12,125.0,1.5,3.0,false,NaN,4
45,100.0,12,125.0,2.0,3.0,false,NaN,4
45,100.0,12,125.0,2.5,3.0,false,NaN,4
45,100.0,12,125.0,0.5,3.5,false,NaN,3
45,100.0,12,125.0,1.0,3.5,false,NaN,3
45,100.0,12,125.0,1.5,3.5,false,NaN,4
45,100.0,12,125.0,2.0,3.5,false,NaN,4
45,100.0,12,125.0,2.5,3.5,false,NaN,4
45,100.0,12,125.0,0.5,4.0,false,NaN,4
45,100.0,12,125.0,1.0,4.0,false,NaN,4
45,100.0,12,125.0,1.5,4.0,false,NaN,4
45,100.0,12,125.0,2.0,4.0,false,NaN,4
45,100.0,12,125.0,2.5,4.0,false,NaN,4
45,100.0,18,125.0,0.5,1.0,false,NaN,3
45,100.0,18,125.0,1.0,1.0,false,NaN,3
45,100.0,18,125.0,1.5,1.0,false,NaN,4
45,100.0,18,125.0,2.0,1.0,false,NaN,4
45,100.0,18,125.0,2.5,1.0,false,NaN,4
45,100.0,18,125.0,0.5,1.5,false,NaN,4
45,100.0,18,125.0,1.0,1.5,false,NaN,3
45,100.0,18,125.0,1.5,1.5,false,NaN,4
45,100.0,18,125.0,2.0,1.5,false,NaN,4
45,100.0,18,125.0,2.5,1.5,false,NaN,4
45,100.0,18,125.0,0.5,2.0,false,NaN,4
45,100.0,18,125.0,1.0,2.0,false,NaN,4
45,100.0,18,125.0,1.5,2.0,false,NaN,4
45,100.0,18,125.0,2.0,2.0,false,NaN,4
45,100.0,18,125.0,2.5,2.0,false,NaN,4
45,100.0,18,125.0,0.5,2.5,false,NaN,4
45,100.0,18,125.0,1.0,2.5,false,NaN,4
45,100.0,18,125.0,1.5,2.5,false,NaN,4
45,100.0,18,125.0,2.0,2.5,false,NaN,4
45,100.0,18,125.0,2.5,2.5,false,NaN,4
45,100.0,18,125.0,0.5,3.0,false,NaN,4
45,100.0,18,125.0,1.0,3.0,false,NaN,4
45,100.0,18,125.0,1.5,3.0,false,NaN,4
45,100.0,18,125.0,2.0,3.0,false,NaN,4
45,100.0,18,125.0,2.5,3.0,false,NaN,4
45,100.0,18,125.0,0.5,3.5,false,NaN,4
45,100.0,18,125.0,1.0,3.5,false,NaN,4
45,100.0,18,125.0,1.5,3.5,false,NaN,4
45,100.0,18,125.0,2.0,3.5,false,NaN,4
45,100.0,18,125.0,2.5,3.5,false,NaN,4
45,100.0,18,125.0,0.5,4.0,false,NaN,4
45,100.0,18,125.0,1.0,4.0,false,NaN,4
45,100.0,18,125.0,1.5,4.0,false,NaN,4
45,100.0,18,125.0,2.0,4.0,false,NaN,4
45,100.0,18,125.0,2.5,4.0,false,NaN,4
45,100.0,24,125.0,0.5,1.0,false,NaN,3
45,100.0,24,125.0,1.0,1.0,false,NaN,4
45,100.0,24,125.0,1.5,1.0,false,NaN,4
45,100.0,24,125.0,2.0,1.0,false,NaN,4
45,100.0,24,125.0,2.5,1.0,false,NaN,4
45,100.0,24,125.0,0.5,1.5,false,NaN,4
45,100.0,24,125.0,1.0,1.5,false,NaN,4
45,100.0,24,125.0,1.5,1.5,false,NaN,4
45,100.0,24,125.0,2.0,1.5,false,NaN,4
45,100.0,24,125.0,2.5,1.5,false,NaN,4
45,100.0,24,125.0,0.5,2.0,false,NaN,3
45,100.0,24,125.0,1.0,2.0,false,NaN,4
45,100.0,24,125.0,1.5,2.0,false,NaN,4
45,100.0,24,125.0,2.0,2.0,false,NaN,4
45,100.0,24,125.0,2.5,2.0,false,NaN,4
45,100.0,24,125.0,0.5,2.5,false,NaN,3
45,100.0,24,125.0,1.0,2.5,false,NaN,4
45,100.0,24,125.0,1.5,2.5,false,NaN,4
45,100.0,24,125.0,2.0,2.5,false,NaN,4
45,100.0,24,125.0,2.5,2.5,false,NaN,4
45,100.0,24,125.0,0.5,3.0,false,NaN,3
45,100.0,24,125.0,1.0,3.0,false,NaN,4
45,100.0,24,125.0,1.5,3.0,false,NaN,4
45,100.0,24,125.0,2.0,3.0,false,NaN,4
45,100.0,24,125.0,2.5,3.0,false,NaN,4
45,100.0,24,125.0,0.5,3.5,false,NaN,4
45,100.0,24,125.0,1.0,3.5,false,NaN,4
45,100.0,24,125.0,1.5,3.5,false,NaN,4
45,100.0,24,125.0,2.0,3.5,false,NaN,4
45,100.0,24,125.0,2.5,3.5,false,NaN,4
45,100.0,24,125.0,0.5,4.0,false,NaN,4
45,100.0,24,125.0,1.0,4.0,false,NaN,4
45,100.0,24,125.0,1.5,4.0,false,NaN,4
45,100.0,24,125.0,2.0,4.0,false,NaN,4
45,100.0,24,125.0,2.5,4.0,false,NaN,4
45,100.0,30,125.0,0.5,1.0,false,NaN,4
45,100.0,30,125.0,1.0,1.0,false,NaN,4
45,100.0,30,125.0,1.5,1.0,false,NaN,4
45,100.0,30,125.0,2.0,1.0,false,NaN,4
45,100.0,30,125.0,2.5,1.0,false,NaN,4
45,100.0,30,125.0,0.5,1.5,false,NaN,4
45,100.0,30,125.0,1.0,1.5,false,NaN,4
45,100.0,30,125.0,1.5,1.5,false,NaN,3
45,100.0,30,125.0,2.0,1.5,false,NaN,3
45,100.0,30,125.0,2.5,1.5,false,NaN,4
45,100.0,30,125.0,0.5,2.0,false,NaN,4
45,100.0,30,125.0,1.0,2.0,false,NaN,4
45,100.0,30,125.0,1.5,2.0,false,NaN,4
45,100.0,30,125.0,2.0,2.0,false,NaN,4
45,100.0,30,125.0,2.5,2.0,false,NaN,4
45,100.0,30,125.0,0.5,2.5,false,NaN,4
45,100.0,30,125.0,1.0,2.5,false,NaN,4
45,100.0,30,125.0,1.5,2.5,false,NaN,4
45,100.0,30,125.0,2.0,2.5,false,NaN,4
45,100.0,30,125.0,2.5,2.5,false,NaN,4
45,100.0,30,125.0,0.5,3.0,false,NaN,4
45,100.0,30,125.0,1.0,3.0,false,NaN,4
45,100.0,30,125.0,1.5,3.0,false,NaN,4
45,100.0,30,125.0,2.0,3.0,false,NaN,4
45,100.0,30,125.0,2.5,3.0,false,NaN,4
45,100.0,30,125.0,0.5,3.5,false,NaN,4
45,100.0,30,125.0,1.0,3.5,false,NaN,4
45,100.0,30,125.0,1.5,3.5,false,NaN,4
45,100.0,30,125.0,2.0,3.5,false,NaN,4
45,100.0,30,125.0,2.5,3.5,false,NaN,4
45,100.0,30,125.0,0.5,4.0,false,NaN,4
45,100.0,30,125.0,1.0,4.0,false,NaN,4
45,100.0,30,125.0,1.5,4.0,false,NaN,4
45,100.0,30,125.0,2.0,4.0,false,NaN,4
45,100.0,30,125.0,2.5,4.0,false,NaN,4
45,100.0,36,125.0,0.5,1.0,false,NaN,4
45,100.0,36,125.0,1.0,1.0,false,NaN,4
45,100.0,36,125.0,1.5,1.0,false,NaN,4
45,100.0,36,125.0,2.0,1.0,false,NaN,3
45,100.0,36,125.0,2.5,1.0,false,NaN,3
45,100.0,36,125.0,0.5,1.5,false,NaN,3
45,100.0,36,125.0,1.0,1.5,false,NaN,4
45,100.0,36,125.0,1.5,1.5,false,NaN,4
45,100.0,36,125.0,2.0,1.5,false,NaN,4
45,100.0,36,125.0,2.5,1.5,false,NaN,4
45,100.0,36,125.0,0.5,2.0,false,NaN,3
45,100.0,36,125.0,1.0,2.0,false,NaN,2
45,100.0,36,125.0,1.5,2.0,false,NaN,2
45,100.0,36,125.0,2.0,2.0,false,NaN,2
45,100.0,36,125.0,2.5,2.0,false,NaN,2
45,100.0,36,125.0,0.5,2.5,false,NaN,3
45,100.0,36,125.0,1.0,2.5,false,NaN,2
45,100.0,36,125.0,1.5,2.5,false,NaN,2
45,100.0,36,125.0,2.0,2.5,false,NaN,2
45,100.0,36,125.0,2.5,2.5,false,NaN,2
45,100.0,36,125.0,0.5,3.0,false,NaN,4
45,100.0,36,125.0,1.0,3.0,false,NaN,4
45,100.0,36,125.0,1.5,3.0,false,NaN,4
45,100.0,36,125.0,2.0,3.0,false,NaN,4
45,100.0,36,125.0,2.5,3.0,false,NaN,4
45,100.0,36,125.0,0.5,3.5,false,NaN,4
45,100.0,36,125.0,1.0,3.5,false,NaN,3
45,100.0,36,125.0,1.5,3.5,false,NaN,3
45,100.0,36,125.0,2.0,3.5,false,NaN,3
45,100.0,36,125.0,2.5,3.5,false,NaN,3
45,100.0,36,125.0,0.5,4.0,false,NaN,4
45,100.0,36,125.0,1.0,4.0,false,NaN,3
45,100.0,36,125.0,1.5,4.0,false,NaN,3
45,100.0,36,125.0,2.0,4.0,false,NaN,3
45,100.0,36,125.0,2.5,4.0,false,NaN,3
45,100.0,12,150.0,0.5,1.0,false,NaN,4
45,100.0,12,150.0,1.0,1.0,false,NaN,3
45,100.0,12,150.0,1.5,1.0,false,NaN,0
45,100.0,12,150.0,2.0,1.0,false,NaN,3
45,100.0,12,150.0,2.5,1.0,false,NaN,3
45,100.0,12,150.0,0.5,1.5,false,NaN,2
45,100.0,12,150.0,1.0,1.5,false,NaN,3
45,100.0,12,150.0,1.5,1.5,false,NaN,2
45,100.0,12,150.0,2.0,1.5,false,NaN,2
45,100.0,12,150.0,2.5,1.5,false,NaN,3
45,100.0,12,150.0,0.5,2.0,false,NaN,2
45,100.0,12,150.0,1.0,2.0,false,NaN,3
45,100.0,12,150.0,1.5,2.0,false,NaN,2
45,100.0,12,150.0,2.0,2.0,false,NaN,2
45,100.0,12,150.0,2.5,2.0,false,NaN,3
45,100.0,12,150.0,0.5,2.5,false,NaN,2
45,100.0,12,150.0,1.0,2.5,false,NaN,3
45,100.0,12,150.0,1.5,2.5,false,NaN,2
45,100.0,12,150.0,2.0,2.5,false,NaN,2
45,100.0,12,150.0,2.5,2.5,false,NaN,3
45,100.0,12,150.0,0.5,3.0,false,NaN,2
45,100.0,12,150.0,1.0,3.0,false,NaN,3
45,100.0,12,150.0,1.5,3.0,false,NaN,2
45,100.0,12,150.0,2.0,3.0,false,NaN,2
45,100.0,12,150.0,2.5,3.0,false,NaN,3
45,100.0,12,150.0,0.5,3.5,false,NaN,2
45,100.0,12,150.0,1.0,3.5,false,NaN,3
45,100.0,12,150.0,1.5,3.5,false,NaN,2
45,100.0,12,150.0,2.0,3.5,false,NaN,2
45,100.0,12,150.0,2.5,3.5,false,NaN,2
45,100.0,12,150.0,0.5,4.0,false,NaN,2
45,100.0,12,150.0,1.0,4.0,false,NaN,3
45,100.0,12,150.0,1.5,4.0,false,NaN,2
45,100.0,12,150.0,2.0,4.0,false,NaN,2
45,100.0,12,150.0,2.5,4.0,false,NaN,2
45,100.0,18,150.0,0.5,1.0,false,NaN,3
45,100.0,18,150.0,1.0,1.0,false,NaN,3
45,100.0,18,150.0,1.5,1.0,false,NaN,3
45,100.0,18,150.0,2.0,1.0,false,NaN,3
45,100.0,18,150.0,2.5,1.0,false,NaN,4
45,100.0,18,150.0,0.5,1.5,false,NaN,2
45,100.0,18,150.0,1.0,1.5,false,NaN,3
45,100.0,18,150.0,1.5,1.5,false,NaN,3
45,100.0,18,150.0,2.0,1.5,false,NaN,3
45,100.0,18,150.0,2.5,1.5,false,NaN,4
45,100.0,18,150.0,0.5,2.0,false,NaN,1
45,100.0,18,150.0,1.0,2.0,false,NaN,3
45,100.0,18,150.0,1.5,2.0,false,NaN,4
45,100.0,18,150.0,2.0,2.0,false,NaN,3
45,100.0,18,150.0,2.5,2.0,false,NaN,3
45,100.0,18,150.0,0.5,2.5,false,NaN,4
45,100.0,18,150.0,1.0,2.5,false,NaN,4
45,100.0,18,150.0,1.5,2.5,false,NaN,4
45,100.0,18,150.0,2.0,2.5,false,NaN,3
45,100.0,18,150.0,2.5,2.5,false,NaN,3
45,100.0,18,150.0,0.5,3.0,false,NaN,4
45,100.0,18,150.0,1.0,3.0,false,NaN,4
45,100.0,18,150.0,1.5,3.0,false,NaN,3
45,100.0,18,150.0,2.0,3.0,false,NaN,3
45,100.0,18,150.0,2.5,3.0,false,NaN,3
45,100.0,18,150.0,0.5,3.5,false,NaN,0
45,100.0,18,150.0,1.0,3.5,false,NaN,4
45,100.0,18,150.0,1.5,3.5,false,NaN,3
45,100.0,18,150.0,2.0,3.5,false,NaN,3
45,100.0,18,150.0,2.5,3.5,false,NaN,3
45,100.0,18,150.0,0.5,4.0,false,NaN,0
45,100.0,18,150.0,1.0,4.0,false,NaN,4
45,100.0,18,150.0,1.5,4.0,false,NaN,3
45,100.0,18,150.0,2.0,4.0,false,NaN,3
45,100.0,18,150.0,2.5,4.0,false,NaN,3
45,100.0,24,150.0,0.5,1.0,false,NaN,4
45,100.0,24,150.0,1.0,1.0,false,NaN,4
45,100.0,24,150.0,1.5,1.0,false,NaN,4
45,100.0,24,150.0,2.0,1.0,false,NaN,4
45,100.0,24,150.0,2.5,1.0,false,NaN,4
45,100.0,24,150.0,0.5,1.5,false,NaN,4
45,100.0,24,150.0,1.0,1.5,false,NaN,4
45,100.0,24,150.0,1.5,1.5,false,NaN,4
45,100.0,24,150.0,2.0,1.5,false,NaN,4
45,100.0,24,150.0,2.5,1.5,false,NaN,4
45,100.0,24,150.0,0.5,2.0,false,NaN,3
45,100.0,24,150.0,1.0,2.0,false,NaN,4
45,100.0,24,150.0,1.5,2.0,false,NaN,4
45,100.0,24,150.0,2.0,2.0,false,NaN,4
45,100.0,24,150.0,2.5,2.0,false,NaN,4
45,100.0,24,150.0,0.5,2.5,false,NaN,4
45,100.0,24,150.0,1.0,2.5,false,NaN,4
45,100.0,24,150.0,1.5,2.5,false,NaN,4
45,100.0,24,150.0,2.0,2.5,false,NaN,4
45,100.0,24,150.0,2.5,2.5,false,NaN,4
45,100.0,24,150.0,0.5,3.0,false,NaN,4
45,100.0,24,150.0,1.0,3.0,false,NaN,4
45,100.0,24,150.0,1.5,3.0,false,NaN,4
45,100.0,24,150.0,2.0,3.0,false,NaN,4
45,100.0,24,150.0,2.5,3.0,false,NaN,4
45,100.0,24,150.0,0.5,3.5,false,NaN,4
45,100.0,24,150.0,1.0,3.5,false,NaN,4
45,100.0,24,150.0,1.5,3.5,false,NaN,4
45,100.0,24,150.0,2.0,3.5,false,NaN,4
45,100.0,24,150.0,2.5,3.5,false,NaN,4
45,100.0,24,150.0,0.5,4.0,false,NaN,4
45,100.0,24,150.0,1.0,4.0,false,NaN,4
45,100.0,24,150.0,1.5,4.0,false,NaN,4
45,100.0,24,150.0,2.0,4.0,false,NaN,4
45,100.0,24,150.0,2.5,4.0,false,NaN,4
45,100.0,30,150.0,0.5,1.0,false,NaN,4
45,100.0,30,150.0,1.0,1.0,false,NaN,3
45,100.0,30,150.0,1.5,1.0,false,NaN,4
45,100.0,30,150.0,2.0,1.0,false,NaN,4
45,100.0,30,150.0,2.5,1.0,false,NaN,4
45,100.0,30,150.0,0.5,1.5,false,NaN,4
45,100.0,30,150.0,1.0,1.5,false,NaN,3
45,100.0,30,150.0,1.5,1.5,false,NaN,4
45,100.0,30,150.0,2.0,1.5,false,NaN,4
45,100.0,30,150.0,2.5,1.5,false,NaN,4
45,100.0,30,150.0,0.5,2.0,false,NaN,4
45,100.0,30,150.0,1.0,2.0,false,NaN,3
45,100.0,30,150.0,1.5,2.0,false,NaN,4
45,100.0,30,150.0,2.0,2.0,false,NaN,4
45,100.0,30,150.0,2.5,2.0,false,NaN,4
45,100.0,30,150.0,0.5,2.5,false,NaN,4
45,100.0,30,150.0,1.0,2.5,false,NaN,3
45,100.0,30,150.0,1.5,2.5,false,NaN,4
45,100.0,30,150.0,2.0,2.5,false,NaN,4
45,100.0,30,150.0,2.5,2.5,false,NaN,4
45,100.0,30,150.0,0.5,3.0,false,NaN,4
45,100.0,30,150.0,1.0,3.0,false,NaN,3
45,100.0,30,150.0,1.5,3.0,false,NaN,4
45,100.0,30,150.0,2.0,3.0,false,NaN,4
45,100.0,30,150.0,2.5,3.0,false,NaN,4
45,100.0,30,150.0,0.5,3.5,false,NaN,4
45,100.0,30,150.0,1.0,3.5,false,NaN,3
45,100.0,30,150.0,1.5,3.5,false,NaN,4
45,100.0,30,150.0,2.0,3.5,false,NaN,4
45,100.0,30,150.0,2.5,3.5,false,NaN,4
45,100.0,30,150.0,0.5,4.0,false,NaN,4
45,100.0,30,150.0,1.0,4.0,false,NaN,4
45,100.0,30,150.0,1.5,4.0,false,NaN,4
45,100.0,30,150.0,2.0,4.0,false,NaN,4
45,100.0,30,150.0,2.5,4.0,false,NaN,4
45,100.0,36,150.0,0.5,1.0,false,NaN,2
45,100.0,36,150.0,1.0,1.0,false,NaN,3
45,100.0,36,150.0,1.5,1.0,false,NaN,4
45,100.0,36,150.0,2.0,1.0,false,NaN,4
45,100.0,36,150.0,2.5,1.0,false,NaN,4
45,100.0,36,150.0,0.5,1.5,false,NaN,1
45,100.0,36,150.0,1.0,1.5,false,NaN,3
45,100.0,36,150.0,1.5,1.5,false,NaN,4
45,100.0,36,150.0,2.0,1.5,false,NaN,4
45,100.0,36,150.0,2.5,1.5,false,NaN,4
45,100.0,36,150.0,0.5,2.0,false,NaN,1
45,100.0,36,150.0,1.0,2.0,false,NaN,3
45,100.0,36,150.0,1.5,2.0,false,NaN,4
45,100.0,36,150.0,2.0,2.0,false,NaN,4
45,100.0,36,150.0,2.5,2.0,false,NaN,4
45,100.0,36,150.0,0.5,2.5,false,NaN,1
45,100.0,36,150.0,1.0,2.5,false,NaN,3
45,100.0,36,150.0,1.5,2.5,false,NaN,4
45,100.0,36,150.0,2.0,2.5,false,NaN,4
45,100.0,36,150.0,2.5,2.5,false,NaN,4
45,100.0,36,150.0,0.5,3.0,false,NaN,1
45,100.0,36,150.0,1.0,3.0,false,NaN,1
45,100.0,36,150.0,1.5,3.0,false,NaN,4
45,100.0,36,150.0,2.0,3.0,false,NaN,4
45,100.0,36,150.0,2.5,3.0,false,NaN,4
45,100.0,36,150.0,0.5,3.5,false,NaN,1
45,100.0,36,150.0,1.0,3.5,false,NaN,1
45,100.0,36,150.0,1.5,3.5,false,NaN,4
45,100.0,36,150.0,2.0,3.5,false,NaN,4
45,100.0,36,150.0,2.5,3.5,false,NaN,4
45,100.0,36,150.0,0.5,4.0,false,NaN,1
45,100.0,36,150.0,1.0,4.0,false,NaN,1
45,100.0,36,150.0,1.5,4.0,false,NaN,4
45,100.0,36,150.0,2.0,4.0,false,NaN,4
45,100.0,36,150.0,2.5,4.0,false,NaN,4
46,100.0,12,50.0,0.5,1.0,false,NaN,4
46,100.0,12,50.0,1.0,1.0,false,NaN,1
46,100.0,12,50.0,1.5,1.0,false,NaN,3
46,100.0,12,50.0,2.0,1.0,false,NaN,3
46,100.0,12,50.0,2.5,1.0,false,NaN,2
46,100.0,12,50.0,0.5,1.5,false,NaN,2
46,100.0,12,50.0,1.0,1.5,true,80.0011618886691,5
46,100.0,12,50.0,1.5,1.5,false,NaN,1
46,100.0,12,50.0,2.0,1.5,false,NaN,2
46,100.0,12,50.0,2.5,1.5,false,NaN,4
46,100.0,12,50.0,0.5,2.0,false,NaN,2
46,100.0,12,50.0,1.0,2.0,false,NaN,4
46,100.0,12,50.0,1.5,2.0,false,NaN,2
46,100.0,12,50.0,2.0,2.0,false,NaN,2
46,100.0,12,50.0,2.5,2.0,false,NaN,1
46,100.0,12,50.0,0.5,2.5,false,NaN,1
46,100.0,12,50.0,1.0,2.5,false,NaN,1
46,100.0,12,50.0,1.5,2.5,false,NaN,1
46,100.0,12,50.0,2.0,2.5,false,NaN,2
46,100.0,12,50.0,2.5,2.5,false,NaN,3
46,100.0,12,50.0,0.5,3.0,false,NaN,1
46,100.0,12,50.0,1.0,3.0,false,NaN,2
46,100.0,12,50.0,1.5,3.0,false,NaN,2
46,100.0,12,50.0,2.0,3.0,false,NaN,2
46,100.0,12,50.0,2.5,3.0,true,98.98572164508926,5
46,100.0,12,50.0,0.5,3.5,false,NaN,0
46,100.0,12,50.0,1.0,3.5,false,NaN,0
46,100.0,12,50.0,1.5,3.5,true,74.10618077919284,5
46,100.0,12,50.0,2.0,3.5,false,NaN,2
46,100.0,12,50.0,2.5,3.5,false,NaN,3
46,100.0,12,50.0,0.5,4.0,false,NaN,0
46,100.0,12,50.0,1.0,4.0,false,NaN,1
46,100.0,12,50.0,1.5,4.0,false,NaN,3
46,100.0,12,50.0,2.0,4.0,false,NaN,4
46,100.0,12,50.0,2.5,4.0,false,NaN,2
46,100.0,18,50.0,0.5,1.0,false,NaN,2
46,100.0,18,50.0,1.0,1.0,false,NaN,3
46,100.0,18,50.0,1.5,1.0,false,NaN,4
46,100.0,18,50.0,2.0,1.0,false,NaN,3
46,100.0,18,50.0,2.5,1.0,false,NaN,3
46,100.0,18,50.0,0.5,1.5,false,NaN,2
46,100.0,18,50.0,1.0,1.5,false,NaN,2
46,100.0,18,50.0,1.5,1.5,false,NaN,2
46,100.0,18,50.0,2.0,1.5,true,38.80142844446218,5
46,100.0,18,50.0,2.5,1.5,true,60.685745862897576,5
46,100.0,18,50.0,0.5,2.0,false,NaN,3
46,100.0,18,50.0,1.0,2.0,false,NaN,3
46,100.0,18,50.0,1.5,2.0,false,NaN,2
46,100.0,18,50.0,2.0,2.0,true,81.70519442919387,5
46,100.0,18,50.0,2.5,2.0,false,NaN,2
46,100.0,18,50.0,0.5,2.5,false,NaN,3
46,100.0,18,50.0,1.0,2.5,false,NaN,3
46,100.0,18,50.0,1.5,2.5,false,NaN,1
46,100.0,18,50.0,2.0,2.5,false,NaN,2
46,100.0,18,50.0,2.5,2.5,false,NaN,2
46,100.0,18,50.0,0.5,3.0,false,NaN,3
46,100.0,18,50.0,1.0,3.0,true,39.7083917765932,5
46,100.0,18,50.0,1.5,3.0,false,NaN,3
46,100.0,18,50.0,2.0,3.0,false,NaN,3
46,100.0,18,50.0,2.5,3.0,false,NaN,3
46,100.0,18,50.0,0.5,3.5,false,NaN,4
46,100.0,18,50.0,1.0,3.5,false,NaN,3
46,100.0,18,50.0,1.5,3.5,false,NaN,2
46,100.0,18,50.0,2.0,3.5,false,NaN,2
46,100.0,18,50.0,2.5,3.5,false,NaN,2
46,100.0,18,50.0,0.5,4.0,false,NaN,2
46,100.0,18,50.0,1.0,4.0,false,NaN,2
46,100.0,18,50.0,1.5,4.0,false,NaN,2
46,100.0,18,50.0,2.0,4.0,false,NaN,4
46,100.0,18,50.0,2.5,4.0,false,NaN,2
46,100.0,24,50.0,0.5,1.0,true,88.8848807502817,5
46,100.0,24,50.0,1.0,1.0,true,87.40766547788094,5
46,100.0,24,50.0,1.5,1.0,false,NaN,3
46,100.0,24,50.0,2.0,1.0,false,NaN,1
46,100.0,24,50.0,2.5,1.0,false,NaN,4
46,100.0,24,50.0,0.5,1.5,false,NaN,1
46,100.0,24,50.0,1.0,1.5,false,NaN,3
46,100.0,24,50.0,1.5,1.5,false,NaN,2
46,100.0,24,50.0,2.0,1.5,false,NaN,3
46,100.0,24,50.0,2.5,1.5,false,NaN,3
46,100.0,24,50.0,0.5,2.0,false,NaN,2
46,100.0,24,50.0,1.0,2.0,false,NaN,1
46,100.0,24,50.0,1.5,2.0,false,NaN,3
46,100.0,24,50.0,2.0,2.0,false,NaN,3
46,100.0,24,50.0,2.5,2.0,false,NaN,3
46,100.0,24,50.0,0.5,2.5,false,NaN,3
46,100.0,24,50.0,1.0,2.5,false,NaN,2
46,100.0,24,50.0,1.5,2.5,false,NaN,3
46,100.0,24,50.0,2.0,2.5,false,NaN,1
46,100.0,24,50.0,2.5,2.5,false,NaN,3
46,100.0,24,50.0,0.5,3.0,false,NaN,3
46,100.0,24,50.0,1.0,3.0,false,NaN,3
46,100.0,24,50.0,1.5,3.0,false,NaN,2
46,100.0,24,50.0,2.0,3.0,false,NaN,1
46,100.0,24,50.0,2.5,3.0,false,NaN,3
46,100.0,24,50.0,0.5,3.5,false,NaN,3
46,100.0,24,50.0,1.0,3.5,false,NaN,4
46,100.0,24,50.0,1.5,3.5,false,NaN,3
46,100.0,24,50.0,2.0,3.5,false,NaN,2
46,100.0,24,50.0,2.5,3.5,false,NaN,3
46,100.0,24,50.0,0.5,4.0,false,NaN,2
46,100.0,24,50.0,1.0,4.0,false,NaN,3
46,100.0,24,50.0,1.5,4.0,false,NaN,3
46,100.0,24,50.0,2.0,4.0,false,NaN,3
46,100.0,24,50.0,2.5,4.0,true,80.3032823379827,5
46,100.0,30,50.0,0.5,1.0,false,NaN,3
46,100.0,30,50.0,1.0,1.0,false,NaN,3
46,100.0,30,50.0,1.5,1.0,false,NaN,3
46,100.0,30,50.0,2.0,1.0,false,NaN,4
46,100.0,30,50.0,2.5,1.0,false,NaN,4
46,100.0,30,50.0,0.5,1.5,false,NaN,3
46,100.0,30,50.0,1.0,1.5,false,NaN,4
46,100.0,30,50.0,1.5,1.5,false,NaN,4
46,100.0,30,50.0,2.0,1.5,false,NaN,4
46,100.0,30,50.0,2.5,1.5,false,NaN,4
46,100.0,30,50.0,0.5,2.0,false,NaN,4
46,100.0,30,50.0,1.0,2.0,true,62.16999610483848,5
46,100.0,30,50.0,1.5,2.0,false,NaN,3
46,100.0,30,50.0,2.0,2.0,false,NaN,2
46,100.0,30,50.0,2.5,2.0,false,NaN,3
46,100.0,30,50.0,0.5,2.5,false,NaN,4
46,100.0,30,50.0,1.0,2.5,false,NaN,3
46,100.0,30,50.0,1.5,2.5,true,35.47241205880808,5
46,100.0,30,50.0,2.0,2.5,true,92.79389494206595,5
46,100.0,30,50.0,2.5,2.5,false,NaN,4
46,100.0,30,50.0,0.5,3.0,false,NaN,2
46,100.0,30,50.0,1.0,3.0,false,NaN,3
46,100.0,30,50.0,1.5,3.0,false,NaN,4
46,100.0,30,50.0,2.0,3.0,false,NaN,3
46,100.0,30,50.0,2.5,3.0,false,NaN,3
46,100.0,30,50.0,0.5,3.5,false,NaN,3
46,100.0,30,50.0,1.0,3.5,false,NaN,3
46,100.0,30,50.0,1.5,3.5,false,NaN,3
46,100.0,30,50.0,2.0,3.5,false,NaN,4
46,100.0,30,50.0,2.5,3.5,false,NaN,4
46,100.0,30,50.0,0.5,4.0,false,NaN,2
46,100.0,30,50.0,1.0,4.0,false,NaN,3
46,100.0,30,50.0,1.5,4.0,false,NaN,2
46,100.0,30,50.0,2.0,4.0,false,NaN,3
46,100.0,30,50.0,2.5,4.0,true,46.06725114343962,5
46,100.0,36,50.0,0.5,1.0,false,NaN,2
46,100.0,36,50.0,1.0,1.0,true,69.79390053708201,5
46,100.0,36,50.0,1.5,1.0,false,NaN,4
46,100.0,36,50.0,2.0,1.0,false,NaN,2
46,100.0,36,50.0,2.5,1.0,false,NaN,3
46,100.0,36,50.0,0.5,1.5,false,NaN,4
46,100.0,36,50.0,1.0,1.5,true,89.02725354729702,5
46,100.0,36,50.0,1.5,1.5,false,NaN,2
46,100.0,36,50.0,2.0,1.5,true,41.01126473141624,5
46,100.0,36,50.0,2.5,1.5,false,NaN,3
46,100.0,36,50.0,0.5,2.0,false,NaN,2
46,100.0,36,50.0,1.0,2.0,false,NaN,2
46,100.0,36,50.0,1.5,2.0,false,NaN,1
46,100.0,36,50.0,2.0,2.0,false,NaN,3
46,100.0,36,50.0,2.5,2.0,false,NaN,2
46,100.0,36,50.0,0.5,2.5,false,NaN,3
46,100.0,36,50.0,1.0,2.5,false,NaN,1
46,100.0,36,50.0,1.5,2.5,false,NaN,1
46,100.0,36,50.0,2.0,2.5,false,NaN,3
46,100.0,36,50.0,2.5,2.5,false,NaN,3
46,100.0,36,50.0,0.5,3.0,false,NaN,3
46,100.0,36,50.0,1.0,3.0,false,NaN,3
46,100.0,36,50.0,1.5,3.0,false,NaN,2
46,100.0,36,50.0,2.0,3.0,false,NaN,2
46,100.0,36,50.0,2.5,3.0,false,NaN,1
46,100.0,36,50.0,0.5,3.5,false,NaN,2
46,100.0,36,50.0,1.0,3.5,false,NaN,4
46,100.0,36,50.0,1.5,3.5,false,NaN,3
46,100.0,36,50.0,2.0,3.5,false,NaN,2
46,100.0,36,50.0,2.5,3.5,false,NaN,3
46,100.0,36,50.0,0.5,4.0,false,NaN,4
46,100.0,36,50.0,1.0,4.0,false,NaN,2
46,100.0,36,50.0,1.5,4.0,false,NaN,2
46,100.0,36,50.0,2.0,4.0,false,NaN,2
46,100.0,36,50.0,2.5,4.0,false,NaN,3
46,100.0,12,75.0,0.5,1.0,false,NaN,2
46,100.0,12,75.0,1.0,1.0,false,NaN,2
46,100.0,12,75.0,1.5,1.0,false,NaN,3
46,100.0,12,75.0,2.0,1.0,false,NaN,3
46,100.0,12,75.0,2.5,1.0,false,NaN,2
46,100.0,12,75.0,0.5,1.5,false,NaN,2
46,100.0,12,75.0,1.0,1.5,false,NaN,2
46,100.0,12,75.0,1.5,1.5,false,NaN,4
46,100.0,12,75.0,2.0,1.5,false,NaN,2
46,100.0,12,75.0,2.5,1.5,false,NaN,3
46,100.0,12,75.0,0.5,2.0,false,NaN,2
46,100.0,12,75.0,1.0,2.0,false,NaN,2
46,100.0,12,75.0,1.5,2.0,false,NaN,2
46,100.0,12,75.0,2.0,2.0,false,NaN,2
46,100.0,12,75.0,2.5,2.0,false,NaN,2
46,100.0,12,75.0,0.5,2.5,false,NaN,2
46,100.0,12,75.0,1.0,2.5,false,NaN,2
46,100.0,12,75.0,1.5,2.5,false,NaN,2
46,100.0,12,75.0,2.0,2.5,false,NaN,2
46,100.0,12,75.0,2.5,2.5,false,NaN,2
46,100.0,12,75.0,0.5,3.0,false,NaN,2
46,100.0,12,75.0,1.0,3.0,false,NaN,2
46,100.0,12,75.0,1.5,3.0,false,NaN,2
46,100.0,12,75.0,2.0,3.0,false,NaN,4
46,100.0,12,75.0,2.5,3.0,false,NaN,4
46,100.0,12,75.0,0.5,3.5,false,NaN,2
46,100.0,12,75.0,1.0,3.5,false,NaN,2
46,100.0,12,75.0,1.5,3.5,false,NaN,2
46,100.0,12,75.0,2.0,3.5,false,NaN,2
46,100.0,12,75.0,2.5,3.5,false,NaN,2
46,100.0,12,75.0,0.5,4.0,false,NaN,2
46,100.0,12,75.0,1.0,4.0,false,NaN,2
46,100.0,12,75.0,1.5,4.0,false,NaN,2
46,100.0,12,75.0,2.0,4.0,false,NaN,2
46,100.0,12,75.0,2.5,4.0,false,NaN,2
46,100.0,18,75.0,0.5,1.0,false,NaN,2
46,100.0,18,75.0,1.0,1.0,false,NaN,2
46,100.0,18,75.0,1.5,1.0,false,NaN,3
46,100.0,18,75.0,2.0,1.0,false,NaN,3
46,100.0,18,75.0,2.5,1.0,false,NaN,3
46,100.0,18,75.0,0.5,1.5,false,NaN,2
46,100.0,18,75.0,1.0,1.5,false,NaN,3
46,100.0,18,75.0,1.5,1.5,false,NaN,4
46,100.0,18,75.0,2.0,1.5,false,NaN,4
46,100.0,18,75.0,2.5,1.5,false,NaN,2
46,100.0,18,75.0,0.5,2.0,false,NaN,2
46,100.0,18,75.0,1.0,2.0,false,NaN,4
46,100.0,18,75.0,1.5,2.0,false,NaN,2
46,100.0,18,75.0,2.0,2.0,false,NaN,4
46,100.0,18,75.0,2.5,2.0,false,NaN,4
46,100.0,18,75.0,0.5,2.5,true,83.39167922306547,5
46,100.0,18,75.0,1.0,2.5,true,65.96087315923631,5
46,100.0,18,75.0,1.5,2.5,true,56.77260554413761,5
46,100.0,18,75.0,2.0,2.5,false,NaN,4
46,100.0,18,75.0,2.5,2.5,false,NaN,4
46,100.0,18,75.0,0.5,3.0,true,83.39167922306547,5
46,100.0,18,75.0,1.0,3.0,true,56.77260554413761,5
46,100.0,18,75.0,1.5,3.0,true,56.77260554413761,5
46,100.0,18,75.0,2.0,3.0,false,NaN,2
46,100.0,18,75.0,2.5,3.0,false,NaN,2
46,100.0,18,75.0,0.5,3.5,true,88.11151499142679,5
46,100.0,18,75.0,1.0,3.5,true,56.77260554413761,5
46,100.0,18,75.0,1.5,3.5,false,NaN,2
46,100.0,18,75.0,2.0,3.5,false,NaN,2
46,100.0,18,75.0,2.5,3.5,false,NaN,2
46,100.0,18,75.0,0.5,4.0,true,88.11151499142679,5
46,100.0,18,75.0,1.0,4.0,false,NaN,2
46,100.0,18,75.0,1.5,4.0,false,NaN,2
46,100.0,18,75.0,2.0,4.0,false,NaN,2
46,100.0,18,75.0,2.5,4.0,false,NaN,3
46,100.0,24,75.0,0.5,1.0,false,NaN,1
46,100.0,24,75.0,1.0,1.0,false,NaN,3
46,100.0,24,75.0,1.5,1.0,false,NaN,2
46,100.0,24,75.0,2.0,1.0,false,NaN,2
46,100.0,24,75.0,2.5,1.0,false,NaN,3
46,100.0,24,75.0,0.5,1.5,false,NaN,2
46,100.0,24,75.0,1.0,1.5,false,NaN,2
46,100.0,24,75.0,1.5,1.5,false,NaN,3
46,100.0,24,75.0,2.0,1.5,false,NaN,2
46,100.0,24,75.0,2.5,1.5,false,NaN,2
46,100.0,24,75.0,0.5,2.0,false,NaN,2
46,100.0,24,75.0,1.0,2.0,false,NaN,4
46,100.0,24,75.0,1.5,2.0,false,NaN,2
46,100.0,24,75.0,2.0,2.0,false,NaN,2
46,100.0,24,75.0,2.5,2.0,false,NaN,2
46,100.0,24,75.0,0.5,2.5,false,NaN,2
46,100.0,24,75.0,1.0,2.5,false,NaN,2
46,100.0,24,75.0,1.5,2.5,false,NaN,2
46,100.0,24,75.0,2.0,2.5,false,NaN,2
46,100.0,24,75.0,2.5,2.5,false,NaN,2
46,100.0,24,75.0,0.5,3.0,false,NaN,4
46,100.0,24,75.0,1.0,3.0,false,NaN,2
46,100.0,24,75.0,1.5,3.0,false,NaN,2
46,100.0,24,75.0,2.0,3.0,false,NaN,2
46,100.0,24,75.0,2.5,3.0,false,NaN,2
46,100.0,24,75.0,0.5,3.5,false,NaN,3
46,100.0,24,75.0,1.0,3.5,false,NaN,3
46,100.0,24,75.0,1.5,3.5,false,NaN,3
46,100.0,24,75.0,2.0,3.5,false,NaN,3
46,100.0,24,75.0,2.5,3.5,false,NaN,3
46,100.0,24,75.0,0.5,4.0,false,NaN,2
46,100.0,24,75.0,1.0,4.0,false,NaN,2
46,100.0,24,75.0,1.5,4.0,false,NaN,2
46,100.0,24,75.0,2.0,4.0,false,NaN,2
46,100.0,24,75.0,2.5,4.0,false,NaN,2
46,100.0,30,75.0,0.5,1.0,false,NaN,2
46,100.0,30,75.0,1.0,1.0,false,NaN,2
46,100.0,30,75.0,1.5,1.0,false,NaN,2
46,100.0,30,75.0,2.0,1.0,false,NaN,2
46,100.0,30,75.0,2.5,1.0,false,NaN,2
46,100.0,30,75.0,0.5,1.5,false,NaN,3
46,100.0,30,75.0,1.0,1.5,false,NaN,2
46,100.0,30,75.0,1.5,1.5,false,NaN,1
46,100.0,30,75.0,2.0,1.5,false,NaN,2
46,100.0,30,75.0,2.5,1.5,false,NaN,2
46,100.0,30,75.0,0.5,2.0,false,NaN,2
46,100.0,30,75.0,1.0,2.0,false,NaN,2
46,100.0,30,75.0,1.5,2.0,false,NaN,2
46,100.0,30,75.0,2.0,2.0,false,NaN,2
46,100.0,30,75.0,2.5,2.0,false,NaN,2
46,100.0,30,75.0,0.5,2.5,false,NaN,1
46,100.0,30,75.0,1.0,2.5,false,NaN,2
46,100.0,30,75.0,1.5,2.5,false,NaN,2
46,100.0,30,75.0,2.0,2.5,false,NaN,2
46,100.0,30,75.0,2.5,2.5,false,NaN,2
46,100.0,30,75.0,0.5,3.0,false,NaN,1
46,100.0,30,75.0,1.0,3.0,false,NaN,2
46,100.0,30,75.0,1.5,3.0,false,NaN,2
46,100.0,30,75.0,2.0,3.0,false,NaN,2
46,100.0,30,75.0,2.5,3.0,false,NaN,2
46,100.0,30,75.0,0.5,3.5,false,NaN,2
46,100.0,30,75.0,1.0,3.5,false,NaN,2
46,100.0,30,75.0,1.5,3.5,false,NaN,2
46,100.0,30,75.0,2.0,3.5,false,NaN,2
46,100.0,30,75.0,2.5,3.5,false,NaN,2
46,100.0,30,75.0,0.5,4.0,false,NaN,2
46,100.0,30,75.0,1.0,4.0,false,NaN,2
46,100.0,30,75.0,1.5,4.0,false,NaN,2
46,100.0,30,75.0,2.0,4.0,false,NaN,2
46,100.0,30,75.0,2.5,4.0,false,NaN,2
46,100.0,36,75.0,0.5,1.0,false,NaN,3
46,100.0,36,75.0,1.0,1.0,false,NaN,1
46,100.0,36,75.0,1.5,1.0,false,NaN,1
46,100.0,36,75.0,2.0,1.0,false,NaN,2
46,100.0,36,75.0,2.5,1.0,false,NaN,1
46,100.0,36,75.0,0.5,1.5,false,NaN,2
46,100.0,36,75.0,1.0,1.5,true,85.27461873730203,5
46,100.0,36,75.0,1.5,1.5,false,NaN,2
46,100.0,36,75.0,2.0,1.5,true,85.13909359432648,5
46,100.0,36,75.0,2.5,1.5,false,NaN,2
46,100.0,36,75.0,0.5,2.0,true,97.61284879893513,5
46,100.0,36,75.0,1.0,2.0,false,NaN,4
46,100.0,36,75.0,1.5,2.0,true,95.85253835838553,5
46,100.0,36,75.0,2.0,2.0,false,NaN,4
46,100.0,36,75.0,2.5,2.0,false,NaN,2
46,100.0,36,75.0,0.5,2.5,true,84.7844537799906,5
46,100.0,36,75.0,1.0,2.5,false,NaN,4
46,100.0,36,75.0,1.5,2.5,false,NaN,3
46,100.0,36,75.0,2.0,2.5,false,NaN,4
46,100.0,36,75.0,2.5,2.5,true,76.42588015960422,5
46,100.0,36,75.0,0.5,3.0,true,80.83801276606422,5
46,100.0,36,75.0,1.0,3.0,false,NaN,2
46,100.0,36,75.0,1.5,3.0,false,NaN,4
46,100.0,36,75.0,2.0,3.0,false,NaN,3
46,100.0,36,75.0,2.5,3.0,true,76.42588015960422,5
46,100.0,36,75.0,0.5,3.5,true,72.30815473781429,5
46,100.0,36,75.0,1.0,3.5,false,NaN,2
46,100.0,36,75.0,1.5,3.5,false,NaN,2
46,100.0,36,75.0,2.0,3.5,false,NaN,4
46,100.0,36,75.0,2.5,3.5,false,NaN,3
46,100.0,36,75.0,0.5,4.0,false,NaN,4
46,100.0,36,75.0,1.0,4.0,false,NaN,3
46,100.0,36,75.0,1.5,4.0,false,NaN,2
46,100.0,36,75.0,2.0,4.0,false,NaN,4
46,100.0,36,75.0,2.5,4.0,false,NaN,4
46,100.0,12,100.0,0.5,1.0,false,NaN,4
46,100.0,12,100.0,1.0,1.0,false,NaN,4
46,100.0,12,100.0,1.5,1.0,false,NaN,4
46,100.0,12,100.0,2.0,1.0,false,NaN,4
46,100.0,12,100.0,2.5,1.0,false,NaN,4
46,100.0,12,100.0,0.5,1.5,false,NaN,3
46,100.0,12,100.0,1.0,1.5,false,NaN,3
46,100.0,12,100.0,1.5,1.5,false,NaN,3
46,100.0,12,100.0,2.0,1.5,false,NaN,3
46,100.0,12,100.0,2.5,1.5,false,NaN,3
46,100.0,12,100.0,0.5,2.0,false,NaN,3
46,100.0,12,100.0,1.0,2.0,false,NaN,3
46,100.0,12,100.0,1.5,2.0,false,NaN,3
46,100.0,12,100.0,2.0,2.0,false,NaN,3
46,100.0,12,100.0,2.5,2.0,false,NaN,3
46,100.0,12,100.0,0.5,2.5,false,NaN,3
46,100.0,12,100.0,1.0,2.5,false,NaN,3
46,100.0,12,100.0,1.5,2.5,false,NaN,3
46,100.0,12,100.0,2.0,2.5,false,NaN,3
46,100.0,12,100.0,2.5,2.5,false,NaN,3
46,100.0,12,100.0,0.5,3.0,false,NaN,3
46,100.0,12,100.0,1.0,3.0,false,NaN,3
46,100.0,12,100.0,1.5,3.0,false,NaN,3
46,100.0,12,100.0,2.0,3.0,false,NaN,3
46,100.0,12,100.0,2.5,3.0,false,NaN,3
46,100.0,12,100.0,0.5,3.5,false,NaN,3
46,100.0,12,100.0,1.0,3.5,false,NaN,3
46,100.0,12,100.0,1.5,3.5,false,NaN,3
46,100.0,12,100.0,2.0,3.5,false,NaN,3
46,100.0,12,100.0,2.5,3.5,false,NaN,3
46,100.0,12,100.0,0.5,4.0,false,NaN,3
46,100.0,12,100.0,1.0,4.0,false,NaN,3
46,100.0,12,100.0,1.5,4.0,false,NaN,3
46,100.0,12,100.0,2.0,4.0,false,NaN,3
46,100.0,12,100.0,2.5,4.0,false,NaN,3
46,100.0,18,100.0,0.5,1.0,false,NaN,4
46,100.0,18,100.0,1.0,1.0,true,60.40571501952756,5
46,100.0,18,100.0,1.5,1.0,true,61.76105730811648,5
46,100.0,18,100.0,2.0,1.0,true,61.76105730811648,5
46,100.0,18,100.0,2.5,1.0,true,61.76105730811648,5
46,100.0,18,100.0,0.5,1.5,true,69.2684198554854,5
46,100.0,18,100.0,1.0,1.5,true,43.66496909970643,5
46,100.0,18,100.0,1.5,1.5,true,43.66496909970643,5
46,100.0,18,100.0,2.0,1.5,true,43.66496909970643,5
46,100.0,18,100.0,2.5,1.5,true,43.66496909970643,5
46,100.0,18,100.0,0.5,2.0,true,50.84943046616724,5
46,100.0,18,100.0,1.0,2.0,true,38.62912944541724,5
46,100.0,18,100.0,1.5,2.0,true,38.62912944541724,5
46,100.0,18,100.0,2.0,2.0,true,38.62912944541724,5
46,100.0,18,100.0,2.5,2.0,true,38.62912944541724,5
46,100.0,18,100.0,0.5,2.5,false,NaN,4
46,100.0,18,100.0,1.0,2.5,true,72.78458413840829,5
46,100.0,18,100.0,1.5,2.5,true,38.62912944541724,5
46,100.0,18,100.0,2.0,2.5,true,38.62912944541724,5
46,100.0,18,100.0,2.5,2.5,true,38.62912944541724,5
46,100.0,18,100.0,0.5,3.0,false,NaN,4
46,100.0,18,100.0,1.0,3.0,false,NaN,4
46,100.0,18,100.0,1.5,3.0,true,38.62912944541724,5
46,100.0,18,100.0,2.0,3.0,true,38.62912944541724,5
46,100.0,18,100.0,2.5,3.0,true,38.62912944541724,5
46,100.0,18,100.0,0.5,3.5,false,NaN,4
46,100.0,18,100.0,1.0,3.5,false,NaN,4
46,100.0,18,100.0,1.5,3.5,true,38.62912944541724,5
46,100.0,18,100.0,2.0,3.5,true,38.62912944541724,5
46,100.0,18,100.0,2.5,3.5,true,38.62912944541724,5
46,100.0,18,100.0,0.5,4.0,false,NaN,4
46,100.0,18,100.0,1.0,4.0,false,NaN,4
46,100.0,18,100.0,1.5,4.0,true,38.62912944541724,5
46,100.0,18,100.0,2.0,4.0,true,38.62912944541724,5
46,100.0,18,100.0,2.5,4.0,true,38.62912944541724,5
46,100.0,24,100.0,0.5,1.0,true,46.78037379596226,5
46,100.0,24,100.0,1.0,1.0,true,46.78037379596226,5
46,100.0,24,100.0,1.5,1.0,true,45.85870432851148,5
46,100.0,24,100.0,2.0,1.0,true,45.85870432851148,5
46,100.0,24,100.0,2.5,1.0,true,45.85870432851148,5
46,100.0,24,100.0,0.5,1.5,true,59.756822769933905,5
46,100.0,24,100.0,1.0,1.5,true,57.60958561801713,5
46,100.0,24,100.0,1.5,1.5,true,57.60958561801713,5
46,100.0,24,100.0,2.0,1.5,true,57.60958561801713,5
46,100.0,24,100.0,2.5,1.5,true,57.60958561801713,5
46,100.0,24,100.0,0.5,2.0,true,73.86874363473422,5
46,100.0,24,100.0,1.0,2.0,true,73.86874363473422,5
46,100.0,24,100.0,1.5,2.0,true,73.86874363473422,5
46,100.0,24,100.0,2.0,2.0,true,73.86874363473422,5
46,100.0,24,100.0,2.5,2.0,true,73.86874363473422,5
46,100.0,24,100.0,0.5,2.5,true,55.43595877135661,5
46,100.0,24,100.0,1.0,2.5,true,55.43595877135661,5
46,100.0,24,100.0,1.5,2.5,true,55.43595877135661,5
46,100.0,24,100.0,2.0,2.5,true,55.43595877135661,5
46,100.0,24,100.0,2.5,2.5,true,55.43595877135661,5
46,100.0,24,100.0,0.5,3.0,true,53.64511938479686,5
46,100.0,24,100.0,1.0,3.0,true,53.64511938479686,5
46,100.0,24,100.0,1.5,3.0,true,53.64511938479686,5
46,100.0,24,100.0,2.0,3.0,true,53.64511938479686,5
46,100.0,24,100.0,2.5,3.0,true,53.64511938479686,5
46,100.0,24,100.0,0.5,3.5,true,53.64511938479686,5
46,100.0,24,100.0,1.0,3.5,true,53.64511938479686,5
46,100.0,24,100.0,1.5,3.5,true,53.64511938479686,5
46,100.0,24,100.0,2.0,3.5,true,53.64511938479686,5
46,100.0,24,100.0,2.5,3.5,true,53.64511938479686,5
46,100.0,24,100.0,0.5,4.0,true,53.64511938479686,5
46,100.0,24,100.0,1.0,4.0,true,53.64511938479686,5
46,100.0,24,100.0,1.5,4.0,true,53.64511938479686,5
46,100.0,24,100.0,2.0,4.0,true,53.64511938479686,5
46,100.0,24,100.0,2.5,4.0,true,53.64511938479686,5
46,100.0,30,100.0,0.5,1.0,false,NaN,4
46,100.0,30,100.0,1.0,1.0,false,NaN,4
46,100.0,30,100.0,1.5,1.0,false,NaN,4
46,100.0,30,100.0,2.0,1.0,false,NaN,3
46,100.0,30,100.0,2.5,1.0,false,NaN,3
46,100.0,30,100.0,0.5,1.5,false,NaN,3
46,100.0,30,100.0,1.0,1.5,false,NaN,4
46,100.0,30,100.0,1.5,1.5,true,85.05030720282387,5
46,100.0,30,100.0,2.0,1.5,true,86.1414963026227,5
46,100.0,30,100.0,2.5,1.5,true,92.54826632843404,5
46,100.0,30,100.0,0.5,2.0,true,85.90312504371467,5
46,100.0,30,100.0,1.0,2.0,true,91.45005595290083,5
46,100.0,30,100.0,1.5,2.0,true,91.45005595290083,5
46,100.0,30,100.0,2.0,2.0,true,84.38777614564059,5
46,100.0,30,100.0,2.5,2.0,true,84.38777614564059,5
46,100.0,30,100.0,0.5,2.5,true,81.8417941054143,5
46,100.0,30,100.0,1.0,2.5,true,93.18038214766742,5
46,100.0,30,100.0,1.5,2.5,true,84.38777614564059,5
46,100.0,30,100.0,2.0,2.5,true,84.38777614564059,5
46,100.0,30,100.0,2.5,2.5,true,84.38777614564059,5
46,100.0,30,100.0,0.5,3.0,true,91.42227764853683,5
46,100.0,30,100.0,1.0,3.0,true,84.38777614564059,5
46,100.0,30,100.0,1.5,3.0,true,84.38777614564059,5
46,100.0,30,100.0,2.0,3.0,true,84.38777614564059,5
46,100.0,30,100.0,2.5,3.0,true,84.38777614564059,5
46,100.0,30,100.0,0.5,3.5,true,82.67614483584002,5
46,100.0,30,100.0,1.0,3.5,true,84.38777614564059,5
46,100.0,30,100.0,1.5,3.5,true,84.38777614564059,5
46,100.0,30,100.0,2.0,3.5,true,84.38777614564059,5
46,100.0,30,100.0,2.5,3.5,true,84.38777614564059,5
46,100.0,30,100.0,0.5,4.0,true,82.67614483584002,5
46,100.0,30,100.0,1.0,4.0,true,84.38777614564059,5
46,100.0,30,100.0,1.5,4.0,true,84.38777614564059,5
46,100.0,30,100.0,2.0,4.0,true,84.38777614564059,5
46,100.0,30,100.0,2.5,4.0,true,84.38777614564059,5
46,100.0,36,100.0,0.5,1.0,false,NaN,4
46,100.0,36,100.0,1.0,1.0,false,NaN,2
46,100.0,36,100.0,1.5,1.0,false,NaN,4
46,100.0,36,100.0,2.0,1.0,false,NaN,2
46,100.0,36,100.0,2.5,1.0,false,NaN,2
46,100.0,36,100.0,0.5,1.5,false,NaN,2
46,100.0,36,100.0,1.0,1.5,false,NaN,2
46,100.0,36,100.0,1.5,1.5,false,NaN,4
46,100.0,36,100.0,2.0,1.5,false,NaN,2
46,100.0,36,100.0,2.5,1.5,false,NaN,2
46,100.0,36,100.0,0.5,2.0,false,NaN,2
46,100.0,36,100.0,1.0,2.0,false,NaN,3
46,100.0,36,100.0,1.5,2.0,false,NaN,2
46,100.0,36,100.0,2.0,2.0,false,NaN,2
46,100.0,36,100.0,2.5,2.0,false,NaN,2
46,100.0,36,100.0,0.5,2.5,false,NaN,2
46,100.0,36,100.0,1.0,2.5,false,NaN,3
46,100.0,36,100.0,1.5,2.5,false,NaN,2
46,100.0,36,100.0,2.0,2.5,false,NaN,2
46,100.0,36,100.0,2.5,2.5,false,NaN,2
46,100.0,36,100.0,0.5,3.0,false,NaN,2
46,100.0,36,100.0,1.0,3.0,false,NaN,3
46,100.0,36,100.0,1.5,3.0,false,NaN,2
46,100.0,36,100.0,2.0,3.0,false,NaN,2
46,100.0,36,100.0,2.5,3.0,false,NaN,2
46,100.0,36,100.0,0.5,3.5,false,NaN,2
46,100.0,36,100.0,1.0,3.5,false,NaN,3
46,100.0,36,100.0,1.5,3.5,false,NaN,2
46,100.0,36,100.0,2.0,3.5,false,NaN,2
46,100.0,36,100.0,2.5,3.5,false,NaN,2
46,100.0,36,100.0,0.5,4.0,false,NaN,2
46,100.0,36,100.0,1.0,4.0,false,NaN,2
46,100.0,36,100.0,1.5,4.0,false,NaN,2
46,100.0,36,100.0,2.0,4.0,false,NaN,2
46,100.0,36,100.0,2.5,4.0,false,NaN,2
46,100.0,12,125.0,0.5,1.0,false,NaN,2
46,100.0,12,125.0,1.0,1.0,false,NaN,2
46,100.0,12,125.0,1.5,1.0,false,NaN,4
46,100.0,12,125.0,2.0,1.0,false,NaN,4
46,100.0,12,125.0,2.5,1.0,false,NaN,4
46,100.0,12,125.0,0.5,1.5,false,NaN,3
46,100.0,12,125.0,1.0,1.5,false,NaN,4
46,100.0,12,125.0,1.5,1.5,false,NaN,2
46,100.0,12,125.0,2.0,1.5,false,NaN,2
46,100.0,12,125.0,2.5,1.5,false,NaN,2
46,100.0,12,125.0,0.5,2.0,false,NaN,3
46,100.0,12,125.0,1.0,2.0,false,NaN,2
46,100.0,12,125.0,1.5,2.0,false,NaN,2
46,100.0,12,125.0,2.0,2.0,false,NaN,2
46,100.0,12,125.0,2.5,2.0,false,NaN,2
46,100.0,12,125.0,0.5,2.5,false,NaN,2
46,100.0,12,125.0,1.0,2.5,false,NaN,3
46,100.0,12,125.0,1.5,2.5,false,NaN,2
46,100.0,12,125.0,2.0,2.5,false,NaN,2
46,100.0,12,125.0,2.5,2.5,false,NaN,2
46,100.0,12,125.0,0.5,3.0,false,NaN,3
46,100.0,12,125.0,1.0,3.0,false,NaN,2
46,100.0,12,125.0,1.5,3.0,false,NaN,2
46,100.0,12,125.0,2.0,3.0,false,NaN,2
46,100.0,12,125.0,2.5,3.0,false,NaN,2
46,100.0,12,125.0,0.5,3.5,false,NaN,3
46,100.0,12,125.0,1.0,3.5,false,NaN,2
46,100.0,12,125.0,1.5,3.5,true,88.17066558146587,5
46,100.0,12,125.0,2.0,3.5,false,NaN,2
46,100.0,12,125.0,2.5,3.5,false,NaN,2
46,100.0,12,125.0,0.5,4.0,false,NaN,2
46,100.0,12,125.0,1.0,4.0,false,NaN,2
46,100.0,12,125.0,1.5,4.0,false,NaN,2
46,100.0,12,125.0,2.0,4.0,false,NaN,2
46,100.0,12,125.0,2.5,4.0,false,NaN,2
46,100.0,18,125.0,0.5,1.0,false,NaN,2
46,100.0,18,125.0,1.0,1.0,false,NaN,2
46,100.0,18,125.0,1.5,1.0,false,NaN,2
46,100.0,18,125.0,2.0,1.0,false,NaN,2
46,100.0,18,125.0,2.5,1.0,false,NaN,2
46,100.0,18,125.0,0.5,1.5,false,NaN,2
46,100.0,18,125.0,1.0,1.5,false,NaN,2
46,100.0,18,125.0,1.5,1.5,false,NaN,2
46,100.0,18,125.0,2.0,1.5,false,NaN,2
46,100.0,18,125.0,2.5,1.5,false,NaN,2
46,100.0,18,125.0,0.5,2.0,false,NaN,2
46,100.0,18,125.0,1.0,2.0,false,NaN,2
46,100.0,18,125.0,1.5,2.0,false,NaN,2
46,100.0,18,125.0,2.0,2.0,false,NaN,2
46,100.0,18,125.0,2.5,2.0,false,NaN,2
46,100.0,18,125.0,0.5,2.5,false,NaN,2
46,100.0,18,125.0,1.0,2.5,false,NaN,2
46,100.0,18,125.0,1.5,2.5,false,NaN,2
46,100.0,18,125.0,2.0,2.5,false,NaN,2
46,100.0,18,125.0,2.5,2.5,false,NaN,2
46,100.0,18,125.0,0.5,3.0,false,NaN,2
46,100.0,18,125.0,1.0,3.0,false,NaN,2
46,100.0,18,125.0,1.5,3.0,false,NaN,2
46,100.0,18,125.0,2.0,3.0,false,NaN,2
46,100.0,18,125.0,2.5,3.0,false,NaN,2
46,100.0,18,125.0,0.5,3.5,false,NaN,2
46,100.0,18,125.0,1.0,3.5,false,NaN,2
46,100.0,18,125.0,1.5,3.5,false,NaN,2
46,100.0,18,125.0,2.0,3.5,false,NaN,2
46,100.0,18,125.0,2.5,3.5,false,NaN,2
46,100.0,18,125.0,0.5,4.0,false,NaN,2
46,100.0,18,125.0,1.0,4.0,false,NaN,2
46,100.0,18,125.0,1.5,4.0,false,NaN,2
46,100.0,18,125.0,2.0,4.0,false,NaN,2
46,100.0,18,125.0,2.5,4.0,false,NaN,2
46,100.0,24,125.0,0.5,1.0,false,NaN,2
46,100.0,24,125.0,1.0,1.0,false,NaN,4
46,100.0,24,125.0,1.5,1.0,true,95.23197350429889,5
46,100.0,24,125.0,2.0,1.0,true,95.23197350429889,5
46,100.0,24,125.0,2.5,1.0,true,95.23197350429889,5
46,100.0,24,125.0,0.5,1.5,false,NaN,4
46,100.0,24,125.0,1.0,1.5,true,69.15805780452762,5
46,100.0,24,125.0,1.5,1.5,true,69.15805780452762,5
46,100.0,24,125.0,2.0,1.5,true,69.15805780452762,5
46,100.0,24,125.0,2.5,1.5,true,69.15805780452762,5
46,100.0,24,125.0,0.5,2.0,true,88.70618677423687,5
46,100.0,24,125.0,1.0,2.0,false,NaN,4
46,100.0,24,125.0,1.5,2.0,false,NaN,4
46,100.0,24,125.0,2.0,2.0,false,NaN,4
46,100.0,24,125.0,2.5,2.0,false,NaN,4
46,100.0,24,125.0,0.5,2.5,false,NaN,4
46,100.0,24,125.0,1.0,2.5,false,NaN,4
46,100.0,24,125.0,1.5,2.5,false,NaN,4
46,100.0,24,125.0,2.0,2.5,false,NaN,4
46,100.0,24,125.0,2.5,2.5,false,NaN,4
46,100.0,24,125.0,0.5,3.0,false,NaN,4
46,100.0,24,125.0,1.0,3.0,false,NaN,4
46,100.0,24,125.0,1.5,3.0,false,NaN,4
46,100.0,24,125.0,2.0,3.0,false,NaN,4
46,100.0,24,125.0,2.5,3.0,false,NaN,4
46,100.0,24,125.0,0.5,3.5,false,NaN,4
46,100.0,24,125.0,1.0,3.5,false,NaN,4
46,100.0,24,125.0,1.5,3.5,false,NaN,4
46,100.0,24,125.0,2.0,3.5,false,NaN,4
46,100.0,24,125.0,2.5,3.5,false,NaN,4
46,100.0,24,125.0,0.5,4.0,false,NaN,4
46,100.0,24,125.0,1.0,4.0,false,NaN,4
46,100.0,24,125.0,1.5,4.0,false,NaN,4
46,100.0,24,125.0,2.0,4.0,false,NaN,4
46,100.0,24,125.0,2.5,4.0,false,NaN,4
46,100.0,30,125.0,0.5,1.0,false,NaN,2
46,100.0,30,125.0,1.0,1.0,false,NaN,4
46,100.0,30,125.0,1.5,1.0,false,NaN,3
46,100.0,30,125.0,2.0,1.0,false,NaN,3
46,100.0,30,125.0,2.5,1.0,false,NaN,2
46,100.0,30,125.0,0.5,1.5,true,78.0521596146672,5
46,100.0,30,125.0,1.0,1.5,false,NaN,3
46,100.0,30,125.0,1.5,1.5,false,NaN,4
46,100.0,30,125.0,2.0,1.5,true,91.12085536298727,5
46,100.0,30,125.0,2.5,1.5,false,NaN,2
46,100.0,30,125.0,0.5,2.0,false,NaN,4
46,100.0,30,125.0,1.0,2.0,true,97.17734300706687,5
46,100.0,30,125.0,1.5,2.0,false,NaN,3
46,100.0,30,125.0,2.0,2.0,true,91.12085536298727,5
46,100.0,30,125.0,2.5,2.0,false,NaN,3
46,100.0,30,125.0,0.5,2.5,true,85.38681736109676,5
46,100.0,30,125.0,1.0,2.5,false,NaN,3
46,100.0,30,125.0,1.5,2.5,false,NaN,3
46,100.0,30,125.0,2.0,2.5,false,NaN,3
46,100.0,30,125.0,2.5,2.5,false,NaN,3
46,100.0,30,125.0,0.5,3.0,false,NaN,3
46,100.0,30,125.0,1.0,3.0,false,NaN,3
46,100.0,30,125.0,1.5,3.0,false,NaN,3
46,100.0,30,125.0,2.0,3.0,false,NaN,3
46,100.0,30,125.0,2.5,3.0,false,NaN,3
46,100.0,30,125.0,0.5,3.5,false,NaN,3
46,100.0,30,125.0,1.0,3.5,false,NaN,3
46,100.0,30,125.0,1.5,3.5,false,NaN,3
46,100.0,30,125.0,2.0,3.5,false,NaN,3
46,100.0,30,125.0,2.5,3.5,false,NaN,3
46,100.0,30,125.0,0.5,4.0,false,NaN,3
46,100.0,30,125.0,1.0,4.0,false,NaN,3
46,100.0,30,125.0,1.5,4.0,true,91.12085536298727,5
46,100.0,30,125.0,2.0,4.0,true,91.12085536298727,5
46,100.0,30,125.0,2.5,4.0,false,NaN,3
46,100.0,36,125.0,0.5,1.0,false,NaN,4
46,100.0,36,125.0,1.0,1.0,false,NaN,2
46,100.0,36,125.0,1.5,1.0,true,82.3547929851221,5
46,100.0,36,125.0,2.0,1.0,true,87.28352569230071,5
46,100.0,36,125.0,2.5,1.0,false,NaN,4
46,100.0,36,125.0,0.5,1.5,false,NaN,4
46,100.0,36,125.0,1.0,1.5,true,90.74678831767942,5
46,100.0,36,125.0,1.5,1.5,false,NaN,4
46,100.0,36,125.0,2.0,1.5,false,NaN,4
46,100.0,36,125.0,2.5,1.5,true,93.09507542409625,5
46,100.0,36,125.0,0.5,2.0,true,54.90262862966005,5
46,100.0,36,125.0,1.0,2.0,true,54.90262862966005,5
46,100.0,36,125.0,1.5,2.0,true,54.90262862966005,5
46,100.0,36,125.0,2.0,2.0,true,66.51164000768046,5
46,100.0,36,125.0,2.5,2.0,true,93.0820912026028,5
46,100.0,36,125.0,0.5,2.5,false,NaN,4
46,100.0,36,125.0,1.0,2.5,false,NaN,4
46,100.0,36,125.0,1.5,2.5,false,NaN,4
46,100.0,36,125.0,2.0,2.5,false,NaN,4
46,100.0,36,125.0,2.5,2.5,false,NaN,4
46,100.0,36,125.0,0.5,3.0,true,79.98581011352212,5
46,100.0,36,125.0,1.0,3.0,false,NaN,3
46,100.0,36,125.0,1.5,3.0,false,NaN,4
46,100.0,36,125.0,2.0,3.0,false,NaN,4
46,100.0,36,125.0,2.5,3.0,false,NaN,4
46,100.0,36,125.0,0.5,3.5,true,79.98581011352212,5
46,100.0,36,125.0,1.0,3.5,false,NaN,4
46,100.0,36,125.0,1.5,3.5,false,NaN,4
46,100.0,36,125.0,2.0,3.5,false,NaN,4
46,100.0,36,125.0,2.5,3.5,true,50.50783770667616,5
46,100.0,36,125.0,0.5,4.0,false,NaN,3
46,100.0,36,125.0,1.0,4.0,false,NaN,4
46,100.0,36,125.0,1.5,4.0,false,NaN,4
46,100.0,36,125.0,2.0,4.0,false,NaN,4
46,100.0,36,125.0,2.5,4.0,true,50.50783770667616,5
46,100.0,12,150.0,0.5,1.0,false,NaN,2
46,100.0,12,150.0,1.0,1.0,false,NaN,2
46,100.0,12,150.0,1.5,1.0,false,NaN,2
46,100.0,12,150.0,2.0,1.0,false,NaN,2
46,100.0,12,150.0,2.5,1.0,false,NaN,2
46,100.0,12,150.0,0.5,1.5,false,NaN,2
46,100.0,12,150.0,1.0,1.5,false,NaN,2
46,100.0,12,150.0,1.5,1.5,false,NaN,2
46,100.0,12,150.0,2.0,1.5,false,NaN,2
46,100.0,12,150.0,2.5,1.5,false,NaN,2
46,100.0,12,150.0,0.5,2.0,false,NaN,2
46,100.0,12,150.0,1.0,2.0,false,NaN,2
46,100.0,12,150.0,1.5,2.0,false,NaN,2
46,100.0,12,150.0,2.0,2.0,false,NaN,2
46,100.0,12,150.0,2.5,2.0,false,NaN,2
46,100.0,12,150.0,0.5,2.5,false,NaN,2
46,100.0,12,150.0,1.0,2.5,false,NaN,2
46,100.0,12,150.0,1.5,2.5,false,NaN,2
46,100.0,12,150.0,2.0,2.5,false,NaN,2
46,100.0,12,150.0,2.5,2.5,false,NaN,2
46,100.0,12,150.0,0.5,3.0,false,NaN,3
46,100.0,12,150.0,1.0,3.0,false,NaN,3
46,100.0,12,150.0,1.5,3.0,false,NaN,3
46,100.0,12,150.0,2.0,3.0,false,NaN,3
46,100.0,12,150.0,2.5,3.0,false,NaN,3
46,100.0,12,150.0,0.5,3.5,false,NaN,2
46,100.0,12,150.0,1.0,3.5,false,NaN,2
46,100.0,12,150.0,1.5,3.5,false,NaN,2
46,100.0,12,150.0,2.0,3.5,false,NaN,2
46,100.0,12,150.0,2.5,3.5,false,NaN,2
46,100.0,12,150.0,0.5,4.0,false,NaN,2
46,100.0,12,150.0,1.0,4.0,false,NaN,2
46,100.0,12,150.0,1.5,4.0,false,NaN,2
46,100.0,12,150.0,2.0,4.0,false,NaN,2
46,100.0,12,150.0,2.5,4.0,false,NaN,2
46,100.0,18,150.0,0.5,1.0,false,NaN,2
46,100.0,18,150.0,1.0,1.0,false,NaN,2
46,100.0,18,150.0,1.5,1.0,false,NaN,2
46,100.0,18,150.0,2.0,1.0,false,NaN,3
46,100.0,18,150.0,2.5,1.0,false,NaN,3
46,100.0,18,150.0,0.5,1.5,false,NaN,2
46,100.0,18,150.0,1.0,1.5,false,NaN,2
46,100.0,18,150.0,1.5,1.5,false,NaN,2
46,100.0,18,150.0,2.0,1.5,false,NaN,2
46,100.0,18,150.0,2.5,1.5,false,NaN,3
46,100.0,18,150.0,0.5,2.0,false,NaN,2
46,100.0,18,150.0,1.0,2.0,false,NaN,2
46,100.0,18,150.0,1.5,2.0,false,NaN,2
46,100.0,18,150.0,2.0,2.0,false,NaN,2
46,100.0,18,150.0,2.5,2.0,false,NaN,3
46,100.0,18,150.0,0.5,2.5,false,NaN,2
46,100.0,18,150.0,1.0,2.5,false,NaN,2
46,100.0,18,150.0,1.5,2.5,false,NaN,2
46,100.0,18,150.0,2.0,2.5,false,NaN,2
46,100.0,18,150.0,2.5,2.5,false,NaN,3
46,100.0,18,150.0,0.5,3.0,false,NaN,2
46,100.0,18,150.0,1.0,3.0,false,NaN,2
46,100.0,18,150.0,1.5,3.0,false,NaN,2
46,100.0,18,150.0,2.0,3.0,false,NaN,2
46,100.0,18,150.0,2.5,3.0,false,NaN,2
46,100.0,18,150.0,0.5,3.5,false,NaN,2
46,100.0,18,150.0,1.0,3.5,false,NaN,2
46,100.0,18,150.0,1.5,3.5,false,NaN,2
46,100.0,18,150.0,2.0,3.5,false,NaN,2
46,100.0,18,150.0,2.5,3.5,false,NaN,2
46,100.0,18,150.0,0.5,4.0,false,NaN,2
46,100.0,18,150.0,1.0,4.0,false,NaN,2
46,100.0,18,150.0,1.5,4.0,false,NaN,2
46,100.0,18,150.0,2.0,4.0,false,NaN,2
46,100.0,18,150.0,2.5,4.0,false,NaN,2
46,100.0,24,150.0,0.5,1.0,false,NaN,3
46,100.0,24,150.0,1.0,1.0,true,88.96678840095095,5
46,100.0,24,150.0,1.5,1.0,false,NaN,3
46,100.0,24,150.0,2.0,1.0,false,NaN,4
46,100.0,24,150.0,2.5,1.0,false,NaN,3
46,100.0,24,150.0,0.5,1.5,false,NaN,4
46,100.0,24,150.0,1.0,1.5,true,85.09863834339835,5
46,100.0,24,150.0,1.5,1.5,true,98.83763616011811,5
46,100.0,24,150.0,2.0,1.5,true,98.83763616011811,5
46,100.0,24,150.0,2.5,1.5,true,98.83763616011811,5
46,100.0,24,150.0,0.5,2.0,true,85.09863834339835,5
46,100.0,24,150.0,1.0,2.0,true,85.09863834339835,5
46,100.0,24,150.0,1.5,2.0,true,85.09863834339835,5
46,100.0,24,150.0,2.0,2.0,true,85.09863834339835,5
46,100.0,24,150.0,2.5,2.0,true,85.09863834339835,5
46,100.0,24,150.0,0.5,2.5,true,85.09863834339835,5
46,100.0,24,150.0,1.0,2.5,true,85.09863834339835,5
46,100.0,24,150.0,1.5,2.5,true,85.09863834339835,5
46,100.0,24,150.0,2.0,2.5,true,85.09863834339835,5
46,100.0,24,150.0,2.5,2.5,true,90.12599429519548,5
46,100.0,24,150.0,0.5,3.0,true,85.09863834339835,5
46,100.0,24,150.0,1.0,3.0,true,85.09863834339835,5
46,100.0,24,150.0,1.5,3.0,true,85.09863834339835,5
46,100.0,24,150.0,2.0,3.0,true,85.09863834339835,5
46,100.0,24,150.0,2.5,3.0,true,90.12599429519548,5
46,100.0,24,150.0,0.5,3.5,true,99.30415557464049,5
46,100.0,24,150.0,1.0,3.5,true,85.09863834339835,5
46,100.0,24,150.0,1.5,3.5,true,85.09863834339835,5
46,100.0,24,150.0,2.0,3.5,true,96.27420910215525,5
46,100.0,24,150.0,2.5,3.5,true,92.14350073339521,5
46,100.0,24,150.0,0.5,4.0,true,99.30415557464049,5
46,100.0,24,150.0,1.0,4.0,true,85.09863834339835,5
46,100.0,24,150.0,1.5,4.0,true,85.09863834339835,5
46,100.0,24,150.0,2.0,4.0,true,96.27420910215525,5
46,100.0,24,150.0,2.5,4.0,true,96.27420910215525,5
46,100.0,30,150.0,0.5,1.0,false,NaN,3
46,100.0,30,150.0,1.0,1.0,false,NaN,4
46,100.0,30,150.0,1.5,1.0,false,NaN,3
46,100.0,30,150.0,2.0,1.0,false,NaN,3
46,100.0,30,150.0,2.5,1.0,false,NaN,3
46,100.0,30,150.0,0.5,1.5,true,95.64618299077554,5
46,100.0,30,150.0,1.0,1.5,false,NaN,3
46,100.0,30,150.0,1.5,1.5,false,NaN,3
46,100.0,30,150.0,2.0,1.5,false,NaN,3
46,100.0,30,150.0,2.5,1.5,false,NaN,3
46,100.0,30,150.0,0.5,2.0,false,NaN,2
46,100.0,30,150.0,1.0,2.0,false,NaN,3
46,100.0,30,150.0,1.5,2.0,false,NaN,3
46,100.0,30,150.0,2.0,2.0,false,NaN,3
46,100.0,30,150.0,2.5,2.0,false,NaN,3
46,100.0,30,150.0,0.5,2.5,false,NaN,4
46,100.0,30,150.0,1.0,2.5,false,NaN,3
46,100.0,30,150.0,1.5,2.5,false,NaN,3
46,100.0,30,150.0,2.0,2.5,false,NaN,3
46,100.0,30,150.0,2.5,2.5,false,NaN,3
46,100.0,30,150.0,0.5,3.0,false,NaN,3
46,100.0,30,150.0,1.0,3.0,false,NaN,3
46,100.0,30,150.0,1.5,3.0,false,NaN,3
46,100.0,30,150.0,2.0,3.0,false,NaN,3
46,100.0,30,150.0,2.5,3.0,false,NaN,3
46,100.0,30,150.0,0.5,3.5,false,NaN,3
46,100.0,30,150.0,1.0,3.5,false,NaN,3
46,100.0,30,150.0,1.5,3.5,false,NaN,3
46,100.0,30,150.0,2.0,3.5,false,NaN,3
46,100.0,30,150.0,2.5,3.5,false,NaN,3
46,100.0,30,150.0,0.5,4.0,true,97.27505340437413,5
46,100.0,30,150.0,1.0,4.0,false,NaN,3
46,100.0,30,150.0,1.5,4.0,false,NaN,3
46,100.0,30,150.0,2.0,4.0,false,NaN,3
46,100.0,30,150.0,2.5,4.0,false,NaN,3
46,100.0,36,150.0,0.5,1.0,false,NaN,4
46,100.0,36,150.0,1.0,1.0,false,NaN,4
46,100.0,36,150.0,1.5,1.0,false,NaN,4
46,100.0,36,150.0,2.0,1.0,false,NaN,4
46,100.0,36,150.0,2.5,1.0,false,NaN,4
46,100.0,36,150.0,0.5,1.5,false,NaN,4
46,100.0,36,150.0,1.0,1.5,false,NaN,4
46,100.0,36,150.0,1.5,1.5,false,NaN,4
46,100.0,36,150.0,2.0,1.5,false,NaN,4
46,100.0,36,150.0,2.5,1.5,false,NaN,4
46,100.0,36,150.0,0.5,2.0,true,91.92773408542173,5
46,100.0,36,150.0,1.0,2.0,false,NaN,4
46,100.0,36,150.0,1.5,2.0,false,NaN,4
46,100.0,36,150.0,2.0,2.0,false,NaN,4
46,100.0,36,150.0,2.5,2.0,false,NaN,4
46,100.0,36,150.0,0.5,2.5,false,NaN,4
46,100.0,36,150.0,1.0,2.5,false,NaN,4
46,100.0,36,150.0,1.5,2.5,true,92.43992968695662,5
46,100.0,36,150.0,2.0,2.5,true,92.43992968695662,5
46,100.0,36,150.0,2.5,2.5,true,92.43992968695662,5
46,100.0,36,150.0,0.5,3.0,false,NaN,4
46,100.0,36,150.0,1.0,3.0,false,NaN,4
46,100.0,36,150.0,1.5,3.0,true,92.43992968695662,5
46,100.0,36,150.0,2.0,3.0,true,92.43992968695662,5
46,100.0,36,150.0,2.5,3.0,true,92.43992968695662,5
46,100.0,36,150.0,0.5,3.5,false,NaN,4
46,100.0,36,150.0,1.0,3.5,false,NaN,4
46,100.0,36,150.0,1.5,3.5,true,92.43992968695662,5
46,100.0,36,150.0,2.0,3.5,true,92.43992968695662,5
46,100.0,36,150.0,2.5,3.5,true,92.43992968695662,5
46,100.0,36,150.0,0.5,4.0,false,NaN,4
46,100.0,36,150.0,1.0,4.0,false,NaN,4
46,100.0,36,150.0,1.5,4.0,true,92.43992968695662,5
46,100.0,36,150.0,2.0,4.0,true,92.43992968695662,5
46,100.0,36,150.0,2.5,4.0,true,92.43992968695662,5
47,100.0,12,50.0,0.5,1.0,false,NaN,4
47,100.0,12,50.0,1.0,1.0,false,NaN,4
47,100.0,12,50.0,1.5,1.0,false,NaN,3
47,100.0,12,50.0,2.0,1.0,false,NaN,4
47,100.0,12,50.0,2.5,1.0,false,NaN,4
47,100.0,12,50.0,0.5,1.5,false,NaN,3
47,100.0,12,50.0,1.0,1.5,false,NaN,3
47,100.0,12,50.0,1.5,1.5,false,NaN,4
47,100.0,12,50.0,2.0,1.5,true,59.57214249790048,5
47,100.0,12,50.0,2.5,1.5,false,NaN,3
47,100.0,12,50.0,0.5,2.0,true,93.19577799950058,5
47,100.0,12,50.0,1.0,2.0,false,NaN,4
47,100.0,12,50.0,1.5,2.0,false,NaN,3
47,100.0,12,50.0,2.0,2.0,false,NaN,4
47,100.0,12,50.0,2.5,2.0,false,NaN,4
47,100.0,12,50.0,0.5,2.5,true,87.01206857246244,5
47,100.0,12,50.0,1.0,2.5,false,NaN,3
47,100.0,12,50.0,1.5,2.5,false,NaN,4
47,100.0,12,50.0,2.0,2.5,true,88.26832953594995,5
47,100.0,12,50.0,2.5,2.5,false,NaN,4
47,100.0,12,50.0,0.5,3.0,false,NaN,3
47,100.0,12,50.0,1.0,3.0,false,NaN,3
47,100.0,12,50.0,1.5,3.0,false,NaN,4
47,100.0,12,50.0,2.0,3.0,false,NaN,4
47,100.0,12,50.0,2.5,3.0,false,NaN,4
47,100.0,12,50.0,0.5,3.5,false,NaN,4
47,100.0,12,50.0,1.0,3.5,false,NaN,4
47,100.0,12,50.0,1.5,3.5,false,NaN,4
47,100.0,12,50.0,2.0,3.5,false,NaN,4
47,100.0,12,50.0,2.5,3.5,false,NaN,3
47,100.0,12,50.0,0.5,4.0,false,NaN,3
47,100.0,12,50.0,1.0,4.0,false,NaN,3
47,100.0,12,50.0,1.5,4.0,false,NaN,4
47,100.0,12,50.0,2.0,4.0,false,NaN,4
47,100.0,12,50.0,2.5,4.0,false,NaN,4
47,100.0,18,50.0,0.5,1.0,false,NaN,4
47,100.0,18,50.0,1.0,1.0,false,NaN,4
47,100.0,18,50.0,1.5,1.0,false,NaN,4
47,100.0,18,50.0,2.0,1.0,true,75.49065720687126,5
47,100.0,18,50.0,2.5,1.0,false,NaN,4
47,100.0,18,50.0,0.5,1.5,false,NaN,3
47,100.0,18,50.0,1.0,1.5,false,NaN,4
47,100.0,18,50.0,1.5,1.5,false,NaN,4
47,100.0,18,50.0,2.0,1.5,false,NaN,4
47,100.0,18,50.0,2.5,1.5,false,NaN,4
47,100.0,18,50.0,0.5,2.0,false,NaN,4
47,100.0,18,50.0,1.0,2.0,true,98.50555440751305,5
47,100.0,18,50.0,1.5,2.0,false,NaN,4
47,100.0,18,50.0,2.0,2.0,false,NaN,4
47,100.0,18,50.0,2.5,2.0,false,NaN,4
47,100.0,18,50.0,0.5,2.5,false,NaN,4
47,100.0,18,50.0,1.0,2.5,false,NaN,4
47,100.0,18,50.0,1.5,2.5,false,NaN,4
47,100.0,18,50.0,2.0,2.5,true,99.95156445728837,5
47,100.0,18,50.0,2.5,2.5,false,NaN,4
47,100.0,18,50.0,0.5,3.0,false,NaN,4
47,100.0,18,50.0,1.0,3.0,false,NaN,4
47,100.0,18,50.0,1.5,3.0,true,73.62267822024798,5
47,100.0,18,50.0,2.0,3.0,false,NaN,4
47,100.0,18,50.0,2.5,3.0,false,NaN,4
47,100.0,18,50.0,0.5,3.5,false,NaN,4
47,100.0,18,50.0,1.0,3.5,false,NaN,4
47,100.0,18,50.0,1.5,3.5,true,82.4496567767355,5
47,100.0,18,50.0,2.0,3.5,false,NaN,4
47,100.0,18,50.0,2.5,3.5,false,NaN,4
47,100.0,18,50.0,0.5,4.0,true,91.20513052014856,5
47,100.0,18,50.0,1.0,4.0,false,NaN,4
47,100.0,18,50.0,1.5,4.0,false,NaN,4
47,100.0,18,50.0,2.0,4.0,false,NaN,4
47,100.0,18,50.0,2.5,4.0,false,NaN,4
47,100.0,24,50.0,0.5,1.0,true,88.97115080994888,5
47,100.0,24,50.0,1.0,1.0,false,NaN,4
47,100.0,24,50.0,1.5,1.0,false,NaN,4
47,100.0,24,50.0,2.0,1.0,false,NaN,4
47,100.0,24,50.0,2.5,1.0,true,79.86098230559632,5
47,100.0,24,50.0,0.5,1.5,true,96.79649478435759,5
47,100.0,24,50.0,1.0,1.5,false,NaN,3
47,100.0,24,50.0,1.5,1.5,true,62.30008918244322,5
47,100.0,24,50.0,2.0,1.5,false,NaN,4
47,100.0,24,50.0,2.5,1.5,false,NaN,4
47,100.0,24,50.0,0.5,2.0,true,95.16836959055826,5
47,100.0,24,50.0,1.0,2.0,false,NaN,3
47,100.0,24,50.0,1.5,2.0,false,NaN,4
47,100.0,24,50.0,2.0,2.0,false,NaN,4
47,100.0,24,50.0,2.5,2.0,false,NaN,4
47,100.0,24,50.0,0.5,2.5,true,90.01714029146069,5
47,100.0,24,50.0,1.0,2.5,false,NaN,4
47,100.0,24,50.0,1.5,2.5,true,80.84830391586675,5
47,100.0,24,50.0,2.0,2.5,true,60.35599760902205,5
47,100.0,24,50.0,2.5,2.5,false,NaN,4
47,100.0,24,50.0,0.5,3.0,true,82.28690824400991,5
47,100.0,24,50.0,1.0,3.0,true,88.46997306539592,5
47,100.0,24,50.0,1.5,3.0,false,NaN,4
47,100.0,24,50.0,2.0,3.0,true,78.98561255788636,5
47,100.0,24,50.0,2.5,3.0,false,NaN,4
47,100.0,24,50.0,0.5,3.5,true,97.98724735521577,5
47,100.0,24,50.0,1.0,3.5,true,69.7047871198155,5
47,100.0,24,50.0,1.5,3.5,false,NaN,4
47,100.0,24,50.0,2.0,3.5,true,96.25409438878197,5
47,100.0,24,50.0,2.5,3.5,false,NaN,4
47,100.0,24,50.0,0.5,4.0,false,NaN,4
47,100.0,24,50.0,1.0,4.0,true,97.73134036658355,5
47,100.0,24,50.0,1.5,4.0,false,NaN,3
47,100.0,24,50.0,2.0,4.0,false,NaN,4
47,100.0,24,50.0,2.5,4.0,false,NaN,4
47,100.0,30,50.0,0.5,1.0,false,NaN,4
47,100.0,30,50.0,1.0,1.0,false,NaN,4
47,100.0,30,50.0,1.5,1.0,false,NaN,4
47,100.0,30,50.0,2.0,1.0,false,NaN,4
47,100.0,30,50.0,2.5,1.0,false,NaN,4
47,100.0,30,50.0,0.5,1.5,true,41.730778456136456,5
47,100.0,30,50.0,1.0,1.5,true,53.363933259330324,5
47,100.0,30,50.0,1.5,1.5,true,47.24624483072334,5
47,100.0,30,50.0,2.0,1.5,false,NaN,4
47,100.0,30,50.0,2.5,1.5,false,NaN,4
47,100.0,30,50.0,0.5,2.0,true,70.0882760729741,5
47,100.0,30,50.0,1.0,2.0,false,NaN,4
47,100.0,30,50.0,1.5,2.0,false,NaN,4
47,100.0,30,50.0,2.0,2.0,false,NaN,3
47,100.0,30,50.0,2.5,2.0,false,NaN,4
47,100.0,30,50.0,0.5,2.5,true,61.84649849065732,5
47,100.0,30,50.0,1.0,2.5,false,NaN,4
47,100.0,30,50.0,1.5,2.5,false,NaN,4
47,100.0,30,50.0,2.0,2.5,false,NaN,4
47,100.0,30,50.0,2.5,2.5,true,50.289593288935485,5
47,100.0,30,50.0,0.5,3.0,false,NaN,4
47,100.0,30,50.0,1.0,3.0,false,NaN,4
47,100.0,30,50.0,1.5,3.0,false,NaN,4
47,100.0,30,50.0,2.0,3.0,false,NaN,4
47,100.0,30,50.0,2.5,3.0,true,29.4524876279265,5
47,100.0,30,50.0,0.5,3.5,false,NaN,4
47,100.0,30,50.0,1.0,3.5,false,NaN,4
47,100.0,30,50.0,1.5,3.5,false,NaN,4
47,100.0,30,50.0,2.0,3.5,false,NaN,4
47,100.0,30,50.0,2.5,3.5,false,NaN,4
47,100.0,30,50.0,0.5,4.0,false,NaN,4
47,100.0,30,50.0,1.0,4.0,false,NaN,4
47,100.0,30,50.0,1.5,4.0,false,NaN,4
47,100.0,30,50.0,2.0,4.0,false,NaN,4
47,100.0,30,50.0,2.5,4.0,false,NaN,4
47,100.0,36,50.0,0.5,1.0,false,NaN,4
47,100.0,36,50.0,1.0,1.0,false,NaN,4
47,100.0,36,50.0,1.5,1.0,false,NaN,3
47,100.0,36,50.0,2.0,1.0,false,NaN,4
47,100.0,36,50.0,2.5,1.0,false,NaN,4
47,100.0,36,50.0,0.5,1.5,false,NaN,3
47,100.0,36,50.0,1.0,1.5,false,NaN,4
47,100.0,36,50.0,1.5,1.5,false,NaN,4
47,100.0,36,50.0,2.0,1.5,false,NaN,4
47,100.0,36,50.0,2.5,1.5,false,NaN,3
47,100.0,36,50.0,0.5,2.0,false,NaN,3
47,100.0,36,50.0,1.0,2.0,false,NaN,4
47,100.0,36,50.0,1.5,2.0,false,NaN,4
47,100.0,36,50.0,2.0,2.0,false,NaN,4
47,100.0,36,50.0,2.5,2.0,true,73.15689239751728,5
47,100.0,36,50.0,0.5,2.5,true,83.51336653241407,5
47,100.0,36,50.0,1.0,2.5,false,NaN,4
47,100.0,36,50.0,1.5,2.5,false,NaN,4
47,100.0,36,50.0,2.0,2.5,false,NaN,4
47,100.0,36,50.0,2.5,2.5,false,NaN,4
47,100.0,36,50.0,0.5,3.0,false,NaN,4
47,100.0,36,50.0,1.0,3.0,false,NaN,4
47,100.0,36,50.0,1.5,3.0,false,NaN,3
47,100.0,36,50.0,2.0,3.0,false,NaN,4
47,100.0,36,50.0,2.5,3.0,false,NaN,4
47,100.0,36,50.0,0.5,3.5,false,NaN,4
47,100.0,36,50.0,1.0,3.5,false,NaN,4
47,100.0,36,50.0,1.5,3.5,false,NaN,4
47,100.0,36,50.0,2.0,3.5,false,NaN,4
47,100.0,36,50.0,2.5,3.5,false,NaN,3
47,100.0,36,50.0,0.5,4.0,false,NaN,3
47,100.0,36,50.0,1.0,4.0,false,NaN,4
47,100.0,36,50.0,1.5,4.0,false,NaN,4
47,100.0,36,50.0,2.0,4.0,false,NaN,3
47,100.0,36,50.0,2.5,4.0,true,99.07472144712821,5
47,100.0,12,75.0,0.5,1.0,false,NaN,4
47,100.0,12,75.0,1.0,1.0,false,NaN,4
47,100.0,12,75.0,1.5,1.0,true,82.04594026708273,5
47,100.0,12,75.0,2.0,1.0,false,NaN,4
47,100.0,12,75.0,2.5,1.0,true,83.45817548667571,5
47,100.0,12,75.0,0.5,1.5,false,NaN,4
47,100.0,12,75.0,1.0,1.5,false,NaN,4
47,100.0,12,75.0,1.5,1.5,false,NaN,4
47,100.0,12,75.0,2.0,1.5,false,NaN,4
47,100.0,12,75.0,2.5,1.5,false,NaN,4
47,100.0,12,75.0,0.5,2.0,true,27.61379311410088,5
47,100.0,12,75.0,1.0,2.0,true,27.61379311410088,5
47,100.0,12,75.0,1.5,2.0,false,NaN,4
47,100.0,12,75.0,2.0,2.0,false,NaN,4
47,100.0,12,75.0,2.5,2.0,false,NaN,4
47,100.0,12,75.0,0.5,2.5,false,NaN,4
47,100.0,12,75.0,1.0,2.5,false,NaN,4
47,100.0,12,75.0,1.5,2.5,false,NaN,4
47,100.0,12,75.0,2.0,2.5,false,NaN,4
47,100.0,12,75.0,2.5,2.5,false,NaN,4
47,100.0,12,75.0,0.5,3.0,false,NaN,4
47,100.0,12,75.0,1.0,3.0,false,NaN,4
47,100.0,12,75.0,1.5,3.0,false,NaN,4
47,100.0,12,75.0,2.0,3.0,false,NaN,4
47,100.0,12,75.0,2.5,3.0,false,NaN,4
47,100.0,12,75.0,0.5,3.5,false,NaN,4
47,100.0,12,75.0,1.0,3.5,false,NaN,4
47,100.0,12,75.0,1.5,3.5,false,NaN,4
47,100.0,12,75.0,2.0,3.5,false,NaN,4
47,100.0,12,75.0,2.5,3.5,false,NaN,4
47,100.0,12,75.0,0.5,4.0,true,64.26620468019978,5
47,100.0,12,75.0,1.0,4.0,false,NaN,4
47,100.0,12,75.0,1.5,4.0,false,NaN,4
47,100.0,12,75.0,2.0,4.0,false,NaN,4
47,100.0,12,75.0,2.5,4.0,false,NaN,4
47,100.0,18,75.0,0.5,1.0,true,49.46647706923189,5
47,100.0,18,75.0,1.0,1.0,false,NaN,3
47,100.0,18,75.0,1.5,1.0,false,NaN,4
47,100.0,18,75.0,2.0,1.0,false,NaN,4
47,100.0,18,75.0,2.5,1.0,true,56.18906797836894,5
47,100.0,18,75.0,0.5,1.5,true,61.85790557597583,5
47,100.0,18,75.0,1.0,1.5,false,NaN,4
47,100.0,18,75.0,1.5,1.5,false,NaN,3
47,100.0,18,75.0,2.0,1.5,true,81.47986612277617,5
47,100.0,18,75.0,2.5,1.5,false,NaN,4
47,100.0,18,75.0,0.5,2.0,true,91.90949050733387,5
47,100.0,18,75.0,1.0,2.0,false,NaN,4
47,100.0,18,75.0,1.5,2.0,false,NaN,3
47,100.0,18,75.0,2.0,2.0,true,92.61529575402109,5
47,100.0,18,75.0,2.5,2.0,true,43.71090917678944,5
47,100.0,18,75.0,0.5,2.5,true,93.9528285099103,5
47,100.0,18,75.0,1.0,2.5,true,93.9528285099103,5
47,100.0,18,75.0,1.5,2.5,false,NaN,4
47,100.0,18,75.0,2.0,2.5,false,NaN,4
47,100.0,18,75.0,2.5,2.5,true,44.03721350726965,5
47,100.0,18,75.0,0.5,3.0,false,NaN,4
47,100.0,18,75.0,1.0,3.0,true,65.61493493546102,5
47,100.0,18,75.0,1.5,3.0,false,NaN,4
47,100.0,18,75.0,2.0,3.0,false,NaN,4
47,100.0,18,75.0,2.5,3.0,true,44.03721350726965,5
47,100.0,18,75.0,0.5,3.5,false,NaN,4
47,100.0,18,75.0,1.0,3.5,true,62.98179320723072,5
47,100.0,18,75.0,1.5,3.5,false,NaN,4
47,100.0,18,75.0,2.0,3.5,false,NaN,4
47,100.0,18,75.0,2.5,3.5,true,44.03721350726965,5
47,100.0,18,75.0,0.5,4.0,true,54.34190791922342,5
47,100.0,18,75.0,1.0,4.0,true,54.34190791922342,5
47,100.0,18,75.0,1.5,4.0,true,54.34190791922342,5
47,100.0,18,75.0,2.0,4.0,true,45.623182384536996,5
47,100.0,18,75.0,2.5,4.0,true,44.03721350726965,5
47,100.0,24,75.0,0.5,1.0,false,NaN,4
47,100.0,24,75.0,1.0,1.0,false,NaN,3
47,100.0,24,75.0,1.5,1.0,false,NaN,3
47,100.0,24,75.0,2.0,1.0,false,NaN,3
47,100.0,24,75.0,2.5,1.0,false,NaN,4
47,100.0,24,75.0,0.5,1.5,false,NaN,3
47,100.0,24,75.0,1.0,1.5,true,69.77321006540515,5
47,100.0,24,75.0,1.5,1.5,true,69.614121388512,5
47,100.0,24,75.0,2.0,1.5,true,69.614121388512,5
47,100.0,24,75.0,2.5,1.5,true,69.614121388512,5
47,100.0,24,75.0,0.5,2.0,false,NaN,4
47,100.0,24,75.0,1.0,2.0,true,65.32385340565905,5
47,100.0,24,75.0,1.5,2.0,true,70.30363024095047,5
47,100.0,24,75.0,2.0,2.0,true,69.614121388512,5
47,100.0,24,75.0,2.5,2.0,true,69.614121388512,5
47,100.0,24,75.0,0.5,2.5,false,NaN,3
47,100.0,24,75.0,1.0,2.5,false,NaN,3
47,100.0,24,75.0,1.5,2.5,false,NaN,3
47,100.0,24,75.0,2.0,2.5,false,NaN,3
47,100.0,24,75.0,2.5,2.5,false,NaN,4
47,100.0,24,75.0,0.5,3.0,false,NaN,4
47,100.0,24,75.0,1.0,3.0,true,90.33777980702955,5
47,100.0,24,75.0,1.5,3.0,false,NaN,4
47,100.0,24,75.0,2.0,3.0,true,81.8205942925381,5
47,100.0,24,75.0,2.5,3.0,true,81.39293266675442,5
47,100.0,24,75.0,0.5,3.5,true,41.6001799576177,5
47,100.0,24,75.0,1.0,3.5,true,41.6001799576177,5
47,100.0,24,75.0,1.5,3.5,true,41.6001799576177,5
47,100.0,24,75.0,2.0,3.5,true,38.00911620877421,5
47,100.0,24,75.0,2.5,3.5,true,38.00911620877421,5
47,100.0,24,75.0,0.5,4.0,false,NaN,4
47,100.0,24,75.0,1.0,4.0,false,NaN,4
47,100.0,24,75.0,1.5,4.0,false,NaN,4
47,100.0,24,75.0,2.0,4.0,true,38.706170574719685,5
47,100.0,24,75.0,2.5,4.0,true,38.706170574719685,5
47,100.0,30,75.0,0.5,1.0,true,58.68277998201068,5
47,100.0,30,75.0,1.0,1.0,true,56.9632355015177,5
47,100.0,30,75.0,1.5,1.0,false,NaN,4
47,100.0,30,75.0,2.0,1.0,false,NaN,4
47,100.0,30,75.0,2.5,1.0,false,NaN,4
47,100.0,30,75.0,0.5,1.5,false,NaN,4
47,100.0,30,75.0,1.0,1.5,true,85.10471353984975,5
47,100.0,30,75.0,1.5,1.5,false,NaN,4
47,100.0,30,75.0,2.0,1.5,false,NaN,4
47,100.0,30,75.0,2.5,1.5,true,50.829544172819524,5
47,100.0,30,75.0,0.5,2.0,false,NaN,4
47,100.0,30,75.0,1.0,2.0,true,64.93210755654613,5
47,100.0,30,75.0,1.5,2.0,false,NaN,4
47,100.0,30,75.0,2.0,2.0,true,84.61091129799027,5
47,100.0,30,75.0,2.5,2.0,true,49.862667806226526,5
47,100.0,30,75.0,0.5,2.5,false,NaN,4
47,100.0,30,75.0,1.0,2.5,true,65.49737001096088,5
47,100.0,30,75.0,1.5,2.5,true,65.49737001096088,5
47,100.0,30,75.0,2.0,2.5,true,64.55762178433298,5
47,100.0,30,75.0,2.5,2.5,true,64.55762178433298,5
47,100.0,30,75.0,0.5,3.0,true,65.47226466130698,5
47,100.0,30,75.0,1.0,3.0,true,55.05727103935933,5
47,100.0,30,75.0,1.5,3.0,true,52.259376839989464,5
47,100.0,30,75.0,2.0,3.0,false,NaN,4
47,100.0,30,75.0,2.5,3.0,false,NaN,4
47,100.0,30,75.0,0.5,3.5,true,42.554872550185415,5
47,100.0,30,75.0,1.0,3.5,true,47.72561184648098,5
47,100.0,30,75.0,1.5,3.5,true,47.72561184648098,5
47,100.0,30,75.0,2.0,3.5,true,47.72561184648098,5
47,100.0,30,75.0,2.5,3.5,true,64.53456765405572,5
47,100.0,30,75.0,0.5,4.0,true,47.72561184648098,5
47,100.0,30,75.0,1.0,4.0,true,47.72561184648098,5
47,100.0,30,75.0,1.5,4.0,true,47.72561184648098,5
47,100.0,30,75.0,2.0,4.0,true,47.72561184648098,5
47,100.0,30,75.0,2.5,4.0,true,61.14418250237198,5
47,100.0,36,75.0,0.5,1.0,true,79.43835956921833,5
47,100.0,36,75.0,1.0,1.0,false,NaN,4
47,100.0,36,75.0,1.5,1.0,true,83.7448029403564,5
47,100.0,36,75.0,2.0,1.0,true,83.7448029403564,5
47,100.0,36,75.0,2.5,1.0,true,83.7448029403564,5
47,100.0,36,75.0,0.5,1.5,true,47.2963308614211,5
47,100.0,36,75.0,1.0,1.5,false,NaN,3
47,100.0,36,75.0,1.5,1.5,true,62.944313095525786,5
47,100.0,36,75.0,2.0,1.5,true,61.718645123057904,5
47,100.0,36,75.0,2.5,1.5,true,61.718645123057904,5
47,100.0,36,75.0,0.5,2.0,true,98.484153243999,5
47,100.0,36,75.0,1.0,2.0,true,66.55651945166017,5
47,100.0,36,75.0,1.5,2.0,false,NaN,4
47,100.0,36,75.0,2.0,2.0,false,NaN,4
47,100.0,36,75.0,2.5,2.0,true,98.484153243999,5
47,100.0,36,75.0,0.5,2.5,false,NaN,4
47,100.0,36,75.0,1.0,2.5,true,46.9246421976816,5
47,100.0,36,75.0,1.5,2.5,true,46.9246421976816,5
47,100.0,36,75.0,2.0,2.5,true,46.9246421976816,5
47,100.0,36,75.0,2.5,2.5,true,46.9246421976816,5
47,100.0,36,75.0,0.5,3.0,false,NaN,4
47,100.0,36,75.0,1.0,3.0,true,46.9246421976816,5
47,100.0,36,75.0,1.5,3.0,true,46.9246421976816,5
47,100.0,36,75.0,2.0,3.0,true,46.9246421976816,5
47,100.0,36,75.0,2.5,3.0,true,46.9246421976816,5
47,100.0,36,75.0,0.5,3.5,false,NaN,4
47,100.0,36,75.0,1.0,3.5,false,NaN,4
47,100.0,36,75.0,1.5,3.5,false,NaN,4
47,100.0,36,75.0,2.0,3.5,false,NaN,4
47,100.0,36,75.0,2.5,3.5,false,NaN,4
47,100.0,36,75.0,0.5,4.0,true,73.64292567271606,5
47,100.0,36,75.0,1.0,4.0,true,66.89296458009014,5
47,100.0,36,75.0,1.5,4.0,true,66.89296458009014,5
47,100.0,36,75.0,2.0,4.0,true,56.98996501887178,5
47,100.0,36,75.0,2.5,4.0,true,56.98996501887178,5
47,100.0,12,100.0,0.5,1.0,true,74.73447350568482,5
47,100.0,12,100.0,1.0,1.0,true,39.541264026418695,5
47,100.0,12,100.0,1.5,1.0,true,39.541264026418695,5
47,100.0,12,100.0,2.0,1.0,true,39.541264026418695,5
47,100.0,12,100.0,2.5,1.0,true,39.541264026418695,5
47,100.0,12,100.0,0.5,1.5,true,47.216356693399554,5
47,100.0,12,100.0,1.0,1.5,true,42.63719063837332,5
47,100.0,12,100.0,1.5,1.5,true,42.63719063837332,5
47,100.0,12,100.0,2.0,1.5,true,42.63719063837332,5
47,100.0,12,100.0,2.5,1.5,true,42.63719063837332,5
47,100.0,12,100.0,0.5,2.0,false,NaN,4
47,100.0,12,100.0,1.0,2.0,false,NaN,4
47,100.0,12,100.0,1.5,2.0,true,48.864847899456855,5
47,100.0,12,100.0,2.0,2.0,true,48.864847899456855,5
47,100.0,12,100.0,2.5,2.0,true,48.864847899456855,5
47,100.0,12,100.0,0.5,2.5,true,51.381796237454964,5
47,100.0,12,100.0,1.0,2.5,true,48.864847899456855,5
47,100.0,12,100.0,1.5,2.5,true,48.864847899456855,5
47,100.0,12,100.0,2.0,2.5,true,48.864847899456855,5
47,100.0,12,100.0,2.5,2.5,true,48.864847899456855,5
47,100.0,12,100.0,0.5,3.0,true,51.381796237454964,5
47,100.0,12,100.0,1.0,3.0,true,48.864847899456855,5
47,100.0,12,100.0,1.5,3.0,true,48.864847899456855,5
47,100.0,12,100.0,2.0,3.0,true,48.864847899456855,5
47,100.0,12,100.0,2.5,3.0,true,48.864847899456855,5
47,100.0,12,100.0,0.5,3.5,true,51.381796237454964,5
47,100.0,12,100.0,1.0,3.5,true,48.864847899456855,5
47,100.0,12,100.0,1.5,3.5,true,48.864847899456855,5
47,100.0,12,100.0,2.0,3.5,true,48.864847899456855,5
47,100.0,12,100.0,2.5,3.5,true,48.864847899456855,5
47,100.0,12,100.0,0.5,4.0,true,51.381796237454964,5
47,100.0,12,100.0,1.0,4.0,true,48.864847899456855,5
47,100.0,12,100.0,1.5,4.0,true,48.864847899456855,5
47,100.0,12,100.0,2.0,4.0,true,48.864847899456855,5
47,100.0,12,100.0,2.5,4.0,true,48.864847899456855,5
47,100.0,18,100.0,0.5,1.0,false,NaN,4
47,100.0,18,100.0,1.0,1.0,true,81.22446280340797,5
47,100.0,18,100.0,1.5,1.0,true,48.69984161061997,5
47,100.0,18,100.0,2.0,1.0,true,48.69984161061997,5
47,100.0,18,100.0,2.5,1.0,true,48.69984161061997,5
47,100.0,18,100.0,0.5,1.5,false,NaN,4
47,100.0,18,100.0,1.0,1.5,true,44.111114296356135,5
47,100.0,18,100.0,1.5,1.5,true,50.36820398123066,5
47,100.0,18,100.0,2.0,1.5,true,50.36820398123066,5
47,100.0,18,100.0,2.5,1.5,true,50.36820398123066,5
47,100.0,18,100.0,0.5,2.0,false,NaN,4
47,100.0,18,100.0,1.0,2.0,true,67.97382025128051,5
47,100.0,18,100.0,1.5,2.0,true,69.4782691205918,5
47,100.0,18,100.0,2.0,2.0,true,64.20026199993265,5
47,100.0,18,100.0,2.5,2.0,true,64.20026199993265,5
47,100.0,18,100.0,0.5,2.5,true,52.51898849144471,5
47,100.0,18,100.0,1.0,2.5,true,43.01898842878454,5
47,100.0,18,100.0,1.5,2.5,false,NaN,4
47,100.0,18,100.0,2.0,2.5,false,NaN,4
47,100.0,18,100.0,2.5,2.5,false,NaN,4
47,100.0,18,100.0,0.5,3.0,true,43.01898842878454,5
47,100.0,18,100.0,1.0,3.0,true,43.01898842878454,5
47,100.0,18,100.0,1.5,3.0,true,43.01898842878454,5
47,100.0,18,100.0,2.0,3.0,true,43.01898842878454,5
47,100.0,18,100.0,2.5,3.0,false,NaN,4
47,100.0,18,100.0,0.5,3.5,true,43.01898842878454,5
47,100.0,18,100.0,1.0,3.5,true,43.01898842878454,5
47,100.0,18,100.0,1.5,3.5,true,43.01898842878454,5
47,100.0,18,100.0,2.0,3.5,false,NaN,4
47,100.0,18,100.0,2.5,3.5,false,NaN,4
47,100.0,18,100.0,0.5,4.0,true,43.01898842878454,5
47,100.0,18,100.0,1.0,4.0,true,43.01898842878454,5
47,100.0,18,100.0,1.5,4.0,true,43.01898842878454,5
47,100.0,18,100.0,2.0,4.0,true,42.38930171344903,5
47,100.0,18,100.0,2.5,4.0,true,42.38930171344903,5
47,100.0,24,100.0,0.5,1.0,false,NaN,3
47,100.0,24,100.0,1.0,1.0,true,53.96183840942057,5
47,100.0,24,100.0,1.5,1.0,true,53.96183840942057,5
47,100.0,24,100.0,2.0,1.0,true,53.96183840942057,5
47,100.0,24,100.0,2.5,1.0,true,53.96183840942057,5
47,100.0,24,100.0,0.5,1.5,false,NaN,4
47,100.0,24,100.0,1.0,1.5,true,87.14517269507972,5
47,100.0,24,100.0,1.5,1.5,false,NaN,4
47,100.0,24,100.0,2.0,1.5,false,NaN,4
47,100.0,24,100.0,2.5,1.5,false,NaN,4
47,100.0,24,100.0,0.5,2.0,false,NaN,3
47,100.0,24,100.0,1.0,2.0,true,80.81489091707971,5
47,100.0,24,100.0,1.5,2.0,false,NaN,4
47,100.0,24,100.0,2.0,2.0,false,NaN,4
47,100.0,24,100.0,2.5,2.0,false,NaN,4
47,100.0,24,100.0,0.5,2.5,false,NaN,3
47,100.0,24,100.0,1.0,2.5,true,90.43917570969569,5
47,100.0,24,100.0,1.5,2.5,false,NaN,4
47,100.0,24,100.0,2.0,2.5,false,NaN,4
47,100.0,24,100.0,2.5,2.5,false,NaN,4
47,100.0,24,100.0,0.5,3.0,false,NaN,4
47,100.0,24,100.0,1.0,3.0,false,NaN,4
47,100.0,24,100.0,1.5,3.0,false,NaN,4
47,100.0,24,100.0,2.0,3.0,false,NaN,4
47,100.0,24,100.0,2.5,3.0,false,NaN,4
47,100.0,24,100.0,0.5,3.5,true,96.66088359258224,5
47,100.0,24,100.0,1.0,3.5,false,NaN,3
47,100.0,24,100.0,1.5,3.5,false,NaN,4
47,100.0,24,100.0,2.0,3.5,false,NaN,4
47,100.0,24,100.0,2.5,3.5,false,NaN,4
47,100.0,24,100.0,0.5,4.0,true,96.66088359258224,5
47,100.0,24,100.0,1.0,4.0,false,NaN,3
47,100.0,24,100.0,1.5,4.0,false,NaN,4
47,100.0,24,100.0,2.0,4.0,false,NaN,4
47,100.0,24,100.0,2.5,4.0,false,NaN,4
47,100.0,30,100.0,0.5,1.0,false,NaN,4
47,100.0,30,100.0,1.0,1.0,false,NaN,4
47,100.0,30,100.0,1.5,1.0,true,58.713899588201436,5
47,100.0,30,100.0,2.0,1.0,false,NaN,3
47,100.0,30,100.0,2.5,1.0,true,83.20691578626045,5
47,100.0,30,100.0,0.5,1.5,true,71.6746228868305,5
47,100.0,30,100.0,1.0,1.5,true,68.12717967378686,5
47,100.0,30,100.0,1.5,1.5,true,69.14305909375288,5
47,100.0,30,100.0,2.0,1.5,true,91.95783683679863,5
47,100.0,30,100.0,2.5,1.5,true,82.51846366776425,5
47,100.0,30,100.0,0.5,2.0,true,89.54893390908816,5
47,100.0,30,100.0,1.0,2.0,true,69.14305909375288,5
47,100.0,30,100.0,1.5,2.0,false,NaN,3
47,100.0,30,100.0,2.0,2.0,true,90.85807860355922,5
47,100.0,30,100.0,2.5,2.0,true,91.09553346381817,5
47,100.0,30,100.0,0.5,2.5,false,NaN,4
47,100.0,30,100.0,1.0,2.5,true,69.14305909375288,5
47,100.0,30,100.0,1.5,2.5,true,92.4722190281545,5
47,100.0,30,100.0,2.0,2.5,true,90.85807860355922,5
47,100.0,30,100.0,2.5,2.5,true,91.09553346381817,5
47,100.0,30,100.0,0.5,3.0,true,69.14305909375288,5
47,100.0,30,100.0,1.0,3.0,true,88.07743896019122,5
47,100.0,30,100.0,1.5,3.0,true,92.28892717611194,5
47,100.0,30,100.0,2.0,3.0,true,90.24412208075607,5
47,100.0,30,100.0,2.5,3.0,true,91.09553346381817,5
47,100.0,30,100.0,0.5,3.5,true,69.14305909375288,5
47,100.0,30,100.0,1.0,3.5,true,88.52185138970245,5
47,100.0,30,100.0,1.5,3.5,true,92.28892717611194,5
47,100.0,30,100.0,2.0,3.5,true,91.09553346381817,5
47,100.0,30,100.0,2.5,3.5,true,91.09553346381817,5
47,100.0,30,100.0,0.5,4.0,true,88.47002431906213,5
47,100.0,30,100.0,1.0,4.0,true,88.52185138970245,5
47,100.0,30,100.0,1.5,4.0,true,92.28892717611194,5
47,100.0,30,100.0,2.0,4.0,true,91.09553346381817,5
47,100.0,30,100.0,2.5,4.0,true,91.09553346381817,5
47,100.0,36,100.0,0.5,1.0,true,54.30232203293865,5
47,100.0,36,100.0,1.0,1.0,true,42.95334367205468,5
47,100.0,36,100.0,1.5,1.0,true,42.95334367205468,5
47,100.0,36,100.0,2.0,1.0,true,42.95334367205468,5
47,100.0,36,100.0,2.5,1.0,true,53.818648397082654,5
47,100.0,36,100.0,0.5,1.5,true,72.80253695436669,5
47,100.0,36,100.0,1.0,1.5,true,71.30961474312355,5
47,100.0,36,100.0,1.5,1.5,false,NaN,4
47,100.0,36,100.0,2.0,1.5,true,76.67630832090047,5
47,100.0,36,100.0,2.5,1.5,false,NaN,4
47,100.0,36,100.0,0.5,2.0,true,40.807505348663625,5
47,100.0,36,100.0,1.0,2.0,true,40.807505348663625,5
47,100.0,36,100.0,1.5,2.0,true,40.807505348663625,5
47,100.0,36,100.0,2.0,2.0,true,40.807505348663625,5
47,100.0,36,100.0,2.5,2.0,true,40.807505348663625,5
47,100.0,36,100.0,0.5,2.5,true,40.807505348663625,5
47,100.0,36,100.0,1.0,2.5,true,40.807505348663625,5
47,100.0,36,100.0,1.5,2.5,true,40.807505348663625,5
47,100.0,36,100.0,2.0,2.5,true,40.807505348663625,5
47,100.0,36,100.0,2.5,2.5,true,40.807505348663625,5
47,100.0,36,100.0,0.5,3.0,true,40.807505348663625,5
47,100.0,36,100.0,1.0,3.0,true,40.807505348663625,5
47,100.0,36,100.0,1.5,3.0,true,40.807505348663625,5
47,100.0,36,100.0,2.0,3.0,true,40.807505348663625,5
47,100.0,36,100.0,2.5,3.0,true,40.807505348663625,5
47,100.0,36,100.0,0.5,3.5,true,40.807505348663625,5
47,100.0,36,100.0,1.0,3.5,true,40.807505348663625,5
47,100.0,36,100.0,1.5,3.5,true,40.807505348663625,5
47,100.0,36,100.0,2.0,3.5,true,40.807505348663625,5
47,100.0,36,100.0,2.5,3.5,true,40.807505348663625,5
47,100.0,36,100.0,0.5,4.0,true,40.807505348663625,5
47,100.0,36,100.0,1.0,4.0,true,40.807505348663625,5
47,100.0,36,100.0,1.5,4.0,true,40.807505348663625,5
47,100.0,36,100.0,2.0,4.0,true,40.807505348663625,5
47,100.0,36,100.0,2.5,4.0,true,40.807505348663625,5
47,100.0,12,125.0,0.5,1.0,true,65.06350853302077,5
47,100.0,12,125.0,1.0,1.0,true,65.06350853302077,5
47,100.0,12,125.0,1.5,1.0,true,65.06350853302077,5
47,100.0,12,125.0,2.0,1.0,false,NaN,4
47,100.0,12,125.0,2.5,1.0,false,NaN,4
47,100.0,12,125.0,0.5,1.5,true,76.59951471781173,5
47,100.0,12,125.0,1.0,1.5,true,76.59951471781173,5
47,100.0,12,125.0,1.5,1.5,true,52.621655501462094,5
47,100.0,12,125.0,2.0,1.5,false,NaN,4
47,100.0,12,125.0,2.5,1.5,false,NaN,4
47,100.0,12,125.0,0.5,2.0,true,94.74820260930838,5
47,100.0,12,125.0,1.0,2.0,true,94.74820260930838,5
47,100.0,12,125.0,1.5,2.0,false,NaN,4
47,100.0,12,125.0,2.0,2.0,false,NaN,4
47,100.0,12,125.0,2.5,2.0,false,NaN,4
47,100.0,12,125.0,0.5,2.5,true,94.74820260930838,5
47,100.0,12,125.0,1.0,2.5,false,NaN,4
47,100.0,12,125.0,1.5,2.5,false,NaN,4
47,100.0,12,125.0,2.0,2.5,false,NaN,4
47,100.0,12,125.0,2.5,2.5,false,NaN,4
47,100.0,12,125.0,0.5,3.0,true,94.74820260930838,5
47,100.0,12,125.0,1.0,3.0,false,NaN,4
47,100.0,12,125.0,1.5,3.0,false,NaN,4
47,100.0,12,125.0,2.0,3.0,false,NaN,4
47,100.0,12,125.0,2.5,3.0,false,NaN,4
47,100.0,12,125.0,0.5,3.5,true,94.74820260930838,5
47,100.0,12,125.0,1.0,3.5,false,NaN,4
47,100.0,12,125.0,1.5,3.5,false,NaN,4
47,100.0,12,125.0,2.0,3.5,false,NaN,4
47,100.0,12,125.0,2.5,3.5,false,NaN,4
47,100.0,12,125.0,0.5,4.0,false,NaN,4
47,100.0,12,125.0,1.0,4.0,false,NaN,4
47,100.0,12,125.0,1.5,4.0,false,NaN,4
47,100.0,12,125.0,2.0,4.0,false,NaN,4
47,100.0,12,125.0,2.5,4.0,false,NaN,4
47,100.0,18,125.0,0.5,1.0,true,79.81519973255641,5
47,100.0,18,125.0,1.0,1.0,true,90.02051361396245,5
47,100.0,18,125.0,1.5,1.0,false,NaN,4
47,100.0,18,125.0,2.0,1.0,true,95.71596037497976,5
47,100.0,18,125.0,2.5,1.0,true,95.71596037497976,5
47,100.0,18,125.0,0.5,1.5,false,NaN,4
47,100.0,18,125.0,1.0,1.5,true,82.64944139501115,5
47,100.0,18,125.0,1.5,1.5,true,55.81136311222502,5
47,100.0,18,125.0,2.0,1.5,true,55.81136311222502,5
47,100.0,18,125.0,2.5,1.5,true,55.81136311222502,5
47,100.0,18,125.0,0.5,2.0,true,95.54855136834303,5
47,100.0,18,125.0,1.0,2.0,false,NaN,4
47,100.0,18,125.0,1.5,2.0,true,55.81136311222502,5
47,100.0,18,125.0,2.0,2.0,true,55.81136311222502,5
47,100.0,18,125.0,2.5,2.0,true,81.14486053653235,5
47,100.0,18,125.0,0.5,2.5,true,94.1647416525847,5
47,100.0,18,125.0,1.0,2.5,false,NaN,4
47,100.0,18,125.0,1.5,2.5,true,55.81136311222502,5
47,100.0,18,125.0,2.0,2.5,true,81.14486053653235,5
47,100.0,18,125.0,2.5,2.5,true,81.14486053653235,5
47,100.0,18,125.0,0.5,3.0,true,94.1647416525847,5
47,100.0,18,125.0,1.0,3.0,false,NaN,4
47,100.0,18,125.0,1.5,3.0,true,81.14486053653235,5
47,100.0,18,125.0,2.0,3.0,true,81.14486053653235,5
47,100.0,18,125.0,2.5,3.0,true,81.14486053653235,5
47,100.0,18,125.0,0.5,3.5,true,94.1647416525847,5
47,100.0,18,125.0,1.0,3.5,true,77.83905177578445,5
47,100.0,18,125.0,1.5,3.5,true,81.14486053653235,5
47,100.0,18,125.0,2.0,3.5,true,81.14486053653235,5
47,100.0,18,125.0,2.5,3.5,true,81.14486053653235,5
47,100.0,18,125.0,0.5,4.0,true,94.1647416525847,5
47,100.0,18,125.0,1.0,4.0,true,77.83905177578445,5
47,100.0,18,125.0,1.5,4.0,true,81.14486053653235,5
47,100.0,18,125.0,2.0,4.0,true,81.14486053653235,5
47,100.0,18,125.0,2.5,4.0,true,81.14486053653235,5
47,100.0,24,125.0,0.5,1.0,false,NaN,4
47,100.0,24,125.0,1.0,1.0,false,NaN,4
47,100.0,24,125.0,1.5,1.0,false,NaN,4
47,100.0,24,125.0,2.0,1.0,false,NaN,4
47,100.0,24,125.0,2.5,1.0,false,NaN,4
47,100.0,24,125.0,0.5,1.5,false,NaN,4
47,100.0,24,125.0,1.0,1.5,false,NaN,4
47,100.0,24,125.0,1.5,1.5,false,NaN,4
47,100.0,24,125.0,2.0,1.5,false,NaN,4
47,100.0,24,125.0,2.5,1.5,true,78.2395932604297,5
47,100.0,24,125.0,0.5,2.0,true,85.19189951806058,5
47,100.0,24,125.0,1.0,2.0,false,NaN,4
47,100.0,24,125.0,1.5,2.0,false,NaN,4
47,100.0,24,125.0,2.0,2.0,false,NaN,4
47,100.0,24,125.0,2.5,2.0,false,NaN,4
47,100.0,24,125.0,0.5,2.5,false,NaN,4
47,100.0,24,125.0,1.0,2.5,false,NaN,4
47,100.0,24,125.0,1.5,2.5,false,NaN,4
47,100.0,24,125.0,2.0,2.5,false,NaN,4
47,100.0,24,125.0,2.5,2.5,false,NaN,4
47,100.0,24,125.0,0.5,3.0,false,NaN,4
47,100.0,24,125.0,1.0,3.0,false,NaN,4
47,100.0,24,125.0,1.5,3.0,false,NaN,4
47,100.0,24,125.0,2.0,3.0,false,NaN,4
47,100.0,24,125.0,2.5,3.0,false,NaN,4
47,100.0,24,125.0,0.5,3.5,false,NaN,4
47,100.0,24,125.0,1.0,3.5,false,NaN,4
47,100.0,24,125.0,1.5,3.5,false,NaN,4
47,100.0,24,125.0,2.0,3.5,false,NaN,4
47,100.0,24,125.0,2.5,3.5,false,NaN,4
47,100.0,24,125.0,0.5,4.0,false,NaN,4
47,100.0,24,125.0,1.0,4.0,false,NaN,4
47,100.0,24,125.0,1.5,4.0,false,NaN,4
47,100.0,24,125.0,2.0,4.0,false,NaN,4
47,100.0,24,125.0,2.5,4.0,false,NaN,4
47,100.0,30,125.0,0.5,1.0,false,NaN,4
47,100.0,30,125.0,1.0,1.0,false,NaN,4
47,100.0,30,125.0,1.5,1.0,false,NaN,4
47,100.0,30,125.0,2.0,1.0,false,NaN,4
47,100.0,30,125.0,2.5,1.0,true,86.21322480750321,5
47,100.0,30,125.0,0.5,1.5,false,NaN,4
47,100.0,30,125.0,1.0,1.5,false,NaN,4
47,100.0,30,125.0,1.5,1.5,false,NaN,4
47,100.0,30,125.0,2.0,1.5,false,NaN,4
47,100.0,30,125.0,2.5,1.5,false,NaN,4
47,100.0,30,125.0,0.5,2.0,false,NaN,4
47,100.0,30,125.0,1.0,2.0,true,65.73492868366864,5
47,100.0,30,125.0,1.5,2.0,false,NaN,4
47,100.0,30,125.0,2.0,2.0,false,NaN,4
47,100.0,30,125.0,2.5,2.0,false,NaN,4
47,100.0,30,125.0,0.5,2.5,false,NaN,4
47,100.0,30,125.0,1.0,2.5,true,65.73492868366864,5
47,100.0,30,125.0,1.5,2.5,false,NaN,4
47,100.0,30,125.0,2.0,2.5,false,NaN,4
47,100.0,30,125.0,2.5,2.5,false,NaN,4
47,100.0,30,125.0,0.5,3.0,false,NaN,4
47,100.0,30,125.0,1.0,3.0,true,65.73492868366864,5
47,100.0,30,125.0,1.5,3.0,false,NaN,4
47,100.0,30,125.0,2.0,3.0,false,NaN,4
47,100.0,30,125.0,2.5,3.0,false,NaN,4
47,100.0,30,125.0,0.5,3.5,false,NaN,4
47,100.0,30,125.0,1.0,3.5,true,65.73492868366864,5
47,100.0,30,125.0,1.5,3.5,false,NaN,4
47,100.0,30,125.0,2.0,3.5,false,NaN,4
47,100.0,30,125.0,2.5,3.5,false,NaN,4
47,100.0,30,125.0,0.5,4.0,false,NaN,4
47,100.0,30,125.0,1.0,4.0,true,65.73492868366864,5
47,100.0,30,125.0,1.5,4.0,false,NaN,4
47,100.0,30,125.0,2.0,4.0,false,NaN,4
47,100.0,30,125.0,2.5,4.0,false,NaN,4
47,100.0,36,125.0,0.5,1.0,false,NaN,4
47,100.0,36,125.0,1.0,1.0,false,NaN,4
47,100.0,36,125.0,1.5,1.0,true,64.1295367090868,5
47,100.0,36,125.0,2.0,1.0,true,79.80707526595104,5
47,100.0,36,125.0,2.5,1.0,true,79.80707526595104,5
47,100.0,36,125.0,0.5,1.5,false,NaN,4
47,100.0,36,125.0,1.0,1.5,false,NaN,4
47,100.0,36,125.0,1.5,1.5,false,NaN,4
47,100.0,36,125.0,2.0,1.5,false,NaN,4
47,100.0,36,125.0,2.5,1.5,false,NaN,4
47,100.0,36,125.0,0.5,2.0,false,NaN,4
47,100.0,36,125.0,1.0,2.0,false,NaN,4
47,100.0,36,125.0,1.5,2.0,false,NaN,4
47,100.0,36,125.0,2.0,2.0,false,NaN,4
47,100.0,36,125.0,2.5,2.0,false,NaN,4
47,100.0,36,125.0,0.5,2.5,false,NaN,4
47,100.0,36,125.0,1.0,2.5,false,NaN,4
47,100.0,36,125.0,1.5,2.5,false,NaN,4
47,100.0,36,125.0,2.0,2.5,false,NaN,4
47,100.0,36,125.0,2.5,2.5,false,NaN,4
47,100.0,36,125.0,0.5,3.0,false,NaN,3
47,100.0,36,125.0,1.0,3.0,true,69.57476108920307,5
47,100.0,36,125.0,1.5,3.0,true,78.75800865579515,5
47,100.0,36,125.0,2.0,3.0,false,NaN,3
47,100.0,36,125.0,2.5,3.0,false,NaN,3
47,100.0,36,125.0,0.5,3.5,false,NaN,3
47,100.0,36,125.0,1.0,3.5,true,69.57476108920307,5
47,100.0,36,125.0,1.5,3.5,true,78.75800865579515,5
47,100.0,36,125.0,2.0,3.5,false,NaN,3
47,100.0,36,125.0,2.5,3.5,false,NaN,3
47,100.0,36,125.0,0.5,4.0,false,NaN,3
47,100.0,36,125.0,1.0,4.0,false,NaN,3
47,100.0,36,125.0,1.5,4.0,false,NaN,3
47,100.0,36,125.0,2.0,4.0,false,NaN,3
47,100.0,36,125.0,2.5,4.0,false,NaN,3
47,100.0,12,150.0,0.5,1.0,false,NaN,4
47,100.0,12,150.0,1.0,1.0,false,NaN,3
47,100.0,12,150.0,1.5,1.0,false,NaN,4
47,100.0,12,150.0,2.0,1.0,false,NaN,4
47,100.0,12,150.0,2.5,1.0,false,NaN,4
47,100.0,12,150.0,0.5,1.5,false,NaN,4
47,100.0,12,150.0,1.0,1.5,false,NaN,4
47,100.0,12,150.0,1.5,1.5,false,NaN,4
47,100.0,12,150.0,2.0,1.5,false,NaN,4
47,100.0,12,150.0,2.5,1.5,false,NaN,4
47,100.0,12,150.0,0.5,2.0,false,NaN,4
47,100.0,12,150.0,1.0,2.0,false,NaN,4
47,100.0,12,150.0,1.5,2.0,false,NaN,3
47,100.0,12,150.0,2.0,2.0,false,NaN,4
47,100.0,12,150.0,2.5,2.0,false,NaN,4
47,100.0,12,150.0,0.5,2.5,true,70.79158027180202,5
47,100.0,12,150.0,1.0,2.5,false,NaN,4
47,100.0,12,150.0,1.5,2.5,false,NaN,4
47,100.0,12,150.0,2.0,2.5,false,NaN,4
47,100.0,12,150.0,2.5,2.5,false,NaN,4
47,100.0,12,150.0,0.5,3.0,true,80.1311254893766,5
47,100.0,12,150.0,1.0,3.0,true,46.666890626477446,5
47,100.0,12,150.0,1.5,3.0,true,46.666890626477446,5
47,100.0,12,150.0,2.0,3.0,true,46.666890626477446,5
47,100.0,12,150.0,2.5,3.0,true,46.666890626477446,5
47,100.0,12,150.0,0.5,3.5,true,80.1311254893766,5
47,100.0,12,150.0,1.0,3.5,true,46.666890626477446,5
47,100.0,12,150.0,1.5,3.5,true,46.666890626477446,5
47,100.0,12,150.0,2.0,3.5,true,46.666890626477446,5
47,100.0,12,150.0,2.5,3.5,true,46.666890626477446,5
47,100.0,12,150.0,0.5,4.0,true,80.1311254893766,5
47,100.0,12,150.0,1.0,4.0,true,46.666890626477446,5
47,100.0,12,150.0,1.5,4.0,true,46.666890626477446,5
47,100.0,12,150.0,2.0,4.0,true,46.666890626477446,5
47,100.0,12,150.0,2.5,4.0,true,46.666890626477446,5
47,100.0,18,150.0,0.5,1.0,true,57.11544753978445,5
47,100.0,18,150.0,1.0,1.0,true,48.9784018812747,5
47,100.0,18,150.0,1.5,1.0,true,48.9784018812747,5
47,100.0,18,150.0,2.0,1.0,true,48.9784018812747,5
47,100.0,18,150.0,2.5,1.0,true,48.9784018812747,5
47,100.0,18,150.0,0.5,1.5,true,48.9784018812747,5
47,100.0,18,150.0,1.0,1.5,true,48.9784018812747,5
47,100.0,18,150.0,1.5,1.5,true,48.9784018812747,5
47,100.0,18,150.0,2.0,1.5,true,48.9784018812747,5
47,100.0,18,150.0,2.5,1.5,true,48.9784018812747,5
47,100.0,18,150.0,0.5,2.0,true,48.9784018812747,5
47,100.0,18,150.0,1.0,2.0,true,48.9784018812747,5
47,100.0,18,150.0,1.5,2.0,true,48.9784018812747,5
47,100.0,18,150.0,2.0,2.0,true,48.9784018812747,5
47,100.0,18,150.0,2.5,2.0,true,48.9784018812747,5
47,100.0,18,150.0,0.5,2.5,true,48.9784018812747,5
47,100.0,18,150.0,1.0,2.5,true,48.9784018812747,5
47,100.0,18,150.0,1.5,2.5,true,48.9784018812747,5
47,100.0,18,150.0,2.0,2.5,true,48.9784018812747,5
47,100.0,18,150.0,2.5,2.5,true,48.9784018812747,5
47,100.0,18,150.0,0.5,3.0,true,49.10325426981111,5
47,100.0,18,150.0,1.0,3.0,true,49.10325426981111,5
47,100.0,18,150.0,1.5,3.0,true,49.10325426981111,5
47,100.0,18,150.0,2.0,3.0,true,49.10325426981111,5
47,100.0,18,150.0,2.5,3.0,true,49.10325426981111,5
47,100.0,18,150.0,0.5,3.5,true,49.10325426981111,5
47,100.0,18,150.0,1.0,3.5,true,49.10325426981111,5
47,100.0,18,150.0,1.5,3.5,true,49.10325426981111,5
47,100.0,18,150.0,2.0,3.5,true,49.10325426981111,5
47,100.0,18,150.0,2.5,3.5,true,49.10325426981111,5
47,100.0,18,150.0,0.5,4.0,true,49.10325426981111,5
47,100.0,18,150.0,1.0,4.0,true,49.10325426981111,5
47,100.0,18,150.0,1.5,4.0,true,49.10325426981111,5
47,100.0,18,150.0,2.0,4.0,true,49.10325426981111,5
47,100.0,18,150.0,2.5,4.0,true,49.10325426981111,5
47,100.0,24,150.0,0.5,1.0,false,NaN,3
47,100.0,24,150.0,1.0,1.0,true,93.87629743581415,5
47,100.0,24,150.0,1.5,1.0,true,42.820234828614865,5
47,100.0,24,150.0,2.0,1.0,true,42.820234828614865,5
47,100.0,24,150.0,2.5,1.0,true,42.820234828614865,5
47,100.0,24,150.0,0.5,1.5,false,NaN,4
47,100.0,24,150.0,1.0,1.5,true,63.0846631066223,5
47,100.0,24,150.0,1.5,1.5,true,63.0846631066223,5
47,100.0,24,150.0,2.0,1.5,true,63.0846631066223,5
47,100.0,24,150.0,2.5,1.5,true,63.0846631066223,5
47,100.0,24,150.0,0.5,2.0,true,92.47590850793476,5
47,100.0,24,150.0,1.0,2.0,false,NaN,4
47,100.0,24,150.0,1.5,2.0,false,NaN,4
47,100.0,24,150.0,2.0,2.0,true,66.54358083859763,5
47,100.0,24,150.0,2.5,2.0,true,52.13781309584589,5
47,100.0,24,150.0,0.5,2.5,true,74.07426314676205,5
47,100.0,24,150.0,1.0,2.5,true,74.07426314676205,5
47,100.0,24,150.0,1.5,2.5,true,62.956793597473585,5
47,100.0,24,150.0,2.0,2.5,false,NaN,4
47,100.0,24,150.0,2.5,2.5,true,78.26496420504549,5
47,100.0,24,150.0,0.5,3.0,false,NaN,4
47,100.0,24,150.0,1.0,3.0,true,91.55146581318762,5
47,100.0,24,150.0,1.5,3.0,true,49.786502224671956,5
47,100.0,24,150.0,2.0,3.0,true,66.42453421410544,5
47,100.0,24,150.0,2.5,3.0,true,57.11437614992794,5
47,100.0,24,150.0,0.5,3.5,true,62.31167966827657,5
47,100.0,24,150.0,1.0,3.5,true,62.31167966827657,5
47,100.0,24,150.0,1.5,3.5,true,49.49942467959823,5
47,100.0,24,150.0,2.0,3.5,true,53.05109004452294,5
47,100.0,24,150.0,2.5,3.5,true,53.05109004452294,5
47,100.0,24,150.0,0.5,4.0,true,62.31167966827657,5
47,100.0,24,150.0,1.0,4.0,true,49.49942467959823,5
47,100.0,24,150.0,1.5,4.0,true,61.49827236950068,5
47,100.0,24,150.0,2.0,4.0,true,53.05109004452294,5
47,100.0,24,150.0,2.5,4.0,true,53.05109004452294,5
47,100.0,30,150.0,0.5,1.0,true,69.36350751426531,5
47,100.0,30,150.0,1.0,1.0,true,63.19619173781183,5
47,100.0,30,150.0,1.5,1.0,true,67.77137803061366,5
47,100.0,30,150.0,2.0,1.0,true,67.77137803061366,5
47,100.0,30,150.0,2.5,1.0,true,67.77137803061366,5
47,100.0,30,150.0,0.5,1.5,true,54.58024235482045,5
47,100.0,30,150.0,1.0,1.5,true,52.781803478770755,5
47,100.0,30,150.0,1.5,1.5,true,52.781803478770755,5
47,100.0,30,150.0,2.0,1.5,true,52.781803478770755,5
47,100.0,30,150.0,2.5,1.5,true,52.781803478770755,5
47,100.0,30,150.0,0.5,2.0,true,65.94076266853929,5
47,100.0,30,150.0,1.0,2.0,true,79.92806117721828,5
47,100.0,30,150.0,1.5,2.0,true,79.92806117721828,5
47,100.0,30,150.0,2.0,2.0,true,79.92806117721828,5
47,100.0,30,150.0,2.5,2.0,true,79.92806117721828,5
47,100.0,30,150.0,0.5,2.5,true,79.92806117721828,5
47,100.0,30,150.0,1.0,2.5,true,79.92806117721828,5
47,100.0,30,150.0,1.5,2.5,true,79.92806117721828,5
47,100.0,30,150.0,2.0,2.5,true,79.92806117721828,5
47,100.0,30,150.0,2.5,2.5,true,79.92806117721828,5
47,100.0,30,150.0,0.5,3.0,true,79.92806117721828,5
47,100.0,30,150.0,1.0,3.0,true,79.92806117721828,5
47,100.0,30,150.0,1.5,3.0,true,79.92806117721828,5
47,100.0,30,150.0,2.0,3.0,true,79.92806117721828,5
47,100.0,30,150.0,2.5,3.0,true,79.92806117721828,5
47,100.0,30,150.0,0.5,3.5,true,79.72583498796376,5
47,100.0,30,150.0,1.0,3.5,true,79.92806117721828,5
47,100.0,30,150.0,1.5,3.5,true,79.92806117721828,5
47,100.0,30,150.0,2.0,3.5,true,79.92806117721828,5
47,100.0,30,150.0,2.5,3.5,true,79.92806117721828,5
47,100.0,30,150.0,0.5,4.0,true,79.72583498796376,5
47,100.0,30,150.0,1.0,4.0,true,79.72583498796376,5
47,100.0,30,150.0,1.5,4.0,true,79.72583498796376,5
47,100.0,30,150.0,2.0,4.0,true,79.72583498796376,5
47,100.0,30,150.0,2.5,4.0,true,79.72583498796376,5
47,100.0,36,150.0,0.5,1.0,false,NaN,4
47,100.0,36,150.0,1.0,1.0,false,NaN,3
47,100.0,36,150.0,1.5,1.0,false,NaN,3
47,100.0,36,150.0,2.0,1.0,true,92.4011723877751,5
47,100.0,36,150.0,2.5,1.0,true,92.56377731051056,5
47,100.0,36,150.0,0.5,1.5,false,NaN,3
47,100.0,36,150.0,1.0,1.5,false,NaN,3
47,100.0,36,150.0,1.5,1.5,true,91.84182936767563,5
47,100.0,36,150.0,2.0,1.5,true,92.4011723877751,5
47,100.0,36,150.0,2.5,1.5,false,NaN,4
47,100.0,36,150.0,0.5,2.0,false,NaN,4
47,100.0,36,150.0,1.0,2.0,false,NaN,4
47,100.0,36,150.0,1.5,2.0,true,88.04320434214829,5
47,100.0,36,150.0,2.0,2.0,false,NaN,4
47,100.0,36,150.0,2.5,2.0,false,NaN,4
47,100.0,36,150.0,0.5,2.5,false,NaN,3
47,100.0,36,150.0,1.0,2.5,true,88.32516910318627,5
47,100.0,36,150.0,1.5,2.5,false,NaN,4
47,100.0,36,150.0,2.0,2.5,false,NaN,4
47,100.0,36,150.0,2.5,2.5,false,NaN,4
47,100.0,36,150.0,0.5,3.0,true,87.09000879125834,5
47,100.0,36,150.0,1.0,3.0,true,88.32516910318627,5
47,100.0,36,150.0,1.5,3.0,false,NaN,4
47,100.0,36,150.0,2.0,3.0,false,NaN,4
47,100.0,36,150.0,2.5,3.0,true,86.34799843073118,5
47,100.0,36,150.0,0.5,3.5,false,NaN,3
47,100.0,36,150.0,1.0,3.5,false,NaN,3
47,100.0,36,150.0,1.5,3.5,true,86.34799843073118,5
47,100.0,36,150.0,2.0,3.5,true,86.34799843073118,5
47,100.0,36,150.0,2.5,3.5,true,86.34799843073118,5
47,100.0,36,150.0,0.5,4.0,false,NaN,3
47,100.0,36,150.0,1.0,4.0,false,NaN,3
47,100.0,36,150.0,1.5,4.0,true,86.34799843073118,5
47,100.0,36,150.0,2.0,4.0,true,86.34799843073118,5
47,100.0,36,150.0,2.5,4.0,true,86.34799843073118,5
48,100.0,12,50.0,0.5,1.0,true,48.701262221851096,5
48,100.0,12,50.0,1.0,1.0,true,91.98795358609993,5
48,100.0,12,50.0,1.5,1.0,false,NaN,4
48,100.0,12,50.0,2.0,1.0,true,81.36766194388649,5
48,100.0,12,50.0,2.5,1.0,true,53.0462913788182,5
48,100.0,12,50.0,0.5,1.5,true,91.36934025271668,5
48,100.0,12,50.0,1.0,1.5,false,NaN,2
48,100.0,12,50.0,1.5,1.5,true,58.0713351925233,5
48,100.0,12,50.0,2.0,1.5,true,70.02000025219763,5
48,100.0,12,50.0,2.5,1.5,true,66.12725423146395,5
48,100.0,12,50.0,0.5,2.0,false,NaN,3
48,100.0,12,50.0,1.0,2.0,false,NaN,3
48,100.0,12,50.0,1.5,2.0,true,92.34817815109749,5
48,100.0,12,50.0,2.0,2.0,false,NaN,1
48,100.0,12,50.0,2.5,2.0,true,57.20950310999201,5
48,100.0,12,50.0,0.5,2.5,false,NaN,4
48,100.0,12,50.0,1.0,2.5,true,53.399367257403554,5
48,100.0,12,50.0,1.5,2.5,true,76.86378825082018,5
48,100.0,12,50.0,2.0,2.5,false,NaN,4
48,100.0,12,50.0,2.5,2.5,false,NaN,4
48,100.0,12,50.0,0.5,3.0,true,49.02705093791874,5
48,100.0,12,50.0,1.0,3.0,false,NaN,3
48,100.0,12,50.0,1.5,3.0,false,NaN,2
48,100.0,12,50.0,2.0,3.0,true,62.18861664189804,5
48,100.0,12,50.0,2.5,3.0,true,96.22040249721528,5
48,100.0,12,50.0,0.5,3.5,false,NaN,2
48,100.0,12,50.0,1.0,3.5,true,90.16998151828733,5
48,100.0,12,50.0,1.5,3.5,false,NaN,3
48,100.0,12,50.0,2.0,3.5,true,80.80130682939219,5
48,100.0,12,50.0,2.5,3.5,false,NaN,4
48,100.0,12,50.0,0.5,4.0,false,NaN,3
48,100.0,12,50.0,1.0,4.0,false,NaN,3
48,100.0,12,50.0,1.5,4.0,true,79.8905425739876,5
48,100.0,12,50.0,2.0,4.0,true,85.24902539291834,5
48,100.0,12,50.0,2.5,4.0,false,NaN,2
48,100.0,18,50.0,0.5,1.0,false,NaN,1
48,100.0,18,50.0,1.0,1.0,false,NaN,2
48,100.0,18,50.0,1.5,1.0,false,NaN,4
48,100.0,18,50.0,2.0,1.0,false,NaN,0
48,100.0,18,50.0,2.5,1.0,true,95.60402409335663,5
48,100.0,18,50.0,0.5,1.5,false,NaN,2
48,100.0,18,50.0,1.0,1.5,false,NaN,0
48,100.0,18,50.0,1.5,1.5,false,NaN,4
48,100.0,18,50.0,2.0,1.5,false,NaN,4
48,100.0,18,50.0,2.5,1.5,true,85.9101857042451,5
48,100.0,18,50.0,0.5,2.0,false,NaN,1
48,100.0,18,50.0,1.0,2.0,false,NaN,0
48,100.0,18,50.0,1.5,2.0,false,NaN,2
48,100.0,18,50.0,2.0,2.0,true,92.05070505602538,5
48,100.0,18,50.0,2.5,2.0,false,NaN,0
48,100.0,18,50.0,0.5,2.5,true,84.61116365377114,5
48,100.0,18,50.0,1.0,2.5,false,NaN,1
48,100.0,18,50.0,1.5,2.5,false,NaN,4
48,100.0,18,50.0,2.0,2.5,false,NaN,2
48,100.0,18,50.0,2.5,2.5,false,NaN,0
48,100.0,18,50.0,0.5,3.0,false,NaN,3
48,100.0,18,50.0,1.0,3.0,false,NaN,3
48,100.0,18,50.0,1.5,3.0,false,NaN,0
48,100.0,18,50.0,2.0,3.0,false,NaN,1
48,100.0,18,50.0,2.5,3.0,false,NaN,2
48,100.0,18,50.0,0.5,3.5,false,NaN,0
48,100.0,18,50.0,1.0,3.5,true,59.80670630438111,5
48,100.0,18,50.0,1.5,3.5,false,NaN,4
48,100.0,18,50.0,2.0,3.5,false,NaN,4
48,100.0,18,50.0,2.5,3.5,false,NaN,0
48,100.0,18,50.0,0.5,4.0,false,NaN,4
48,100.0,18,50.0,1.0,4.0,true,90.25158011000491,5
48,100.0,18,50.0,1.5,4.0,false,NaN,2
48,100.0,18,50.0,2.0,4.0,false,NaN,2
48,100.0,18,50.0,2.5,4.0,false,NaN,3
48,100.0,24,50.0,0.5,1.0,true,60.11289984204983,5
48,100.0,24,50.0,1.0,1.0,true,84.28105713213198,5
48,100.0,24,50.0,1.5,1.0,false,NaN,4
48,100.0,24,50.0,2.0,1.0,false,NaN,2
48,100.0,24,50.0,2.5,1.0,true,55.50779858435631,5
48,100.0,24,50.0,0.5,1.5,false,NaN,3
48,100.0,24,50.0,1.0,1.5,false,NaN,1
48,100.0,24,50.0,1.5,1.5,true,68.572822203234,5
48,100.0,24,50.0,2.0,1.5,true,64.74304895875407,5
48,100.0,24,50.0,2.5,1.5,true,77.60539564042344,5
48,100.0,24,50.0,0.5,2.0,false,NaN,3
48,100.0,24,50.0,1.0,2.0,false,NaN,4
48,100.0,24,50.0,1.5,2.0,true,52.34618028704141,5
48,100.0,24,50.0,2.0,2.0,true,87.84575963438205,5
48,100.0,24,50.0,2.5,2.0,false,NaN,1
48,100.0,24,50.0,0.5,2.5,true,90.9645258062851,5
48,100.0,24,50.0,1.0,2.5,true,94.4729909214826,5
48,100.0,24,50.0,1.5,2.5,true,82.47908462186903,5
48,100.0,24,50.0,2.0,2.5,true,67.20286428136096,5
48,100.0,24,50.0,2.5,2.5,true,91.82067688173072,5
48,100.0,24,50.0,0.5,3.0,true,89.99350966910612,5
48,100.0,24,50.0,1.0,3.0,false,NaN,3
48,100.0,24,50.0,1.5,3.0,true,88.82715364641935,5
48,100.0,24,50.0,2.0,3.0,false,NaN,4
48,100.0,24,50.0,2.5,3.0,true,63.742489786361396,5
48,100.0,24,50.0,0.5,3.5,true,87.91109802552468,5
48,100.0,24,50.0,1.0,3.5,false,NaN,4
48,100.0,24,50.0,1.5,3.5,false,NaN,3
48,100.0,24,50.0,2.0,3.5,true,93.0725462436743,5
48,100.0,24,50.0,2.5,3.5,false,NaN,3
48,100.0,24,50.0,0.5,4.0,false,NaN,3
48,100.0,24,50.0,1.0,4.0,false,NaN,2
48,100.0,24,50.0,1.5,4.0,false,NaN,2
48,100.0,24,50.0,2.0,4.0,false,NaN,3
48,100.0,24,50.0,2.5,4.0,true,82.10316150060264,5
48,100.0,30,50.0,0.5,1.0,false,NaN,1
48,100.0,30,50.0,1.0,1.0,false,NaN,4
48,100.0,30,50.0,1.5,1.0,false,NaN,0
48,100.0,30,50.0,2.0,1.0,false,NaN,3
48,100.0,30,50.0,2.5,1.0,false,NaN,1
48,100.0,30,50.0,0.5,1.5,false,NaN,1
48,100.0,30,50.0,1.0,1.5,false,NaN,0
48,100.0,30,50.0,1.5,1.5,true,95.00651926011372,5
48,100.0,30,50.0,2.0,1.5,false,NaN,3
48,100.0,30,50.0,2.5,1.5,false,NaN,0
48,100.0,30,50.0,0.5,2.0,false,NaN,1
48,100.0,30,50.0,1.0,2.0,true,92.55646770956201,5
48,100.0,30,50.0,1.5,2.0,false,NaN,2
48,100.0,30,50.0,2.0,2.0,false,NaN,4
48,100.0,30,50.0,2.5,2.0,true,97.95581647958319,5
48,100.0,30,50.0,0.5,2.5,false,NaN,4
48,100.0,30,50.0,1.0,2.5,false,NaN,0
48,100.0,30,50.0,1.5,2.5,false,NaN,0
48,100.0,30,50.0,2.0,2.5,true,88.90010580465334,5
48,100.0,30,50.0,2.5,2.5,true,48.04547797975023,5
48,100.0,30,50.0,0.5,3.0,false,NaN,0
48,100.0,30,50.0,1.0,3.0,true,66.07419624627529,5
48,100.0,30,50.0,1.5,3.0,false,NaN,0
48,100.0,30,50.0,2.0,3.0,false,NaN,2
48,100.0,30,50.0,2.5,3.0,true,64.63567165343044,5
48,100.0,30,50.0,0.5,3.5,false,NaN,2
48,100.0,30,50.0,1.0,3.5,false,NaN,4
48,100.0,30,50.0,1.5,3.5,false,NaN,3
48,100.0,30,50.0,2.0,3.5,false,NaN,0
48,100.0,30,50.0,2.5,3.5,false,NaN,4
48,100.0,30,50.0,0.5,4.0,false,NaN,4
48,100.0,30,50.0,1.0,4.0,false,NaN,4
48,100.0,30,50.0,1.5,4.0,true,83.93765694056145,5
48,100.0,30,50.0,2.0,4.0,false,NaN,0
48,100.0,30,50.0,2.5,4.0,false,NaN,1
48,100.0,36,50.0,0.5,1.0,false,NaN,1
48,100.0,36,50.0,1.0,1.0,false,NaN,1
48,100.0,36,50.0,1.5,1.0,true,86.23600817291428,5
48,100.0,36,50.0,2.0,1.0,false,NaN,3
48,100.0,36,50.0,2.5,1.0,false,NaN,1
48,100.0,36,50.0,0.5,1.5,false,NaN,1
48,100.0,36,50.0,1.0,1.5,false,NaN,4
48,100.0,36,50.0,1.5,1.5,false,NaN,1
48,100.0,36,50.0,2.0,1.5,false,NaN,2
48,100.0,36,50.0,2.5,1.5,false,NaN,3
48,100.0,36,50.0,0.5,2.0,true,69.26053150740374,5
48,100.0,36,50.0,1.0,2.0,false,NaN,0
48,100.0,36,50.0,1.5,2.0,false,NaN,1
48,100.0,36,50.0,2.0,2.0,false,NaN,4
48,100.0,36,50.0,2.5,2.0,false,NaN,1
48,100.0,36,50.0,0.5,2.5,false,NaN,0
48,100.0,36,50.0,1.0,2.5,false,NaN,1
48,100.0,36,50.0,1.5,2.5,false,NaN,4
48,100.0,36,50.0,2.0,2.5,false,NaN,1
48,100.0,36,50.0,2.5,2.5,false,NaN,2
48,100.0,36,50.0,0.5,3.0,true,85.55516312863556,5
48,100.0,36,50.0,1.0,3.0,true,95.80094158071218,5
48,100.0,36,50.0,1.5,3.0,false,NaN,0
48,100.0,36,50.0,2.0,3.0,false,NaN,2
48,100.0,36,50.0,2.5,3.0,false,NaN,3
48,100.0,36,50.0,0.5,3.5,false,NaN,4
48,100.0,36,50.0,1.0,3.5,false,NaN,0
48,100.0,36,50.0,1.5,3.5,true,94.17300354425574,5
48,100.0,36,50.0,2.0,3.5,false,NaN,4
48,100.0,36,50.0,2.5,3.5,false,NaN,4
48,100.0,36,50.0,0.5,4.0,false,NaN,3
48,100.0,36,50.0,1.0,4.0,false,NaN,2
48,100.0,36,50.0,1.5,4.0,false,NaN,4
48,100.0,36,50.0,2.0,4.0,false,NaN,3
48,100.0,36,50.0,2.5,4.0,true,66.94237962793177,5
48,100.0,12,75.0,0.5,1.0,false,NaN,3
48,100.0,12,75.0,1.0,1.0,true,77.11599582991259,5
48,100.0,12,75.0,1.5,1.0,true,56.88194310523939,5
48,100.0,12,75.0,2.0,1.0,true,50.94810286055647,5
48,100.0,12,75.0,2.5,1.0,true,50.94810286055647,5
48,100.0,12,75.0,0.5,1.5,false,NaN,3
48,100.0,12,75.0,1.0,1.5,false,NaN,3
48,100.0,12,75.0,1.5,1.5,false,NaN,3
48,100.0,12,75.0,2.0,1.5,false,NaN,2
48,100.0,12,75.0,2.5,1.5,false,NaN,2
48,100.0,12,75.0,0.5,2.0,true,52.67914213260425,5
48,100.0,12,75.0,1.0,2.0,true,52.67914213260425,5
48,100.0,12,75.0,1.5,2.0,true,52.67914213260425,5
48,100.0,12,75.0,2.0,2.0,true,52.67914213260425,5
48,100.0,12,75.0,2.5,2.0,true,52.67914213260425,5
48,100.0,12,75.0,0.5,2.5,true,53.04899480676158,5
48,100.0,12,75.0,1.0,2.5,true,53.04899480676158,5
48,100.0,12,75.0,1.5,2.5,true,53.04899480676158,5
48,100.0,12,75.0,2.0,2.5,true,53.04899480676158,5
48,100.0,12,75.0,2.5,2.5,true,53.04899480676158,5
48,100.0,12,75.0,0.5,3.0,true,53.04899480676158,5
48,100.0,12,75.0,1.0,3.0,true,53.04899480676158,5
48,100.0,12,75.0,1.5,3.0,true,53.04899480676158,5
48,100.0,12,75.0,2.0,3.0,true,53.04899480676158,5
48,100.0,12,75.0,2.5,3.0,true,53.04899480676158,5
48,100.0,12,75.0,0.5,3.5,true,56.918235722122795,5
48,100.0,12,75.0,1.0,3.5,true,56.918235722122795,5
48,100.0,12,75.0,1.5,3.5,true,56.918235722122795,5
48,100.0,12,75.0,2.0,3.5,true,56.918235722122795,5
48,100.0,12,75.0,2.5,3.5,true,56.918235722122795,5
48,100.0,12,75.0,0.5,4.0,true,56.918235722122795,5
48,100.0,12,75.0,1.0,4.0,true,56.918235722122795,5
48,100.0,12,75.0,1.5,4.0,true,56.918235722122795,5
48,100.0,12,75.0,2.0,4.0,true,56.918235722122795,5
48,100.0,12,75.0,2.5,4.0,true,56.918235722122795,5
48,100.0,18,75.0,0.5,1.0,true,46.17892436552102,5
48,100.0,18,75.0,1.0,1.0,true,48.62840709176577,5
48,100.0,18,75.0,1.5,1.0,true,36.69241081793261,5
48,100.0,18,75.0,2.0,1.0,true,36.69241081793261,5
48,100.0,18,75.0,2.5,1.0,true,36.69241081793261,5
48,100.0,18,75.0,0.5,1.5,true,49.12230786511174,5
48,100.0,18,75.0,1.0,1.5,true,75.12301232762371,5
48,100.0,18,75.0,1.5,1.5,true,69.57961016541306,5
48,100.0,18,75.0,2.0,1.5,true,70.26221815902605,5
48,100.0,18,75.0,2.5,1.5,true,93.76912098232457,5
48,100.0,18,75.0,0.5,2.0,true,83.07216892807702,5
48,100.0,18,75.0,1.0,2.0,true,44.191358673633275,5
48,100.0,18,75.0,1.5,2.0,true,51.486715444114786,5
48,100.0,18,75.0,2.0,2.0,true,51.486715444114786,5
48,100.0,18,75.0,2.5,2.0,true,51.486715444114786,5
48,100.0,18,75.0,0.5,2.5,true,44.191358673633275,5
48,100.0,18,75.0,1.0,2.5,true,44.191358673633275,5
48,100.0,18,75.0,1.5,2.5,true,44.191358673633275,5
48,100.0,18,75.0,2.0,2.5,true,44.191358673633275,5
48,100.0,18,75.0,2.5,2.5,true,51.486715444114786,5
48,100.0,18,75.0,0.5,3.0,true,44.191358673633275,5
48,100.0,18,75.0,1.0,3.0,true,44.191358673633275,5
48,100.0,18,75.0,1.5,3.0,true,44.191358673633275,5
48,100.0,18,75.0,2.0,3.0,true,44.191358673633275,5
48,100.0,18,75.0,2.5,3.0,true,44.191358673633275,5
48,100.0,18,75.0,0.5,3.5,true,44.191358673633275,5
48,100.0,18,75.0,1.0,3.5,true,44.191358673633275,5
48,100.0,18,75.0,1.5,3.5,true,44.191358673633275,5
48,100.0,18,75.0,2.0,3.5,true,44.191358673633275,5
48,100.0,18,75.0,2.5,3.5,true,44.191358673633275,5
48,100.0,18,75.0,0.5,4.0,true,44.191358673633275,5
48,100.0,18,75.0,1.0,4.0,true,44.191358673633275,5
48,100.0,18,75.0,1.5,4.0,true,44.191358673633275,5
48,100.0,18,75.0,2.0,4.0,true,44.191358673633275,5
48,100.0,18,75.0,2.5,4.0,true,44.191358673633275,5
48,100.0,24,75.0,0.5,1.0,true,66.73072634724348,5
48,100.0,24,75.0,1.0,1.0,true,44.4274693275585,5
48,100.0,24,75.0,1.5,1.0,true,38.13067434377936,5
48,100.0,24,75.0,2.0,1.0,true,99.97515992815964,5
48,100.0,24,75.0,2.5,1.0,true,46.037242341575585,5
48,100.0,24,75.0,0.5,1.5,true,40.82514296635532,5
48,100.0,24,75.0,1.0,1.5,true,38.00867706730404,5
48,100.0,24,75.0,1.5,1.5,true,58.476660638411296,5
48,100.0,24,75.0,2.0,1.5,true,54.82111965662059,5
48,100.0,24,75.0,2.5,1.5,true,62.96639625087836,5
48,100.0,24,75.0,0.5,2.0,false,NaN,3
48,100.0,24,75.0,1.0,2.0,false,NaN,3
48,100.0,24,75.0,1.5,2.0,false,NaN,3
48,100.0,24,75.0,2.0,2.0,false,NaN,3
48,100.0,24,75.0,2.5,2.0,true,41.254959783665264,5
48,100.0,24,75.0,0.5,2.5,true,62.53979977911081,5
48,100.0,24,75.0,1.0,2.5,true,59.73067882549886,5
48,100.0,24,75.0,1.5,2.5,true,59.73067882549886,5
48,100.0,24,75.0,2.0,2.5,true,59.73067882549886,5
48,100.0,24,75.0,2.5,2.5,true,59.73067882549886,5
48,100.0,24,75.0,0.5,3.0,true,68.74838715137022,5
48,100.0,24,75.0,1.0,3.0,true,80.45852963637805,5
48,100.0,24,75.0,1.5,3.0,true,28.991916651920512,5
48,100.0,24,75.0,2.0,3.0,true,28.991916651920512,5
48,100.0,24,75.0,2.5,3.0,true,28.991916651920512,5
48,100.0,24,75.0,0.5,3.5,false,NaN,4
48,100.0,24,75.0,1.0,3.5,true,68.74838715137022,5
48,100.0,24,75.0,1.5,3.5,true,67.48904680431643,5
48,100.0,24,75.0,2.0,3.5,true,28.991916651920512,5
48,100.0,24,75.0,2.5,3.5,true,28.991916651920512,5
48,100.0,24,75.0,0.5,4.0,false,NaN,4
48,100.0,24,75.0,1.0,4.0,true,68.74838715137022,5
48,100.0,24,75.0,1.5,4.0,true,68.74838715137022,5
48,100.0,24,75.0,2.0,4.0,true,67.48904680431643,5
48,100.0,24,75.0,2.5,4.0,true,67.48904680431643,5
48,100.0,30,75.0,0.5,1.0,true,54.355422569487665,5
48,100.0,30,75.0,1.0,1.0,true,30.101290097521925,5
48,100.0,30,75.0,1.5,1.0,true,30.101290097521925,5
48,100.0,30,75.0,2.0,1.0,true,36.3242721313224,5
48,100.0,30,75.0,2.5,1.0,true,36.3242721313224,5
48,100.0,30,75.0,0.5,1.5,true,33.53469083908516,5
48,100.0,30,75.0,1.0,1.5,true,37.16885321424487,5
48,100.0,30,75.0,1.5,1.5,true,31.61409194876457,5
48,100.0,30,75.0,2.0,1.5,true,34.47156629407771,5
48,100.0,30,75.0,2.5,1.5,true,49.58952703708563,5
48,100.0,30,75.0,0.5,2.0,true,33.53469083908516,5
48,100.0,30,75.0,1.0,2.0,true,37.16885321424487,5
48,100.0,30,75.0,1.5,2.0,true,31.61409194876457,5
48,100.0,30,75.0,2.0,2.0,true,43.958846553908366,5
48,100.0,30,75.0,2.5,2.0,true,43.958846553908366,5
48,100.0,30,75.0,0.5,2.5,true,33.53469083908516,5
48,100.0,30,75.0,1.0,2.5,true,33.53469083908516,5
48,100.0,30,75.0,1.5,2.5,true,32.20875551620843,5
48,100.0,30,75.0,2.0,2.5,true,54.471370584126355,5
48,100.0,30,75.0,2.5,2.5,true,54.471370584126355,5
48,100.0,30,75.0,0.5,3.0,true,33.53469083908516,5
48,100.0,30,75.0,1.0,3.0,true,31.07100553951129,5
48,100.0,30,75.0,1.5,3.0,true,32.20875551620843,5
48,100.0,30,75.0,2.0,3.0,true,52.35903261380551,5
48,100.0,30,75.0,2.5,3.0,true,52.35903261380551,5
48,100.0,30,75.0,0.5,3.5,true,33.53469083908516,5
48,100.0,30,75.0,1.0,3.5,true,31.07100553951129,5
48,100.0,30,75.0,1.5,3.5,true,32.20875551620843,5
48,100.0,30,75.0,2.0,3.5,true,51.60170997407621,5
48,100.0,30,75.0,2.5,3.5,true,51.60170997407621,5
48,100.0,30,75.0,0.5,4.0,true,33.53469083908516,5
48,100.0,30,75.0,1.0,4.0,true,49.414425226703386,5
48,100.0,30,75.0,1.5,4.0,true,32.20875551620843,5
48,100.0,30,75.0,2.0,4.0,true,51.60170997407621,5
48,100.0,30,75.0,2.5,4.0,true,51.60170997407621,5
48,100.0,36,75.0,0.5,1.0,false,NaN,3
48,100.0,36,75.0,1.0,1.0,false,NaN,4
48,100.0,36,75.0,1.5,1.0,true,37.09666077850084,5
48,100.0,36,75.0,2.0,1.0,true,44.23284699187179,5
48,100.0,36,75.0,2.5,1.0,true,44.18384660715681,5
48,100.0,36,75.0,0.5,1.5,true,38.96590698162791,5
48,100.0,36,75.0,1.0,1.5,true,25.184683785669268,5
48,100.0,36,75.0,1.5,1.5,true,29.786290472194395,5
48,100.0,36,75.0,2.0,1.5,true,29.786290472194395,5
48,100.0,36,75.0,2.5,1.5,true,29.786290472194395,5
48,100.0,36,75.0,0.5,2.0,true,37.70773306948833,5
48,100.0,36,75.0,1.0,2.0,true,29.59509201615607,5
48,100.0,36,75.0,1.5,2.0,true,29.71219669880196,5
48,100.0,36,75.0,2.0,2.0,true,29.71219669880196,5
48,100.0,36,75.0,2.5,2.0,true,29.71219669880196,5
48,100.0,36,75.0,0.5,2.5,true,40.17770086224018,5
48,100.0,36,75.0,1.0,2.5,true,31.00733040374379,5
48,100.0,36,75.0,1.5,2.5,true,47.17622021978227,5
48,100.0,36,75.0,2.0,2.5,true,47.17622021978227,5
48,100.0,36,75.0,2.5,2.5,true,47.17622021978227,5
48,100.0,36,75.0,0.5,3.0,true,31.00733040374379,5
48,100.0,36,75.0,1.0,3.0,true,31.00733040374379,5
48,100.0,36,75.0,1.5,3.0,true,34.399703180432695,5
48,100.0,36,75.0,2.0,3.0,true,29.86003141195564,5
48,100.0,36,75.0,2.5,3.0,true,29.86003141195564,5
48,100.0,36,75.0,0.5,3.5,true,31.00733040374379,5
48,100.0,36,75.0,1.0,3.5,true,29.86003141195564,5
48,100.0,36,75.0,1.5,3.5,true,29.86003141195564,5
48,100.0,36,75.0,2.0,3.5,true,29.86003141195564,5
48,100.0,36,75.0,2.5,3.5,true,29.86003141195564,5
48,100.0,36,75.0,0.5,4.0,true,31.00733040374379,5
48,100.0,36,75.0,1.0,4.0,true,29.86003141195564,5
48,100.0,36,75.0,1.5,4.0,true,29.86003141195564,5
48,100.0,36,75.0,2.0,4.0,true,29.86003141195564,5
48,100.0,36,75.0,2.5,4.0,true,29.86003141195564,5
48,100.0,12,100.0,0.5,1.0,true,42.62273120018189,5
48,100.0,12,100.0,1.0,1.0,true,42.62273120018189,5
48,100.0,12,100.0,1.5,1.0,true,52.49329551972975,5
48,100.0,12,100.0,2.0,1.0,true,52.49329551972975,5
48,100.0,12,100.0,2.5,1.0,true,52.49329551972975,5
48,100.0,12,100.0,0.5,1.5,true,46.56079771962829,5
48,100.0,12,100.0,1.0,1.5,true,56.062438516557364,5
48,100.0,12,100.0,1.5,1.5,true,56.062438516557364,5
48,100.0,12,100.0,2.0,1.5,true,56.062438516557364,5
48,100.0,12,100.0,2.5,1.5,true,56.062438516557364,5
48,100.0,12,100.0,0.5,2.0,true,56.062438516557364,5
48,100.0,12,100.0,1.0,2.0,true,56.062438516557364,5
48,100.0,12,100.0,1.5,2.0,true,56.062438516557364,5
48,100.0,12,100.0,2.0,2.0,true,56.062438516557364,5
48,100.0,12,100.0,2.5,2.0,true,56.062438516557364,5
48,100.0,12,100.0,0.5,2.5,true,56.062438516557364,5
48,100.0,12,100.0,1.0,2.5,true,56.062438516557364,5
48,100.0,12,100.0,1.5,2.5,true,56.062438516557364,5
48,100.0,12,100.0,2.0,2.5,true,56.062438516557364,5
48,100.0,12,100.0,2.5,2.5,true,56.062438516557364,5
48,100.0,12,100.0,0.5,3.0,true,56.062438516557364,5
48,100.0,12,100.0,1.0,3.0,true,56.062438516557364,5
48,100.0,12,100.0,1.5,3.0,true,56.062438516557364,5
48,100.0,12,100.0,2.0,3.0,true,56.062438516557364,5
48,100.0,12,100.0,2.5,3.0,true,56.062438516557364,5
48,100.0,12,100.0,0.5,3.5,true,56.062438516557364,5
48,100.0,12,100.0,1.0,3.5,true,56.062438516557364,5
48,100.0,12,100.0,1.5,3.5,true,56.062438516557364,5
48,100.0,12,100.0,2.0,3.5,true,56.062438516557364,5
48,100.0,12,100.0,2.5,3.5,true,56.062438516557364,5
48,100.0,12,100.0,0.5,4.0,true,56.062438516557364,5
48,100.0,12,100.0,1.0,4.0,true,56.062438516557364,5
48,100.0,12,100.0,1.5,4.0,true,56.062438516557364,5
48,100.0,12,100.0,2.0,4.0,true,56.062438516557364,5
48,100.0,12,100.0,2.5,4.0,true,56.062438516557364,5
48,100.0,18,100.0,0.5,1.0,true,41.41535288131388,5
48,100.0,18,100.0,1.0,1.0,false,NaN,4
48,100.0,18,100.0,1.5,1.0,true,41.308512836811126,5
48,100.0,18,100.0,2.0,1.0,true,41.308512836811126,5
48,100.0,18,100.0,2.5,1.0,true,41.308512836811126,5
48,100.0,18,100.0,0.5,1.5,true,42.54599101649917,5
48,100.0,18,100.0,1.0,1.5,true,42.54599101649917,5
48,100.0,18,100.0,1.5,1.5,true,42.54599101649917,5
48,100.0,18,100.0,2.0,1.5,true,47.32959758667183,5
48,100.0,18,100.0,2.5,1.5,true,47.32959758667183,5
48,100.0,18,100.0,0.5,2.0,true,45.81412889126726,5
48,100.0,18,100.0,1.0,2.0,true,45.81412889126726,5
48,100.0,18,100.0,1.5,2.0,true,45.81412889126726,5
48,100.0,18,100.0,2.0,2.0,true,45.81412889126726,5
48,100.0,18,100.0,2.5,2.0,true,45.81412889126726,5
48,100.0,18,100.0,0.5,2.5,true,45.81412889126726,5
48,100.0,18,100.0,1.0,2.5,true,45.81412889126726,5
48,100.0,18,100.0,1.5,2.5,true,45.81412889126726,5
48,100.0,18,100.0,2.0,2.5,true,45.81412889126726,5
48,100.0,18,100.0,2.5,2.5,true,45.81412889126726,5
48,100.0,18,100.0,0.5,3.0,true,45.81412889126726,5
48,100.0,18,100.0,1.0,3.0,true,45.81412889126726,5
48,100.0,18,100.0,1.5,3.0,true,45.81412889126726,5
48,100.0,18,100.0,2.0,3.0,true,45.81412889126726,5
48,100.0,18,100.0,2.5,3.0,true,45.81412889126726,5
48,100.0,18,100.0,0.5,3.5,true,45.81412889126726,5
48,100.0,18,100.0,1.0,3.5,true,45.81412889126726,5
48,100.0,18,100.0,1.5,3.5,true,45.81412889126726,5
48,100.0,18,100.0,2.0,3.5,true,45.81412889126726,5
48,100.0,18,100.0,2.5,3.5,true,45.81412889126726,5
48,100.0,18,100.0,0.5,4.0,true,45.81412889126726,5
48,100.0,18,100.0,1.0,4.0,true,45.81412889126726,5
48,100.0,18,100.0,1.5,4.0,true,45.81412889126726,5
48,100.0,18,100.0,2.0,4.0,true,45.81412889126726,5
48,100.0,18,100.0,2.5,4.0,true,45.81412889126726,5
48,100.0,24,100.0,0.5,1.0,true,63.14132574949843,5
48,100.0,24,100.0,1.0,1.0,true,59.26075464327648,5
48,100.0,24,100.0,1.5,1.0,true,59.26075464327648,5
48,100.0,24,100.0,2.0,1.0,true,59.26075464327648,5
48,100.0,24,100.0,2.5,1.0,true,59.26075464327648,5
48,100.0,24,100.0,0.5,1.5,true,59.434408388205114,5
48,100.0,24,100.0,1.0,1.5,true,80.67014264558992,5
48,100.0,24,100.0,1.5,1.5,true,79.98242307264758,5
48,100.0,24,100.0,2.0,1.5,true,79.98242307264758,5
48,100.0,24,100.0,2.5,1.5,true,79.98242307264758,5
48,100.0,24,100.0,0.5,2.0,false,NaN,4
48,100.0,24,100.0,1.0,2.0,true,79.98242307264758,5
48,100.0,24,100.0,1.5,2.0,true,79.98242307264758,5
48,100.0,24,100.0,2.0,2.0,true,79.98242307264758,5
48,100.0,24,100.0,2.5,2.0,true,79.98242307264758,5
48,100.0,24,100.0,0.5,2.5,true,79.98242307264758,5
48,100.0,24,100.0,1.0,2.5,true,79.98242307264758,5
48,100.0,24,100.0,1.5,2.5,true,79.98242307264758,5
48,100.0,24,100.0,2.0,2.5,true,79.98242307264758,5
48,100.0,24,100.0,2.5,2.5,true,79.98242307264758,5
48,100.0,24,100.0,0.5,3.0,true,79.98242307264758,5
48,100.0,24,100.0,1.0,3.0,true,79.98242307264758,5
48,100.0,24,100.0,1.5,3.0,true,79.98242307264758,5
48,100.0,24,100.0,2.0,3.0,true,79.96647096355643,5
48,100.0,24,100.0,2.5,3.0,true,79.96647096355643,5
48,100.0,24,100.0,0.5,3.5,true,79.98242307264758,5
48,100.0,24,100.0,1.0,3.5,true,79.98242307264758,5
48,100.0,24,100.0,1.5,3.5,true,79.98242307264758,5
48,100.0,24,100.0,2.0,3.5,true,79.96647096355643,5
48,100.0,24,100.0,2.5,3.5,true,79.96647096355643,5
48,100.0,24,100.0,0.5,4.0,true,79.98242307264758,5
48,100.0,24,100.0,1.0,4.0,true,79.98242307264758,5
48,100.0,24,100.0,1.5,4.0,true,79.98242307264758,5
48,100.0,24,100.0,2.0,4.0,true,79.96647096355643,5
48,100.0,24,100.0,2.5,4.0,true,79.96647096355643,5
48,100.0,30,100.0,0.5,1.0,true,67.03707690491429,5
48,100.0,30,100.0,1.0,1.0,true,66.65954221874252,5
48,100.0,30,100.0,1.5,1.0,false,NaN,4
48,100.0,30,100.0,2.0,1.0,false,NaN,4
48,100.0,30,100.0,2.5,1.0,true,60.14431534936801,5
48,100.0,30,100.0,0.5,1.5,true,74.06870144306704,5
48,100.0,30,100.0,1.0,1.5,true,69.96516112402466,5
48,100.0,30,100.0,1.5,1.5,true,70.25226502705722,5
48,100.0,30,100.0,2.0,1.5,true,77.01446535923974,5
48,100.0,30,100.0,2.5,1.5,true,78.89549083024961,5
48,100.0,30,100.0,0.5,2.0,true,61.39429928762867,5
48,100.0,30,100.0,1.0,2.0,true,61.39429928762867,5
48,100.0,30,100.0,1.5,2.0,true,70.95264566061014,5
48,100.0,30,100.0,2.0,2.0,true,70.95264566061014,5
48,100.0,30,100.0,2.5,2.0,true,70.95264566061014,5
48,100.0,30,100.0,0.5,2.5,true,53.260816067733835,5
48,100.0,30,100.0,1.0,2.5,true,53.260816067733835,5
48,100.0,30,100.0,1.5,2.5,true,53.260816067733835,5
48,100.0,30,100.0,2.0,2.5,true,53.260816067733835,5
48,100.0,30,100.0,2.5,2.5,true,53.260816067733835,5
48,100.0,30,100.0,0.5,3.0,true,74.97118736785929,5
48,100.0,30,100.0,1.0,3.0,true,74.97118736785929,5
48,100.0,30,100.0,1.5,3.0,true,53.260816067733835,5
48,100.0,30,100.0,2.0,3.0,true,53.260816067733835,5
48,100.0,30,100.0,2.5,3.0,true,53.260816067733835,5
48,100.0,30,100.0,0.5,3.5,true,74.753232540695,5
48,100.0,30,100.0,1.0,3.5,true,80.27990802576218,5
48,100.0,30,100.0,1.5,3.5,true,62.605612676897884,5
48,100.0,30,100.0,2.0,3.5,true,75.92565525324656,5
48,100.0,30,100.0,2.5,3.5,true,75.92565525324656,5
48,100.0,30,100.0,0.5,4.0,true,73.21073588169092,5
48,100.0,30,100.0,1.0,4.0,true,70.58094464826871,5
48,100.0,30,100.0,1.5,4.0,true,70.58094464826871,5
48,100.0,30,100.0,2.0,4.0,true,75.12073916586672,5
48,100.0,30,100.0,2.5,4.0,true,70.57005669472305,5
48,100.0,36,100.0,0.5,1.0,true,44.46763171334174,5
48,100.0,36,100.0,1.0,1.0,true,34.84752188942104,5
48,100.0,36,100.0,1.5,1.0,true,34.84752188942104,5
48,100.0,36,100.0,2.0,1.0,true,34.84752188942104,5
48,100.0,36,100.0,2.5,1.0,true,34.84752188942104,5
48,100.0,36,100.0,0.5,1.5,true,74.93441635605188,5
48,100.0,36,100.0,1.0,1.5,true,62.488803980643866,5
48,100.0,36,100.0,1.5,1.5,true,62.488803980643866,5
48,100.0,36,100.0,2.0,1.5,true,62.488803980643866,5
48,100.0,36,100.0,2.5,1.5,true,58.41271138865673,5
48,100.0,36,100.0,0.5,2.0,true,57.20036805099909,5
48,100.0,36,100.0,1.0,2.0,true,57.40361515220015,5
48,100.0,36,100.0,1.5,2.0,true,57.40361515220015,5
48,100.0,36,100.0,2.0,2.0,true,57.40361515220015,5
48,100.0,36,100.0,2.5,2.0,true,57.40361515220015,5
48,100.0,36,100.0,0.5,2.5,true,57.20036805099909,5
48,100.0,36,100.0,1.0,2.5,true,84.6553408484381,5
48,100.0,36,100.0,1.5,2.5,true,57.40361515220015,5
48,100.0,36,100.0,2.0,2.5,true,57.40361515220015,5
48,100.0,36,100.0,2.5,2.5,true,57.40361515220015,5
48,100.0,36,100.0,0.5,3.0,true,58.236859730946236,5
48,100.0,36,100.0,1.0,3.0,true,58.236859730946236,5
48,100.0,36,100.0,1.5,3.0,true,58.232675391182354,5
48,100.0,36,100.0,2.0,3.0,true,59.25746097891075,5
48,100.0,36,100.0,2.5,3.0,true,59.25746097891075,5
48,100.0,36,100.0,0.5,3.5,true,56.932757555037725,5
48,100.0,36,100.0,1.0,3.5,true,56.932757555037725,5
48,100.0,36,100.0,1.5,3.5,true,56.932757555037725,5
48,100.0,36,100.0,2.0,3.5,true,56.932757555037725,5
48,100.0,36,100.0,2.5,3.5,true,56.932757555037725,5
48,100.0,36,100.0,0.5,4.0,true,60.77356444852697,5
48,100.0,36,100.0,1.0,4.0,true,56.932757555037725,5
48,100.0,36,100.0,1.5,4.0,true,56.932757555037725,5
48,100.0,36,100.0,2.0,4.0,true,56.932757555037725,5
48,100.0,36,100.0,2.5,4.0,true,56.932757555037725,5
48,100.0,12,125.0,0.5,1.0,true,70.435671382147,5
48,100.0,12,125.0,1.0,1.0,true,67.39402683836629,5
48,100.0,12,125.0,1.5,1.0,true,54.100746145504935,5
48,100.0,12,125.0,2.0,1.0,true,54.100746145504935,5
48,100.0,12,125.0,2.5,1.0,true,54.100746145504935,5
48,100.0,12,125.0,0.5,1.5,true,62.472097548986774,5
48,100.0,12,125.0,1.0,1.5,true,67.24017906174905,5
48,100.0,12,125.0,1.5,1.5,true,67.24017906174905,5
48,100.0,12,125.0,2.0,1.5,true,67.24017906174905,5
48,100.0,12,125.0,2.5,1.5,true,67.24017906174905,5
48,100.0,12,125.0,0.5,2.0,true,55.02482223561935,5
48,100.0,12,125.0,1.0,2.0,true,62.472097548986774,5
48,100.0,12,125.0,1.5,2.0,true,62.472097548986774,5
48,100.0,12,125.0,2.0,2.0,true,62.472097548986774,5
48,100.0,12,125.0,2.5,2.0,true,67.24017906174905,5
48,100.0,12,125.0,0.5,2.5,true,55.02482223561935,5
48,100.0,12,125.0,1.0,2.5,true,55.02482223561935,5
48,100.0,12,125.0,1.5,2.5,true,55.02482223561935,5
48,100.0,12,125.0,2.0,2.5,true,55.02482223561935,5
48,100.0,12,125.0,2.5,2.5,true,55.02482223561935,5
48,100.0,12,125.0,0.5,3.0,true,55.02482223561935,5
48,100.0,12,125.0,1.0,3.0,true,55.02482223561935,5
48,100.0,12,125.0,1.5,3.0,true,55.02482223561935,5
48,100.0,12,125.0,2.0,3.0,true,55.02482223561935,5
48,100.0,12,125.0,2.5,3.0,true,55.02482223561935,5
48,100.0,12,125.0,0.5,3.5,true,55.02482223561935,5
48,100.0,12,125.0,1.0,3.5,true,55.02482223561935,5
48,100.0,12,125.0,1.5,3.5,true,55.02482223561935,5
48,100.0,12,125.0,2.0,3.5,true,55.02482223561935,5
48,100.0,12,125.0,2.5,3.5,true,55.02482223561935,5
48,100.0,12,125.0,0.5,4.0,true,55.02482223561935,5
48,100.0,12,125.0,1.0,4.0,true,55.02482223561935,5
48,100.0,12,125.0,1.5,4.0,true,55.02482223561935,5
48,100.0,12,125.0,2.0,4.0,true,55.02482223561935,5
48,100.0,12,125.0,2.5,4.0,true,55.02482223561935,5
48,100.0,18,125.0,0.5,1.0,true,43.39780422387596,5
48,100.0,18,125.0,1.0,1.0,true,49.33714791786003,5
48,100.0,18,125.0,1.5,1.0,true,49.33714791786003,5
48,100.0,18,125.0,2.0,1.0,true,49.33714791786003,5
48,100.0,18,125.0,2.5,1.0,true,49.33714791786003,5
48,100.0,18,125.0,0.5,1.5,true,49.33714791786003,5
48,100.0,18,125.0,1.0,1.5,true,49.33714791786003,5
48,100.0,18,125.0,1.5,1.5,true,49.33714791786003,5
48,100.0,18,125.0,2.0,1.5,true,49.33714791786003,5
48,100.0,18,125.0,2.5,1.5,true,49.33714791786003,5
48,100.0,18,125.0,0.5,2.0,true,49.33714791786003,5
48,100.0,18,125.0,1.0,2.0,true,49.33714791786003,5
48,100.0,18,125.0,1.5,2.0,true,49.33714791786003,5
48,100.0,18,125.0,2.0,2.0,true,49.33714791786003,5
48,100.0,18,125.0,2.5,2.0,true,49.33714791786003,5
48,100.0,18,125.0,0.5,2.5,true,49.33714791786003,5
48,100.0,18,125.0,1.0,2.5,true,49.33714791786003,5
48,100.0,18,125.0,1.5,2.5,true,49.33714791786003,5
48,100.0,18,125.0,2.0,2.5,true,49.33714791786003,5
48,100.0,18,125.0,2.5,2.5,true,49.33714791786003,5
48,100.0,18,125.0,0.5,3.0,true,49.33714791786003,5
48,100.0,18,125.0,1.0,3.0,true,49.33714791786003,5
48,100.0,18,125.0,1.5,3.0,true,49.33714791786003,5
48,100.0,18,125.0,2.0,3.0,true,49.33714791786003,5
48,100.0,18,125.0,2.5,3.0,true,49.33714791786003,5
48,100.0,18,125.0,0.5,3.5,true,51.98371443758329,5
48,100.0,18,125.0,1.0,3.5,true,51.98371443758329,5
48,100.0,18,125.0,1.5,3.5,true,51.98371443758329,5
48,100.0,18,125.0,2.0,3.5,true,51.98371443758329,5
48,100.0,18,125.0,2.5,3.5,true,51.98371443758329,5
48,100.0,18,125.0,0.5,4.0,true,51.98371443758329,5
48,100.0,18,125.0,1.0,4.0,true,51.98371443758329,5
48,100.0,18,125.0,1.5,4.0,true,51.98371443758329,5
48,100.0,18,125.0,2.0,4.0,true,51.98371443758329,5
48,100.0,18,125.0,2.5,4.0,true,51.98371443758329,5
48,100.0,24,125.0,0.5,1.0,true,61.8824139961126,5
48,100.0,24,125.0,1.0,1.0,true,61.8824139961126,5
48,100.0,24,125.0,1.5,1.0,true,61.8824139961126,5
48,100.0,24,125.0,2.0,1.0,true,61.8824139961126,5
48,100.0,24,125.0,2.5,1.0,true,52.80246955235472,5
48,100.0,24,125.0,0.5,1.5,true,61.8824139961126,5
48,100.0,24,125.0,1.0,1.5,true,61.8824139961126,5
48,100.0,24,125.0,1.5,1.5,true,61.8824139961126,5
48,100.0,24,125.0,2.0,1.5,true,61.8824139961126,5
48,100.0,24,125.0,2.5,1.5,true,52.80246955235472,5
48,100.0,24,125.0,0.5,2.0,true,73.05598758906798,5
48,100.0,24,125.0,1.0,2.0,true,61.8824139961126,5
48,100.0,24,125.0,1.5,2.0,true,61.8824139961126,5
48,100.0,24,125.0,2.0,2.0,true,44.0709895418438,5
48,100.0,24,125.0,2.5,2.0,true,57.91329377698105,5
48,100.0,24,125.0,0.5,2.5,true,61.8824139961126,5
48,100.0,24,125.0,1.0,2.5,true,61.8824139961126,5
48,100.0,24,125.0,1.5,2.5,true,61.8824139961126,5
48,100.0,24,125.0,2.0,2.5,true,57.91329377698105,5
48,100.0,24,125.0,2.5,2.5,true,57.91329377698105,5
48,100.0,24,125.0,0.5,3.0,true,61.8824139961126,5
48,100.0,24,125.0,1.0,3.0,true,61.8824139961126,5
48,100.0,24,125.0,1.5,3.0,true,61.8824139961126,5
48,100.0,24,125.0,2.0,3.0,true,57.91329377698105,5
48,100.0,24,125.0,2.5,3.0,true,57.91329377698105,5
48,100.0,24,125.0,0.5,3.5,true,61.8824139961126,5
48,100.0,24,125.0,1.0,3.5,true,61.8824139961126,5
48,100.0,24,125.0,1.5,3.5,true,61.8824139961126,5
48,100.0,24,125.0,2.0,3.5,true,57.91329377698105,5
48,100.0,24,125.0,2.5,3.5,true,57.91329377698105,5
48,100.0,24,125.0,0.5,4.0,true,61.8824139961126,5
48,100.0,24,125.0,1.0,4.0,true,61.8824139961126,5
48,100.0,24,125.0,1.5,4.0,false,NaN,4
48,100.0,24,125.0,2.0,4.0,true,57.91329377698105,5
48,100.0,24,125.0,2.5,4.0,true,57.91329377698105,5
48,100.0,30,125.0,0.5,1.0,true,45.473272000467155,5
48,100.0,30,125.0,1.0,1.0,true,34.80455222976086,5
48,100.0,30,125.0,1.5,1.0,true,34.80455222976086,5
48,100.0,30,125.0,2.0,1.0,true,34.80455222976086,5
48,100.0,30,125.0,2.5,1.0,true,34.80455222976086,5
48,100.0,30,125.0,0.5,1.5,true,49.947880635876906,5
48,100.0,30,125.0,1.0,1.5,true,34.80455222976086,5
48,100.0,30,125.0,1.5,1.5,true,34.80455222976086,5
48,100.0,30,125.0,2.0,1.5,true,34.80455222976086,5
48,100.0,30,125.0,2.5,1.5,true,34.80455222976086,5
48,100.0,30,125.0,0.5,2.0,true,34.80455222976086,5
48,100.0,30,125.0,1.0,2.0,true,34.80455222976086,5
48,100.0,30,125.0,1.5,2.0,true,34.80455222976086,5
48,100.0,30,125.0,2.0,2.0,true,34.80455222976086,5
48,100.0,30,125.0,2.5,2.0,true,34.80455222976086,5
48,100.0,30,125.0,0.5,2.5,true,67.99468108454087,5
48,100.0,30,125.0,1.0,2.5,true,67.99468108454087,5
48,100.0,30,125.0,1.5,2.5,true,67.99468108454087,5
48,100.0,30,125.0,2.0,2.5,true,67.99468108454087,5
48,100.0,30,125.0,2.5,2.5,true,67.99468108454087,5
48,100.0,30,125.0,0.5,3.0,true,67.99468108454087,5
48,100.0,30,125.0,1.0,3.0,true,67.99468108454087,5
48,100.0,30,125.0,1.5,3.0,true,67.99468108454087,5
48,100.0,30,125.0,2.0,3.0,true,67.99468108454087,5
48,100.0,30,125.0,2.5,3.0,true,67.99468108454087,5
48,100.0,30,125.0,0.5,3.5,true,67.99468108454087,5
48,100.0,30,125.0,1.0,3.5,true,67.99468108454087,5
48,100.0,30,125.0,1.5,3.5,true,67.99468108454087,5
48,100.0,30,125.0,2.0,3.5,true,67.99468108454087,5
48,100.0,30,125.0,2.5,3.5,true,67.99468108454087,5
48,100.0,30,125.0,0.5,4.0,true,67.99468108454087,5
48,100.0,30,125.0,1.0,4.0,true,67.99468108454087,5
48,100.0,30,125.0,1.5,4.0,true,67.99468108454087,5
48,100.0,30,125.0,2.0,4.0,true,67.99468108454087,5
48,100.0,30,125.0,2.5,4.0,true,67.99468108454087,5
48,100.0,36,125.0,0.5,1.0,true,33.69150751985196,5
48,100.0,36,125.0,1.0,1.0,true,33.69150751985196,5
48,100.0,36,125.0,1.5,1.0,true,55.3924758066475,5
48,100.0,36,125.0,2.0,1.0,true,70.74322734818682,5
48,100.0,36,125.0,2.5,1.0,true,70.74322734818682,5
48,100.0,36,125.0,0.5,1.5,true,68.61268581565325,5
48,100.0,36,125.0,1.0,1.5,true,34.45538710581834,5
48,100.0,36,125.0,1.5,1.5,true,34.45538710581834,5
48,100.0,36,125.0,2.0,1.5,true,34.45538710581834,5
48,100.0,36,125.0,2.5,1.5,true,34.45538710581834,5
48,100.0,36,125.0,0.5,2.0,true,56.48242281306834,5
48,100.0,36,125.0,1.0,2.0,true,38.74461828814736,5
48,100.0,36,125.0,1.5,2.0,true,38.74461828814736,5
48,100.0,36,125.0,2.0,2.0,true,38.74461828814736,5
48,100.0,36,125.0,2.5,2.0,true,38.74461828814736,5
48,100.0,36,125.0,0.5,2.5,true,44.93972433155296,5
48,100.0,36,125.0,1.0,2.5,true,43.53130161806519,5
48,100.0,36,125.0,1.5,2.5,true,43.53130161806519,5
48,100.0,36,125.0,2.0,2.5,true,43.53130161806519,5
48,100.0,36,125.0,2.5,2.5,true,43.53130161806519,5
48,100.0,36,125.0,0.5,3.0,true,39.59195666997244,5
48,100.0,36,125.0,1.0,3.0,true,43.53130161806519,5
48,100.0,36,125.0,1.5,3.0,true,43.53130161806519,5
48,100.0,36,125.0,2.0,3.0,true,43.53130161806519,5
48,100.0,36,125.0,2.5,3.0,true,43.53130161806519,5
48,100.0,36,125.0,0.5,3.5,true,40.433499432833045,5
48,100.0,36,125.0,1.0,3.5,true,49.10904973245274,5
48,100.0,36,125.0,1.5,3.5,true,49.10904973245274,5
48,100.0,36,125.0,2.0,3.5,true,49.10904973245274,5
48,100.0,36,125.0,2.5,3.5,true,49.10904973245274,5
48,100.0,36,125.0,0.5,4.0,true,40.433499432833045,5
48,100.0,36,125.0,1.0,4.0,true,49.10904973245274,5
48,100.0,36,125.0,1.5,4.0,true,49.10904973245274,5
48,100.0,36,125.0,2.0,4.0,true,49.10904973245274,5
48,100.0,36,125.0,2.5,4.0,true,49.10904973245274,5
48,100.0,12,150.0,0.5,1.0,true,56.16923859571645,5
48,100.0,12,150.0,1.0,1.0,true,56.16923859571645,5
48,100.0,12,150.0,1.5,1.0,true,56.16923859571645,5
48,100.0,12,150.0,2.0,1.0,true,70.1379705495133,5
48,100.0,12,150.0,2.5,1.0,true,70.1379705495133,5
48,100.0,12,150.0,0.5,1.5,true,66.5454708079576,5
48,100.0,12,150.0,1.0,1.5,true,50.012800598327296,5
48,100.0,12,150.0,1.5,1.5,true,50.012800598327296,5
48,100.0,12,150.0,2.0,1.5,true,50.012800598327296,5
48,100.0,12,150.0,2.5,1.5,true,50.012800598327296,5
48,100.0,12,150.0,0.5,2.0,true,66.5454708079576,5
48,100.0,12,150.0,1.0,2.0,true,50.012800598327296,5
48,100.0,12,150.0,1.5,2.0,true,50.012800598327296,5
48,100.0,12,150.0,2.0,2.0,true,50.012800598327296,5
48,100.0,12,150.0,2.5,2.0,true,50.012800598327296,5
48,100.0,12,150.0,0.5,2.5,true,66.5454708079576,5
48,100.0,12,150.0,1.0,2.5,true,50.012800598327296,5
48,100.0,12,150.0,1.5,2.5,true,50.012800598327296,5
48,100.0,12,150.0,2.0,2.5,true,50.012800598327296,5
48,100.0,12,150.0,2.5,2.5,true,50.012800598327296,5
48,100.0,12,150.0,0.5,3.0,true,66.5454708079576,5
48,100.0,12,150.0,1.0,3.0,true,50.012800598327296,5
48,100.0,12,150.0,1.5,3.0,true,50.012800598327296,5
48,100.0,12,150.0,2.0,3.0,true,50.012800598327296,5
48,100.0,12,150.0,2.5,3.0,true,50.012800598327296,5
48,100.0,12,150.0,0.5,3.5,true,66.5454708079576,5
48,100.0,12,150.0,1.0,3.5,true,50.012800598327296,5
48,100.0,12,150.0,1.5,3.5,true,50.012800598327296,5
48,100.0,12,150.0,2.0,3.5,true,50.012800598327296,5
48,100.0,12,150.0,2.5,3.5,true,50.012800598327296,5
48,100.0,12,150.0,0.5,4.0,true,66.5454708079576,5
48,100.0,12,150.0,1.0,4.0,true,50.012800598327296,5
48,100.0,12,150.0,1.5,4.0,true,50.012800598327296,5
48,100.0,12,150.0,2.0,4.0,true,50.012800598327296,5
48,100.0,12,150.0,2.5,4.0,true,50.012800598327296,5
48,100.0,18,150.0,0.5,1.0,true,48.60425413804677,5
48,100.0,18,150.0,1.0,1.0,true,38.23002929682804,5
48,100.0,18,150.0,1.5,1.0,true,49.82912123850956,5
48,100.0,18,150.0,2.0,1.0,true,49.82912123850956,5
48,100.0,18,150.0,2.5,1.0,true,49.82912123850956,5
48,100.0,18,150.0,0.5,1.5,true,53.78683535406253,5
48,100.0,18,150.0,1.0,1.5,true,50.91489927635147,5
48,100.0,18,150.0,1.5,1.5,true,50.91489927635147,5
48,100.0,18,150.0,2.0,1.5,true,50.91489927635147,5
48,100.0,18,150.0,2.5,1.5,true,50.91489927635147,5
48,100.0,18,150.0,0.5,2.0,true,53.78683535406253,5
48,100.0,18,150.0,1.0,2.0,true,50.91489927635147,5
48,100.0,18,150.0,1.5,2.0,true,50.91489927635147,5
48,100.0,18,150.0,2.0,2.0,true,50.91489927635147,5
48,100.0,18,150.0,2.5,2.0,true,50.91489927635147,5
48,100.0,18,150.0,0.5,2.5,true,50.91489927635147,5
48,100.0,18,150.0,1.0,2.5,true,50.91489927635147,5
48,100.0,18,150.0,1.5,2.5,true,50.91489927635147,5
48,100.0,18,150.0,2.0,2.5,true,50.91489927635147,5
48,100.0,18,150.0,2.5,2.5,true,50.91489927635147,5
48,100.0,18,150.0,0.5,3.0,true,50.91489927635147,5
48,100.0,18,150.0,1.0,3.0,true,50.91489927635147,5
48,100.0,18,150.0,1.5,3.0,true,50.91489927635147,5
48,100.0,18,150.0,2.0,3.0,true,50.91489927635147,5
48,100.0,18,150.0,2.5,3.0,true,50.91489927635147,5
48,100.0,18,150.0,0.5,3.5,true,50.91489927635147,5
48,100.0,18,150.0,1.0,3.5,true,50.91489927635147,5
48,100.0,18,150.0,1.5,3.5,true,50.91489927635147,5
48,100.0,18,150.0,2.0,3.5,true,50.91489927635147,5
48,100.0,18,150.0,2.5,3.5,true,50.91489927635147,5
48,100.0,18,150.0,0.5,4.0,true,50.91489927635147,5
48,100.0,18,150.0,1.0,4.0,true,50.91489927635147,5
48,100.0,18,150.0,1.5,4.0,true,50.91489927635147,5
48,100.0,18,150.0,2.0,4.0,true,50.91489927635147,5
48,100.0,18,150.0,2.5,4.0,true,50.91489927635147,5
48,100.0,24,150.0,0.5,1.0,true,78.6584213928163,5
48,100.0,24,150.0,1.0,1.0,true,56.70544410651289,5
48,100.0,24,150.0,1.5,1.0,true,56.70544410651289,5
48,100.0,24,150.0,2.0,1.0,true,56.70544410651289,5
48,100.0,24,150.0,2.5,1.0,true,56.70544410651289,5
48,100.0,24,150.0,0.5,1.5,true,66.05619541402724,5
48,100.0,24,150.0,1.0,1.5,true,56.18321477442096,5
48,100.0,24,150.0,1.5,1.5,true,55.046273157613506,5
48,100.0,24,150.0,2.0,1.5,true,55.046273157613506,5
48,100.0,24,150.0,2.5,1.5,true,55.046273157613506,5
48,100.0,24,150.0,0.5,2.0,true,56.18321477442096,5
48,100.0,24,150.0,1.0,2.0,true,55.046273157613506,5
48,100.0,24,150.0,1.5,2.0,true,55.046273157613506,5
48,100.0,24,150.0,2.0,2.0,true,55.046273157613506,5
48,100.0,24,150.0,2.5,2.0,true,55.046273157613506,5
48,100.0,24,150.0,0.5,2.5,true,47.409391365219165,5
48,100.0,24,150.0,1.0,2.5,true,47.409391365219165,5
48,100.0,24,150.0,1.5,2.5,true,55.046273157613506,5
48,100.0,24,150.0,2.0,2.5,true,55.046273157613506,5
48,100.0,24,150.0,2.5,2.5,true,55.046273157613506,5
48,100.0,24,150.0,0.5,3.0,true,47.409391365219165,5
48,100.0,24,150.0,1.0,3.0,true,47.409391365219165,5
48,100.0,24,150.0,1.5,3.0,true,47.409391365219165,5
48,100.0,24,150.0,2.0,3.0,true,47.409391365219165,5
48,100.0,24,150.0,2.5,3.0,true,47.409391365219165,5
48,100.0,24,150.0,0.5,3.5,true,47.409391365219165,5
48,100.0,24,150.0,1.0,3.5,true,47.409391365219165,5
48,100.0,24,150.0,1.5,3.5,true,47.409391365219165,5
48,100.0,24,150.0,2.0,3.5,true,47.409391365219165,5
48,100.0,24,150.0,2.5,3.5,true,47.409391365219165,5
48,100.0,24,150.0,0.5,4.0,true,47.409391365219165,5
48,100.0,24,150.0,1.0,4.0,true,47.409391365219165,5
48,100.0,24,150.0,1.5,4.0,true,47.409391365219165,5
48,100.0,24,150.0,2.0,4.0,true,47.409391365219165,5
48,100.0,24,150.0,2.5,4.0,true,47.409391365219165,5
48,100.0,30,150.0,0.5,1.0,true,35.46190814592501,5
48,100.0,30,150.0,1.0,1.0,true,36.88522125636212,5
48,100.0,30,150.0,1.5,1.0,true,24.14603448880302,5
48,100.0,30,150.0,2.0,1.0,true,24.14603448880302,5
48,100.0,30,150.0,2.5,1.0,true,24.14603448880302,5
48,100.0,30,150.0,0.5,1.5,true,24.14603448880302,5
48,100.0,30,150.0,1.0,1.5,true,24.14603448880302,5
48,100.0,30,150.0,1.5,1.5,true,24.14603448880302,5
48,100.0,30,150.0,2.0,1.5,true,24.14603448880302,5
48,100.0,30,150.0,2.5,1.5,true,24.14603448880302,5
48,100.0,30,150.0,0.5,2.0,true,23.483692222844837,5
48,100.0,30,150.0,1.0,2.0,true,23.483692222844837,5
48,100.0,30,150.0,1.5,2.0,true,23.483692222844837,5
48,100.0,30,150.0,2.0,2.0,true,23.483692222844837,5
48,100.0,30,150.0,2.5,2.0,true,23.483692222844837,5
48,100.0,30,150.0,0.5,2.5,true,23.483692222844837,5
48,100.0,30,150.0,1.0,2.5,true,23.483692222844837,5
48,100.0,30,150.0,1.5,2.5,true,23.483692222844837,5
48,100.0,30,150.0,2.0,2.5,true,23.483692222844837,5
48,100.0,30,150.0,2.5,2.5,true,23.483692222844837,5
48,100.0,30,150.0,0.5,3.0,true,23.483692222844837,5
48,100.0,30,150.0,1.0,3.0,true,23.483692222844837,5
48,100.0,30,150.0,1.5,3.0,true,23.483692222844837,5
48,100.0,30,150.0,2.0,3.0,true,23.483692222844837,5
48,100.0,30,150.0,2.5,3.0,true,23.483692222844837,5
48,100.0,30,150.0,0.5,3.5,true,23.483692222844837,5
48,100.0,30,150.0,1.0,3.5,true,23.483692222844837,5
48,100.0,30,150.0,1.5,3.5,true,23.483692222844837,5
48,100.0,30,150.0,2.0,3.5,true,23.483692222844837,5
48,100.0,30,150.0,2.5,3.5,true,23.483692222844837,5
48,100.0,30,150.0,0.5,4.0,true,23.483692222844837,5
48,100.0,30,150.0,1.0,4.0,true,23.483692222844837,5
48,100.0,30,150.0,1.5,4.0,true,23.483692222844837,5
48,100.0,30,150.0,2.0,4.0,true,23.483692222844837,5
48,100.0,30,150.0,2.5,4.0,true,23.483692222844837,5
48,100.0,36,150.0,0.5,1.0,false,NaN,4
48,100.0,36,150.0,1.0,1.0,true,93.51508773078248,5
48,100.0,36,150.0,1.5,1.0,true,74.0233797424704,5
48,100.0,36,150.0,2.0,1.0,true,74.0233797424704,5
48,100.0,36,150.0,2.5,1.0,true,67.84303567646683,5
48,100.0,36,150.0,0.5,1.5,true,69.80170494948004,5
48,100.0,36,150.0,1.0,1.5,true,88.32357522486924,5
48,100.0,36,150.0,1.5,1.5,true,67.84303567646683,5
48,100.0,36,150.0,2.0,1.5,true,67.84303567646683,5
48,100.0,36,150.0,2.5,1.5,true,67.84303567646683,5
48,100.0,36,150.0,0.5,2.0,true,76.22871220043329,5
48,100.0,36,150.0,1.0,2.0,true,74.72941900374306,5
48,100.0,36,150.0,1.5,2.0,false,NaN,4
48,100.0,36,150.0,2.0,2.0,false,NaN,4
48,100.0,36,150.0,2.5,2.0,true,93.96480712548556,5
48,100.0,36,150.0,0.5,2.5,false,NaN,4
48,100.0,36,150.0,1.0,2.5,false,NaN,4
48,100.0,36,150.0,1.5,2.5,true,91.38132469199618,5
48,100.0,36,150.0,2.0,2.5,true,89.61625313552457,5
48,100.0,36,150.0,2.5,2.5,true,84.70031623096335,5
48,100.0,36,150.0,0.5,3.0,true,85.09512459171387,5
48,100.0,36,150.0,1.0,3.0,true,85.67302612214435,5
48,100.0,36,150.0,1.5,3.0,true,83.39582171782718,5
48,100.0,36,150.0,2.0,3.0,true,88.66800624764281,5
48,100.0,36,150.0,2.5,3.0,true,88.841579987453,5
48,100.0,36,150.0,0.5,3.5,true,85.67302612214435,5
48,100.0,36,150.0,1.0,3.5,true,87.9404063118502,5
48,100.0,36,150.0,1.5,3.5,true,83.39582171782718,5
48,100.0,36,150.0,2.0,3.5,true,88.66800624764281,5
48,100.0,36,150.0,2.5,3.5,true,88.841579987453,5
48,100.0,36,150.0,0.5,4.0,true,64.06780168298324,5
48,100.0,36,150.0,1.0,4.0,true,64.06780168298324,5
48,100.0,36,150.0,1.5,4.0,true,64.06780168298324,5
48,100.0,36,150.0,2.0,4.0,true,64.06780168298324,5
48,100.0,36,150.0,2.5,4.0,true,64.06780168298324,5
49,100.0,12,50.0,0.5,1.0,false,NaN,4
49,100.0,12,50.0,1.0,1.0,true,87.27108728264096,5
49,100.0,12,50.0,1.5,1.0,false,NaN,4
49,100.0,12,50.0,2.0,1.0,false,NaN,4
49,100.0,12,50.0,2.5,1.0,false,NaN,4
49,100.0,12,50.0,0.5,1.5,false,NaN,4
49,100.0,12,50.0,1.0,1.5,false,NaN,4
49,100.0,12,50.0,1.5,1.5,false,NaN,4
49,100.0,12,50.0,2.0,1.5,true,88.2616982979568,5
49,100.0,12,50.0,2.5,1.5,false,NaN,4
49,100.0,12,50.0,0.5,2.0,false,NaN,4
49,100.0,12,50.0,1.0,2.0,false,NaN,4
49,100.0,12,50.0,1.5,2.0,true,86.55150028088288,5
49,100.0,12,50.0,2.0,2.0,false,NaN,4
49,100.0,12,50.0,2.5,2.0,false,NaN,3
49,100.0,12,50.0,0.5,2.5,false,NaN,4
49,100.0,12,50.0,1.0,2.5,false,NaN,4
49,100.0,12,50.0,1.5,2.5,true,55.61989688620274,5
49,100.0,12,50.0,2.0,2.5,false,NaN,4
49,100.0,12,50.0,2.5,2.5,false,NaN,4
49,100.0,12,50.0,0.5,3.0,false,NaN,4
49,100.0,12,50.0,1.0,3.0,false,NaN,4
49,100.0,12,50.0,1.5,3.0,true,87.69248195285392,5
49,100.0,12,50.0,2.0,3.0,false,NaN,4
49,100.0,12,50.0,2.5,3.0,false,NaN,4
49,100.0,12,50.0,0.5,3.5,false,NaN,4
49,100.0,12,50.0,1.0,3.5,false,NaN,4
49,100.0,12,50.0,1.5,3.5,false,NaN,4
49,100.0,12,50.0,2.0,3.5,false,NaN,4
49,100.0,12,50.0,2.5,3.5,true,92.84734914200385,5
49,100.0,12,50.0,0.5,4.0,false,NaN,4
49,100.0,12,50.0,1.0,4.0,false,NaN,4
49,100.0,12,50.0,1.5,4.0,false,NaN,4
49,100.0,12,50.0,2.0,4.0,false,NaN,4
49,100.0,12,50.0,2.5,4.0,false,NaN,3
49,100.0,18,50.0,0.5,1.0,true,94.5630255788369,5
49,100.0,18,50.0,1.0,1.0,true,78.3502896672217,5
49,100.0,18,50.0,1.5,1.0,true,97.28769211888945,5
49,100.0,18,50.0,2.0,1.0,false,NaN,4
49,100.0,18,50.0,2.5,1.0,false,NaN,4
49,100.0,18,50.0,0.5,1.5,true,66.35850332792702,5
49,100.0,18,50.0,1.0,1.5,false,NaN,4
49,100.0,18,50.0,1.5,1.5,true,53.083773816813554,5
49,100.0,18,50.0,2.0,1.5,true,98.16906431601174,5
49,100.0,18,50.0,2.5,1.5,false,NaN,4
49,100.0,18,50.0,0.5,2.0,false,NaN,4
49,100.0,18,50.0,1.0,2.0,true,82.921838017079,5
49,100.0,18,50.0,1.5,2.0,false,NaN,4
49,100.0,18,50.0,2.0,2.0,false,NaN,4
49,100.0,18,50.0,2.5,2.0,false,NaN,4
49,100.0,18,50.0,0.5,2.5,false,NaN,4
49,100.0,18,50.0,1.0,2.5,true,40.78983970406797,5
49,100.0,18,50.0,1.5,2.5,true,83.25315886574839,5
49,100.0,18,50.0,2.0,2.5,false,NaN,4
49,100.0,18,50.0,2.5,2.5,false,NaN,4
49,100.0,18,50.0,0.5,3.0,false,NaN,4
49,100.0,18,50.0,1.0,3.0,true,49.42654921487174,5
49,100.0,18,50.0,1.5,3.0,true,40.78983970406797,5
49,100.0,18,50.0,2.0,3.0,false,NaN,4
49,100.0,18,50.0,2.5,3.0,false,NaN,4
49,100.0,18,50.0,0.5,3.5,false,NaN,4
49,100.0,18,50.0,1.0,3.5,false,NaN,4
49,100.0,18,50.0,1.5,3.5,false,NaN,4
49,100.0,18,50.0,2.0,3.5,true,59.76548993631666,5
49,100.0,18,50.0,2.5,3.5,true,40.78983970406797,5
49,100.0,18,50.0,0.5,4.0,false,NaN,4
49,100.0,18,50.0,1.0,4.0,false,NaN,4
49,100.0,18,50.0,1.5,4.0,false,NaN,4
49,100.0,18,50.0,2.0,4.0,false,NaN,4
49,100.0,18,50.0,2.5,4.0,false,NaN,4
49,100.0,24,50.0,0.5,1.0,false,NaN,4
49,100.0,24,50.0,1.0,1.0,false,NaN,4
49,100.0,24,50.0,1.5,1.0,false,NaN,4
49,100.0,24,50.0,2.0,1.0,false,NaN,4
49,100.0,24,50.0,2.5,1.0,false,NaN,4
49,100.0,24,50.0,0.5,1.5,false,NaN,4
49,100.0,24,50.0,1.0,1.5,true,88.62345783555052,5
49,100.0,24,50.0,1.5,1.5,false,NaN,3
49,100.0,24,50.0,2.0,1.5,false,NaN,4
49,100.0,24,50.0,2.5,1.5,false,NaN,4
49,100.0,24,50.0,0.5,2.0,false,NaN,4
49,100.0,24,50.0,1.0,2.0,false,NaN,4
49,100.0,24,50.0,1.5,2.0,true,97.90269769807514,5
49,100.0,24,50.0,2.0,2.0,false,NaN,4
49,100.0,24,50.0,2.5,2.0,false,NaN,4
49,100.0,24,50.0,0.5,2.5,false,NaN,4
49,100.0,24,50.0,1.0,2.5,false,NaN,4
49,100.0,24,50.0,1.5,2.5,false,NaN,3
49,100.0,24,50.0,2.0,2.5,false,NaN,4
49,100.0,24,50.0,2.5,2.5,true,47.2759337174926,5
49,100.0,24,50.0,0.5,3.0,false,NaN,4
49,100.0,24,50.0,1.0,3.0,false,NaN,4
49,100.0,24,50.0,1.5,3.0,false,NaN,4
49,100.0,24,50.0,2.0,3.0,false,NaN,4
49,100.0,24,50.0,2.5,3.0,false,NaN,3
49,100.0,24,50.0,0.5,3.5,true,98.55760392565125,5
49,100.0,24,50.0,1.0,3.5,false,NaN,4
49,100.0,24,50.0,1.5,3.5,false,NaN,4
49,100.0,24,50.0,2.0,3.5,false,NaN,4
49,100.0,24,50.0,2.5,3.5,true,76.87481313811149,5
49,100.0,24,50.0,0.5,4.0,false,NaN,4
49,100.0,24,50.0,1.0,4.0,false,NaN,3
49,100.0,24,50.0,1.5,4.0,false,NaN,4
49,100.0,24,50.0,2.0,4.0,false,NaN,4
49,100.0,24,50.0,2.5,4.0,false,NaN,4
49,100.0,30,50.0,0.5,1.0,false,NaN,4
49,100.0,30,50.0,1.0,1.0,false,NaN,4
49,100.0,30,50.0,1.5,1.0,false,NaN,4
49,100.0,30,50.0,2.0,1.0,true,39.63239325530085,5
49,100.0,30,50.0,2.5,1.0,false,NaN,4
49,100.0,30,50.0,0.5,1.5,false,NaN,4
49,100.0,30,50.0,1.0,1.5,false,NaN,4
49,100.0,30,50.0,1.5,1.5,false,NaN,4
49,100.0,30,50.0,2.0,1.5,false,NaN,4
49,100.0,30,50.0,2.5,1.5,false,NaN,4
49,100.0,30,50.0,0.5,2.0,false,NaN,4
49,100.0,30,50.0,1.0,2.0,true,63.076025819472086,5
49,100.0,30,50.0,1.5,2.0,true,63.51661688574276,5
49,100.0,30,50.0,2.0,2.0,true,67.29253559891234,5
49,100.0,30,50.0,2.5,2.0,false,NaN,4
49,100.0,30,50.0,0.5,2.5,true,51.80435976148493,5
49,100.0,30,50.0,1.0,2.5,true,88.62094526395259,5
49,100.0,30,50.0,1.5,2.5,false,NaN,4
49,100.0,30,50.0,2.0,2.5,true,85.25361313218222,5
49,100.0,30,50.0,2.5,2.5,false,NaN,4
49,100.0,30,50.0,0.5,3.0,false,NaN,4
49,100.0,30,50.0,1.0,3.0,false,NaN,4
49,100.0,30,50.0,1.5,3.0,true,70.94109359654082,5
49,100.0,30,50.0,2.0,3.0,false,NaN,4
49,100.0,30,50.0,2.5,3.0,false,NaN,4
49,100.0,30,50.0,0.5,3.5,false,NaN,4
49,100.0,30,50.0,1.0,3.5,true,69.9230479568242,5
49,100.0,30,50.0,1.5,3.5,true,79.69798402671199,5
49,100.0,30,50.0,2.0,3.5,false,NaN,4
49,100.0,30,50.0,2.5,3.5,false,NaN,4
49,100.0,30,50.0,0.5,4.0,false,NaN,4
49,100.0,30,50.0,1.0,4.0,false,NaN,4
49,100.0,30,50.0,1.5,4.0,false,NaN,4
49,100.0,30,50.0,2.0,4.0,false,NaN,4
49,100.0,30,50.0,2.5,4.0,false,NaN,4
49,100.0,36,50.0,0.5,1.0,false,NaN,2
49,100.0,36,50.0,1.0,1.0,false,NaN,2
49,100.0,36,50.0,1.5,1.0,false,NaN,3
49,100.0,36,50.0,2.0,1.0,false,NaN,3
49,100.0,36,50.0,2.5,1.0,false,NaN,3
49,100.0,36,50.0,0.5,1.5,false,NaN,3
49,100.0,36,50.0,1.0,1.5,false,NaN,4
49,100.0,36,50.0,1.5,1.5,false,NaN,4
49,100.0,36,50.0,2.0,1.5,false,NaN,2
49,100.0,36,50.0,2.5,1.5,false,NaN,3
49,100.0,36,50.0,0.5,2.0,false,NaN,2
49,100.0,36,50.0,1.0,2.0,false,NaN,2
49,100.0,36,50.0,1.5,2.0,false,NaN,4
49,100.0,36,50.0,2.0,2.0,false,NaN,2
49,100.0,36,50.0,2.5,2.0,false,NaN,2
49,100.0,36,50.0,0.5,2.5,false,NaN,2
49,100.0,36,50.0,1.0,2.5,false,NaN,4
49,100.0,36,50.0,1.5,2.5,false,NaN,2
49,100.0,36,50.0,2.0,2.5,false,NaN,3
49,100.0,36,50.0,2.5,2.5,true,69.21125468620261,5
49,100.0,36,50.0,0.5,3.0,false,NaN,3
49,100.0,36,50.0,1.0,3.0,false,NaN,4
49,100.0,36,50.0,1.5,3.0,false,NaN,4
49,100.0,36,50.0,2.0,3.0,false,NaN,2
49,100.0,36,50.0,2.5,3.0,false,NaN,3
49,100.0,36,50.0,0.5,3.5,false,NaN,4
49,100.0,36,50.0,1.0,3.5,false,NaN,4
49,100.0,36,50.0,1.5,3.5,false,NaN,4
49,100.0,36,50.0,2.0,3.5,false,NaN,4
49,100.0,36,50.0,2.5,3.5,true,75.58967230073301,5
49,100.0,36,50.0,0.5,4.0,true,46.108671164496585,5
49,100.0,36,50.0,1.0,4.0,false,NaN,4
49,100.0,36,50.0,1.5,4.0,false,NaN,4
49,100.0,36,50.0,2.0,4.0,false,NaN,4
49,100.0,36,50.0,2.5,4.0,false,NaN,2
49,100.0,12,75.0,0.5,1.0,false,NaN,4
49,100.0,12,75.0,1.0,1.0,false,NaN,3
49,100.0,12,75.0,1.5,1.0,false,NaN,3
49,100.0,12,75.0,2.0,1.0,false,NaN,3
49,100.0,12,75.0,2.5,1.0,false,NaN,3
49,100.0,12,75.0,0.5,1.5,true,80.43235474540079,5
49,100.0,12,75.0,1.0,1.5,false,NaN,4
49,100.0,12,75.0,1.5,1.5,false,NaN,3
49,100.0,12,75.0,2.0,1.5,false,NaN,3
49,100.0,12,75.0,2.5,1.5,false,NaN,3
49,100.0,12,75.0,0.5,2.0,false,NaN,3
49,100.0,12,75.0,1.0,2.0,false,NaN,3
49,100.0,12,75.0,1.5,2.0,false,NaN,3
49,100.0,12,75.0,2.0,2.0,false,NaN,3
49,100.0,12,75.0,2.5,2.0,false,NaN,3
49,100.0,12,75.0,0.5,2.5,true,92.26258403069049,5
49,100.0,12,75.0,1.0,2.5,false,NaN,3
49,100.0,12,75.0,1.5,2.5,false,NaN,3
49,100.0,12,75.0,2.0,2.5,false,NaN,3
49,100.0,12,75.0,2.5,2.5,false,NaN,3
49,100.0,12,75.0,0.5,3.0,false,NaN,3
49,100.0,12,75.0,1.0,3.0,false,NaN,3
49,100.0,12,75.0,1.5,3.0,false,NaN,3
49,100.0,12,75.0,2.0,3.0,false,NaN,3
49,100.0,12,75.0,2.5,3.0,false,NaN,3
49,100.0,12,75.0,0.5,3.5,false,NaN,3
49,100.0,12,75.0,1.0,3.5,false,NaN,3
49,100.0,12,75.0,1.5,3.5,false,NaN,3
49,100.0,12,75.0,2.0,3.5,false,NaN,3
49,100.0,12,75.0,2.5,3.5,false,NaN,3
49,100.0,12,75.0,0.5,4.0,false,NaN,3
49,100.0,12,75.0,1.0,4.0,false,NaN,3
49,100.0,12,75.0,1.5,4.0,false,NaN,3
49,100.0,12,75.0,2.0,4.0,false,NaN,3
49,100.0,12,75.0,2.5,4.0,false,NaN,3
49,100.0,18,75.0,0.5,1.0,true,75.53588082138153,5
49,100.0,18,75.0,1.0,1.0,false,NaN,3
49,100.0,18,75.0,1.5,1.0,false,NaN,3
49,100.0,18,75.0,2.0,1.0,false,NaN,3
49,100.0,18,75.0,2.5,1.0,false,NaN,3
49,100.0,18,75.0,0.5,1.5,false,NaN,3
49,100.0,18,75.0,1.0,1.5,false,NaN,3
49,100.0,18,75.0,1.5,1.5,false,NaN,4
49,100.0,18,75.0,2.0,1.5,false,NaN,4
49,100.0,18,75.0,2.5,1.5,false,NaN,4
49,100.0,18,75.0,0.5,2.0,false,NaN,3
49,100.0,18,75.0,1.0,2.0,false,NaN,4
49,100.0,18,75.0,1.5,2.0,false,NaN,3
49,100.0,18,75.0,2.0,2.0,false,NaN,2
49,100.0,18,75.0,2.5,2.0,false,NaN,2
49,100.0,18,75.0,0.5,2.5,false,NaN,3
49,100.0,18,75.0,1.0,2.5,false,NaN,3
49,100.0,18,75.0,1.5,2.5,false,NaN,2
49,100.0,18,75.0,2.0,2.5,false,NaN,3
49,100.0,18,75.0,2.5,2.5,false,NaN,3
49,100.0,18,75.0,0.5,3.0,false,NaN,2
49,100.0,18,75.0,1.0,3.0,false,NaN,2
49,100.0,18,75.0,1.5,3.0,false,NaN,2
49,100.0,18,75.0,2.0,3.0,false,NaN,3
49,100.0,18,75.0,2.5,3.0,false,NaN,3
49,100.0,18,75.0,0.5,3.5,false,NaN,2
49,100.0,18,75.0,1.0,3.5,false,NaN,3
49,100.0,18,75.0,1.5,3.5,false,NaN,2
49,100.0,18,75.0,2.0,3.5,false,NaN,3
49,100.0,18,75.0,2.5,3.5,false,NaN,3
49,100.0,18,75.0,0.5,4.0,false,NaN,2
49,100.0,18,75.0,1.0,4.0,false,NaN,3
49,100.0,18,75.0,1.5,4.0,false,NaN,2
49,100.0,18,75.0,2.0,4.0,false,NaN,3
49,100.0,18,75.0,2.5,4.0,false,NaN,3
49,100.0,24,75.0,0.5,1.0,true,33.10566164002174,5
49,100.0,24,75.0,1.0,1.0,true,34.5200326645392,5
49,100.0,24,75.0,1.5,1.0,true,41.54688325712875,5
49,100.0,24,75.0,2.0,1.0,false,NaN,4
49,100.0,24,75.0,2.5,1.0,false,NaN,3
49,100.0,24,75.0,0.5,1.5,false,NaN,4
49,100.0,24,75.0,1.0,1.5,false,NaN,3
49,100.0,24,75.0,1.5,1.5,false,NaN,3
49,100.0,24,75.0,2.0,1.5,false,NaN,3
49,100.0,24,75.0,2.5,1.5,false,NaN,3
49,100.0,24,75.0,0.5,2.0,false,NaN,3
49,100.0,24,75.0,1.0,2.0,false,NaN,3
49,100.0,24,75.0,1.5,2.0,false,NaN,3
49,100.0,24,75.0,2.0,2.0,false,NaN,3
49,100.0,24,75.0,2.5,2.0,false,NaN,3
49,100.0,24,75.0,0.5,2.5,false,NaN,3
49,100.0,24,75.0,1.0,2.5,false,NaN,4
49,100.0,24,75.0,1.5,2.5,false,NaN,3
49,100.0,24,75.0,2.0,2.5,false,NaN,3
49,100.0,24,75.0,2.5,2.5,false,NaN,3
49,100.0,24,75.0,0.5,3.0,true,82.53148511843784,5
49,100.0,24,75.0,1.0,3.0,false,NaN,3
49,100.0,24,75.0,1.5,3.0,false,NaN,3
49,100.0,24,75.0,2.0,3.0,false,NaN,3
49,100.0,24,75.0,2.5,3.0,false,NaN,3
49,100.0,24,75.0,0.5,3.5,true,82.53148511843784,5
49,100.0,24,75.0,1.0,3.5,false,NaN,3
49,100.0,24,75.0,1.5,3.5,false,NaN,3
49,100.0,24,75.0,2.0,3.5,false,NaN,3
49,100.0,24,75.0,2.5,3.5,false,NaN,2
49,100.0,24,75.0,0.5,4.0,false,NaN,4
49,100.0,24,75.0,1.0,4.0,false,NaN,4
49,100.0,24,75.0,1.5,4.0,false,NaN,3
49,100.0,24,75.0,2.0,4.0,false,NaN,3
49,100.0,24,75.0,2.5,4.0,false,NaN,2
49,100.0,30,75.0,0.5,1.0,true,74.14472285037485,5
49,100.0,30,75.0,1.0,1.0,true,79.26952143066997,5
49,100.0,30,75.0,1.5,1.0,true,65.9246371259961,5
49,100.0,30,75.0,2.0,1.0,true,65.9246371259961,5
49,100.0,30,75.0,2.5,1.0,true,65.9246371259961,5
49,100.0,30,75.0,0.5,1.5,true,37.343503765675806,5
49,100.0,30,75.0,1.0,1.5,true,37.343503765675806,5
49,100.0,30,75.0,1.5,1.5,true,37.343503765675806,5
49,100.0,30,75.0,2.0,1.5,true,37.343503765675806,5
49,100.0,30,75.0,2.5,1.5,true,37.343503765675806,5
49,100.0,30,75.0,0.5,2.0,true,37.343503765675806,5
49,100.0,30,75.0,1.0,2.0,true,37.343503765675806,5
49,100.0,30,75.0,1.5,2.0,true,37.343503765675806,5
49,100.0,30,75.0,2.0,2.0,true,37.343503765675806,5
49,100.0,30,75.0,2.5,2.0,true,37.343503765675806,5
49,100.0,30,75.0,0.5,2.5,true,40.106842853362025,5
49,100.0,30,75.0,1.0,2.5,true,40.106842853362025,5
49,100.0,30,75.0,1.5,2.5,true,40.106842853362025,5
49,100.0,30,75.0,2.0,2.5,true,40.106842853362025,5
49,100.0,30,75.0,2.5,2.5,true,40.106842853362025,5
49,100.0,30,75.0,0.5,3.0,true,40.106842853362025,5
49,100.0,30,75.0,1.0,3.0,true,40.106842853362025,5
49,100.0,30,75.0,1.5,3.0,true,40.106842853362025,5
49,100.0,30,75.0,2.0,3.0,true,40.106842853362025,5
49,100.0,30,75.0,2.5,3.0,true,40.106842853362025,5
49,100.0,30,75.0,0.5,3.5,true,40.106842853362025,5
49,100.0,30,75.0,1.0,3.5,true,40.106842853362025,5
49,100.0,30,75.0,1.5,3.5,true,40.106842853362025,5
49,100.0,30,75.0,2.0,3.5,true,40.106842853362025,5
49,100.0,30,75.0,2.5,3.5,true,40.106842853362025,5
49,100.0,30,75.0,0.5,4.0,true,40.106842853362025,5
49,100.0,30,75.0,1.0,4.0,true,40.106842853362025,5
49,100.0,30,75.0,1.5,4.0,true,40.106842853362025,5
49,100.0,30,75.0,2.0,4.0,true,40.106842853362025,5
49,100.0,30,75.0,2.5,4.0,true,40.106842853362025,5
49,100.0,36,75.0,0.5,1.0,false,NaN,2
49,100.0,36,75.0,1.0,1.0,false,NaN,3
49,100.0,36,75.0,1.5,1.0,false,NaN,3
49,100.0,36,75.0,2.0,1.0,false,NaN,3
49,100.0,36,75.0,2.5,1.0,false,NaN,3
49,100.0,36,75.0,0.5,1.5,false,NaN,2
49,100.0,36,75.0,1.0,1.5,false,NaN,2
49,100.0,36,75.0,1.5,1.5,false,NaN,3
49,100.0,36,75.0,2.0,1.5,false,NaN,2
49,100.0,36,75.0,2.5,1.5,false,NaN,3
49,100.0,36,75.0,0.5,2.0,false,NaN,2
49,100.0,36,75.0,1.0,2.0,false,NaN,2
49,100.0,36,75.0,1.5,2.0,false,NaN,3
49,100.0,36,75.0,2.0,2.0,false,NaN,3
49,100.0,36,75.0,2.5,2.0,false,NaN,3
49,100.0,36,75.0,0.5,2.5,false,NaN,2
49,100.0,36,75.0,1.0,2.5,false,NaN,2
49,100.0,36,75.0,1.5,2.5,false,NaN,2
49,100.0,36,75.0,2.0,2.5,false,NaN,2
49,100.0,36,75.0,2.5,2.5,false,NaN,2
49,100.0,36,75.0,0.5,3.0,false,NaN,2
49,100.0,36,75.0,1.0,3.0,false,NaN,2
49,100.0,36,75.0,1.5,3.0,false,NaN,2
49,100.0,36,75.0,2.0,3.0,false,NaN,2
49,100.0,36,75.0,2.5,3.0,false,NaN,2
49,100.0,36,75.0,0.5,3.5,false,NaN,2
49,100.0,36,75.0,1.0,3.5,false,NaN,2
49,100.0,36,75.0,1.5,3.5,false,NaN,2
49,100.0,36,75.0,2.0,3.5,false,NaN,2
49,100.0,36,75.0,2.5,3.5,false,NaN,2
49,100.0,36,75.0,0.5,4.0,false,NaN,2
49,100.0,36,75.0,1.0,4.0,false,NaN,2
49,100.0,36,75.0,1.5,4.0,false,NaN,2
49,100.0,36,75.0,2.0,4.0,false,NaN,2
49,100.0,36,75.0,2.5,4.0,false,NaN,2
49,100.0,12,100.0,0.5,1.0,true,65.6303149434864,5
49,100.0,12,100.0,1.0,1.0,true,98.2881114203999,5
49,100.0,12,100.0,1.5,1.0,true,94.47599727156094,5
49,100.0,12,100.0,2.0,1.0,false,NaN,4
49,100.0,12,100.0,2.5,1.0,false,NaN,4
49,100.0,12,100.0,0.5,1.5,true,84.61028088042973,5
49,100.0,12,100.0,1.0,1.5,true,87.89395800026672,5
49,100.0,12,100.0,1.5,1.5,true,87.89395800026672,5
49,100.0,12,100.0,2.0,1.5,true,87.89395800026672,5
49,100.0,12,100.0,2.5,1.5,true,87.89395800026672,5
49,100.0,12,100.0,0.5,2.0,true,73.61350441301768,5
49,100.0,12,100.0,1.0,2.0,true,85.25406297236248,5
49,100.0,12,100.0,1.5,2.0,false,NaN,4
49,100.0,12,100.0,2.0,2.0,true,75.64305327724688,5
49,100.0,12,100.0,2.5,2.0,true,75.64305327724688,5
49,100.0,12,100.0,0.5,2.5,true,73.61350441301768,5
49,100.0,12,100.0,1.0,2.5,true,85.25406297236248,5
49,100.0,12,100.0,1.5,2.5,true,75.64305327724688,5
49,100.0,12,100.0,2.0,2.5,true,75.64305327724688,5
49,100.0,12,100.0,2.5,2.5,true,75.64305327724688,5
49,100.0,12,100.0,0.5,3.0,false,NaN,4
49,100.0,12,100.0,1.0,3.0,true,85.25406297236248,5
49,100.0,12,100.0,1.5,3.0,true,75.64305327724688,5
49,100.0,12,100.0,2.0,3.0,true,75.64305327724688,5
49,100.0,12,100.0,2.5,3.0,true,75.64305327724688,5
49,100.0,12,100.0,0.5,3.5,false,NaN,4
49,100.0,12,100.0,1.0,3.5,false,NaN,4
49,100.0,12,100.0,1.5,3.5,true,80.26681538455558,5
49,100.0,12,100.0,2.0,3.5,true,75.64305327724688,5
49,100.0,12,100.0,2.5,3.5,true,75.64305327724688,5
49,100.0,12,100.0,0.5,4.0,true,75.38445393170797,5
49,100.0,12,100.0,1.0,4.0,false,NaN,4
49,100.0,12,100.0,1.5,4.0,false,NaN,4
49,100.0,12,100.0,2.0,4.0,false,NaN,4
49,100.0,12,100.0,2.5,4.0,false,NaN,4
49,100.0,18,100.0,0.5,1.0,true,93.71405047712797,5
49,100.0,18,100.0,1.0,1.0,true,74.43350912875744,5
49,100.0,18,100.0,1.5,1.0,true,74.43350912875744,5
49,100.0,18,100.0,2.0,1.0,true,74.43350912875744,5
49,100.0,18,100.0,2.5,1.0,true,74.43350912875744,5
49,100.0,18,100.0,0.5,1.5,true,55.31621840688471,5
49,100.0,18,100.0,1.0,1.5,true,55.31621840688471,5
49,100.0,18,100.0,1.5,1.5,true,55.31621840688471,5
49,100.0,18,100.0,2.0,1.5,true,55.31621840688471,5
49,100.0,18,100.0,2.5,1.5,true,55.31621840688471,5
49,100.0,18,100.0,0.5,2.0,true,56.07956607918146,5
49,100.0,18,100.0,1.0,2.0,true,56.07956607918146,5
49,100.0,18,100.0,1.5,2.0,true,56.07956607918146,5
49,100.0,18,100.0,2.0,2.0,true,56.07956607918146,5
49,100.0,18,100.0,2.5,2.0,true,56.07956607918146,5
49,100.0,18,100.0,0.5,2.5,true,56.07956607918146,5
49,100.0,18,100.0,1.0,2.5,true,56.07956607918146,5
49,100.0,18,100.0,1.5,2.5,true,56.07956607918146,5
49,100.0,18,100.0,2.0,2.5,true,56.07956607918146,5
49,100.0,18,100.0,2.5,2.5,true,56.07956607918146,5
49,100.0,18,100.0,0.5,3.0,true,56.07956607918146,5
49,100.0,18,100.0,1.0,3.0,true,56.07956607918146,5
49,100.0,18,100.0,1.5,3.0,true,56.07956607918146,5
49,100.0,18,100.0,2.0,3.0,true,56.07956607918146,5
49,100.0,18,100.0,2.5,3.0,true,56.07956607918146,5
49,100.0,18,100.0,0.5,3.5,true,56.07956607918146,5
49,100.0,18,100.0,1.0,3.5,true,56.07956607918146,5
49,100.0,18,100.0,1.5,3.5,true,56.07956607918146,5
49,100.0,18,100.0,2.0,3.5,true,56.07956607918146,5
49,100.0,18,100.0,2.5,3.5,true,56.07956607918146,5
49,100.0,18,100.0,0.5,4.0,true,56.07956607918146,5
49,100.0,18,100.0,1.0,4.0,true,56.07956607918146,5
49,100.0,18,100.0,1.5,4.0,true,56.07956607918146,5
49,100.0,18,100.0,2.0,4.0,true,56.07956607918146,5
49,100.0,18,100.0,2.5,4.0,true,56.07956607918146,5
49,100.0,24,100.0,0.5,1.0,true,69.332754659707,5
49,100.0,24,100.0,1.0,1.0,true,81.99551938082223,5
49,100.0,24,100.0,1.5,1.0,true,81.99551938082223,5
49,100.0,24,100.0,2.0,1.0,true,81.99551938082223,5
49,100.0,24,100.0,2.5,1.0,true,81.99551938082223,5
49,100.0,24,100.0,0.5,1.5,true,57.35755539726734,5
49,100.0,24,100.0,1.0,1.5,true,58.30747070087514,5
49,100.0,24,100.0,1.5,1.5,false,NaN,4
49,100.0,24,100.0,2.0,1.5,false,NaN,4
49,100.0,24,100.0,2.5,1.5,false,NaN,4
49,100.0,24,100.0,0.5,2.0,false,NaN,4
49,100.0,24,100.0,1.0,2.0,false,NaN,4
49,100.0,24,100.0,1.5,2.0,false,NaN,4
49,100.0,24,100.0,2.0,2.0,true,78.77179939901778,5
49,100.0,24,100.0,2.5,2.0,true,78.77179939901778,5
49,100.0,24,100.0,0.5,2.5,true,96.06954085172768,5
49,100.0,24,100.0,1.0,2.5,false,NaN,4
49,100.0,24,100.0,1.5,2.5,false,NaN,4
49,100.0,24,100.0,2.0,2.5,false,NaN,4
49,100.0,24,100.0,2.5,2.5,false,NaN,4
49,100.0,24,100.0,0.5,3.0,false,NaN,4
49,100.0,24,100.0,1.0,3.0,false,NaN,4
49,100.0,24,100.0,1.5,3.0,false,NaN,4
49,100.0,24,100.0,2.0,3.0,false,NaN,4
49,100.0,24,100.0,2.5,3.0,false,NaN,4
49,100.0,24,100.0,0.5,3.5,true,74.46091314484721,5
49,100.0,24,100.0,1.0,3.5,true,74.46091314484721,5
49,100.0,24,100.0,1.5,3.5,true,74.46091314484721,5
49,100.0,24,100.0,2.0,3.5,true,74.46091314484721,5
49,100.0,24,100.0,2.5,3.5,true,74.46091314484721,5
49,100.0,24,100.0,0.5,4.0,false,NaN,4
49,100.0,24,100.0,1.0,4.0,true,74.46091314484721,5
49,100.0,24,100.0,1.5,4.0,true,74.46091314484721,5
49,100.0,24,100.0,2.0,4.0,true,74.46091314484721,5
49,100.0,24,100.0,2.5,4.0,true,74.46091314484721,5
49,100.0,30,100.0,0.5,1.0,true,80.60949447802842,5
49,100.0,30,100.0,1.0,1.0,true,81.97292878740423,5
49,100.0,30,100.0,1.5,1.0,true,75.45609708184821,5
49,100.0,30,100.0,2.0,1.0,true,75.45609708184821,5
49,100.0,30,100.0,2.5,1.0,true,75.25943807131318,5
49,100.0,30,100.0,0.5,1.5,true,68.47658186436634,5
49,100.0,30,100.0,1.0,1.5,true,82.91778465174852,5
49,100.0,30,100.0,1.5,1.5,false,NaN,4
49,100.0,30,100.0,2.0,1.5,false,NaN,4
49,100.0,30,100.0,2.5,1.5,false,NaN,4
49,100.0,30,100.0,0.5,2.0,true,81.35224784028752,5
49,100.0,30,100.0,1.0,2.0,true,82.91778465174852,5
49,100.0,30,100.0,1.5,2.0,false,NaN,4
49,100.0,30,100.0,2.0,2.0,false,NaN,4
49,100.0,30,100.0,2.5,2.0,false,NaN,4
49,100.0,30,100.0,0.5,2.5,false,NaN,4
49,100.0,30,100.0,1.0,2.5,false,NaN,4
49,100.0,30,100.0,1.5,2.5,false,NaN,4
49,100.0,30,100.0,2.0,2.5,false,NaN,4
49,100.0,30,100.0,2.5,2.5,false,NaN,4
49,100.0,30,100.0,0.5,3.0,true,98.86235407925848,5
49,100.0,30,100.0,1.0,3.0,false,NaN,4
49,100.0,30,100.0,1.5,3.0,false,NaN,4
49,100.0,30,100.0,2.0,3.0,false,NaN,4
49,100.0,30,100.0,2.5,3.0,false,NaN,4
49,100.0,30,100.0,0.5,3.5,false,NaN,4
49,100.0,30,100.0,1.0,3.5,true,70.80463470664037,5
49,100.0,30,100.0,1.5,3.5,true,70.58954534809294,5
49,100.0,30,100.0,2.0,3.5,true,56.44967703168778,5
49,100.0,30,100.0,2.5,3.5,true,56.44967703168778,5
49,100.0,30,100.0,0.5,4.0,false,NaN,4
49,100.0,30,100.0,1.0,4.0,true,70.80463470664037,5
49,100.0,30,100.0,1.5,4.0,true,56.44967703168778,5
49,100.0,30,100.0,2.0,4.0,true,56.44967703168778,5
49,100.0,30,100.0,2.5,4.0,true,56.44967703168778,5
49,100.0,36,100.0,0.5,1.0,true,82.37302593821335,5
49,100.0,36,100.0,1.0,1.0,true,90.33509428070263,5
49,100.0,36,100.0,1.5,1.0,true,97.0581780064242,5
49,100.0,36,100.0,2.0,1.0,true,97.0581780064242,5
49,100.0,36,100.0,2.5,1.0,false,NaN,4
49,100.0,36,100.0,0.5,1.5,false,NaN,4
49,100.0,36,100.0,1.0,1.5,false,NaN,4
49,100.0,36,100.0,1.5,1.5,false,NaN,4
49,100.0,36,100.0,2.0,1.5,false,NaN,4
49,100.0,36,100.0,2.5,1.5,false,NaN,4
49,100.0,36,100.0,0.5,2.0,true,69.83217632993728,5
49,100.0,36,100.0,1.0,2.0,true,93.29449557597509,5
49,100.0,36,100.0,1.5,2.0,true,93.71301526696,5
49,100.0,36,100.0,2.0,2.0,true,93.71301526696,5
49,100.0,36,100.0,2.5,2.0,true,93.71301526696,5
49,100.0,36,100.0,0.5,2.5,true,87.9931590790217,5
49,100.0,36,100.0,1.0,2.5,false,NaN,4
49,100.0,36,100.0,1.5,2.5,false,NaN,4
49,100.0,36,100.0,2.0,2.5,false,NaN,4
49,100.0,36,100.0,2.5,2.5,true,84.98299824438499,5
49,100.0,36,100.0,0.5,3.0,false,NaN,4
49,100.0,36,100.0,1.0,3.0,false,NaN,4
49,100.0,36,100.0,1.5,3.0,false,NaN,4
49,100.0,36,100.0,2.0,3.0,false,NaN,4
49,100.0,36,100.0,2.5,3.0,false,NaN,4
49,100.0,36,100.0,0.5,3.5,false,NaN,4
49,100.0,36,100.0,1.0,3.5,false,NaN,4
49,100.0,36,100.0,1.5,3.5,false,NaN,4
49,100.0,36,100.0,2.0,3.5,false,NaN,4
49,100.0,36,100.0,2.5,3.5,false,NaN,4
49,100.0,36,100.0,0.5,4.0,false,NaN,4
49,100.0,36,100.0,1.0,4.0,false,NaN,4
49,100.0,36,100.0,1.5,4.0,false,NaN,4
49,100.0,36,100.0,2.0,4.0,false,NaN,4
49,100.0,36,100.0,2.5,4.0,false,NaN,4
49,100.0,12,125.0,0.5,1.0,true,79.60170761334153,5
49,100.0,12,125.0,1.0,1.0,false,NaN,4
49,100.0,12,125.0,1.5,1.0,false,NaN,4
49,100.0,12,125.0,2.0,1.0,false,NaN,4
49,100.0,12,125.0,2.5,1.0,false,NaN,4
49,100.0,12,125.0,0.5,1.5,false,NaN,4
49,100.0,12,125.0,1.0,1.5,false,NaN,4
49,100.0,12,125.0,1.5,1.5,true,84.58221892855141,5
49,100.0,12,125.0,2.0,1.5,true,91.44301103416691,5
49,100.0,12,125.0,2.5,1.5,true,91.44301103416691,5
49,100.0,12,125.0,0.5,2.0,false,NaN,4
49,100.0,12,125.0,1.0,2.0,false,NaN,4
49,100.0,12,125.0,1.5,2.0,false,NaN,4
49,100.0,12,125.0,2.0,2.0,false,NaN,4
49,100.0,12,125.0,2.5,2.0,false,NaN,4
49,100.0,12,125.0,0.5,2.5,false,NaN,4
49,100.0,12,125.0,1.0,2.5,false,NaN,4
49,100.0,12,125.0,1.5,2.5,false,NaN,4
49,100.0,12,125.0,2.0,2.5,false,NaN,4
49,100.0,12,125.0,2.5,2.5,false,NaN,4
49,100.0,12,125.0,0.5,3.0,true,89.30016572162039,5
49,100.0,12,125.0,1.0,3.0,true,78.04895221265618,5
49,100.0,12,125.0,1.5,3.0,false,NaN,4
49,100.0,12,125.0,2.0,3.0,false,NaN,4
49,100.0,12,125.0,2.5,3.0,false,NaN,4
49,100.0,12,125.0,0.5,3.5,true,89.30016572162039,5
49,100.0,12,125.0,1.0,3.5,false,NaN,4
49,100.0,12,125.0,1.5,3.5,false,NaN,4
49,100.0,12,125.0,2.0,3.5,false,NaN,4
49,100.0,12,125.0,2.5,3.5,false,NaN,4
49,100.0,12,125.0,0.5,4.0,true,89.30016572162039,5
49,100.0,12,125.0,1.0,4.0,false,NaN,4
49,100.0,12,125.0,1.5,4.0,false,NaN,4
49,100.0,12,125.0,2.0,4.0,false,NaN,4
49,100.0,12,125.0,2.5,4.0,false,NaN,4
49,100.0,18,125.0,0.5,1.0,false,NaN,4
49,100.0,18,125.0,1.0,1.0,true,75.71810742325339,5
49,100.0,18,125.0,1.5,1.0,true,75.71810742325339,5
49,100.0,18,125.0,2.0,1.0,true,75.71810742325339,5
49,100.0,18,125.0,2.5,1.0,true,75.71810742325339,5
49,100.0,18,125.0,0.5,1.5,true,94.04908362263801,5
49,100.0,18,125.0,1.0,1.5,false,NaN,4
49,100.0,18,125.0,1.5,1.5,false,NaN,4
49,100.0,18,125.0,2.0,1.5,false,NaN,4
49,100.0,18,125.0,2.5,1.5,false,NaN,4
49,100.0,18,125.0,0.5,2.0,false,NaN,4
49,100.0,18,125.0,1.0,2.0,false,NaN,4
49,100.0,18,125.0,1.5,2.0,false,NaN,4
49,100.0,18,125.0,2.0,2.0,false,NaN,4
49,100.0,18,125.0,2.5,2.0,false,NaN,4
49,100.0,18,125.0,0.5,2.5,false,NaN,4
49,100.0,18,125.0,1.0,2.5,false,NaN,4
49,100.0,18,125.0,1.5,2.5,false,NaN,4
49,100.0,18,125.0,2.0,2.5,false,NaN,4
49,100.0,18,125.0,2.5,2.5,false,NaN,4
49,100.0,18,125.0,0.5,3.0,false,NaN,4
49,100.0,18,125.0,1.0,3.0,false,NaN,4
49,100.0,18,125.0,1.5,3.0,false,NaN,4
49,100.0,18,125.0,2.0,3.0,false,NaN,4
49,100.0,18,125.0,2.5,3.0,false,NaN,4
49,100.0,18,125.0,0.5,3.5,false,NaN,4
49,100.0,18,125.0,1.0,3.5,false,NaN,4
49,100.0,18,125.0,1.5,3.5,true,99.46368504567481,5
49,100.0,18,125.0,2.0,3.5,true,99.46368504567481,5
49,100.0,18,125.0,2.5,3.5,true,99.46368504567481,5
49,100.0,18,125.0,0.5,4.0,false,NaN,4
49,100.0,18,125.0,1.0,4.0,true,99.46970998783685,5
49,100.0,18,125.0,1.5,4.0,true,99.46970998783685,5
49,100.0,18,125.0,2.0,4.0,false,NaN,4
49,100.0,18,125.0,2.5,4.0,false,NaN,4
49,100.0,24,125.0,0.5,1.0,false,NaN,4
49,100.0,24,125.0,1.0,1.0,true,77.75976262021028,5
49,100.0,24,125.0,1.5,1.0,true,77.75976262021028,5
49,100.0,24,125.0,2.0,1.0,true,77.75976262021028,5
49,100.0,24,125.0,2.5,1.0,true,77.75976262021028,5
49,100.0,24,125.0,0.5,1.5,false,NaN,4
49,100.0,24,125.0,1.0,1.5,true,77.54154826481133,5
49,100.0,24,125.0,1.5,1.5,true,77.54154826481133,5
49,100.0,24,125.0,2.0,1.5,true,77.54154826481133,5
49,100.0,24,125.0,2.5,1.5,true,77.70481776293825,5
49,100.0,24,125.0,0.5,2.0,true,77.75976262021028,5
49,100.0,24,125.0,1.0,2.0,true,77.54154826481133,5
49,100.0,24,125.0,1.5,2.0,true,77.54154826481133,5
49,100.0,24,125.0,2.0,2.0,true,77.54154826481133,5
49,100.0,24,125.0,2.5,2.0,true,77.70481776293825,5
49,100.0,24,125.0,0.5,2.5,true,77.75976262021028,5
49,100.0,24,125.0,1.0,2.5,true,77.54154826481133,5
49,100.0,24,125.0,1.5,2.5,true,77.54154826481133,5
49,100.0,24,125.0,2.0,2.5,true,77.54154826481133,5
49,100.0,24,125.0,2.5,2.5,true,77.54154826481133,5
49,100.0,24,125.0,0.5,3.0,true,77.75976262021028,5
49,100.0,24,125.0,1.0,3.0,true,77.54154826481133,5
49,100.0,24,125.0,1.5,3.0,true,77.54154826481133,5
49,100.0,24,125.0,2.0,3.0,true,77.54154826481133,5
49,100.0,24,125.0,2.5,3.0,true,77.54154826481133,5
49,100.0,24,125.0,0.5,3.5,true,77.75976262021028,5
49,100.0,24,125.0,1.0,3.5,true,77.54154826481133,5
49,100.0,24,125.0,1.5,3.5,true,77.54154826481133,5
49,100.0,24,125.0,2.0,3.5,true,77.54154826481133,5
49,100.0,24,125.0,2.5,3.5,true,77.54154826481133,5
49,100.0,24,125.0,0.5,4.0,true,77.75976262021028,5
49,100.0,24,125.0,1.0,4.0,true,77.54154826481133,5
49,100.0,24,125.0,1.5,4.0,true,77.54154826481133,5
49,100.0,24,125.0,2.0,4.0,true,77.54154826481133,5
49,100.0,24,125.0,2.5,4.0,true,77.54154826481133,5
49,100.0,30,125.0,0.5,1.0,true,29.057829999423845,5
49,100.0,30,125.0,1.0,1.0,true,29.057829999423845,5
49,100.0,30,125.0,1.5,1.0,true,29.057829999423845,5
49,100.0,30,125.0,2.0,1.0,true,29.057829999423845,5
49,100.0,30,125.0,2.5,1.0,true,29.057829999423845,5
49,100.0,30,125.0,0.5,1.5,true,29.057829999423845,5
49,100.0,30,125.0,1.0,1.5,true,29.057829999423845,5
49,100.0,30,125.0,1.5,1.5,true,29.057829999423845,5
49,100.0,30,125.0,2.0,1.5,true,29.057829999423845,5
49,100.0,30,125.0,2.5,1.5,true,29.057829999423845,5
49,100.0,30,125.0,0.5,2.0,true,29.057829999423845,5
49,100.0,30,125.0,1.0,2.0,true,29.057829999423845,5
49,100.0,30,125.0,1.5,2.0,true,29.057829999423845,5
49,100.0,30,125.0,2.0,2.0,true,29.057829999423845,5
49,100.0,30,125.0,2.5,2.0,true,29.057829999423845,5
49,100.0,30,125.0,0.5,2.5,true,29.057829999423845,5
49,100.0,30,125.0,1.0,2.5,true,29.057829999423845,5
49,100.0,30,125.0,1.5,2.5,true,29.057829999423845,5
49,100.0,30,125.0,2.0,2.5,true,29.057829999423845,5
49,100.0,30,125.0,2.5,2.5,true,29.057829999423845,5
49,100.0,30,125.0,0.5,3.0,true,29.057829999423845,5
49,100.0,30,125.0,1.0,3.0,true,29.057829999423845,5
49,100.0,30,125.0,1.5,3.0,true,29.057829999423845,5
49,100.0,30,125.0,2.0,3.0,true,29.057829999423845,5
49,100.0,30,125.0,2.5,3.0,true,29.057829999423845,5
49,100.0,30,125.0,0.5,3.5,true,29.057829999423845,5
49,100.0,30,125.0,1.0,3.5,true,29.057829999423845,5
49,100.0,30,125.0,1.5,3.5,true,29.057829999423845,5
49,100.0,30,125.0,2.0,3.5,true,29.057829999423845,5
49,100.0,30,125.0,2.5,3.5,true,29.057829999423845,5
49,100.0,30,125.0,0.5,4.0,true,29.057829999423845,5
49,100.0,30,125.0,1.0,4.0,true,29.057829999423845,5
49,100.0,30,125.0,1.5,4.0,true,29.057829999423845,5
49,100.0,30,125.0,2.0,4.0,true,29.057829999423845,5
49,100.0,30,125.0,2.5,4.0,true,29.057829999423845,5
49,100.0,36,125.0,0.5,1.0,true,79.9039582404803,5
49,100.0,36,125.0,1.0,1.0,false,NaN,4
49,100.0,36,125.0,1.5,1.0,true,79.3052045828602,5
49,100.0,36,125.0,2.0,1.0,true,78.87389494950646,5
49,100.0,36,125.0,2.5,1.0,true,78.87389494950646,5
49,100.0,36,125.0,0.5,1.5,false,NaN,4
49,100.0,36,125.0,1.0,1.5,false,NaN,4
49,100.0,36,125.0,1.5,1.5,false,NaN,4
49,100.0,36,125.0,2.0,1.5,false,NaN,4
49,100.0,36,125.0,2.5,1.5,false,NaN,4
49,100.0,36,125.0,0.5,2.0,false,NaN,4
49,100.0,36,125.0,1.0,2.0,false,NaN,4
49,100.0,36,125.0,1.5,2.0,false,NaN,4
49,100.0,36,125.0,2.0,2.0,false,NaN,4
49,100.0,36,125.0,2.5,2.0,false,NaN,4
49,100.0,36,125.0,0.5,2.5,true,60.769743559026466,5
49,100.0,36,125.0,1.0,2.5,true,60.769743559026466,5
49,100.0,36,125.0,1.5,2.5,true,60.769743559026466,5
49,100.0,36,125.0,2.0,2.5,true,60.769743559026466,5
49,100.0,36,125.0,2.5,2.5,false,NaN,4
49,100.0,36,125.0,0.5,3.0,true,90.76470754041247,5
49,100.0,36,125.0,1.0,3.0,true,78.31342651416675,5
49,100.0,36,125.0,1.5,3.0,true,78.31342651416675,5
49,100.0,36,125.0,2.0,3.0,true,78.31342651416675,5
49,100.0,36,125.0,2.5,3.0,true,78.31342651416675,5
49,100.0,36,125.0,0.5,3.5,true,84.49509839055777,5
49,100.0,36,125.0,1.0,3.5,true,88.92277039957737,5
49,100.0,36,125.0,1.5,3.5,true,88.92277039957737,5
49,100.0,36,125.0,2.0,3.5,true,88.92277039957737,5
49,100.0,36,125.0,2.5,3.5,false,NaN,4
49,100.0,36,125.0,0.5,4.0,true,88.92277039957737,5
49,100.0,36,125.0,1.0,4.0,true,88.92277039957737,5
49,100.0,36,125.0,1.5,4.0,true,88.92277039957737,5
49,100.0,36,125.0,2.0,4.0,true,88.92277039957737,5
49,100.0,36,125.0,2.5,4.0,false,NaN,4
49,100.0,12,150.0,0.5,1.0,false,NaN,4
49,100.0,12,150.0,1.0,1.0,false,NaN,4
49,100.0,12,150.0,1.5,1.0,false,NaN,4
49,100.0,12,150.0,2.0,1.0,false,NaN,4
49,100.0,12,150.0,2.5,1.0,false,NaN,4
49,100.0,12,150.0,0.5,1.5,false,NaN,4
49,100.0,12,150.0,1.0,1.5,false,NaN,4
49,100.0,12,150.0,1.5,1.5,false,NaN,4
49,100.0,12,150.0,2.0,1.5,false,NaN,4
49,100.0,12,150.0,2.5,1.5,false,NaN,4
49,100.0,12,150.0,0.5,2.0,false,NaN,4
49,100.0,12,150.0,1.0,2.0,false,NaN,4
49,100.0,12,150.0,1.5,2.0,false,NaN,4
49,100.0,12,150.0,2.0,2.0,false,NaN,4
49,100.0,12,150.0,2.5,2.0,false,NaN,4
49,100.0,12,150.0,0.5,2.5,false,NaN,4
49,100.0,12,150.0,1.0,2.5,false,NaN,4
49,100.0,12,150.0,1.5,2.5,false,NaN,4
49,100.0,12,150.0,2.0,2.5,false,NaN,4
49,100.0,12,150.0,2.5,2.5,false,NaN,4
49,100.0,12,150.0,0.5,3.0,false,NaN,4
49,100.0,12,150.0,1.0,3.0,false,NaN,4
49,100.0,12,150.0,1.5,3.0,false,NaN,4
49,100.0,12,150.0,2.0,3.0,false,NaN,4
49,100.0,12,150.0,2.5,3.0,false,NaN,4
49,100.0,12,150.0,0.5,3.5,false,NaN,4
49,100.0,12,150.0,1.0,3.5,false,NaN,4
49,100.0,12,150.0,1.5,3.5,false,NaN,4
49,100.0,12,150.0,2.0,3.5,false,NaN,4
49,100.0,12,150.0,2.5,3.5,false,NaN,4
49,100.0,12,150.0,0.5,4.0,false,NaN,4
49,100.0,12,150.0,1.0,4.0,false,NaN,4
49,100.0,12,150.0,1.5,4.0,false,NaN,4
49,100.0,12,150.0,2.0,4.0,false,NaN,4
49,100.0,12,150.0,2.5,4.0,false,NaN,4
49,100.0,18,150.0,0.5,1.0,true,95.46673622804943,5
49,100.0,18,150.0,1.0,1.0,false,NaN,4
49,100.0,18,150.0,1.5,1.0,true,96.64035561205303,5
49,100.0,18,150.0,2.0,1.0,false,NaN,4
49,100.0,18,150.0,2.5,1.0,false,NaN,4
49,100.0,18,150.0,0.5,1.5,false,NaN,4
49,100.0,18,150.0,1.0,1.5,false,NaN,4
49,100.0,18,150.0,1.5,1.5,true,89.96582246194737,5
49,100.0,18,150.0,2.0,1.5,true,89.96582246194737,5
49,100.0,18,150.0,2.5,1.5,true,89.96582246194737,5
49,100.0,18,150.0,0.5,2.0,false,NaN,4
49,100.0,18,150.0,1.0,2.0,true,98.02352429931484,5
49,100.0,18,150.0,1.5,2.0,true,98.46192303735504,5
49,100.0,18,150.0,2.0,2.0,true,98.46192303735504,5
49,100.0,18,150.0,2.5,2.0,true,98.46192303735504,5
49,100.0,18,150.0,0.5,2.5,true,98.02352429931484,5
49,100.0,18,150.0,1.0,2.5,true,98.02352429931484,5
49,100.0,18,150.0,1.5,2.5,true,98.46192303735504,5
49,100.0,18,150.0,2.0,2.5,true,98.46192303735504,5
49,100.0,18,150.0,2.5,2.5,true,98.46192303735504,5
49,100.0,18,150.0,0.5,3.0,true,98.02352429931484,5
49,100.0,18,150.0,1.0,3.0,true,98.02352429931484,5
49,100.0,18,150.0,1.5,3.0,true,45.585098075050006,5
49,100.0,18,150.0,2.0,3.0,true,45.585098075050006,5
49,100.0,18,150.0,2.5,3.0,true,45.585098075050006,5
49,100.0,18,150.0,0.5,3.5,true,45.585098075050006,5
49,100.0,18,150.0,1.0,3.5,true,45.585098075050006,5
49,100.0,18,150.0,1.5,3.5,true,45.585098075050006,5
49,100.0,18,150.0,2.0,3.5,true,45.585098075050006,5
49,100.0,18,150.0,2.5,3.5,true,45.585098075050006,5
49,100.0,18,150.0,0.5,4.0,true,45.585098075050006,5
49,100.0,18,150.0,1.0,4.0,true,45.585098075050006,5
49,100.0,18,150.0,1.5,4.0,true,45.585098075050006,5
49,100.0,18,150.0,2.0,4.0,true,45.585098075050006,5
49,100.0,18,150.0,2.5,4.0,true,45.585098075050006,5
49,100.0,24,150.0,0.5,1.0,false,NaN,4
49,100.0,24,150.0,1.0,1.0,true,86.62544339730849,5
49,100.0,24,150.0,1.5,1.0,true,91.72489515781758,5
49,100.0,24,150.0,2.0,1.0,true,75.40130784969102,5
49,100.0,24,150.0,2.5,1.0,true,75.77914553982708,5
49,100.0,24,150.0,0.5,1.5,false,NaN,4
49,100.0,24,150.0,1.0,1.5,false,NaN,4
49,100.0,24,150.0,1.5,1.5,false,NaN,4
49,100.0,24,150.0,2.0,1.5,false,NaN,4
49,100.0,24,150.0,2.5,1.5,false,NaN,4
49,100.0,24,150.0,0.5,2.0,true,77.89871866770116,5
49,100.0,24,150.0,1.0,2.0,true,71.92705720542898,5
49,100.0,24,150.0,1.5,2.0,true,71.92705720542898,5
49,100.0,24,150.0,2.0,2.0,true,71.92705720542898,5
49,100.0,24,150.0,2.5,2.0,true,71.92705720542898,5
49,100.0,24,150.0,0.5,2.5,false,NaN,4
49,100.0,24,150.0,1.0,2.5,true,66.42300645858185,5
49,100.0,24,150.0,1.5,2.5,true,66.42300645858185,5
49,100.0,24,150.0,2.0,2.5,true,66.42300645858185,5
49,100.0,24,150.0,2.5,2.5,true,66.42300645858185,5
49,100.0,24,150.0,0.5,3.0,true,66.42300645858185,5
49,100.0,24,150.0,1.0,3.0,true,66.42300645858185,5
49,100.0,24,150.0,1.5,3.0,true,66.42300645858185,5
49,100.0,24,150.0,2.0,3.0,false,NaN,4
49,100.0,24,150.0,2.5,3.0,false,NaN,4
49,100.0,24,150.0,0.5,3.5,false,NaN,4
49,100.0,24,150.0,1.0,3.5,false,NaN,4
49,100.0,24,150.0,1.5,3.5,false,NaN,4
49,100.0,24,150.0,2.0,3.5,false,NaN,4
49,100.0,24,150.0,2.5,3.5,false,NaN,4
49,100.0,24,150.0,0.5,4.0,false,NaN,4
49,100.0,24,150.0,1.0,4.0,false,NaN,4
49,100.0,24,150.0,1.5,4.0,false,NaN,4
49,100.0,24,150.0,2.0,4.0,false,NaN,4
49,100.0,24,150.0,2.5,4.0,false,NaN,4
49,100.0,30,150.0,0.5,1.0,true,86.9746457159655,5
49,100.0,30,150.0,1.0,1.0,false,NaN,4
49,100.0,30,150.0,1.5,1.0,false,NaN,4
49,100.0,30,150.0,2.0,1.0,false,NaN,4
49,100.0,30,150.0,2.5,1.0,false,NaN,4
49,100.0,30,150.0,0.5,1.5,false,NaN,4
49,100.0,30,150.0,1.0,1.5,true,82.02504087771538,5
49,100.0,30,150.0,1.5,1.5,true,88.48266491136089,5
49,100.0,30,150.0,2.0,1.5,true,88.48266491136089,5
49,100.0,30,150.0,2.5,1.5,false,NaN,4
49,100.0,30,150.0,0.5,2.0,true,87.15630797809006,5
49,100.0,30,150.0,1.0,2.0,true,87.15630797809006,5
49,100.0,30,150.0,1.5,2.0,true,85.64150716182671,5
49,100.0,30,150.0,2.0,2.0,true,85.64150716182671,5
49,100.0,30,150.0,2.5,2.0,true,85.64150716182671,5
49,100.0,30,150.0,0.5,2.5,true,88.13797617077284,5
49,100.0,30,150.0,1.0,2.5,true,88.66386539315823,5
49,100.0,30,150.0,1.5,2.5,true,85.8586770807505,5
49,100.0,30,150.0,2.0,2.5,false,NaN,4
49,100.0,30,150.0,2.5,2.5,true,89.87698270952659,5
49,100.0,30,150.0,0.5,3.0,true,88.13797617077284,5
49,100.0,30,150.0,1.0,3.0,true,88.66386539315823,5
49,100.0,30,150.0,1.5,3.0,false,NaN,4
49,100.0,30,150.0,2.0,3.0,false,NaN,4
49,100.0,30,150.0,2.5,3.0,true,89.87698270952659,5
49,100.0,30,150.0,0.5,3.5,true,88.52715998817823,5
49,100.0,30,150.0,1.0,3.5,true,88.66386539315823,5
49,100.0,30,150.0,1.5,3.5,false,NaN,4
49,100.0,30,150.0,2.0,3.5,false,NaN,4
49,100.0,30,150.0,2.5,3.5,true,89.87698270952659,5
49,100.0,30,150.0,0.5,4.0,true,88.52715998817823,5
49,100.0,30,150.0,1.0,4.0,true,86.09763250450119,5
49,100.0,30,150.0,1.5,4.0,false,NaN,4
49,100.0,30,150.0,2.0,4.0,false,NaN,4
49,100.0,30,150.0,2.5,4.0,false,NaN,4
49,100.0,36,150.0,0.5,1.0,true,34.504027941391975,5
49,100.0,36,150.0,1.0,1.0,true,34.504027941391975,5
49,100.0,36,150.0,1.5,1.0,true,34.504027941391975,5
49,100.0,36,150.0,2.0,1.0,true,36.58461279183599,5
49,100.0,36,150.0,2.5,1.0,true,36.58461279183599,5
49,100.0,36,150.0,0.5,1.5,true,69.74730623638071,5
49,100.0,36,150.0,1.0,1.5,true,69.74730623638071,5
49,100.0,36,150.0,1.5,1.5,true,69.74730623638071,5
49,100.0,36,150.0,2.0,1.5,false,NaN,4
49,100.0,36,150.0,2.5,1.5,true,99.55421093324134,5
49,100.0,36,150.0,0.5,2.0,true,58.157064350885555,5
49,100.0,36,150.0,1.0,2.0,true,58.157064350885555,5
49,100.0,36,150.0,1.5,2.0,true,58.157064350885555,5
49,100.0,36,150.0,2.0,2.0,true,58.157064350885555,5
49,100.0,36,150.0,2.5,2.0,true,58.157064350885555,5
49,100.0,36,150.0,0.5,2.5,true,58.157064350885555,5
49,100.0,36,150.0,1.0,2.5,true,58.157064350885555,5
49,100.0,36,150.0,1.5,2.5,true,58.157064350885555,5
49,100.0,36,150.0,2.0,2.5,true,58.157064350885555,5
49,100.0,36,150.0,2.5,2.5,true,58.157064350885555,5
49,100.0,36,150.0,0.5,3.0,false,NaN,4
49,100.0,36,150.0,1.0,3.0,false,NaN,4
49,100.0,36,150.0,1.5,3.0,false,NaN,4
49,100.0,36,150.0,2.0,3.0,false,NaN,4
49,100.0,36,150.0,2.5,3.0,false,NaN,4
49,100.0,36,150.0,0.5,3.5,false,NaN,4
49,100.0,36,150.0,1.0,3.5,false,NaN,4
49,100.0,36,150.0,1.5,3.5,false,NaN,4
49,100.0,36,150.0,2.0,3.5,false,NaN,4
49,100.0,36,150.0,2.5,3.5,false,NaN,4
49,100.0,36,150.0,0.5,4.0,false,NaN,4
49,100.0,36,150.0,1.0,4.0,false,NaN,4
49,100.0,36,150.0,1.5,4.0,false,NaN,4
49,100.0,36,150.0,2.0,4.0,false,NaN,4
49,100.0,36,150.0,2.5,4.0,false,NaN,4
50,100.0,12,50.0,0.5,1.0,false,NaN,1
50,100.0,12,50.0,1.0,1.0,false,NaN,4
50,100.0,12,50.0,1.5,1.0,false,NaN,4
50,100.0,12,50.0,2.0,1.0,false,NaN,4
50,100.0,12,50.0,2.5,1.0,false,NaN,4
50,100.0,12,50.0,0.5,1.5,false,NaN,1
50,100.0,12,50.0,1.0,1.5,false,NaN,4
50,100.0,12,50.0,1.5,1.5,false,NaN,3
50,100.0,12,50.0,2.0,1.5,true,76.08263575801035,5
50,100.0,12,50.0,2.5,1.5,false,NaN,3
50,100.0,12,50.0,0.5,2.0,false,NaN,2
50,100.0,12,50.0,1.0,2.0,false,NaN,1
50,100.0,12,50.0,1.5,2.0,false,NaN,1
50,100.0,12,50.0,2.0,2.0,false,NaN,1
50,100.0,12,50.0,2.5,2.0,false,NaN,1
50,100.0,12,50.0,0.5,2.5,false,NaN,3
50,100.0,12,50.0,1.0,2.5,false,NaN,1
50,100.0,12,50.0,1.5,2.5,false,NaN,3
50,100.0,12,50.0,2.0,2.5,false,NaN,1
50,100.0,12,50.0,2.5,2.5,true,96.04913028929174,5
50,100.0,12,50.0,0.5,3.0,false,NaN,3
50,100.0,12,50.0,1.0,3.0,false,NaN,4
50,100.0,12,50.0,1.5,3.0,false,NaN,4
50,100.0,12,50.0,2.0,3.0,false,NaN,1
50,100.0,12,50.0,2.5,3.0,false,NaN,2
50,100.0,12,50.0,0.5,3.5,false,NaN,4
50,100.0,12,50.0,1.0,3.5,false,NaN,4
50,100.0,12,50.0,1.5,3.5,false,NaN,2
50,100.0,12,50.0,2.0,3.5,false,NaN,4
50,100.0,12,50.0,2.5,3.5,false,NaN,4
50,100.0,12,50.0,0.5,4.0,false,NaN,4
50,100.0,12,50.0,1.0,4.0,false,NaN,1
50,100.0,12,50.0,1.5,4.0,false,NaN,3
50,100.0,12,50.0,2.0,4.0,false,NaN,3
50,100.0,12,50.0,2.5,4.0,false,NaN,4
50,100.0,18,50.0,0.5,1.0,true,66.38368587561884,5
50,100.0,18,50.0,1.0,1.0,true,63.47633100170256,5
50,100.0,18,50.0,1.5,1.0,true,63.97408354094495,5
50,100.0,18,50.0,2.0,1.0,true,83.05685291094039,5
50,100.0,18,50.0,2.5,1.0,false,NaN,3
50,100.0,18,50.0,0.5,1.5,true,79.30146738016248,5
50,100.0,18,50.0,1.0,1.5,false,NaN,3
50,100.0,18,50.0,1.5,1.5,false,NaN,2
50,100.0,18,50.0,2.0,1.5,false,NaN,4
50,100.0,18,50.0,2.5,1.5,true,81.47755647332325,5
50,100.0,18,50.0,0.5,2.0,false,NaN,3
50,100.0,18,50.0,1.0,2.0,false,NaN,4
50,100.0,18,50.0,1.5,2.0,false,NaN,2
50,100.0,18,50.0,2.0,2.0,false,NaN,2
50,100.0,18,50.0,2.5,2.0,true,80.9759482924339,5
50,100.0,18,50.0,0.5,2.5,false,NaN,4
50,100.0,18,50.0,1.0,2.5,false,NaN,4
50,100.0,18,50.0,1.5,2.5,false,NaN,4
50,100.0,18,50.0,2.0,2.5,false,NaN,3
50,100.0,18,50.0,2.5,2.5,true,89.57639044173624,5
50,100.0,18,50.0,0.5,3.0,false,NaN,2
50,100.0,18,50.0,1.0,3.0,false,NaN,4
50,100.0,18,50.0,1.5,3.0,false,NaN,4
50,100.0,18,50.0,2.0,3.0,false,NaN,4
50,100.0,18,50.0,2.5,3.0,false,NaN,4
50,100.0,18,50.0,0.5,3.5,false,NaN,2
50,100.0,18,50.0,1.0,3.5,false,NaN,4
50,100.0,18,50.0,1.5,3.5,false,NaN,4
50,100.0,18,50.0,2.0,3.5,true,77.07102065143111,5
50,100.0,18,50.0,2.5,3.5,false,NaN,3
50,100.0,18,50.0,0.5,4.0,false,NaN,4
50,100.0,18,50.0,1.0,4.0,false,NaN,2
50,100.0,18,50.0,1.5,4.0,true,90.7744561027935,5
50,100.0,18,50.0,2.0,4.0,false,NaN,3
50,100.0,18,50.0,2.5,4.0,true,87.21811708415137,5
50,100.0,24,50.0,0.5,1.0,false,NaN,4
50,100.0,24,50.0,1.0,1.0,true,96.33433542860489,5
50,100.0,24,50.0,1.5,1.0,false,NaN,4
50,100.0,24,50.0,2.0,1.0,false,NaN,4
50,100.0,24,50.0,2.5,1.0,false,NaN,2
50,100.0,24,50.0,0.5,1.5,false,NaN,3
50,100.0,24,50.0,1.0,1.5,true,67.22825831766363,5
50,100.0,24,50.0,1.5,1.5,true,54.78534120686757,5
50,100.0,24,50.0,2.0,1.5,true,65.41615528874065,5
50,100.0,24,50.0,2.5,1.5,true,57.24080214339248,5
50,100.0,24,50.0,0.5,2.0,true,84.87850923850733,5
50,100.0,24,50.0,1.0,2.0,true,99.04838414616978,5
50,100.0,24,50.0,1.5,2.0,false,NaN,4
50,100.0,24,50.0,2.0,2.0,true,76.02110348804095,5
50,100.0,24,50.0,2.5,2.0,true,98.99575510375074,5
50,100.0,24,50.0,0.5,2.5,false,NaN,4
50,100.0,24,50.0,1.0,2.5,false,NaN,1
50,100.0,24,50.0,1.5,2.5,false,NaN,4
50,100.0,24,50.0,2.0,2.5,true,62.32152158087896,5
50,100.0,24,50.0,2.5,2.5,false,NaN,4
50,100.0,24,50.0,0.5,3.0,false,NaN,4
50,100.0,24,50.0,1.0,3.0,false,NaN,3
50,100.0,24,50.0,1.5,3.0,false,NaN,4
50,100.0,24,50.0,2.0,3.0,true,97.13826829497204,5
50,100.0,24,50.0,2.5,3.0,false,NaN,4
50,100.0,24,50.0,0.5,3.5,false,NaN,4
50,100.0,24,50.0,1.0,3.5,false,NaN,0
50,100.0,24,50.0,1.5,3.5,true,51.5734889076478,5
50,100.0,24,50.0,2.0,3.5,false,NaN,4
50,100.0,24,50.0,2.5,3.5,false,NaN,3
50,100.0,24,50.0,0.5,4.0,false,NaN,2
50,100.0,24,50.0,1.0,4.0,true,93.30399742265979,5
50,100.0,24,50.0,1.5,4.0,false,NaN,4
50,100.0,24,50.0,2.0,4.0,false,NaN,2
50,100.0,24,50.0,2.5,4.0,false,NaN,4
50,100.0,30,50.0,0.5,1.0,false,NaN,3
50,100.0,30,50.0,1.0,1.0,true,73.54808458398115,5
50,100.0,30,50.0,1.5,1.0,true,98.31982934394317,5
50,100.0,30,50.0,2.0,1.0,false,NaN,2
50,100.0,30,50.0,2.5,1.0,false,NaN,2
50,100.0,30,50.0,0.5,1.5,true,72.18094338239025,5
50,100.0,30,50.0,1.0,1.5,true,93.97687054184762,5
50,100.0,30,50.0,1.5,1.5,false,NaN,2
50,100.0,30,50.0,2.0,1.5,false,NaN,4
50,100.0,30,50.0,2.5,1.5,true,77.34832133905388,5
50,100.0,30,50.0,0.5,2.0,false,NaN,4
50,100.0,30,50.0,1.0,2.0,true,76.74557474803129,5
50,100.0,30,50.0,1.5,2.0,false,NaN,4
50,100.0,30,50.0,2.0,2.0,true,85.46953893279753,5
50,100.0,30,50.0,2.5,2.0,true,58.05045263844773,5
50,100.0,30,50.0,0.5,2.5,false,NaN,3
50,100.0,30,50.0,1.0,2.5,true,99.68327997876577,5
50,100.0,30,50.0,1.5,2.5,true,88.55666780238461,5
50,100.0,30,50.0,2.0,2.5,true,80.37773146995463,5
50,100.0,30,50.0,2.5,2.5,true,89.37757361272847,5
50,100.0,30,50.0,0.5,3.0,false,NaN,4
50,100.0,30,50.0,1.0,3.0,false,NaN,3
50,100.0,30,50.0,1.5,3.0,false,NaN,4
50,100.0,30,50.0,2.0,3.0,false,NaN,4
50,100.0,30,50.0,2.5,3.0,false,NaN,4
50,100.0,30,50.0,0.5,3.5,false,NaN,4
50,100.0,30,50.0,1.0,3.5,true,60.24261024169894,5
50,100.0,30,50.0,1.5,3.5,true,79.4245997347154,5
50,100.0,30,50.0,2.0,3.5,false,NaN,4
50,100.0,30,50.0,2.5,3.5,false,NaN,4
50,100.0,30,50.0,0.5,4.0,false,NaN,4
50,100.0,30,50.0,1.0,4.0,false,NaN,4
50,100.0,30,50.0,1.5,4.0,false,NaN,4
50,100.0,30,50.0,2.0,4.0,false,NaN,4
50,100.0,30,50.0,2.5,4.0,false,NaN,4
50,100.0,36,50.0,0.5,1.0,false,NaN,4
50,100.0,36,50.0,1.0,1.0,true,61.30607261270921,5
50,100.0,36,50.0,1.5,1.0,true,87.75132933273315,5
50,100.0,36,50.0,2.0,1.0,false,NaN,4
50,100.0,36,50.0,2.5,1.0,true,60.58616488190943,5
50,100.0,36,50.0,0.5,1.5,false,NaN,4
50,100.0,36,50.0,1.0,1.5,false,NaN,4
50,100.0,36,50.0,1.5,1.5,true,58.660952806210155,5
50,100.0,36,50.0,2.0,1.5,true,93.09537214858402,5
50,100.0,36,50.0,2.5,1.5,false,NaN,4
50,100.0,36,50.0,0.5,2.0,false,NaN,1
50,100.0,36,50.0,1.0,2.0,false,NaN,4
50,100.0,36,50.0,1.5,2.0,false,NaN,3
50,100.0,36,50.0,2.0,2.0,false,NaN,3
50,100.0,36,50.0,2.5,2.0,true,57.55734026544924,5
50,100.0,36,50.0,0.5,2.5,false,NaN,3
50,100.0,36,50.0,1.0,2.5,false,NaN,4
50,100.0,36,50.0,1.5,2.5,false,NaN,4
50,100.0,36,50.0,2.0,2.5,true,49.92097753379757,5
50,100.0,36,50.0,2.5,2.5,false,NaN,4
50,100.0,36,50.0,0.5,3.0,false,NaN,3
50,100.0,36,50.0,1.0,3.0,true,83.24510141055326,5
50,100.0,36,50.0,1.5,3.0,true,76.29559357082698,5
50,100.0,36,50.0,2.0,3.0,false,NaN,4
50,100.0,36,50.0,2.5,3.0,true,97.88762789335972,5
50,100.0,36,50.0,0.5,3.5,true,85.71900241958946,5
50,100.0,36,50.0,1.0,3.5,false,NaN,2
50,100.0,36,50.0,1.5,3.5,false,NaN,4
50,100.0,36,50.0,2.0,3.5,false,NaN,4
50,100.0,36,50.0,2.5,3.5,false,NaN,4
50,100.0,36,50.0,0.5,4.0,false,NaN,4
50,100.0,36,50.0,1.0,4.0,false,NaN,2
50,100.0,36,50.0,1.5,4.0,true,70.08492493473983,5
50,100.0,36,50.0,2.0,4.0,true,98.45270384114343,5
50,100.0,36,50.0,2.5,4.0,false,NaN,4
50,100.0,12,75.0,0.5,1.0,false,NaN,3
50,100.0,12,75.0,1.0,1.0,true,83.44632058550762,5
50,100.0,12,75.0,1.5,1.0,false,NaN,4
50,100.0,12,75.0,2.0,1.0,false,NaN,4
50,100.0,12,75.0,2.5,1.0,false,NaN,2
50,100.0,12,75.0,0.5,1.5,false,NaN,4
50,100.0,12,75.0,1.0,1.5,true,86.3863935550892,5
50,100.0,12,75.0,1.5,1.5,true,76.08130298567886,5
50,100.0,12,75.0,2.0,1.5,true,76.08130298567886,5
50,100.0,12,75.0,2.5,1.5,true,76.08130298567886,5
50,100.0,12,75.0,0.5,2.0,true,66.59211357007676,5
50,100.0,12,75.0,1.0,2.0,true,66.59211357007676,5
50,100.0,12,75.0,1.5,2.0,true,66.59211357007676,5
50,100.0,12,75.0,2.0,2.0,true,66.59211357007676,5
50,100.0,12,75.0,2.5,2.0,true,66.59211357007676,5
50,100.0,12,75.0,0.5,2.5,true,64.0147200562119,5
50,100.0,12,75.0,1.0,2.5,true,64.0147200562119,5
50,100.0,12,75.0,1.5,2.5,true,64.0147200562119,5
50,100.0,12,75.0,2.0,2.5,true,64.0147200562119,5
50,100.0,12,75.0,2.5,2.5,true,64.0147200562119,5
50,100.0,12,75.0,0.5,3.0,true,61.93955461307085,5
50,100.0,12,75.0,1.0,3.0,true,61.161365394670234,5
50,100.0,12,75.0,1.5,3.0,true,61.161365394670234,5
50,100.0,12,75.0,2.0,3.0,true,61.161365394670234,5
50,100.0,12,75.0,2.5,3.0,true,61.161365394670234,5
50,100.0,12,75.0,0.5,3.5,true,61.93955461307085,5
50,100.0,12,75.0,1.0,3.5,true,61.161365394670234,5
50,100.0,12,75.0,1.5,3.5,true,61.161365394670234,5
50,100.0,12,75.0,2.0,3.5,true,61.161365394670234,5
50,100.0,12,75.0,2.5,3.5,true,86.11627930696135,5
50,100.0,12,75.0,0.5,4.0,true,61.93955461307085,5
50,100.0,12,75.0,1.0,4.0,true,61.161365394670234,5
50,100.0,12,75.0,1.5,4.0,true,61.161365394670234,5
50,100.0,12,75.0,2.0,4.0,true,66.89741246280389,5
50,100.0,12,75.0,2.5,4.0,true,66.89741246280389,5
50,100.0,18,75.0,0.5,1.0,false,NaN,4
50,100.0,18,75.0,1.0,1.0,false,NaN,4
50,100.0,18,75.0,1.5,1.0,false,NaN,4
50,100.0,18,75.0,2.0,1.0,false,NaN,4
50,100.0,18,75.0,2.5,1.0,true,41.226631058401594,5
50,100.0,18,75.0,0.5,1.5,true,53.62466468334422,5
50,100.0,18,75.0,1.0,1.5,true,44.33552116133778,5
50,100.0,18,75.0,1.5,1.5,true,44.82943875706493,5
50,100.0,18,75.0,2.0,1.5,true,59.5313939527993,5
50,100.0,18,75.0,2.5,1.5,true,56.40690229805629,5
50,100.0,18,75.0,0.5,2.0,true,48.46550657912452,5
50,100.0,18,75.0,1.0,2.0,true,48.46550657912452,5
50,100.0,18,75.0,1.5,2.0,true,48.46550657912452,5
50,100.0,18,75.0,2.0,2.0,true,48.46550657912452,5
50,100.0,18,75.0,2.5,2.0,true,48.46550657912452,5
50,100.0,18,75.0,0.5,2.5,true,48.46550657912452,5
50,100.0,18,75.0,1.0,2.5,true,48.46550657912452,5
50,100.0,18,75.0,1.5,2.5,true,48.46550657912452,5
50,100.0,18,75.0,2.0,2.5,true,48.46550657912452,5
50,100.0,18,75.0,2.5,2.5,true,48.46550657912452,5
50,100.0,18,75.0,0.5,3.0,true,48.46550657912452,5
50,100.0,18,75.0,1.0,3.0,true,48.46550657912452,5
50,100.0,18,75.0,1.5,3.0,true,48.46550657912452,5
50,100.0,18,75.0,2.0,3.0,true,48.46550657912452,5
50,100.0,18,75.0,2.5,3.0,true,48.46550657912452,5
50,100.0,18,75.0,0.5,3.5,true,48.46550657912452,5
50,100.0,18,75.0,1.0,3.5,true,48.46550657912452,5
50,100.0,18,75.0,1.5,3.5,true,48.46550657912452,5
50,100.0,18,75.0,2.0,3.5,true,48.46550657912452,5
50,100.0,18,75.0,2.5,3.5,true,48.46550657912452,5
50,100.0,18,75.0,0.5,4.0,true,48.46550657912452,5
50,100.0,18,75.0,1.0,4.0,true,48.46550657912452,5
50,100.0,18,75.0,1.5,4.0,true,48.46550657912452,5
50,100.0,18,75.0,2.0,4.0,true,48.46550657912452,5
50,100.0,18,75.0,2.5,4.0,true,48.46550657912452,5
50,100.0,24,75.0,0.5,1.0,false,NaN,1
50,100.0,24,75.0,1.0,1.0,false,NaN,4
50,100.0,24,75.0,1.5,1.0,false,NaN,3
50,100.0,24,75.0,2.0,1.0,false,NaN,3
50,100.0,24,75.0,2.5,1.0,false,NaN,4
50,100.0,24,75.0,0.5,1.5,true,66.17386527911677,5
50,100.0,24,75.0,1.0,1.5,false,NaN,3
50,100.0,24,75.0,1.5,1.5,true,90.24400379626498,5
50,100.0,24,75.0,2.0,1.5,false,NaN,4
50,100.0,24,75.0,2.5,1.5,false,NaN,4
50,100.0,24,75.0,0.5,2.0,false,NaN,0
50,100.0,24,75.0,1.0,2.0,false,NaN,4
50,100.0,24,75.0,1.5,2.0,true,77.38402794973983,5
50,100.0,24,75.0,2.0,2.0,true,80.861390201546,5
50,100.0,24,75.0,2.5,2.0,true,98.3944870669473,5
50,100.0,24,75.0,0.5,2.5,false,NaN,4
50,100.0,24,75.0,1.0,2.5,false,NaN,4
50,100.0,24,75.0,1.5,2.5,false,NaN,4
50,100.0,24,75.0,2.0,2.5,true,96.07723994249395,5
50,100.0,24,75.0,2.5,2.5,false,NaN,4
50,100.0,24,75.0,0.5,3.0,true,81.75133754118208,5
50,100.0,24,75.0,1.0,3.0,true,81.75133754118208,5
50,100.0,24,75.0,1.5,3.0,true,81.75133754118208,5
50,100.0,24,75.0,2.0,3.0,true,89.16260271024069,5
50,100.0,24,75.0,2.5,3.0,true,93.85041697890055,5
50,100.0,24,75.0,0.5,3.5,true,89.76069185032638,5
50,100.0,24,75.0,1.0,3.5,true,89.76069185032638,5
50,100.0,24,75.0,1.5,3.5,true,85.79592937317639,5
50,100.0,24,75.0,2.0,3.5,true,96.89102631501837,5
50,100.0,24,75.0,2.5,3.5,true,96.89102631501837,5
50,100.0,24,75.0,0.5,4.0,false,NaN,4
50,100.0,24,75.0,1.0,4.0,true,90.97871351412765,5
50,100.0,24,75.0,1.5,4.0,true,90.97871351412765,5
50,100.0,24,75.0,2.0,4.0,true,97.91879195365436,5
50,100.0,24,75.0,2.5,4.0,false,NaN,3
50,100.0,30,75.0,0.5,1.0,true,64.87573193441597,5
50,100.0,30,75.0,1.0,1.0,true,75.43036970479163,5
50,100.0,30,75.0,1.5,1.0,true,56.35542721118571,5
50,100.0,30,75.0,2.0,1.0,true,56.03500801346303,5
50,100.0,30,75.0,2.5,1.0,true,56.03500801346303,5
50,100.0,30,75.0,0.5,1.5,true,71.48466781908184,5
50,100.0,30,75.0,1.0,1.5,true,48.99641084919275,5
50,100.0,30,75.0,1.5,1.5,true,48.99641084919275,5
50,100.0,30,75.0,2.0,1.5,false,NaN,4
50,100.0,30,75.0,2.5,1.5,false,NaN,4
50,100.0,30,75.0,0.5,2.0,true,89.43190998133666,5
50,100.0,30,75.0,1.0,2.0,true,61.57888333368015,5
50,100.0,30,75.0,1.5,2.0,true,65.60063288931622,5
50,100.0,30,75.0,2.0,2.0,true,65.60063288931622,5
50,100.0,30,75.0,2.5,2.0,true,65.60063288931622,5
50,100.0,30,75.0,0.5,2.5,true,68.25388078893238,5
50,100.0,30,75.0,1.0,2.5,true,57.42167781804121,5
50,100.0,30,75.0,1.5,2.5,true,57.42167781804121,5
50,100.0,30,75.0,2.0,2.5,true,58.265734069847014,5
50,100.0,30,75.0,2.5,2.5,true,58.27310679151255,5
50,100.0,30,75.0,0.5,3.0,true,57.42167781804121,5
50,100.0,30,75.0,1.0,3.0,true,57.42167781804121,5
50,100.0,30,75.0,1.5,3.0,true,57.42167781804121,5
50,100.0,30,75.0,2.0,3.0,true,57.42167781804121,5
50,100.0,30,75.0,2.5,3.0,true,70.1141841959206,5
50,100.0,30,75.0,0.5,3.5,true,57.42167781804121,5
50,100.0,30,75.0,1.0,3.5,true,57.42167781804121,5
50,100.0,30,75.0,1.5,3.5,true,57.42167781804121,5
50,100.0,30,75.0,2.0,3.5,true,70.1141841959206,5
50,100.0,30,75.0,2.5,3.5,true,70.1141841959206,5
50,100.0,30,75.0,0.5,4.0,true,62.41977636635375,5
50,100.0,30,75.0,1.0,4.0,true,62.41977636635375,5
50,100.0,30,75.0,1.5,4.0,true,62.41977636635375,5
50,100.0,30,75.0,2.0,4.0,true,57.42167781804121,5
50,100.0,30,75.0,2.5,4.0,true,57.42167781804121,5
50,100.0,36,75.0,0.5,1.0,true,41.12449324468821,5
50,100.0,36,75.0,1.0,1.0,true,41.95195126592381,5
50,100.0,36,75.0,1.5,1.0,true,39.284065649976704,5
50,100.0,36,75.0,2.0,1.0,true,62.73887853336797,5
50,100.0,36,75.0,2.5,1.0,true,66.86442372737932,5
50,100.0,36,75.0,0.5,1.5,true,41.67278649400889,5
50,100.0,36,75.0,1.0,1.5,true,48.92243673899989,5
50,100.0,36,75.0,1.5,1.5,true,42.518004583360295,5
50,100.0,36,75.0,2.0,1.5,true,42.518004583360295,5
50,100.0,36,75.0,2.5,1.5,true,42.518004583360295,5
50,100.0,36,75.0,0.5,2.0,true,85.14589187407772,5
50,100.0,36,75.0,1.0,2.0,false,NaN,3
50,100.0,36,75.0,1.5,2.0,false,NaN,2
50,100.0,36,75.0,2.0,2.0,true,99.24733482148741,5
50,100.0,36,75.0,2.5,2.0,false,NaN,3
50,100.0,36,75.0,0.5,2.5,true,57.469366784803206,5
50,100.0,36,75.0,1.0,2.5,true,57.469366784803206,5
50,100.0,36,75.0,1.5,2.5,true,57.45613304214594,5
50,100.0,36,75.0,2.0,2.5,true,70.68967555296537,5
50,100.0,36,75.0,2.5,2.5,true,70.68967555296537,5
50,100.0,36,75.0,0.5,3.0,true,66.38818895757184,5
50,100.0,36,75.0,1.0,3.0,true,67.41519933440836,5
50,100.0,36,75.0,1.5,3.0,true,67.41519933440836,5
50,100.0,36,75.0,2.0,3.0,true,67.41519933440836,5
50,100.0,36,75.0,2.5,3.0,true,64.17485217751215,5
50,100.0,36,75.0,0.5,3.5,true,64.17485217751215,5
50,100.0,36,75.0,1.0,3.5,true,64.17485217751215,5
50,100.0,36,75.0,1.5,3.5,true,64.17485217751215,5
50,100.0,36,75.0,2.0,3.5,true,64.17485217751215,5
50,100.0,36,75.0,2.5,3.5,true,64.17485217751215,5
50,100.0,36,75.0,0.5,4.0,true,64.17485217751215,5
50,100.0,36,75.0,1.0,4.0,true,64.17485217751215,5
50,100.0,36,75.0,1.5,4.0,true,64.17485217751215,5
50,100.0,36,75.0,2.0,4.0,true,64.17485217751215,5
50,100.0,36,75.0,2.5,4.0,true,64.17485217751215,5
50,100.0,12,100.0,0.5,1.0,true,78.67997779662568,5
50,100.0,12,100.0,1.0,1.0,true,87.8395484781512,5
50,100.0,12,100.0,1.5,1.0,false,NaN,2
50,100.0,12,100.0,2.0,1.0,false,NaN,2
50,100.0,12,100.0,2.5,1.0,false,NaN,2
50,100.0,12,100.0,0.5,1.5,true,78.67997779662568,5
50,100.0,12,100.0,1.0,1.5,true,78.46327505844653,5
50,100.0,12,100.0,1.5,1.5,true,82.67808660561224,5
50,100.0,12,100.0,2.0,1.5,true,82.67808660561224,5
50,100.0,12,100.0,2.5,1.5,false,NaN,4
50,100.0,12,100.0,0.5,2.0,false,NaN,4
50,100.0,12,100.0,1.0,2.0,true,70.78988014609477,5
50,100.0,12,100.0,1.5,2.0,true,70.78988014609477,5
50,100.0,12,100.0,2.0,2.0,true,70.78988014609477,5
50,100.0,12,100.0,2.5,2.0,false,NaN,4
50,100.0,12,100.0,0.5,2.5,true,81.09709082932038,5
50,100.0,12,100.0,1.0,2.5,false,NaN,4
50,100.0,12,100.0,1.5,2.5,false,NaN,4
50,100.0,12,100.0,2.0,2.5,false,NaN,4
50,100.0,12,100.0,2.5,2.5,false,NaN,4
50,100.0,12,100.0,0.5,3.0,true,72.3874693500945,5
50,100.0,12,100.0,1.0,3.0,true,72.3874693500945,5
50,100.0,12,100.0,1.5,3.0,true,72.3874693500945,5
50,100.0,12,100.0,2.0,3.0,true,72.3874693500945,5
50,100.0,12,100.0,2.5,3.0,true,83.46512363448436,5
50,100.0,12,100.0,0.5,3.5,true,72.3874693500945,5
50,100.0,12,100.0,1.0,3.5,true,72.3874693500945,5
50,100.0,12,100.0,1.5,3.5,true,72.3874693500945,5
50,100.0,12,100.0,2.0,3.5,true,72.3874693500945,5
50,100.0,12,100.0,2.5,3.5,true,83.46512363448436,5
50,100.0,12,100.0,0.5,4.0,true,72.3874693500945,5
50,100.0,12,100.0,1.0,4.0,true,72.3874693500945,5
50,100.0,12,100.0,1.5,4.0,true,72.3874693500945,5
50,100.0,12,100.0,2.0,4.0,true,72.3874693500945,5
50,100.0,12,100.0,2.5,4.0,true,83.46512363448436,5
50,100.0,18,100.0,0.5,1.0,true,48.3782658057287,5
50,100.0,18,100.0,1.0,1.0,true,48.3782658057287,5
50,100.0,18,100.0,1.5,1.0,true,68.22681330804275,5
50,100.0,18,100.0,2.0,1.0,true,68.22681330804275,5
50,100.0,18,100.0,2.5,1.0,true,68.22681330804275,5
50,100.0,18,100.0,0.5,1.5,true,34.22386669641139,5
50,100.0,18,100.0,1.0,1.5,true,34.22386669641139,5
50,100.0,18,100.0,1.5,1.5,true,34.22386669641139,5
50,100.0,18,100.0,2.0,1.5,true,34.22386669641139,5
50,100.0,18,100.0,2.5,1.5,true,34.22386669641139,5
50,100.0,18,100.0,0.5,2.0,true,34.22386669641139,5
50,100.0,18,100.0,1.0,2.0,true,34.22386669641139,5
50,100.0,18,100.0,1.5,2.0,true,34.22386669641139,5
50,100.0,18,100.0,2.0,2.0,true,34.22386669641139,5
50,100.0,18,100.0,2.5,2.0,true,34.22386669641139,5
50,100.0,18,100.0,0.5,2.5,true,34.22386669641139,5
50,100.0,18,100.0,1.0,2.5,true,34.22386669641139,5
50,100.0,18,100.0,1.5,2.5,true,34.22386669641139,5
50,100.0,18,100.0,2.0,2.5,true,34.22386669641139,5
50,100.0,18,100.0,2.5,2.5,true,34.22386669641139,5
50,100.0,18,100.0,0.5,3.0,true,34.22386669641139,5
50,100.0,18,100.0,1.0,3.0,true,34.22386669641139,5
50,100.0,18,100.0,1.5,3.0,true,34.22386669641139,5
50,100.0,18,100.0,2.0,3.0,true,34.22386669641139,5
50,100.0,18,100.0,2.5,3.0,true,34.22386669641139,5
50,100.0,18,100.0,0.5,3.5,true,34.22386669641139,5
50,100.0,18,100.0,1.0,3.5,true,34.22386669641139,5
50,100.0,18,100.0,1.5,3.5,true,34.22386669641139,5
50,100.0,18,100.0,2.0,3.5,true,34.22386669641139,5
50,100.0,18,100.0,2.5,3.5,true,34.22386669641139,5
50,100.0,18,100.0,0.5,4.0,true,34.22386669641139,5
50,100.0,18,100.0,1.0,4.0,true,34.22386669641139,5
50,100.0,18,100.0,1.5,4.0,true,34.22386669641139,5
50,100.0,18,100.0,2.0,4.0,true,34.22386669641139,5
50,100.0,18,100.0,2.5,4.0,true,34.22386669641139,5
50,100.0,24,100.0,0.5,1.0,true,64.72417435701347,5
50,100.0,24,100.0,1.0,1.0,true,68.2517384941266,5
50,100.0,24,100.0,1.5,1.0,true,68.2517384941266,5
50,100.0,24,100.0,2.0,1.0,true,55.729416292719115,5
50,100.0,24,100.0,2.5,1.0,true,55.729416292719115,5
50,100.0,24,100.0,0.5,1.5,true,70.89816726368876,5
50,100.0,24,100.0,1.0,1.5,true,49.71405011283536,5
50,100.0,24,100.0,1.5,1.5,true,49.71405011283536,5
50,100.0,24,100.0,2.0,1.5,true,49.71405011283536,5
50,100.0,24,100.0,2.5,1.5,true,49.71405011283536,5
50,100.0,24,100.0,0.5,2.0,true,74.62779884195382,5
50,100.0,24,100.0,1.0,2.0,true,56.29788011593843,5
50,100.0,24,100.0,1.5,2.0,true,56.29788011593843,5
50,100.0,24,100.0,2.0,2.0,true,56.29788011593843,5
50,100.0,24,100.0,2.5,2.0,true,56.29788011593843,5
50,100.0,24,100.0,0.5,2.5,true,74.62779884195382,5
50,100.0,24,100.0,1.0,2.5,true,56.29788011593843,5
50,100.0,24,100.0,1.5,2.5,true,56.29788011593843,5
50,100.0,24,100.0,2.0,2.5,true,56.29788011593843,5
50,100.0,24,100.0,2.5,2.5,true,56.29788011593843,5
50,100.0,24,100.0,0.5,3.0,true,74.62779884195382,5
50,100.0,24,100.0,1.0,3.0,true,56.29788011593843,5
50,100.0,24,100.0,1.5,3.0,true,56.29788011593843,5
50,100.0,24,100.0,2.0,3.0,true,56.29788011593843,5
50,100.0,24,100.0,2.5,3.0,true,56.29788011593843,5
50,100.0,24,100.0,0.5,3.5,true,74.62779884195382,5
50,100.0,24,100.0,1.0,3.5,true,56.29788011593843,5
50,100.0,24,100.0,1.5,3.5,true,56.29788011593843,5
50,100.0,24,100.0,2.0,3.5,true,56.29788011593843,5
50,100.0,24,100.0,2.5,3.5,true,56.29788011593843,5
50,100.0,24,100.0,0.5,4.0,true,74.62779884195382,5
50,100.0,24,100.0,1.0,4.0,true,56.29788011593843,5
50,100.0,24,100.0,1.5,4.0,true,56.29788011593843,5
50,100.0,24,100.0,2.0,4.0,true,56.29788011593843,5
50,100.0,24,100.0,2.5,4.0,true,56.29788011593843,5
50,100.0,30,100.0,0.5,1.0,true,40.26725119116891,5
50,100.0,30,100.0,1.0,1.0,true,40.26725119116891,5
50,100.0,30,100.0,1.5,1.0,true,40.26725119116891,5
50,100.0,30,100.0,2.0,1.0,true,40.26725119116891,5
50,100.0,30,100.0,2.5,1.0,true,40.26725119116891,5
50,100.0,30,100.0,0.5,1.5,true,72.75968993557179,5
50,100.0,30,100.0,1.0,1.5,true,44.79954517873958,5
50,100.0,30,100.0,1.5,1.5,true,61.703278248223754,5
50,100.0,30,100.0,2.0,1.5,true,61.703278248223754,5
50,100.0,30,100.0,2.5,1.5,true,60.85881985715569,5
50,100.0,30,100.0,0.5,2.0,true,78.97116190542714,5
50,100.0,30,100.0,1.0,2.0,true,77.93316945476971,5
50,100.0,30,100.0,1.5,2.0,true,69.96364556541263,5
50,100.0,30,100.0,2.0,2.0,false,NaN,4
50,100.0,30,100.0,2.5,2.0,true,67.53375856437815,5
50,100.0,30,100.0,0.5,2.5,true,37.86244937716125,5
50,100.0,30,100.0,1.0,2.5,true,37.86244937716125,5
50,100.0,30,100.0,1.5,2.5,true,37.86244937716125,5
50,100.0,30,100.0,2.0,2.5,true,37.86244937716125,5
50,100.0,30,100.0,2.5,2.5,true,37.86244937716125,5
50,100.0,30,100.0,0.5,3.0,true,37.86244937716125,5
50,100.0,30,100.0,1.0,3.0,true,37.86244937716125,5
50,100.0,30,100.0,1.5,3.0,true,37.86244937716125,5
50,100.0,30,100.0,2.0,3.0,true,37.86244937716125,5
50,100.0,30,100.0,2.5,3.0,true,37.86244937716125,5
50,100.0,30,100.0,0.5,3.5,true,37.86244937716125,5
50,100.0,30,100.0,1.0,3.5,true,37.86244937716125,5
50,100.0,30,100.0,1.5,3.5,true,37.86244937716125,5
50,100.0,30,100.0,2.0,3.5,true,37.86244937716125,5
50,100.0,30,100.0,2.5,3.5,true,37.86244937716125,5
50,100.0,30,100.0,0.5,4.0,true,37.86244937716125,5
50,100.0,30,100.0,1.0,4.0,true,37.86244937716125,5
50,100.0,30,100.0,1.5,4.0,true,37.86244937716125,5
50,100.0,30,100.0,2.0,4.0,true,37.86244937716125,5
50,100.0,30,100.0,2.5,4.0,true,37.86244937716125,5
50,100.0,36,100.0,0.5,1.0,true,48.99582986679821,5
50,100.0,36,100.0,1.0,1.0,true,44.719704109834986,5
50,100.0,36,100.0,1.5,1.0,true,49.37977520772075,5
50,100.0,36,100.0,2.0,1.0,true,47.33184819722489,5
50,100.0,36,100.0,2.5,1.0,true,50.15096042308297,5
50,100.0,36,100.0,0.5,1.5,true,57.09933651493606,5
50,100.0,36,100.0,1.0,1.5,true,58.931685474853126,5
50,100.0,36,100.0,1.5,1.5,true,58.931685474853126,5
50,100.0,36,100.0,2.0,1.5,true,70.93301151894717,5
50,100.0,36,100.0,2.5,1.5,true,55.44332234220722,5
50,100.0,36,100.0,0.5,2.0,true,49.729749992013076,5
50,100.0,36,100.0,1.0,2.0,true,87.15015300347237,5
50,100.0,36,100.0,1.5,2.0,true,87.46140810637814,5
50,100.0,36,100.0,2.0,2.0,true,71.84485617328406,5
50,100.0,36,100.0,2.5,2.0,true,71.84485617328406,5
50,100.0,36,100.0,0.5,2.5,true,49.4168705604565,5
50,100.0,36,100.0,1.0,2.5,true,48.86292625452785,5
50,100.0,36,100.0,1.5,2.5,true,81.15304703866352,5
50,100.0,36,100.0,2.0,2.5,true,81.15304703866352,5
50,100.0,36,100.0,2.5,2.5,true,71.84485617328406,5
50,100.0,36,100.0,0.5,3.0,true,49.2520603010182,5
50,100.0,36,100.0,1.0,3.0,true,49.2520603010182,5
50,100.0,36,100.0,1.5,3.0,true,49.4168705604565,5
50,100.0,36,100.0,2.0,3.0,true,49.018277600768606,5
50,100.0,36,100.0,2.5,3.0,false,NaN,4
50,100.0,36,100.0,0.5,3.5,true,56.10081855268014,5
50,100.0,36,100.0,1.0,3.5,true,48.31458915114393,5
50,100.0,36,100.0,1.5,3.5,true,48.31458915114393,5
50,100.0,36,100.0,2.0,3.5,true,49.2520603010182,5
50,100.0,36,100.0,2.5,3.5,true,49.4168705604565,5
50,100.0,36,100.0,0.5,4.0,true,47.99638141859998,5
50,100.0,36,100.0,1.0,4.0,true,47.99638141859998,5
50,100.0,36,100.0,1.5,4.0,true,56.10081855268014,5
50,100.0,36,100.0,2.0,4.0,true,56.10081855268014,5
50,100.0,36,100.0,2.5,4.0,true,48.31458915114393,5
50,100.0,12,125.0,0.5,1.0,true,69.71021055433168,5
50,100.0,12,125.0,1.0,1.0,true,69.71021055433168,5
50,100.0,12,125.0,1.5,1.0,true,72.7742362959996,5
50,100.0,12,125.0,2.0,1.0,true,72.7742362959996,5
50,100.0,12,125.0,2.5,1.0,true,80.15507658557947,5
50,100.0,12,125.0,0.5,1.5,true,72.3915603935463,5
50,100.0,12,125.0,1.0,1.5,true,72.3915603935463,5
50,100.0,12,125.0,1.5,1.5,true,74.23167351950009,5
50,100.0,12,125.0,2.0,1.5,true,80.80707793696112,5
50,100.0,12,125.0,2.5,1.5,true,80.80707793696112,5
50,100.0,12,125.0,0.5,2.0,true,43.822889834804045,5
50,100.0,12,125.0,1.0,2.0,true,43.822889834804045,5
50,100.0,12,125.0,1.5,2.0,true,43.822889834804045,5
50,100.0,12,125.0,2.0,2.0,true,43.822889834804045,5
50,100.0,12,125.0,2.5,2.0,true,43.822889834804045,5
50,100.0,12,125.0,0.5,2.5,true,43.822889834804045,5
50,100.0,12,125.0,1.0,2.5,true,43.822889834804045,5
50,100.0,12,125.0,1.5,2.5,true,43.822889834804045,5
50,100.0,12,125.0,2.0,2.5,true,43.822889834804045,5
50,100.0,12,125.0,2.5,2.5,true,43.822889834804045,5
50,100.0,12,125.0,0.5,3.0,true,43.822889834804045,5
50,100.0,12,125.0,1.0,3.0,true,43.822889834804045,5
50,100.0,12,125.0,1.5,3.0,true,43.822889834804045,5
50,100.0,12,125.0,2.0,3.0,true,43.822889834804045,5
50,100.0,12,125.0,2.5,3.0,true,43.822889834804045,5
50,100.0,12,125.0,0.5,3.5,true,43.822889834804045,5
50,100.0,12,125.0,1.0,3.5,true,43.822889834804045,5
50,100.0,12,125.0,1.5,3.5,true,43.822889834804045,5
50,100.0,12,125.0,2.0,3.5,true,43.822889834804045,5
50,100.0,12,125.0,2.5,3.5,true,43.822889834804045,5
50,100.0,12,125.0,0.5,4.0,true,43.822889834804045,5
50,100.0,12,125.0,1.0,4.0,true,43.822889834804045,5
50,100.0,12,125.0,1.5,4.0,true,43.822889834804045,5
50,100.0,12,125.0,2.0,4.0,true,43.822889834804045,5
50,100.0,12,125.0,2.5,4.0,true,43.822889834804045,5
50,100.0,18,125.0,0.5,1.0,false,NaN,3
50,100.0,18,125.0,1.0,1.0,true,49.986627898718716,5
50,100.0,18,125.0,1.5,1.0,true,49.986627898718716,5
50,100.0,18,125.0,2.0,1.0,true,49.986627898718716,5
50,100.0,18,125.0,2.5,1.0,true,49.986627898718716,5
50,100.0,18,125.0,0.5,1.5,true,49.986627898718716,5
50,100.0,18,125.0,1.0,1.5,true,49.986627898718716,5
50,100.0,18,125.0,1.5,1.5,true,49.986627898718716,5
50,100.0,18,125.0,2.0,1.5,true,49.986627898718716,5
50,100.0,18,125.0,2.5,1.5,true,49.986627898718716,5
50,100.0,18,125.0,0.5,2.0,true,49.986627898718716,5
50,100.0,18,125.0,1.0,2.0,true,49.986627898718716,5
50,100.0,18,125.0,1.5,2.0,true,49.986627898718716,5
50,100.0,18,125.0,2.0,2.0,true,49.986627898718716,5
50,100.0,18,125.0,2.5,2.0,true,49.986627898718716,5
50,100.0,18,125.0,0.5,2.5,true,51.152557113574765,5
50,100.0,18,125.0,1.0,2.5,true,51.152557113574765,5
50,100.0,18,125.0,1.5,2.5,true,51.152557113574765,5
50,100.0,18,125.0,2.0,2.5,true,51.152557113574765,5
50,100.0,18,125.0,2.5,2.5,true,51.152557113574765,5
50,100.0,18,125.0,0.5,3.0,true,51.152557113574765,5
50,100.0,18,125.0,1.0,3.0,true,51.152557113574765,5
50,100.0,18,125.0,1.5,3.0,true,51.152557113574765,5
50,100.0,18,125.0,2.0,3.0,true,51.152557113574765,5
50,100.0,18,125.0,2.5,3.0,true,51.152557113574765,5
50,100.0,18,125.0,0.5,3.5,true,51.152557113574765,5
50,100.0,18,125.0,1.0,3.5,true,51.152557113574765,5
50,100.0,18,125.0,1.5,3.5,true,51.152557113574765,5
50,100.0,18,125.0,2.0,3.5,true,51.152557113574765,5
50,100.0,18,125.0,2.5,3.5,true,51.152557113574765,5
50,100.0,18,125.0,0.5,4.0,true,51.152557113574765,5
50,100.0,18,125.0,1.0,4.0,true,51.152557113574765,5
50,100.0,18,125.0,1.5,4.0,true,51.152557113574765,5
50,100.0,18,125.0,2.0,4.0,true,51.152557113574765,5
50,100.0,18,125.0,2.5,4.0,true,51.152557113574765,5
50,100.0,24,125.0,0.5,1.0,true,64.72313318029423,5
50,100.0,24,125.0,1.0,1.0,true,67.86964636025219,5
50,100.0,24,125.0,1.5,1.0,true,65.90796268606671,5
50,100.0,24,125.0,2.0,1.0,true,55.85482132133334,5
50,100.0,24,125.0,2.5,1.0,true,55.85482132133334,5
50,100.0,24,125.0,0.5,1.5,false,NaN,4
50,100.0,24,125.0,1.0,1.5,true,55.85482132133334,5
50,100.0,24,125.0,1.5,1.5,true,55.85482132133334,5
50,100.0,24,125.0,2.0,1.5,true,55.85482132133334,5
50,100.0,24,125.0,2.5,1.5,true,55.85482132133334,5
50,100.0,24,125.0,0.5,2.0,true,55.85482132133334,5
50,100.0,24,125.0,1.0,2.0,true,55.85482132133334,5
50,100.0,24,125.0,1.5,2.0,true,55.85482132133334,5
50,100.0,24,125.0,2.0,2.0,true,55.85482132133334,5
50,100.0,24,125.0,2.5,2.0,true,55.85482132133334,5
50,100.0,24,125.0,0.5,2.5,true,55.85482132133334,5
50,100.0,24,125.0,1.0,2.5,true,55.85482132133334,5
50,100.0,24,125.0,1.5,2.5,true,55.85482132133334,5
50,100.0,24,125.0,2.0,2.5,true,55.85482132133334,5
50,100.0,24,125.0,2.5,2.5,true,55.85482132133334,5
50,100.0,24,125.0,0.5,3.0,true,55.85482132133334,5
50,100.0,24,125.0,1.0,3.0,true,55.85482132133334,5
50,100.0,24,125.0,1.5,3.0,true,55.85482132133334,5
50,100.0,24,125.0,2.0,3.0,true,55.85482132133334,5
50,100.0,24,125.0,2.5,3.0,true,55.85482132133334,5
50,100.0,24,125.0,0.5,3.5,true,55.85482132133334,5
50,100.0,24,125.0,1.0,3.5,true,55.85482132133334,5
50,100.0,24,125.0,1.5,3.5,true,55.85482132133334,5
50,100.0,24,125.0,2.0,3.5,true,55.85482132133334,5
50,100.0,24,125.0,2.5,3.5,true,55.85482132133334,5
50,100.0,24,125.0,0.5,4.0,true,55.85482132133334,5
50,100.0,24,125.0,1.0,4.0,true,55.85482132133334,5
50,100.0,24,125.0,1.5,4.0,true,55.85482132133334,5
50,100.0,24,125.0,2.0,4.0,true,55.85482132133334,5
50,100.0,24,125.0,2.5,4.0,true,55.85482132133334,5
50,100.0,30,125.0,0.5,1.0,true,97.9596196063254,5
50,100.0,30,125.0,1.0,1.0,true,72.52758439494234,5
50,100.0,30,125.0,1.5,1.0,true,92.75588433802031,5
50,100.0,30,125.0,2.0,1.0,true,92.75588433802031,5
50,100.0,30,125.0,2.5,1.0,false,NaN,4
50,100.0,30,125.0,0.5,1.5,false,NaN,4
50,100.0,30,125.0,1.0,1.5,true,77.46697976240115,5
50,100.0,30,125.0,1.5,1.5,true,92.46045986428125,5
50,100.0,30,125.0,2.0,1.5,true,92.46045986428125,5
50,100.0,30,125.0,2.5,1.5,true,92.46045986428125,5
50,100.0,30,125.0,0.5,2.0,true,91.4268600377288,5
50,100.0,30,125.0,1.0,2.0,true,72.3376018850939,5
50,100.0,30,125.0,1.5,2.0,true,72.3376018850939,5
50,100.0,30,125.0,2.0,2.0,true,72.3376018850939,5
50,100.0,30,125.0,2.5,2.0,true,72.3376018850939,5
50,100.0,30,125.0,0.5,2.5,true,72.3376018850939,5
50,100.0,30,125.0,1.0,2.5,true,72.3376018850939,5
50,100.0,30,125.0,1.5,2.5,true,72.3376018850939,5
50,100.0,30,125.0,2.0,2.5,true,72.3376018850939,5
50,100.0,30,125.0,2.5,2.5,true,72.3376018850939,5
50,100.0,30,125.0,0.5,3.0,true,72.3376018850939,5
50,100.0,30,125.0,1.0,3.0,true,72.3376018850939,5
50,100.0,30,125.0,1.5,3.0,true,72.3376018850939,5
50,100.0,30,125.0,2.0,3.0,true,72.3376018850939,5
50,100.0,30,125.0,2.5,3.0,true,72.3376018850939,5
50,100.0,30,125.0,0.5,3.5,true,72.3376018850939,5
50,100.0,30,125.0,1.0,3.5,true,72.3376018850939,5
50,100.0,30,125.0,1.5,3.5,true,72.3376018850939,5
50,100.0,30,125.0,2.0,3.5,true,72.3376018850939,5
50,100.0,30,125.0,2.5,3.5,true,72.3376018850939,5
50,100.0,30,125.0,0.5,4.0,true,72.3834520843721,5
50,100.0,30,125.0,1.0,4.0,true,72.62315133765851,5
50,100.0,30,125.0,1.5,4.0,true,72.62315133765851,5
50,100.0,30,125.0,2.0,4.0,true,72.62315133765851,5
50,100.0,30,125.0,2.5,4.0,true,72.62315133765851,5
50,100.0,36,125.0,0.5,1.0,true,69.64897423759543,5
50,100.0,36,125.0,1.0,1.0,false,NaN,1
50,100.0,36,125.0,1.5,1.0,false,NaN,3
50,100.0,36,125.0,2.0,1.0,false,NaN,4
50,100.0,36,125.0,2.5,1.0,false,NaN,3
50,100.0,36,125.0,0.5,1.5,false,NaN,2
50,100.0,36,125.0,1.0,1.5,false,NaN,1
50,100.0,36,125.0,1.5,1.5,false,NaN,4
50,100.0,36,125.0,2.0,1.5,false,NaN,4
50,100.0,36,125.0,2.5,1.5,false,NaN,3
50,100.0,36,125.0,0.5,2.0,false,NaN,3
50,100.0,36,125.0,1.0,2.0,false,NaN,1
50,100.0,36,125.0,1.5,2.0,false,NaN,2
50,100.0,36,125.0,2.0,2.0,false,NaN,2
50,100.0,36,125.0,2.5,2.0,false,NaN,3
50,100.0,36,125.0,0.5,2.5,false,NaN,3
50,100.0,36,125.0,1.0,2.5,false,NaN,1
50,100.0,36,125.0,1.5,2.5,false,NaN,3
50,100.0,36,125.0,2.0,2.5,false,NaN,3
50,100.0,36,125.0,2.5,2.5,false,NaN,4
50,100.0,36,125.0,0.5,3.0,false,NaN,3
50,100.0,36,125.0,1.0,3.0,false,NaN,1
50,100.0,36,125.0,1.5,3.0,false,NaN,3
50,100.0,36,125.0,2.0,3.0,false,NaN,3
50,100.0,36,125.0,2.5,3.0,false,NaN,4
50,100.0,36,125.0,0.5,3.5,false,NaN,2
50,100.0,36,125.0,1.0,3.5,false,NaN,1
50,100.0,36,125.0,1.5,3.5,false,NaN,3
50,100.0,36,125.0,2.0,3.5,false,NaN,3
50,100.0,36,125.0,2.5,3.5,false,NaN,4
50,100.0,36,125.0,0.5,4.0,false,NaN,3
50,100.0,36,125.0,1.0,4.0,false,NaN,1
50,100.0,36,125.0,1.5,4.0,false,NaN,2
50,100.0,36,125.0,2.0,4.0,false,NaN,3
50,100.0,36,125.0,2.5,4.0,false,NaN,4
50,100.0,12,150.0,0.5,1.0,true,48.651729301478724,5
50,100.0,12,150.0,1.0,1.0,false,NaN,4
50,100.0,12,150.0,1.5,1.0,true,75.71372756580601,5
50,100.0,12,150.0,2.0,1.0,true,75.71372756580601,5
50,100.0,12,150.0,2.5,1.0,false,NaN,4
50,100.0,12,150.0,0.5,1.5,true,97.39457491421857,5
50,100.0,12,150.0,1.0,1.5,true,98.183449337502,5
50,100.0,12,150.0,1.5,1.5,true,98.183449337502,5
50,100.0,12,150.0,2.0,1.5,true,97.42935972750962,5
50,100.0,12,150.0,2.5,1.5,false,NaN,4
50,100.0,12,150.0,0.5,2.0,true,89.8447282537268,5
50,100.0,12,150.0,1.0,2.0,true,98.183449337502,5
50,100.0,12,150.0,1.5,2.0,true,97.42935972750962,5
50,100.0,12,150.0,2.0,2.0,true,87.01377031041177,5
50,100.0,12,150.0,2.5,2.0,true,97.81775671232923,5
50,100.0,12,150.0,0.5,2.5,true,77.29344784412008,5
50,100.0,12,150.0,1.0,2.5,true,88.96824149119173,5
50,100.0,12,150.0,1.5,2.5,true,84.75878306671376,5
50,100.0,12,150.0,2.0,2.5,true,70.65268370768628,5
50,100.0,12,150.0,2.5,2.5,true,70.65268370768628,5
50,100.0,12,150.0,0.5,3.0,true,63.06969806386034,5
50,100.0,12,150.0,1.0,3.0,true,63.06969806386034,5
50,100.0,12,150.0,1.5,3.0,true,63.06969806386034,5
50,100.0,12,150.0,2.0,3.0,true,63.06969806386034,5
50,100.0,12,150.0,2.5,3.0,true,63.06969806386034,5
50,100.0,12,150.0,0.5,3.5,true,82.03606274902849,5
50,100.0,12,150.0,1.0,3.5,true,69.58102989586712,5
50,100.0,12,150.0,1.5,3.5,true,82.03606274902849,5
50,100.0,12,150.0,2.0,3.5,true,82.03606274902849,5
50,100.0,12,150.0,2.5,3.5,true,82.03606274902849,5
50,100.0,12,150.0,0.5,4.0,true,82.03606274902849,5
50,100.0,12,150.0,1.0,4.0,true,69.58102989586712,5
50,100.0,12,150.0,1.5,4.0,true,82.03606274902849,5
50,100.0,12,150.0,2.0,4.0,true,82.03606274902849,5
50,100.0,12,150.0,2.5,4.0,true,82.03606274902849,5
50,100.0,18,150.0,0.5,1.0,false,NaN,1
50,100.0,18,150.0,1.0,1.0,true,76.05585096576127,5
50,100.0,18,150.0,1.5,1.0,true,71.59450912106327,5
50,100.0,18,150.0,2.0,1.0,false,NaN,2
50,100.0,18,150.0,2.5,1.0,false,NaN,2
50,100.0,18,150.0,0.5,1.5,true,92.79484321809794,5
50,100.0,18,150.0,1.0,1.5,true,89.41539519938812,5
50,100.0,18,150.0,1.5,1.5,false,NaN,2
50,100.0,18,150.0,2.0,1.5,false,NaN,2
50,100.0,18,150.0,2.5,1.5,false,NaN,2
50,100.0,18,150.0,0.5,2.0,false,NaN,3
50,100.0,18,150.0,1.0,2.0,false,NaN,4
50,100.0,18,150.0,1.5,2.0,false,NaN,2
50,100.0,18,150.0,2.0,2.0,false,NaN,2
50,100.0,18,150.0,2.5,2.0,false,NaN,2
50,100.0,18,150.0,0.5,2.5,true,99.46954790549819,5
50,100.0,18,150.0,1.0,2.5,false,NaN,4
50,100.0,18,150.0,1.5,2.5,false,NaN,4
50,100.0,18,150.0,2.0,2.5,false,NaN,2
50,100.0,18,150.0,2.5,2.5,false,NaN,2
50,100.0,18,150.0,0.5,3.0,true,79.21823464919854,5
50,100.0,18,150.0,1.0,3.0,true,99.93586364839227,5
50,100.0,18,150.0,1.5,3.0,false,NaN,4
50,100.0,18,150.0,2.0,3.0,false,NaN,4
50,100.0,18,150.0,2.5,3.0,false,NaN,4
50,100.0,18,150.0,0.5,3.5,true,80.6057555038961,5
50,100.0,18,150.0,1.0,3.5,false,NaN,4
50,100.0,18,150.0,1.5,3.5,false,NaN,4
50,100.0,18,150.0,2.0,3.5,true,82.81794550773459,5
50,100.0,18,150.0,2.5,3.5,true,82.81794550773459,5
50,100.0,18,150.0,0.5,4.0,false,NaN,1
50,100.0,18,150.0,1.0,4.0,true,82.81794550773459,5
50,100.0,18,150.0,1.5,4.0,true,82.81794550773459,5
50,100.0,18,150.0,2.0,4.0,true,74.73163241352444,5
50,100.0,18,150.0,2.5,4.0,true,82.14093622360102,5
50,100.0,24,150.0,0.5,1.0,false,NaN,4
50,100.0,24,150.0,1.0,1.0,true,86.11899322822623,5
50,100.0,24,150.0,1.5,1.0,true,98.25075841605567,5
50,100.0,24,150.0,2.0,1.0,true,84.77213216491562,5
50,100.0,24,150.0,2.5,1.0,false,NaN,4
50,100.0,24,150.0,0.5,1.5,false,NaN,2
50,100.0,24,150.0,1.0,1.5,true,84.77213216491562,5
50,100.0,24,150.0,1.5,1.5,false,NaN,4
50,100.0,24,150.0,2.0,1.5,false,NaN,4
50,100.0,24,150.0,2.5,1.5,false,NaN,4
50,100.0,24,150.0,0.5,2.0,false,NaN,4
50,100.0,24,150.0,1.0,2.0,false,NaN,1
50,100.0,24,150.0,1.5,2.0,false,NaN,4
50,100.0,24,150.0,2.0,2.0,false,NaN,4
50,100.0,24,150.0,2.5,2.0,false,NaN,4
50,100.0,24,150.0,0.5,2.5,false,NaN,4
50,100.0,24,150.0,1.0,2.5,false,NaN,1
50,100.0,24,150.0,1.5,2.5,false,NaN,4
50,100.0,24,150.0,2.0,2.5,false,NaN,4
50,100.0,24,150.0,2.5,2.5,false,NaN,4
50,100.0,24,150.0,0.5,3.0,false,NaN,4
50,100.0,24,150.0,1.0,3.0,false,NaN,1
50,100.0,24,150.0,1.5,3.0,true,87.78893598621671,5
50,100.0,24,150.0,2.0,3.0,false,NaN,4
50,100.0,24,150.0,2.5,3.0,false,NaN,4
50,100.0,24,150.0,0.5,3.5,false,NaN,2
50,100.0,24,150.0,1.0,3.5,false,NaN,1
50,100.0,24,150.0,1.5,3.5,true,87.78893598621671,5
50,100.0,24,150.0,2.0,3.5,false,NaN,4
50,100.0,24,150.0,2.5,3.5,false,NaN,4
50,100.0,24,150.0,0.5,4.0,false,NaN,1
50,100.0,24,150.0,1.0,4.0,false,NaN,1
50,100.0,24,150.0,1.5,4.0,true,72.17604813503353,5
50,100.0,24,150.0,2.0,4.0,true,72.17604813503353,5
50,100.0,24,150.0,2.5,4.0,true,72.17604813503353,5
50,100.0,30,150.0,0.5,1.0,false,NaN,3
50,100.0,30,150.0,1.0,1.0,true,70.27383089424163,5
50,100.0,30,150.0,1.5,1.0,true,70.27383089424163,5
50,100.0,30,150.0,2.0,1.0,true,69.85579503753257,5
50,100.0,30,150.0,2.5,1.0,true,69.85579503753257,5
50,100.0,30,150.0,0.5,1.5,true,91.80356967192769,5
50,100.0,30,150.0,1.0,1.5,true,70.27383089424163,5
50,100.0,30,150.0,1.5,1.5,true,70.27383089424163,5
50,100.0,30,150.0,2.0,1.5,true,69.85579503753257,5
50,100.0,30,150.0,2.5,1.5,true,69.85579503753257,5
50,100.0,30,150.0,0.5,2.0,true,67.56146380426034,5
50,100.0,30,150.0,1.0,2.0,true,91.34697167668043,5
50,100.0,30,150.0,1.5,2.0,true,70.27383089424163,5
50,100.0,30,150.0,2.0,2.0,true,69.85579503753257,5
50,100.0,30,150.0,2.5,2.0,true,69.85579503753257,5
50,100.0,30,150.0,0.5,2.5,false,NaN,2
50,100.0,30,150.0,1.0,2.5,true,92.06162571685768,5
50,100.0,30,150.0,1.5,2.5,true,70.27383089424163,5
50,100.0,30,150.0,2.0,2.5,true,69.85579503753257,5
50,100.0,30,150.0,2.5,2.5,true,69.85579503753257,5
50,100.0,30,150.0,0.5,3.0,true,69.17528118996047,5
50,100.0,30,150.0,1.0,3.0,true,76.39933554071818,5
50,100.0,30,150.0,1.5,3.0,false,NaN,2
50,100.0,30,150.0,2.0,3.0,true,69.85579503753257,5
50,100.0,30,150.0,2.5,3.0,true,69.85579503753257,5
50,100.0,30,150.0,0.5,3.5,true,81.16845096372816,5
50,100.0,30,150.0,1.0,3.5,false,NaN,3
50,100.0,30,150.0,1.5,3.5,false,NaN,3
50,100.0,30,150.0,2.0,3.5,true,83.26425448948066,5
50,100.0,30,150.0,2.5,3.5,true,69.85579503753257,5
50,100.0,30,150.0,0.5,4.0,true,81.9302707059938,5
50,100.0,30,150.0,1.0,4.0,true,89.50774703059957,5
50,100.0,30,150.0,1.5,4.0,false,NaN,4
50,100.0,30,150.0,2.0,4.0,false,NaN,4
50,100.0,30,150.0,2.5,4.0,true,83.26425448948066,5
50,100.0,36,150.0,0.5,1.0,true,76.39379938351553,5
50,100.0,36,150.0,1.0,1.0,true,88.37900436310213,5
50,100.0,36,150.0,1.5,1.0,true,63.21353378625623,5
50,100.0,36,150.0,2.0,1.0,true,63.21353378625623,5
50,100.0,36,150.0,2.5,1.0,true,63.21353378625623,5
50,100.0,36,150.0,0.5,1.5,true,79.03395599025053,5
50,100.0,36,150.0,1.0,1.5,false,NaN,4
50,100.0,36,150.0,1.5,1.5,false,NaN,4
50,100.0,36,150.0,2.0,1.5,true,76.84141080141166,5
50,100.0,36,150.0,2.5,1.5,false,NaN,4
50,100.0,36,150.0,0.5,2.0,false,NaN,4
50,100.0,36,150.0,1.0,2.0,false,NaN,4
50,100.0,36,150.0,1.5,2.0,false,NaN,4
50,100.0,36,150.0,2.0,2.0,true,76.84141080141166,5
50,100.0,36,150.0,2.5,2.0,false,NaN,4
50,100.0,36,150.0,0.5,2.5,false,NaN,4
50,100.0,36,150.0,1.0,2.5,false,NaN,4
50,100.0,36,150.0,1.5,2.5,false,NaN,4
50,100.0,36,150.0,2.0,2.5,true,76.84141080141166,5
50,100.0,36,150.0,2.5,2.5,false,NaN,4
50,100.0,36,150.0,0.5,3.0,false,NaN,4
50,100.0,36,150.0,1.0,3.0,false,NaN,4
50,100.0,36,150.0,1.5,3.0,false,NaN,4
50,100.0,36,150.0,2.0,3.0,true,76.84141080141166,5
50,100.0,36,150.0,2.5,3.0,false,NaN,4
50,100.0,36,150.0,0.5,3.5,false,NaN,4
50,100.0,36,150.0,1.0,3.5,false,NaN,4
50,100.0,36,150.0,1.5,3.5,false,NaN,4
50,100.0,36,150.0,2.0,3.5,true,76.84141080141166,5
50,100.0,36,150.0,2.5,3.5,false,NaN,4
50,100.0,36,150.0,0.5,4.0,false,NaN,4
50,100.0,36,150.0,1.0,4.0,false,NaN,4
50,100.0,36,150.0,1.5,4.0,false,NaN,4
50,100.0,36,150.0,2.0,4.0,true,76.84141080141166,5
50,100.0,36,150.0,2.5,4.0,false,NaN,4
